productUid,title,collectionHandle,catalogUid,attributesJson
metallic_12x12-inch-300x300-mm_3-mm-silver-brushed_hor-grain_4-0_hor,Metal / aluminium prints — hor,aluminum-prints,metallic,"{""ColorType"":""4-0"",""MetallicEdge"":""none"",""MetallicGrainDirection"":""hor-grain"",""MetallicProperties"":""3-mm-silver-brushed"",""Orientation"":""hor"",""ProductStatus"":""activated"",""State"":""published"",""UnifiedMetallicFormat"":""12x12-inch-300x300-mm""}"
metallic_12x12-inch-300x300-mm_3-mm-silver-brushed_hor-grain_4-0_ver,Metal / aluminium prints — ver,aluminum-prints,metallic,"{""ColorType"":""4-0"",""MetallicEdge"":""none"",""MetallicGrainDirection"":""hor-grain"",""MetallicProperties"":""3-mm-silver-brushed"",""Orientation"":""ver"",""ProductStatus"":""activated"",""State"":""published"",""UnifiedMetallicFormat"":""12x12-inch-300x300-mm""}"
metallic_12x12-inch-300x300-mm_3-mm_4-0_hor,Metal / aluminium prints — hor,aluminum-prints,metallic,"{""ColorType"":""4-0"",""MetallicEdge"":""none"",""MetallicGrainDirection"":""none"",""MetallicProperties"":""3-mm"",""Orientation"":""hor"",""ProductStatus"":""activated"",""State"":""published"",""UnifiedMetallicFormat"":""12x12-inch-300x300-mm""}"
metallic_12x12-inch-300x300-mm_3-mm_4-0_ver,Metal / aluminium prints — ver,aluminum-prints,metallic,"{""ColorType"":""4-0"",""MetallicEdge"":""none"",""MetallicGrainDirection"":""none"",""MetallicProperties"":""3-mm"",""Orientation"":""ver"",""ProductStatus"":""activated"",""State"":""published"",""UnifiedMetallicFormat"":""12x12-inch-300x300-mm""}"
metallic_12x16-inch-300x400-mm_3-mm-silver-brushed_hor-grain_4-0_hor,Metal / aluminium prints — hor,aluminum-prints,metallic,"{""ColorType"":""4-0"",""MetallicEdge"":""none"",""MetallicGrainDirection"":""hor-grain"",""MetallicProperties"":""3-mm-silver-brushed"",""Orientation"":""hor"",""ProductStatus"":""activated"",""State"":""published"",""UnifiedMetallicFormat"":""12x16-inch-300x400-mm""}"
metallic_12x16-inch-300x400-mm_3-mm-silver-brushed_hor-grain_4-0_ver,Metal / aluminium prints — ver,aluminum-prints,metallic,"{""ColorType"":""4-0"",""MetallicEdge"":""none"",""MetallicGrainDirection"":""hor-grain"",""MetallicProperties"":""3-mm-silver-brushed"",""Orientation"":""ver"",""ProductStatus"":""activated"",""State"":""published"",""UnifiedMetallicFormat"":""12x16-inch-300x400-mm""}"
metallic_12x16-inch-300x400-mm_3-mm_4-0_hor,Metal / aluminium prints — hor,aluminum-prints,metallic,"{""ColorType"":""4-0"",""MetallicEdge"":""none"",""MetallicGrainDirection"":""none"",""MetallicProperties"":""3-mm"",""Orientation"":""hor"",""ProductStatus"":""activated"",""State"":""published"",""UnifiedMetallicFormat"":""12x16-inch-300x400-mm""}"
metallic_12x16-inch-300x400-mm_3-mm_4-0_ver,Metal / aluminium prints — ver,aluminum-prints,metallic,"{""ColorType"":""4-0"",""MetallicEdge"":""none"",""MetallicGrainDirection"":""none"",""MetallicProperties"":""3-mm"",""Orientation"":""ver"",""ProductStatus"":""activated"",""State"":""published"",""UnifiedMetallicFormat"":""12x16-inch-300x400-mm""}"
metallic_12x18-inch-300x450-mm_3-mm-silver-brushed_hor-grain_4-0_hor,Metal / aluminium prints — hor,aluminum-prints,metallic,"{""ColorType"":""4-0"",""MetallicEdge"":""none"",""MetallicGrainDirection"":""hor-grain"",""MetallicProperties"":""3-mm-silver-brushed"",""Orientation"":""hor"",""ProductStatus"":""activated"",""State"":""published"",""UnifiedMetallicFormat"":""12x18-inch-300x450-mm""}"
metallic_12x18-inch-300x450-mm_3-mm-silver-brushed_hor-grain_4-0_ver,Metal / aluminium prints — ver,aluminum-prints,metallic,"{""ColorType"":""4-0"",""MetallicEdge"":""none"",""MetallicGrainDirection"":""hor-grain"",""MetallicProperties"":""3-mm-silver-brushed"",""Orientation"":""ver"",""ProductStatus"":""activated"",""State"":""published"",""UnifiedMetallicFormat"":""12x18-inch-300x450-mm""}"
metallic_12x18-inch-300x450-mm_3-mm_4-0_hor,Metal / aluminium prints — hor,aluminum-prints,metallic,"{""ColorType"":""4-0"",""MetallicEdge"":""none"",""MetallicGrainDirection"":""none"",""MetallicProperties"":""3-mm"",""Orientation"":""hor"",""ProductStatus"":""activated"",""State"":""published"",""UnifiedMetallicFormat"":""12x18-inch-300x450-mm""}"
metallic_12x18-inch-300x450-mm_3-mm_4-0_ver,Metal / aluminium prints — ver,aluminum-prints,metallic,"{""ColorType"":""4-0"",""MetallicEdge"":""none"",""MetallicGrainDirection"":""none"",""MetallicProperties"":""3-mm"",""Orientation"":""ver"",""ProductStatus"":""activated"",""State"":""published"",""UnifiedMetallicFormat"":""12x18-inch-300x450-mm""}"
metallic_12x36-inch-300x900-mm_3-mm-silver-brushed_hor-grain_4-0_hor,Metal / aluminium prints — hor,aluminum-prints,metallic,"{""ColorType"":""4-0"",""MetallicEdge"":""none"",""MetallicGrainDirection"":""hor-grain"",""MetallicProperties"":""3-mm-silver-brushed"",""Orientation"":""hor"",""ProductStatus"":""activated"",""State"":""published"",""UnifiedMetallicFormat"":""12x36-inch-300x900-mm""}"
metallic_12x36-inch-300x900-mm_3-mm-silver-brushed_hor-grain_4-0_ver,Metal / aluminium prints — ver,aluminum-prints,metallic,"{""ColorType"":""4-0"",""MetallicEdge"":""none"",""MetallicGrainDirection"":""hor-grain"",""MetallicProperties"":""3-mm-silver-brushed"",""Orientation"":""ver"",""ProductStatus"":""activated"",""State"":""published"",""UnifiedMetallicFormat"":""12x36-inch-300x900-mm""}"
metallic_12x36-inch-300x900-mm_3-mm_4-0_hor,Metal / aluminium prints — hor,aluminum-prints,metallic,"{""ColorType"":""4-0"",""MetallicEdge"":""none"",""MetallicGrainDirection"":""none"",""MetallicProperties"":""3-mm"",""Orientation"":""hor"",""ProductStatus"":""activated"",""State"":""published"",""UnifiedMetallicFormat"":""12x36-inch-300x900-mm""}"
metallic_12x36-inch-300x900-mm_3-mm_4-0_ver,Metal / aluminium prints — ver,aluminum-prints,metallic,"{""ColorType"":""4-0"",""MetallicEdge"":""none"",""MetallicGrainDirection"":""none"",""MetallicProperties"":""3-mm"",""Orientation"":""ver"",""ProductStatus"":""activated"",""State"":""published"",""UnifiedMetallicFormat"":""12x36-inch-300x900-mm""}"
metallic_16x16-inch-400x400-mm_3-mm-silver-brushed_hor-grain_4-0_hor,Metal / aluminium prints — hor,aluminum-prints,metallic,"{""ColorType"":""4-0"",""MetallicEdge"":""none"",""MetallicGrainDirection"":""hor-grain"",""MetallicProperties"":""3-mm-silver-brushed"",""Orientation"":""hor"",""ProductStatus"":""activated"",""State"":""published"",""UnifiedMetallicFormat"":""16x16-inch-400x400-mm""}"
metallic_16x16-inch-400x400-mm_3-mm-silver-brushed_hor-grain_4-0_ver,Metal / aluminium prints — ver,aluminum-prints,metallic,"{""ColorType"":""4-0"",""MetallicEdge"":""none"",""MetallicGrainDirection"":""hor-grain"",""MetallicProperties"":""3-mm-silver-brushed"",""Orientation"":""ver"",""ProductStatus"":""activated"",""State"":""published"",""UnifiedMetallicFormat"":""16x16-inch-400x400-mm""}"
metallic_16x16-inch-400x400-mm_3-mm_4-0_hor,Metal / aluminium prints — hor,aluminum-prints,metallic,"{""ColorType"":""4-0"",""MetallicEdge"":""none"",""MetallicGrainDirection"":""none"",""MetallicProperties"":""3-mm"",""Orientation"":""hor"",""ProductStatus"":""activated"",""State"":""published"",""UnifiedMetallicFormat"":""16x16-inch-400x400-mm""}"
metallic_16x16-inch-400x400-mm_3-mm_4-0_ver,Metal / aluminium prints — ver,aluminum-prints,metallic,"{""ColorType"":""4-0"",""MetallicEdge"":""none"",""MetallicGrainDirection"":""none"",""MetallicProperties"":""3-mm"",""Orientation"":""ver"",""ProductStatus"":""activated"",""State"":""published"",""UnifiedMetallicFormat"":""16x16-inch-400x400-mm""}"
metallic_16x20-inch-400x500-mm_3-mm-silver-brushed_hor-grain_4-0_hor,Metal / aluminium prints — hor,aluminum-prints,metallic,"{""ColorType"":""4-0"",""MetallicEdge"":""none"",""MetallicGrainDirection"":""hor-grain"",""MetallicProperties"":""3-mm-silver-brushed"",""Orientation"":""hor"",""ProductStatus"":""activated"",""State"":""published"",""UnifiedMetallicFormat"":""16x20-inch-400x500-mm""}"
metallic_16x20-inch-400x500-mm_3-mm-silver-brushed_hor-grain_4-0_ver,Metal / aluminium prints — ver,aluminum-prints,metallic,"{""ColorType"":""4-0"",""MetallicEdge"":""none"",""MetallicGrainDirection"":""hor-grain"",""MetallicProperties"":""3-mm-silver-brushed"",""Orientation"":""ver"",""ProductStatus"":""activated"",""State"":""published"",""UnifiedMetallicFormat"":""16x20-inch-400x500-mm""}"
metallic_16x20-inch-400x500-mm_3-mm_4-0_hor,Metal / aluminium prints — hor,aluminum-prints,metallic,"{""ColorType"":""4-0"",""MetallicEdge"":""none"",""MetallicGrainDirection"":""none"",""MetallicProperties"":""3-mm"",""Orientation"":""hor"",""ProductStatus"":""activated"",""State"":""published"",""UnifiedMetallicFormat"":""16x20-inch-400x500-mm""}"
metallic_16x20-inch-400x500-mm_3-mm_4-0_ver,Metal / aluminium prints — ver,aluminum-prints,metallic,"{""ColorType"":""4-0"",""MetallicEdge"":""none"",""MetallicGrainDirection"":""none"",""MetallicProperties"":""3-mm"",""Orientation"":""ver"",""ProductStatus"":""activated"",""State"":""published"",""UnifiedMetallicFormat"":""16x20-inch-400x500-mm""}"
metallic_16x24-inch-400x600-mm_3-mm-silver-brushed_hor-grain_4-0_hor,Metal / aluminium prints — hor,aluminum-prints,metallic,"{""ColorType"":""4-0"",""MetallicEdge"":""none"",""MetallicGrainDirection"":""hor-grain"",""MetallicProperties"":""3-mm-silver-brushed"",""Orientation"":""hor"",""ProductStatus"":""activated"",""State"":""published"",""UnifiedMetallicFormat"":""16x24-inch-400x600-mm""}"
metallic_16x24-inch-400x600-mm_3-mm-silver-brushed_hor-grain_4-0_ver,Metal / aluminium prints — ver,aluminum-prints,metallic,"{""ColorType"":""4-0"",""MetallicEdge"":""none"",""MetallicGrainDirection"":""hor-grain"",""MetallicProperties"":""3-mm-silver-brushed"",""Orientation"":""ver"",""ProductStatus"":""activated"",""State"":""published"",""UnifiedMetallicFormat"":""16x24-inch-400x600-mm""}"
metallic_16x24-inch-400x600-mm_3-mm_4-0_hor,Metal / aluminium prints — hor,aluminum-prints,metallic,"{""ColorType"":""4-0"",""MetallicEdge"":""none"",""MetallicGrainDirection"":""none"",""MetallicProperties"":""3-mm"",""Orientation"":""hor"",""ProductStatus"":""activated"",""State"":""published"",""UnifiedMetallicFormat"":""16x24-inch-400x600-mm""}"
metallic_16x24-inch-400x600-mm_3-mm_4-0_ver,Metal / aluminium prints — ver,aluminum-prints,metallic,"{""ColorType"":""4-0"",""MetallicEdge"":""none"",""MetallicGrainDirection"":""none"",""MetallicProperties"":""3-mm"",""Orientation"":""ver"",""ProductStatus"":""activated"",""State"":""published"",""UnifiedMetallicFormat"":""16x24-inch-400x600-mm""}"
metallic_18x24-inch-450x600-mm_3-mm-silver-brushed_hor-grain_4-0_hor,Metal / aluminium prints — hor,aluminum-prints,metallic,"{""ColorType"":""4-0"",""MetallicEdge"":""none"",""MetallicGrainDirection"":""hor-grain"",""MetallicProperties"":""3-mm-silver-brushed"",""Orientation"":""hor"",""ProductStatus"":""activated"",""State"":""published"",""UnifiedMetallicFormat"":""18x24-inch-450x600-mm""}"
metallic_18x24-inch-450x600-mm_3-mm-silver-brushed_hor-grain_4-0_ver,Metal / aluminium prints — ver,aluminum-prints,metallic,"{""ColorType"":""4-0"",""MetallicEdge"":""none"",""MetallicGrainDirection"":""hor-grain"",""MetallicProperties"":""3-mm-silver-brushed"",""Orientation"":""ver"",""ProductStatus"":""activated"",""State"":""published"",""UnifiedMetallicFormat"":""18x24-inch-450x600-mm""}"
metallic_18x24-inch-450x600-mm_3-mm_4-0_hor,Metal / aluminium prints — hor,aluminum-prints,metallic,"{""ColorType"":""4-0"",""MetallicEdge"":""none"",""MetallicGrainDirection"":""none"",""MetallicProperties"":""3-mm"",""Orientation"":""hor"",""ProductStatus"":""activated"",""State"":""published"",""UnifiedMetallicFormat"":""18x24-inch-450x600-mm""}"
metallic_18x24-inch-450x600-mm_3-mm_4-0_ver,Metal / aluminium prints — ver,aluminum-prints,metallic,"{""ColorType"":""4-0"",""MetallicEdge"":""none"",""MetallicGrainDirection"":""none"",""MetallicProperties"":""3-mm"",""Orientation"":""ver"",""ProductStatus"":""activated"",""State"":""published"",""UnifiedMetallicFormat"":""18x24-inch-450x600-mm""}"
metallic_200x200-mm-8x8-inch_3-mm-silver-brushed_hor-grain_4-0_hor,Metal / aluminium prints — hor,aluminum-prints,metallic,"{""ColorType"":""4-0"",""MetallicEdge"":""none"",""MetallicGrainDirection"":""hor-grain"",""MetallicProperties"":""3-mm-silver-brushed"",""Orientation"":""hor"",""ProductStatus"":""activated"",""State"":""published"",""UnifiedMetallicFormat"":""200x200-mm-8x8-inch""}"
metallic_200x200-mm-8x8-inch_3-mm-silver-brushed_hor-grain_4-0_ver,Metal / aluminium prints — ver,aluminum-prints,metallic,"{""ColorType"":""4-0"",""MetallicEdge"":""none"",""MetallicGrainDirection"":""hor-grain"",""MetallicProperties"":""3-mm-silver-brushed"",""Orientation"":""ver"",""ProductStatus"":""activated"",""State"":""published"",""UnifiedMetallicFormat"":""200x200-mm-8x8-inch""}"
metallic_200x200-mm-8x8-inch_3-mm_4-0_hor,Metal / aluminium prints — hor,aluminum-prints,metallic,"{""ColorType"":""4-0"",""MetallicEdge"":""none"",""MetallicGrainDirection"":""none"",""MetallicProperties"":""3-mm"",""Orientation"":""hor"",""ProductStatus"":""activated"",""State"":""published"",""UnifiedMetallicFormat"":""200x200-mm-8x8-inch""}"
metallic_200x200-mm-8x8-inch_3-mm_4-0_ver,Metal / aluminium prints — ver,aluminum-prints,metallic,"{""ColorType"":""4-0"",""MetallicEdge"":""none"",""MetallicGrainDirection"":""none"",""MetallicProperties"":""3-mm"",""Orientation"":""ver"",""ProductStatus"":""activated"",""State"":""published"",""UnifiedMetallicFormat"":""200x200-mm-8x8-inch""}"
metallic_200x300-mm-8x12-inch_3-mm-silver-brushed_hor-grain_4-0_hor,Metal / aluminium prints — hor,aluminum-prints,metallic,"{""ColorType"":""4-0"",""MetallicEdge"":""none"",""MetallicGrainDirection"":""hor-grain"",""MetallicProperties"":""3-mm-silver-brushed"",""Orientation"":""hor"",""ProductStatus"":""activated"",""State"":""published"",""UnifiedMetallicFormat"":""200x300-mm-8x12-inch""}"
metallic_200x300-mm-8x12-inch_3-mm-silver-brushed_hor-grain_4-0_ver,Metal / aluminium prints — ver,aluminum-prints,metallic,"{""ColorType"":""4-0"",""MetallicEdge"":""none"",""MetallicGrainDirection"":""hor-grain"",""MetallicProperties"":""3-mm-silver-brushed"",""Orientation"":""ver"",""ProductStatus"":""activated"",""State"":""published"",""UnifiedMetallicFormat"":""200x300-mm-8x12-inch""}"
metallic_200x300-mm-8x12-inch_3-mm_4-0_hor,Metal / aluminium prints — hor,aluminum-prints,metallic,"{""ColorType"":""4-0"",""MetallicEdge"":""none"",""MetallicGrainDirection"":""none"",""MetallicProperties"":""3-mm"",""Orientation"":""hor"",""ProductStatus"":""activated"",""State"":""published"",""UnifiedMetallicFormat"":""200x300-mm-8x12-inch""}"
metallic_200x300-mm-8x12-inch_3-mm_4-0_ver,Metal / aluminium prints — ver,aluminum-prints,metallic,"{""ColorType"":""4-0"",""MetallicEdge"":""none"",""MetallicGrainDirection"":""none"",""MetallicProperties"":""3-mm"",""Orientation"":""ver"",""ProductStatus"":""activated"",""State"":""published"",""UnifiedMetallicFormat"":""200x300-mm-8x12-inch""}"
metallic_200x600-mm-8x24-inch_3-mm-silver-brushed_hor-grain_4-0_hor,Metal / aluminium prints — hor,aluminum-prints,metallic,"{""ColorType"":""4-0"",""MetallicEdge"":""none"",""MetallicGrainDirection"":""hor-grain"",""MetallicProperties"":""3-mm-silver-brushed"",""Orientation"":""hor"",""ProductStatus"":""activated"",""State"":""published"",""UnifiedMetallicFormat"":""200x600-mm-8x24-inch""}"
metallic_200x600-mm-8x24-inch_3-mm-silver-brushed_hor-grain_4-0_ver,Metal / aluminium prints — ver,aluminum-prints,metallic,"{""ColorType"":""4-0"",""MetallicEdge"":""none"",""MetallicGrainDirection"":""hor-grain"",""MetallicProperties"":""3-mm-silver-brushed"",""Orientation"":""ver"",""ProductStatus"":""activated"",""State"":""published"",""UnifiedMetallicFormat"":""200x600-mm-8x24-inch""}"
metallic_200x600-mm-8x24-inch_3-mm_4-0_hor,Metal / aluminium prints — hor,aluminum-prints,metallic,"{""ColorType"":""4-0"",""MetallicEdge"":""none"",""MetallicGrainDirection"":""none"",""MetallicProperties"":""3-mm"",""Orientation"":""hor"",""ProductStatus"":""activated"",""State"":""published"",""UnifiedMetallicFormat"":""200x600-mm-8x24-inch""}"
metallic_200x600-mm-8x24-inch_3-mm_4-0_ver,Metal / aluminium prints — ver,aluminum-prints,metallic,"{""ColorType"":""4-0"",""MetallicEdge"":""none"",""MetallicGrainDirection"":""none"",""MetallicProperties"":""3-mm"",""Orientation"":""ver"",""ProductStatus"":""activated"",""State"":""published"",""UnifiedMetallicFormat"":""200x600-mm-8x24-inch""}"
metallic_20x20-inch-500x500-mm_3-mm-silver-brushed_hor-grain_4-0_hor,Metal / aluminium prints — hor,aluminum-prints,metallic,"{""ColorType"":""4-0"",""MetallicEdge"":""none"",""MetallicGrainDirection"":""hor-grain"",""MetallicProperties"":""3-mm-silver-brushed"",""Orientation"":""hor"",""ProductStatus"":""activated"",""State"":""published"",""UnifiedMetallicFormat"":""20x20-inch-500x500-mm""}"
metallic_20x20-inch-500x500-mm_3-mm-silver-brushed_hor-grain_4-0_ver,Metal / aluminium prints — ver,aluminum-prints,metallic,"{""ColorType"":""4-0"",""MetallicEdge"":""none"",""MetallicGrainDirection"":""hor-grain"",""MetallicProperties"":""3-mm-silver-brushed"",""Orientation"":""ver"",""ProductStatus"":""activated"",""State"":""published"",""UnifiedMetallicFormat"":""20x20-inch-500x500-mm""}"
metallic_20x20-inch-500x500-mm_3-mm_4-0_hor,Metal / aluminium prints — hor,aluminum-prints,metallic,"{""ColorType"":""4-0"",""MetallicEdge"":""none"",""MetallicGrainDirection"":""none"",""MetallicProperties"":""3-mm"",""Orientation"":""hor"",""ProductStatus"":""activated"",""State"":""published"",""UnifiedMetallicFormat"":""20x20-inch-500x500-mm""}"
metallic_20x20-inch-500x500-mm_3-mm_4-0_ver,Metal / aluminium prints — ver,aluminum-prints,metallic,"{""ColorType"":""4-0"",""MetallicEdge"":""none"",""MetallicGrainDirection"":""none"",""MetallicProperties"":""3-mm"",""Orientation"":""ver"",""ProductStatus"":""activated"",""State"":""published"",""UnifiedMetallicFormat"":""20x20-inch-500x500-mm""}"
metallic_20x28-inch-500x700-mm_3-mm-silver-brushed_hor-grain_4-0_hor,Metal / aluminium prints — hor,aluminum-prints,metallic,"{""ColorType"":""4-0"",""MetallicEdge"":""none"",""MetallicGrainDirection"":""hor-grain"",""MetallicProperties"":""3-mm-silver-brushed"",""Orientation"":""hor"",""ProductStatus"":""activated"",""State"":""published"",""UnifiedMetallicFormat"":""20x28-inch-500x700-mm""}"
metallic_20x28-inch-500x700-mm_3-mm-silver-brushed_hor-grain_4-0_ver,Metal / aluminium prints — ver,aluminum-prints,metallic,"{""ColorType"":""4-0"",""MetallicEdge"":""none"",""MetallicGrainDirection"":""hor-grain"",""MetallicProperties"":""3-mm-silver-brushed"",""Orientation"":""ver"",""ProductStatus"":""activated"",""State"":""published"",""UnifiedMetallicFormat"":""20x28-inch-500x700-mm""}"
metallic_20x28-inch-500x700-mm_3-mm_4-0_hor,Metal / aluminium prints — hor,aluminum-prints,metallic,"{""ColorType"":""4-0"",""MetallicEdge"":""none"",""MetallicGrainDirection"":""none"",""MetallicProperties"":""3-mm"",""Orientation"":""hor"",""ProductStatus"":""activated"",""State"":""published"",""UnifiedMetallicFormat"":""20x28-inch-500x700-mm""}"
metallic_20x28-inch-500x700-mm_3-mm_4-0_ver,Metal / aluminium prints — ver,aluminum-prints,metallic,"{""ColorType"":""4-0"",""MetallicEdge"":""none"",""MetallicGrainDirection"":""none"",""MetallicProperties"":""3-mm"",""Orientation"":""ver"",""ProductStatus"":""activated"",""State"":""published"",""UnifiedMetallicFormat"":""20x28-inch-500x700-mm""}"
metallic_20x30-inch-500x750-mm_3-mm-silver-brushed_hor-grain_4-0_hor,Metal / aluminium prints — hor,aluminum-prints,metallic,"{""ColorType"":""4-0"",""MetallicEdge"":""none"",""MetallicGrainDirection"":""hor-grain"",""MetallicProperties"":""3-mm-silver-brushed"",""Orientation"":""hor"",""ProductStatus"":""activated"",""State"":""published"",""UnifiedMetallicFormat"":""20x30-inch-500x750-mm""}"
metallic_20x30-inch-500x750-mm_3-mm-silver-brushed_hor-grain_4-0_ver,Metal / aluminium prints — ver,aluminum-prints,metallic,"{""ColorType"":""4-0"",""MetallicEdge"":""none"",""MetallicGrainDirection"":""hor-grain"",""MetallicProperties"":""3-mm-silver-brushed"",""Orientation"":""ver"",""ProductStatus"":""activated"",""State"":""published"",""UnifiedMetallicFormat"":""20x30-inch-500x750-mm""}"
metallic_20x30-inch-500x750-mm_3-mm_4-0_hor,Metal / aluminium prints — hor,aluminum-prints,metallic,"{""ColorType"":""4-0"",""MetallicEdge"":""none"",""MetallicGrainDirection"":""none"",""MetallicProperties"":""3-mm"",""Orientation"":""hor"",""ProductStatus"":""activated"",""State"":""published"",""UnifiedMetallicFormat"":""20x30-inch-500x750-mm""}"
metallic_20x30-inch-500x750-mm_3-mm_4-0_ver,Metal / aluminium prints — ver,aluminum-prints,metallic,"{""ColorType"":""4-0"",""MetallicEdge"":""none"",""MetallicGrainDirection"":""none"",""MetallicProperties"":""3-mm"",""Orientation"":""ver"",""ProductStatus"":""activated"",""State"":""published"",""UnifiedMetallicFormat"":""20x30-inch-500x750-mm""}"
metallic_24x24-inch-600x600-mm_3-mm-silver-brushed_hor-grain_4-0_hor,Metal / aluminium prints — hor,aluminum-prints,metallic,"{""ColorType"":""4-0"",""MetallicEdge"":""none"",""MetallicGrainDirection"":""hor-grain"",""MetallicProperties"":""3-mm-silver-brushed"",""Orientation"":""hor"",""ProductStatus"":""activated"",""State"":""published"",""UnifiedMetallicFormat"":""24x24-inch-600x600-mm""}"
metallic_24x24-inch-600x600-mm_3-mm-silver-brushed_hor-grain_4-0_ver,Metal / aluminium prints — ver,aluminum-prints,metallic,"{""ColorType"":""4-0"",""MetallicEdge"":""none"",""MetallicGrainDirection"":""hor-grain"",""MetallicProperties"":""3-mm-silver-brushed"",""Orientation"":""ver"",""ProductStatus"":""activated"",""State"":""published"",""UnifiedMetallicFormat"":""24x24-inch-600x600-mm""}"
metallic_24x24-inch-600x600-mm_3-mm_4-0_hor,Metal / aluminium prints — hor,aluminum-prints,metallic,"{""ColorType"":""4-0"",""MetallicEdge"":""none"",""MetallicGrainDirection"":""none"",""MetallicProperties"":""3-mm"",""Orientation"":""hor"",""ProductStatus"":""activated"",""State"":""published"",""UnifiedMetallicFormat"":""24x24-inch-600x600-mm""}"
metallic_24x24-inch-600x600-mm_3-mm_4-0_ver,Metal / aluminium prints — ver,aluminum-prints,metallic,"{""ColorType"":""4-0"",""MetallicEdge"":""none"",""MetallicGrainDirection"":""none"",""MetallicProperties"":""3-mm"",""Orientation"":""ver"",""ProductStatus"":""activated"",""State"":""published"",""UnifiedMetallicFormat"":""24x24-inch-600x600-mm""}"
metallic_24x32-inch-600x800-mm_3-mm-silver-brushed_hor-grain_4-0_hor,Metal / aluminium prints — hor,aluminum-prints,metallic,"{""ColorType"":""4-0"",""MetallicEdge"":""none"",""MetallicGrainDirection"":""hor-grain"",""MetallicProperties"":""3-mm-silver-brushed"",""Orientation"":""hor"",""ProductStatus"":""activated"",""State"":""published"",""UnifiedMetallicFormat"":""24x32-inch-600x800-mm""}"
metallic_24x32-inch-600x800-mm_3-mm-silver-brushed_hor-grain_4-0_ver,Metal / aluminium prints — ver,aluminum-prints,metallic,"{""ColorType"":""4-0"",""MetallicEdge"":""none"",""MetallicGrainDirection"":""hor-grain"",""MetallicProperties"":""3-mm-silver-brushed"",""Orientation"":""ver"",""ProductStatus"":""activated"",""State"":""published"",""UnifiedMetallicFormat"":""24x32-inch-600x800-mm""}"
metallic_24x32-inch-600x800-mm_3-mm_4-0_hor,Metal / aluminium prints — hor,aluminum-prints,metallic,"{""ColorType"":""4-0"",""MetallicEdge"":""none"",""MetallicGrainDirection"":""none"",""MetallicProperties"":""3-mm"",""Orientation"":""hor"",""ProductStatus"":""activated"",""State"":""published"",""UnifiedMetallicFormat"":""24x32-inch-600x800-mm""}"
metallic_24x32-inch-600x800-mm_3-mm_4-0_ver,Metal / aluminium prints — ver,aluminum-prints,metallic,"{""ColorType"":""4-0"",""MetallicEdge"":""none"",""MetallicGrainDirection"":""none"",""MetallicProperties"":""3-mm"",""Orientation"":""ver"",""ProductStatus"":""activated"",""State"":""published"",""UnifiedMetallicFormat"":""24x32-inch-600x800-mm""}"
metallic_24x36-inch-600x900-mm_3-mm-silver-brushed_hor-grain_4-0_hor,Metal / aluminium prints — hor,aluminum-prints,metallic,"{""ColorType"":""4-0"",""MetallicEdge"":""none"",""MetallicGrainDirection"":""hor-grain"",""MetallicProperties"":""3-mm-silver-brushed"",""Orientation"":""hor"",""ProductStatus"":""activated"",""State"":""published"",""UnifiedMetallicFormat"":""24x36-inch-600x900-mm""}"
metallic_24x36-inch-600x900-mm_3-mm-silver-brushed_hor-grain_4-0_ver,Metal / aluminium prints — ver,aluminum-prints,metallic,"{""ColorType"":""4-0"",""MetallicEdge"":""none"",""MetallicGrainDirection"":""hor-grain"",""MetallicProperties"":""3-mm-silver-brushed"",""Orientation"":""ver"",""ProductStatus"":""activated"",""State"":""published"",""UnifiedMetallicFormat"":""24x36-inch-600x900-mm""}"
metallic_24x36-inch-600x900-mm_3-mm_4-0_hor,Metal / aluminium prints — hor,aluminum-prints,metallic,"{""ColorType"":""4-0"",""MetallicEdge"":""none"",""MetallicGrainDirection"":""none"",""MetallicProperties"":""3-mm"",""Orientation"":""hor"",""ProductStatus"":""activated"",""State"":""published"",""UnifiedMetallicFormat"":""24x36-inch-600x900-mm""}"
metallic_24x36-inch-600x900-mm_3-mm_4-0_ver,Metal / aluminium prints — ver,aluminum-prints,metallic,"{""ColorType"":""4-0"",""MetallicEdge"":""none"",""MetallicGrainDirection"":""none"",""MetallicProperties"":""3-mm"",""Orientation"":""ver"",""ProductStatus"":""activated"",""State"":""published"",""UnifiedMetallicFormat"":""24x36-inch-600x900-mm""}"
metallic_28x40-inch-700x1000-mm_3-mm-silver-brushed_hor-grain_4-0_hor,Metal / aluminium prints — hor,aluminum-prints,metallic,"{""ColorType"":""4-0"",""MetallicEdge"":""none"",""MetallicGrainDirection"":""hor-grain"",""MetallicProperties"":""3-mm-silver-brushed"",""Orientation"":""hor"",""ProductStatus"":""activated"",""State"":""published"",""UnifiedMetallicFormat"":""28x40-inch-700x1000-mm""}"
metallic_28x40-inch-700x1000-mm_3-mm-silver-brushed_hor-grain_4-0_ver,Metal / aluminium prints — ver,aluminum-prints,metallic,"{""ColorType"":""4-0"",""MetallicEdge"":""none"",""MetallicGrainDirection"":""hor-grain"",""MetallicProperties"":""3-mm-silver-brushed"",""Orientation"":""ver"",""ProductStatus"":""activated"",""State"":""published"",""UnifiedMetallicFormat"":""28x40-inch-700x1000-mm""}"
metallic_28x40-inch-700x1000-mm_3-mm_4-0_hor,Metal / aluminium prints — hor,aluminum-prints,metallic,"{""ColorType"":""4-0"",""MetallicEdge"":""none"",""MetallicGrainDirection"":""none"",""MetallicProperties"":""3-mm"",""Orientation"":""hor"",""ProductStatus"":""activated"",""State"":""published"",""UnifiedMetallicFormat"":""28x40-inch-700x1000-mm""}"
metallic_28x40-inch-700x1000-mm_3-mm_4-0_ver,Metal / aluminium prints — ver,aluminum-prints,metallic,"{""ColorType"":""4-0"",""MetallicEdge"":""none"",""MetallicGrainDirection"":""none"",""MetallicProperties"":""3-mm"",""Orientation"":""ver"",""ProductStatus"":""activated"",""State"":""published"",""UnifiedMetallicFormat"":""28x40-inch-700x1000-mm""}"
metallic_300x300-mm-12x12-inch_3-mm-silver-brushed_hor-grain_4-0_hor,Metal / aluminium prints — hor,aluminum-prints,metallic,"{""ColorType"":""4-0"",""MetallicEdge"":""none"",""MetallicGrainDirection"":""hor-grain"",""MetallicProperties"":""3-mm-silver-brushed"",""Orientation"":""hor"",""ProductStatus"":""activated"",""State"":""published"",""UnifiedMetallicFormat"":""300x300-mm-12x12-inch""}"
metallic_300x300-mm-12x12-inch_3-mm-silver-brushed_hor-grain_4-0_ver,Metal / aluminium prints — ver,aluminum-prints,metallic,"{""ColorType"":""4-0"",""MetallicEdge"":""none"",""MetallicGrainDirection"":""hor-grain"",""MetallicProperties"":""3-mm-silver-brushed"",""Orientation"":""ver"",""ProductStatus"":""activated"",""State"":""published"",""UnifiedMetallicFormat"":""300x300-mm-12x12-inch""}"
metallic_300x300-mm-12x12-inch_3-mm_4-0_hor,Metal / aluminium prints — hor,aluminum-prints,metallic,"{""ColorType"":""4-0"",""MetallicEdge"":""none"",""MetallicGrainDirection"":""none"",""MetallicProperties"":""3-mm"",""Orientation"":""hor"",""ProductStatus"":""activated"",""State"":""published"",""UnifiedMetallicFormat"":""300x300-mm-12x12-inch""}"
metallic_300x300-mm-12x12-inch_3-mm_4-0_ver,Metal / aluminium prints — ver,aluminum-prints,metallic,"{""ColorType"":""4-0"",""MetallicEdge"":""none"",""MetallicGrainDirection"":""none"",""MetallicProperties"":""3-mm"",""Orientation"":""ver"",""ProductStatus"":""activated"",""State"":""published"",""UnifiedMetallicFormat"":""300x300-mm-12x12-inch""}"
metallic_300x400-mm-12x16-inch_3-mm-silver-brushed_hor-grain_4-0_hor,Metal / aluminium prints — hor,aluminum-prints,metallic,"{""ColorType"":""4-0"",""MetallicEdge"":""none"",""MetallicGrainDirection"":""hor-grain"",""MetallicProperties"":""3-mm-silver-brushed"",""Orientation"":""hor"",""ProductStatus"":""activated"",""State"":""published"",""UnifiedMetallicFormat"":""300x400-mm-12x16-inch""}"
metallic_300x400-mm-12x16-inch_3-mm-silver-brushed_hor-grain_4-0_ver,Metal / aluminium prints — ver,aluminum-prints,metallic,"{""ColorType"":""4-0"",""MetallicEdge"":""none"",""MetallicGrainDirection"":""hor-grain"",""MetallicProperties"":""3-mm-silver-brushed"",""Orientation"":""ver"",""ProductStatus"":""activated"",""State"":""published"",""UnifiedMetallicFormat"":""300x400-mm-12x16-inch""}"
metallic_300x400-mm-12x16-inch_3-mm_4-0_hor,Metal / aluminium prints — hor,aluminum-prints,metallic,"{""ColorType"":""4-0"",""MetallicEdge"":""none"",""MetallicGrainDirection"":""none"",""MetallicProperties"":""3-mm"",""Orientation"":""hor"",""ProductStatus"":""activated"",""State"":""published"",""UnifiedMetallicFormat"":""300x400-mm-12x16-inch""}"
metallic_300x400-mm-12x16-inch_3-mm_4-0_ver,Metal / aluminium prints — ver,aluminum-prints,metallic,"{""ColorType"":""4-0"",""MetallicEdge"":""none"",""MetallicGrainDirection"":""none"",""MetallicProperties"":""3-mm"",""Orientation"":""ver"",""ProductStatus"":""activated"",""State"":""published"",""UnifiedMetallicFormat"":""300x400-mm-12x16-inch""}"
metallic_300x450-mm-12x18-inch_3-mm-silver-brushed_hor-grain_4-0_hor,Metal / aluminium prints — hor,aluminum-prints,metallic,"{""ColorType"":""4-0"",""MetallicEdge"":""none"",""MetallicGrainDirection"":""hor-grain"",""MetallicProperties"":""3-mm-silver-brushed"",""Orientation"":""hor"",""ProductStatus"":""activated"",""State"":""published"",""UnifiedMetallicFormat"":""300x450-mm-12x18-inch""}"
metallic_300x450-mm-12x18-inch_3-mm-silver-brushed_hor-grain_4-0_ver,Metal / aluminium prints — ver,aluminum-prints,metallic,"{""ColorType"":""4-0"",""MetallicEdge"":""none"",""MetallicGrainDirection"":""hor-grain"",""MetallicProperties"":""3-mm-silver-brushed"",""Orientation"":""ver"",""ProductStatus"":""activated"",""State"":""published"",""UnifiedMetallicFormat"":""300x450-mm-12x18-inch""}"
metallic_300x450-mm-12x18-inch_3-mm_4-0_hor,Metal / aluminium prints — hor,aluminum-prints,metallic,"{""ColorType"":""4-0"",""MetallicEdge"":""none"",""MetallicGrainDirection"":""none"",""MetallicProperties"":""3-mm"",""Orientation"":""hor"",""ProductStatus"":""activated"",""State"":""published"",""UnifiedMetallicFormat"":""300x450-mm-12x18-inch""}"
metallic_300x450-mm-12x18-inch_3-mm_4-0_ver,Metal / aluminium prints — ver,aluminum-prints,metallic,"{""ColorType"":""4-0"",""MetallicEdge"":""none"",""MetallicGrainDirection"":""none"",""MetallicProperties"":""3-mm"",""Orientation"":""ver"",""ProductStatus"":""activated"",""State"":""published"",""UnifiedMetallicFormat"":""300x450-mm-12x18-inch""}"
metallic_300x900-mm-12x36-inch_3-mm-silver-brushed_hor-grain_4-0_hor,Metal / aluminium prints — hor,aluminum-prints,metallic,"{""ColorType"":""4-0"",""MetallicEdge"":""none"",""MetallicGrainDirection"":""hor-grain"",""MetallicProperties"":""3-mm-silver-brushed"",""Orientation"":""hor"",""ProductStatus"":""activated"",""State"":""published"",""UnifiedMetallicFormat"":""300x900-mm-12x36-inch""}"
metallic_300x900-mm-12x36-inch_3-mm-silver-brushed_hor-grain_4-0_ver,Metal / aluminium prints — ver,aluminum-prints,metallic,"{""ColorType"":""4-0"",""MetallicEdge"":""none"",""MetallicGrainDirection"":""hor-grain"",""MetallicProperties"":""3-mm-silver-brushed"",""Orientation"":""ver"",""ProductStatus"":""activated"",""State"":""published"",""UnifiedMetallicFormat"":""300x900-mm-12x36-inch""}"
metallic_300x900-mm-12x36-inch_3-mm_4-0_hor,Metal / aluminium prints — hor,aluminum-prints,metallic,"{""ColorType"":""4-0"",""MetallicEdge"":""none"",""MetallicGrainDirection"":""none"",""MetallicProperties"":""3-mm"",""Orientation"":""hor"",""ProductStatus"":""activated"",""State"":""published"",""UnifiedMetallicFormat"":""300x900-mm-12x36-inch""}"
metallic_300x900-mm-12x36-inch_3-mm_4-0_ver,Metal / aluminium prints — ver,aluminum-prints,metallic,"{""ColorType"":""4-0"",""MetallicEdge"":""none"",""MetallicGrainDirection"":""none"",""MetallicProperties"":""3-mm"",""Orientation"":""ver"",""ProductStatus"":""activated"",""State"":""published"",""UnifiedMetallicFormat"":""300x900-mm-12x36-inch""}"
metallic_400x400-mm-16x16-inch_3-mm-silver-brushed_hor-grain_4-0_hor,Metal / aluminium prints — hor,aluminum-prints,metallic,"{""ColorType"":""4-0"",""MetallicEdge"":""none"",""MetallicGrainDirection"":""hor-grain"",""MetallicProperties"":""3-mm-silver-brushed"",""Orientation"":""hor"",""ProductStatus"":""activated"",""State"":""published"",""UnifiedMetallicFormat"":""400x400-mm-16x16-inch""}"
metallic_400x400-mm-16x16-inch_3-mm-silver-brushed_hor-grain_4-0_ver,Metal / aluminium prints — ver,aluminum-prints,metallic,"{""ColorType"":""4-0"",""MetallicEdge"":""none"",""MetallicGrainDirection"":""hor-grain"",""MetallicProperties"":""3-mm-silver-brushed"",""Orientation"":""ver"",""ProductStatus"":""activated"",""State"":""published"",""UnifiedMetallicFormat"":""400x400-mm-16x16-inch""}"
metallic_400x400-mm-16x16-inch_3-mm_4-0_hor,Metal / aluminium prints — hor,aluminum-prints,metallic,"{""ColorType"":""4-0"",""MetallicEdge"":""none"",""MetallicGrainDirection"":""none"",""MetallicProperties"":""3-mm"",""Orientation"":""hor"",""ProductStatus"":""activated"",""State"":""published"",""UnifiedMetallicFormat"":""400x400-mm-16x16-inch""}"
metallic_400x400-mm-16x16-inch_3-mm_4-0_ver,Metal / aluminium prints — ver,aluminum-prints,metallic,"{""ColorType"":""4-0"",""MetallicEdge"":""none"",""MetallicGrainDirection"":""none"",""MetallicProperties"":""3-mm"",""Orientation"":""ver"",""ProductStatus"":""activated"",""State"":""published"",""UnifiedMetallicFormat"":""400x400-mm-16x16-inch""}"
metallic_400x500-mm-16x20-inch_3-mm-silver-brushed_hor-grain_4-0_hor,Metal / aluminium prints — hor,aluminum-prints,metallic,"{""ColorType"":""4-0"",""MetallicEdge"":""none"",""MetallicGrainDirection"":""hor-grain"",""MetallicProperties"":""3-mm-silver-brushed"",""Orientation"":""hor"",""ProductStatus"":""activated"",""State"":""published"",""UnifiedMetallicFormat"":""400x500-mm-16x20-inch""}"
metallic_400x500-mm-16x20-inch_3-mm-silver-brushed_hor-grain_4-0_ver,Metal / aluminium prints — ver,aluminum-prints,metallic,"{""ColorType"":""4-0"",""MetallicEdge"":""none"",""MetallicGrainDirection"":""hor-grain"",""MetallicProperties"":""3-mm-silver-brushed"",""Orientation"":""ver"",""ProductStatus"":""activated"",""State"":""published"",""UnifiedMetallicFormat"":""400x500-mm-16x20-inch""}"
metallic_400x500-mm-16x20-inch_3-mm_4-0_hor,Metal / aluminium prints — hor,aluminum-prints,metallic,"{""ColorType"":""4-0"",""MetallicEdge"":""none"",""MetallicGrainDirection"":""none"",""MetallicProperties"":""3-mm"",""Orientation"":""hor"",""ProductStatus"":""activated"",""State"":""published"",""UnifiedMetallicFormat"":""400x500-mm-16x20-inch""}"
metallic_400x500-mm-16x20-inch_3-mm_4-0_ver,Metal / aluminium prints — ver,aluminum-prints,metallic,"{""ColorType"":""4-0"",""MetallicEdge"":""none"",""MetallicGrainDirection"":""none"",""MetallicProperties"":""3-mm"",""Orientation"":""ver"",""ProductStatus"":""activated"",""State"":""published"",""UnifiedMetallicFormat"":""400x500-mm-16x20-inch""}"
metallic_400x600-mm-16x24-inch_3-mm-silver-brushed_hor-grain_4-0_hor,Metal / aluminium prints — hor,aluminum-prints,metallic,"{""ColorType"":""4-0"",""MetallicEdge"":""none"",""MetallicGrainDirection"":""hor-grain"",""MetallicProperties"":""3-mm-silver-brushed"",""Orientation"":""hor"",""ProductStatus"":""activated"",""State"":""published"",""UnifiedMetallicFormat"":""400x600-mm-16x24-inch""}"
metallic_400x600-mm-16x24-inch_3-mm-silver-brushed_hor-grain_4-0_ver,Metal / aluminium prints — ver,aluminum-prints,metallic,"{""ColorType"":""4-0"",""MetallicEdge"":""none"",""MetallicGrainDirection"":""hor-grain"",""MetallicProperties"":""3-mm-silver-brushed"",""Orientation"":""ver"",""ProductStatus"":""activated"",""State"":""published"",""UnifiedMetallicFormat"":""400x600-mm-16x24-inch""}"
metallic_400x600-mm-16x24-inch_3-mm_4-0_hor,Metal / aluminium prints — hor,aluminum-prints,metallic,"{""ColorType"":""4-0"",""MetallicEdge"":""none"",""MetallicGrainDirection"":""none"",""MetallicProperties"":""3-mm"",""Orientation"":""hor"",""ProductStatus"":""activated"",""State"":""published"",""UnifiedMetallicFormat"":""400x600-mm-16x24-inch""}"
metallic_400x600-mm-16x24-inch_3-mm_4-0_ver,Metal / aluminium prints — ver,aluminum-prints,metallic,"{""ColorType"":""4-0"",""MetallicEdge"":""none"",""MetallicGrainDirection"":""none"",""MetallicProperties"":""3-mm"",""Orientation"":""ver"",""ProductStatus"":""activated"",""State"":""published"",""UnifiedMetallicFormat"":""400x600-mm-16x24-inch""}"
metallic_450x600-mm-18x24-inch_3-mm-silver-brushed_hor-grain_4-0_hor,Metal / aluminium prints — hor,aluminum-prints,metallic,"{""ColorType"":""4-0"",""MetallicEdge"":""none"",""MetallicGrainDirection"":""hor-grain"",""MetallicProperties"":""3-mm-silver-brushed"",""Orientation"":""hor"",""ProductStatus"":""activated"",""State"":""published"",""UnifiedMetallicFormat"":""450x600-mm-18x24-inch""}"
metallic_450x600-mm-18x24-inch_3-mm-silver-brushed_hor-grain_4-0_ver,Metal / aluminium prints — ver,aluminum-prints,metallic,"{""ColorType"":""4-0"",""MetallicEdge"":""none"",""MetallicGrainDirection"":""hor-grain"",""MetallicProperties"":""3-mm-silver-brushed"",""Orientation"":""ver"",""ProductStatus"":""activated"",""State"":""published"",""UnifiedMetallicFormat"":""450x600-mm-18x24-inch""}"
metallic_450x600-mm-18x24-inch_3-mm_4-0_hor,Metal / aluminium prints — hor,aluminum-prints,metallic,"{""ColorType"":""4-0"",""MetallicEdge"":""none"",""MetallicGrainDirection"":""none"",""MetallicProperties"":""3-mm"",""Orientation"":""hor"",""ProductStatus"":""activated"",""State"":""published"",""UnifiedMetallicFormat"":""450x600-mm-18x24-inch""}"
metallic_450x600-mm-18x24-inch_3-mm_4-0_ver,Metal / aluminium prints — ver,aluminum-prints,metallic,"{""ColorType"":""4-0"",""MetallicEdge"":""none"",""MetallicGrainDirection"":""none"",""MetallicProperties"":""3-mm"",""Orientation"":""ver"",""ProductStatus"":""activated"",""State"":""published"",""UnifiedMetallicFormat"":""450x600-mm-18x24-inch""}"
metallic_500x500-mm-20x20-inch_3-mm-silver-brushed_hor-grain_4-0_hor,Metal / aluminium prints — hor,aluminum-prints,metallic,"{""ColorType"":""4-0"",""MetallicEdge"":""none"",""MetallicGrainDirection"":""hor-grain"",""MetallicProperties"":""3-mm-silver-brushed"",""Orientation"":""hor"",""ProductStatus"":""activated"",""State"":""published"",""UnifiedMetallicFormat"":""500x500-mm-20x20-inch""}"
metallic_500x500-mm-20x20-inch_3-mm-silver-brushed_hor-grain_4-0_ver,Metal / aluminium prints — ver,aluminum-prints,metallic,"{""ColorType"":""4-0"",""MetallicEdge"":""none"",""MetallicGrainDirection"":""hor-grain"",""MetallicProperties"":""3-mm-silver-brushed"",""Orientation"":""ver"",""ProductStatus"":""activated"",""State"":""published"",""UnifiedMetallicFormat"":""500x500-mm-20x20-inch""}"
metallic_500x500-mm-20x20-inch_3-mm_4-0_hor,Metal / aluminium prints — hor,aluminum-prints,metallic,"{""ColorType"":""4-0"",""MetallicEdge"":""none"",""MetallicGrainDirection"":""none"",""MetallicProperties"":""3-mm"",""Orientation"":""hor"",""ProductStatus"":""activated"",""State"":""published"",""UnifiedMetallicFormat"":""500x500-mm-20x20-inch""}"
metallic_500x500-mm-20x20-inch_3-mm_4-0_ver,Metal / aluminium prints — ver,aluminum-prints,metallic,"{""ColorType"":""4-0"",""MetallicEdge"":""none"",""MetallicGrainDirection"":""none"",""MetallicProperties"":""3-mm"",""Orientation"":""ver"",""ProductStatus"":""activated"",""State"":""published"",""UnifiedMetallicFormat"":""500x500-mm-20x20-inch""}"
metallic_500x700-mm-20x28-inch_3-mm-silver-brushed_hor-grain_4-0_hor,Metal / aluminium prints — hor,aluminum-prints,metallic,"{""ColorType"":""4-0"",""MetallicEdge"":""none"",""MetallicGrainDirection"":""hor-grain"",""MetallicProperties"":""3-mm-silver-brushed"",""Orientation"":""hor"",""ProductStatus"":""activated"",""State"":""published"",""UnifiedMetallicFormat"":""500x700-mm-20x28-inch""}"
metallic_500x700-mm-20x28-inch_3-mm-silver-brushed_hor-grain_4-0_ver,Metal / aluminium prints — ver,aluminum-prints,metallic,"{""ColorType"":""4-0"",""MetallicEdge"":""none"",""MetallicGrainDirection"":""hor-grain"",""MetallicProperties"":""3-mm-silver-brushed"",""Orientation"":""ver"",""ProductStatus"":""activated"",""State"":""published"",""UnifiedMetallicFormat"":""500x700-mm-20x28-inch""}"
metallic_500x700-mm-20x28-inch_3-mm_4-0_hor,Metal / aluminium prints — hor,aluminum-prints,metallic,"{""ColorType"":""4-0"",""MetallicEdge"":""none"",""MetallicGrainDirection"":""none"",""MetallicProperties"":""3-mm"",""Orientation"":""hor"",""ProductStatus"":""activated"",""State"":""published"",""UnifiedMetallicFormat"":""500x700-mm-20x28-inch""}"
metallic_500x700-mm-20x28-inch_3-mm_4-0_ver,Metal / aluminium prints — ver,aluminum-prints,metallic,"{""ColorType"":""4-0"",""MetallicEdge"":""none"",""MetallicGrainDirection"":""none"",""MetallicProperties"":""3-mm"",""Orientation"":""ver"",""ProductStatus"":""activated"",""State"":""published"",""UnifiedMetallicFormat"":""500x700-mm-20x28-inch""}"
metallic_500x750-mm-20x30-inch_3-mm-silver-brushed_hor-grain_4-0_hor,Metal / aluminium prints — hor,aluminum-prints,metallic,"{""ColorType"":""4-0"",""MetallicEdge"":""none"",""MetallicGrainDirection"":""hor-grain"",""MetallicProperties"":""3-mm-silver-brushed"",""Orientation"":""hor"",""ProductStatus"":""activated"",""State"":""published"",""UnifiedMetallicFormat"":""500x750-mm-20x30-inch""}"
metallic_500x750-mm-20x30-inch_3-mm-silver-brushed_hor-grain_4-0_ver,Metal / aluminium prints — ver,aluminum-prints,metallic,"{""ColorType"":""4-0"",""MetallicEdge"":""none"",""MetallicGrainDirection"":""hor-grain"",""MetallicProperties"":""3-mm-silver-brushed"",""Orientation"":""ver"",""ProductStatus"":""activated"",""State"":""published"",""UnifiedMetallicFormat"":""500x750-mm-20x30-inch""}"
metallic_500x750-mm-20x30-inch_3-mm_4-0_hor,Metal / aluminium prints — hor,aluminum-prints,metallic,"{""ColorType"":""4-0"",""MetallicEdge"":""none"",""MetallicGrainDirection"":""none"",""MetallicProperties"":""3-mm"",""Orientation"":""hor"",""ProductStatus"":""activated"",""State"":""published"",""UnifiedMetallicFormat"":""500x750-mm-20x30-inch""}"
metallic_500x750-mm-20x30-inch_3-mm_4-0_ver,Metal / aluminium prints — ver,aluminum-prints,metallic,"{""ColorType"":""4-0"",""MetallicEdge"":""none"",""MetallicGrainDirection"":""none"",""MetallicProperties"":""3-mm"",""Orientation"":""ver"",""ProductStatus"":""activated"",""State"":""published"",""UnifiedMetallicFormat"":""500x750-mm-20x30-inch""}"
metallic_600x600-mm-24x24-inch_3-mm-silver-brushed_hor-grain_4-0_hor,Metal / aluminium prints — hor,aluminum-prints,metallic,"{""ColorType"":""4-0"",""MetallicEdge"":""none"",""MetallicGrainDirection"":""hor-grain"",""MetallicProperties"":""3-mm-silver-brushed"",""Orientation"":""hor"",""ProductStatus"":""activated"",""State"":""published"",""UnifiedMetallicFormat"":""600x600-mm-24x24-inch""}"
metallic_600x600-mm-24x24-inch_3-mm-silver-brushed_hor-grain_4-0_ver,Metal / aluminium prints — ver,aluminum-prints,metallic,"{""ColorType"":""4-0"",""MetallicEdge"":""none"",""MetallicGrainDirection"":""hor-grain"",""MetallicProperties"":""3-mm-silver-brushed"",""Orientation"":""ver"",""ProductStatus"":""activated"",""State"":""published"",""UnifiedMetallicFormat"":""600x600-mm-24x24-inch""}"
metallic_600x600-mm-24x24-inch_3-mm_4-0_hor,Metal / aluminium prints — hor,aluminum-prints,metallic,"{""ColorType"":""4-0"",""MetallicEdge"":""none"",""MetallicGrainDirection"":""none"",""MetallicProperties"":""3-mm"",""Orientation"":""hor"",""ProductStatus"":""activated"",""State"":""published"",""UnifiedMetallicFormat"":""600x600-mm-24x24-inch""}"
metallic_600x600-mm-24x24-inch_3-mm_4-0_ver,Metal / aluminium prints — ver,aluminum-prints,metallic,"{""ColorType"":""4-0"",""MetallicEdge"":""none"",""MetallicGrainDirection"":""none"",""MetallicProperties"":""3-mm"",""Orientation"":""ver"",""ProductStatus"":""activated"",""State"":""published"",""UnifiedMetallicFormat"":""600x600-mm-24x24-inch""}"
metallic_600x800-mm-24x32-inch_3-mm-silver-brushed_hor-grain_4-0_hor,Metal / aluminium prints — hor,aluminum-prints,metallic,"{""ColorType"":""4-0"",""MetallicEdge"":""none"",""MetallicGrainDirection"":""hor-grain"",""MetallicProperties"":""3-mm-silver-brushed"",""Orientation"":""hor"",""ProductStatus"":""activated"",""State"":""published"",""UnifiedMetallicFormat"":""600x800-mm-24x32-inch""}"
metallic_600x800-mm-24x32-inch_3-mm-silver-brushed_hor-grain_4-0_ver,Metal / aluminium prints — ver,aluminum-prints,metallic,"{""ColorType"":""4-0"",""MetallicEdge"":""none"",""MetallicGrainDirection"":""hor-grain"",""MetallicProperties"":""3-mm-silver-brushed"",""Orientation"":""ver"",""ProductStatus"":""activated"",""State"":""published"",""UnifiedMetallicFormat"":""600x800-mm-24x32-inch""}"
metallic_600x800-mm-24x32-inch_3-mm_4-0_hor,Metal / aluminium prints — hor,aluminum-prints,metallic,"{""ColorType"":""4-0"",""MetallicEdge"":""none"",""MetallicGrainDirection"":""none"",""MetallicProperties"":""3-mm"",""Orientation"":""hor"",""ProductStatus"":""activated"",""State"":""published"",""UnifiedMetallicFormat"":""600x800-mm-24x32-inch""}"
metallic_600x800-mm-24x32-inch_3-mm_4-0_ver,Metal / aluminium prints — ver,aluminum-prints,metallic,"{""ColorType"":""4-0"",""MetallicEdge"":""none"",""MetallicGrainDirection"":""none"",""MetallicProperties"":""3-mm"",""Orientation"":""ver"",""ProductStatus"":""activated"",""State"":""published"",""UnifiedMetallicFormat"":""600x800-mm-24x32-inch""}"
metallic_600x900-mm-24x36-inch_3-mm-silver-brushed_hor-grain_4-0_hor,Metal / aluminium prints — hor,aluminum-prints,metallic,"{""ColorType"":""4-0"",""MetallicEdge"":""none"",""MetallicGrainDirection"":""hor-grain"",""MetallicProperties"":""3-mm-silver-brushed"",""Orientation"":""hor"",""ProductStatus"":""activated"",""State"":""published"",""UnifiedMetallicFormat"":""600x900-mm-24x36-inch""}"
metallic_600x900-mm-24x36-inch_3-mm-silver-brushed_hor-grain_4-0_ver,Metal / aluminium prints — ver,aluminum-prints,metallic,"{""ColorType"":""4-0"",""MetallicEdge"":""none"",""MetallicGrainDirection"":""hor-grain"",""MetallicProperties"":""3-mm-silver-brushed"",""Orientation"":""ver"",""ProductStatus"":""activated"",""State"":""published"",""UnifiedMetallicFormat"":""600x900-mm-24x36-inch""}"
metallic_600x900-mm-24x36-inch_3-mm_4-0_hor,Metal / aluminium prints — hor,aluminum-prints,metallic,"{""ColorType"":""4-0"",""MetallicEdge"":""none"",""MetallicGrainDirection"":""none"",""MetallicProperties"":""3-mm"",""Orientation"":""hor"",""ProductStatus"":""activated"",""State"":""published"",""UnifiedMetallicFormat"":""600x900-mm-24x36-inch""}"
metallic_600x900-mm-24x36-inch_3-mm_4-0_ver,Metal / aluminium prints — ver,aluminum-prints,metallic,"{""ColorType"":""4-0"",""MetallicEdge"":""none"",""MetallicGrainDirection"":""none"",""MetallicProperties"":""3-mm"",""Orientation"":""ver"",""ProductStatus"":""activated"",""State"":""published"",""UnifiedMetallicFormat"":""600x900-mm-24x36-inch""}"
metallic_700x1000-mm-28x40-inch_3-mm-silver-brushed_hor-grain_4-0_hor,Metal / aluminium prints — hor,aluminum-prints,metallic,"{""ColorType"":""4-0"",""MetallicEdge"":""none"",""MetallicGrainDirection"":""hor-grain"",""MetallicProperties"":""3-mm-silver-brushed"",""Orientation"":""hor"",""ProductStatus"":""activated"",""State"":""published"",""UnifiedMetallicFormat"":""700x1000-mm-28x40-inch""}"
metallic_700x1000-mm-28x40-inch_3-mm-silver-brushed_hor-grain_4-0_ver,Metal / aluminium prints — ver,aluminum-prints,metallic,"{""ColorType"":""4-0"",""MetallicEdge"":""none"",""MetallicGrainDirection"":""hor-grain"",""MetallicProperties"":""3-mm-silver-brushed"",""Orientation"":""ver"",""ProductStatus"":""activated"",""State"":""published"",""UnifiedMetallicFormat"":""700x1000-mm-28x40-inch""}"
metallic_700x1000-mm-28x40-inch_3-mm_4-0_hor,Metal / aluminium prints — hor,aluminum-prints,metallic,"{""ColorType"":""4-0"",""MetallicEdge"":""none"",""MetallicGrainDirection"":""none"",""MetallicProperties"":""3-mm"",""Orientation"":""hor"",""ProductStatus"":""activated"",""State"":""published"",""UnifiedMetallicFormat"":""700x1000-mm-28x40-inch""}"
metallic_700x1000-mm-28x40-inch_3-mm_4-0_ver,Metal / aluminium prints — ver,aluminum-prints,metallic,"{""ColorType"":""4-0"",""MetallicEdge"":""none"",""MetallicGrainDirection"":""none"",""MetallicProperties"":""3-mm"",""Orientation"":""ver"",""ProductStatus"":""activated"",""State"":""published"",""UnifiedMetallicFormat"":""700x1000-mm-28x40-inch""}"
metallic_8x12-inch-200x300-mm_3-mm-silver-brushed_hor-grain_4-0_hor,Metal / aluminium prints — hor,aluminum-prints,metallic,"{""ColorType"":""4-0"",""MetallicEdge"":""none"",""MetallicGrainDirection"":""hor-grain"",""MetallicProperties"":""3-mm-silver-brushed"",""Orientation"":""hor"",""ProductStatus"":""activated"",""State"":""published"",""UnifiedMetallicFormat"":""8x12-inch-200x300-mm""}"
metallic_8x12-inch-200x300-mm_3-mm-silver-brushed_hor-grain_4-0_ver,Metal / aluminium prints — ver,aluminum-prints,metallic,"{""ColorType"":""4-0"",""MetallicEdge"":""none"",""MetallicGrainDirection"":""hor-grain"",""MetallicProperties"":""3-mm-silver-brushed"",""Orientation"":""ver"",""ProductStatus"":""activated"",""State"":""published"",""UnifiedMetallicFormat"":""8x12-inch-200x300-mm""}"
metallic_8x12-inch-200x300-mm_3-mm_4-0_hor,Metal / aluminium prints — hor,aluminum-prints,metallic,"{""ColorType"":""4-0"",""MetallicEdge"":""none"",""MetallicGrainDirection"":""none"",""MetallicProperties"":""3-mm"",""Orientation"":""hor"",""ProductStatus"":""activated"",""State"":""published"",""UnifiedMetallicFormat"":""8x12-inch-200x300-mm""}"
metallic_8x12-inch-200x300-mm_3-mm_4-0_ver,Metal / aluminium prints — ver,aluminum-prints,metallic,"{""ColorType"":""4-0"",""MetallicEdge"":""none"",""MetallicGrainDirection"":""none"",""MetallicProperties"":""3-mm"",""Orientation"":""ver"",""ProductStatus"":""activated"",""State"":""published"",""UnifiedMetallicFormat"":""8x12-inch-200x300-mm""}"
metallic_8x24-inch-200x600-mm_3-mm-silver-brushed_hor-grain_4-0_hor,Metal / aluminium prints — hor,aluminum-prints,metallic,"{""ColorType"":""4-0"",""MetallicEdge"":""none"",""MetallicGrainDirection"":""hor-grain"",""MetallicProperties"":""3-mm-silver-brushed"",""Orientation"":""hor"",""ProductStatus"":""activated"",""State"":""published"",""UnifiedMetallicFormat"":""8x24-inch-200x600-mm""}"
metallic_8x24-inch-200x600-mm_3-mm-silver-brushed_hor-grain_4-0_ver,Metal / aluminium prints — ver,aluminum-prints,metallic,"{""ColorType"":""4-0"",""MetallicEdge"":""none"",""MetallicGrainDirection"":""hor-grain"",""MetallicProperties"":""3-mm-silver-brushed"",""Orientation"":""ver"",""ProductStatus"":""activated"",""State"":""published"",""UnifiedMetallicFormat"":""8x24-inch-200x600-mm""}"
metallic_8x24-inch-200x600-mm_3-mm_4-0_hor,Metal / aluminium prints — hor,aluminum-prints,metallic,"{""ColorType"":""4-0"",""MetallicEdge"":""none"",""MetallicGrainDirection"":""none"",""MetallicProperties"":""3-mm"",""Orientation"":""hor"",""ProductStatus"":""activated"",""State"":""published"",""UnifiedMetallicFormat"":""8x24-inch-200x600-mm""}"
metallic_8x24-inch-200x600-mm_3-mm_4-0_ver,Metal / aluminium prints — ver,aluminum-prints,metallic,"{""ColorType"":""4-0"",""MetallicEdge"":""none"",""MetallicGrainDirection"":""none"",""MetallicProperties"":""3-mm"",""Orientation"":""ver"",""ProductStatus"":""activated"",""State"":""published"",""UnifiedMetallicFormat"":""8x24-inch-200x600-mm""}"
metallic_8x8-inch-200x200-mm_3-mm-silver-brushed_hor-grain_4-0_hor,Metal / aluminium prints — hor,aluminum-prints,metallic,"{""ColorType"":""4-0"",""MetallicEdge"":""none"",""MetallicGrainDirection"":""hor-grain"",""MetallicProperties"":""3-mm-silver-brushed"",""Orientation"":""hor"",""ProductStatus"":""activated"",""State"":""published"",""UnifiedMetallicFormat"":""8x8-inch-200x200-mm""}"
metallic_8x8-inch-200x200-mm_3-mm-silver-brushed_hor-grain_4-0_ver,Metal / aluminium prints — ver,aluminum-prints,metallic,"{""ColorType"":""4-0"",""MetallicEdge"":""none"",""MetallicGrainDirection"":""hor-grain"",""MetallicProperties"":""3-mm-silver-brushed"",""Orientation"":""ver"",""ProductStatus"":""activated"",""State"":""published"",""UnifiedMetallicFormat"":""8x8-inch-200x200-mm""}"
metallic_8x8-inch-200x200-mm_3-mm_4-0_hor,Metal / aluminium prints — hor,aluminum-prints,metallic,"{""ColorType"":""4-0"",""MetallicEdge"":""none"",""MetallicGrainDirection"":""none"",""MetallicProperties"":""3-mm"",""Orientation"":""hor"",""ProductStatus"":""activated"",""State"":""published"",""UnifiedMetallicFormat"":""8x8-inch-200x200-mm""}"
metallic_8x8-inch-200x200-mm_3-mm_4-0_ver,Metal / aluminium prints — ver,aluminum-prints,metallic,"{""ColorType"":""4-0"",""MetallicEdge"":""none"",""MetallicGrainDirection"":""none"",""MetallicProperties"":""3-mm"",""Orientation"":""ver"",""ProductStatus"":""activated"",""State"":""published"",""UnifiedMetallicFormat"":""8x8-inch-200x200-mm""}"
metallic_print_product_mf_12x12-inch_mp_3-mm-silver-brushed_me_none_mg_hor-grain_cl_4-0_hor,Metal / aluminium prints — hor,aluminum-prints,metallic,"{""ColorType"":""4-0"",""MetallicEdge"":""none"",""MetallicFormat"":""12x12-inch"",""MetallicGrainDirection"":""hor-grain"",""MetallicProperties"":""3-mm-silver-brushed"",""Orientation"":""hor"",""ProductStatus"":""deactivated"",""State"":""published""}"
metallic_print_product_mf_12x12-inch_mp_3-mm-silver-brushed_me_none_mg_hor-grain_cl_4-0_ver,Metal / aluminium prints — ver,aluminum-prints,metallic,"{""ColorType"":""4-0"",""MetallicEdge"":""none"",""MetallicFormat"":""12x12-inch"",""MetallicGrainDirection"":""hor-grain"",""MetallicProperties"":""3-mm-silver-brushed"",""Orientation"":""ver"",""ProductStatus"":""deactivated"",""State"":""published""}"
metallic_print_product_mf_12x12-inch_mp_3-mm_me_none_cl_4-0_hor,Metal / aluminium prints — hor,aluminum-prints,metallic,"{""ColorType"":""4-0"",""MetallicEdge"":""none"",""MetallicFormat"":""12x12-inch"",""MetallicGrainDirection"":""none"",""MetallicProperties"":""3-mm"",""Orientation"":""hor"",""ProductStatus"":""activated"",""State"":""published""}"
metallic_print_product_mf_12x12-inch_mp_3-mm_me_none_cl_4-0_ver,Metal / aluminium prints — ver,aluminum-prints,metallic,"{""ColorType"":""4-0"",""MetallicEdge"":""none"",""MetallicFormat"":""12x12-inch"",""MetallicGrainDirection"":""none"",""MetallicProperties"":""3-mm"",""Orientation"":""ver"",""ProductStatus"":""activated"",""State"":""published""}"
metallic_print_product_mf_12x16-inch_mp_3-mm-silver-brushed_me_none_mg_hor-grain_cl_4-0_hor,Metal / aluminium prints — hor,aluminum-prints,metallic,"{""ColorType"":""4-0"",""MetallicEdge"":""none"",""MetallicFormat"":""12x16-inch"",""MetallicGrainDirection"":""hor-grain"",""MetallicProperties"":""3-mm-silver-brushed"",""Orientation"":""hor"",""ProductStatus"":""deactivated"",""State"":""published""}"
metallic_print_product_mf_12x16-inch_mp_3-mm-silver-brushed_me_none_mg_hor-grain_cl_4-0_ver,Metal / aluminium prints — ver,aluminum-prints,metallic,"{""ColorType"":""4-0"",""MetallicEdge"":""none"",""MetallicFormat"":""12x16-inch"",""MetallicGrainDirection"":""hor-grain"",""MetallicProperties"":""3-mm-silver-brushed"",""Orientation"":""ver"",""ProductStatus"":""deactivated"",""State"":""published""}"
metallic_print_product_mf_12x16-inch_mp_3-mm_me_none_cl_4-0_hor,Metal / aluminium prints — hor,aluminum-prints,metallic,"{""ColorType"":""4-0"",""MetallicEdge"":""none"",""MetallicFormat"":""12x16-inch"",""MetallicGrainDirection"":""none"",""MetallicProperties"":""3-mm"",""Orientation"":""hor"",""ProductStatus"":""activated"",""State"":""published""}"
metallic_print_product_mf_12x16-inch_mp_3-mm_me_none_cl_4-0_ver,Metal / aluminium prints — ver,aluminum-prints,metallic,"{""ColorType"":""4-0"",""MetallicEdge"":""none"",""MetallicFormat"":""12x16-inch"",""MetallicGrainDirection"":""none"",""MetallicProperties"":""3-mm"",""Orientation"":""ver"",""ProductStatus"":""activated"",""State"":""published""}"
metallic_print_product_mf_12x18-inch_mp_3-mm-silver-brushed_me_none_mg_hor-grain_cl_4-0_hor,Metal / aluminium prints — hor,aluminum-prints,metallic,"{""ColorType"":""4-0"",""MetallicEdge"":""none"",""MetallicFormat"":""12x18-inch"",""MetallicGrainDirection"":""hor-grain"",""MetallicProperties"":""3-mm-silver-brushed"",""Orientation"":""hor"",""ProductStatus"":""deactivated"",""State"":""published""}"
metallic_print_product_mf_12x18-inch_mp_3-mm-silver-brushed_me_none_mg_hor-grain_cl_4-0_ver,Metal / aluminium prints — ver,aluminum-prints,metallic,"{""ColorType"":""4-0"",""MetallicEdge"":""none"",""MetallicFormat"":""12x18-inch"",""MetallicGrainDirection"":""hor-grain"",""MetallicProperties"":""3-mm-silver-brushed"",""Orientation"":""ver"",""ProductStatus"":""deactivated"",""State"":""published""}"
metallic_print_product_mf_12x18-inch_mp_3-mm_me_none_cl_4-0_hor,Metal / aluminium prints — hor,aluminum-prints,metallic,"{""ColorType"":""4-0"",""MetallicEdge"":""none"",""MetallicFormat"":""12x18-inch"",""MetallicGrainDirection"":""none"",""MetallicProperties"":""3-mm"",""Orientation"":""hor"",""ProductStatus"":""activated"",""State"":""published""}"
metallic_print_product_mf_12x18-inch_mp_3-mm_me_none_cl_4-0_ver,Metal / aluminium prints — ver,aluminum-prints,metallic,"{""ColorType"":""4-0"",""MetallicEdge"":""none"",""MetallicFormat"":""12x18-inch"",""MetallicGrainDirection"":""none"",""MetallicProperties"":""3-mm"",""Orientation"":""ver"",""ProductStatus"":""activated"",""State"":""published""}"
metallic_print_product_mf_12x36-inch_mp_3-mm-silver-brushed_me_none_mg_hor-grain_cl_4-0_hor,Metal / aluminium prints — hor,aluminum-prints,metallic,"{""ColorType"":""4-0"",""MetallicEdge"":""none"",""MetallicFormat"":""12x36-inch"",""MetallicGrainDirection"":""hor-grain"",""MetallicProperties"":""3-mm-silver-brushed"",""Orientation"":""hor"",""ProductStatus"":""deactivated"",""State"":""published""}"
metallic_print_product_mf_12x36-inch_mp_3-mm-silver-brushed_me_none_mg_hor-grain_cl_4-0_ver,Metal / aluminium prints — ver,aluminum-prints,metallic,"{""ColorType"":""4-0"",""MetallicEdge"":""none"",""MetallicFormat"":""12x36-inch"",""MetallicGrainDirection"":""hor-grain"",""MetallicProperties"":""3-mm-silver-brushed"",""Orientation"":""ver"",""ProductStatus"":""deactivated"",""State"":""published""}"
metallic_print_product_mf_12x36-inch_mp_3-mm_me_none_cl_4-0_hor,Metal / aluminium prints — hor,aluminum-prints,metallic,"{""ColorType"":""4-0"",""MetallicEdge"":""none"",""MetallicFormat"":""12x36-inch"",""MetallicGrainDirection"":""none"",""MetallicProperties"":""3-mm"",""Orientation"":""hor"",""ProductStatus"":""activated"",""State"":""published""}"
metallic_print_product_mf_12x36-inch_mp_3-mm_me_none_cl_4-0_ver,Metal / aluminium prints — ver,aluminum-prints,metallic,"{""ColorType"":""4-0"",""MetallicEdge"":""none"",""MetallicFormat"":""12x36-inch"",""MetallicGrainDirection"":""none"",""MetallicProperties"":""3-mm"",""Orientation"":""ver"",""ProductStatus"":""activated"",""State"":""published""}"
metallic_print_product_mf_16x16-inch_mp_3-mm-silver-brushed_me_none_mg_hor-grain_cl_4-0_hor,Metal / aluminium prints — hor,aluminum-prints,metallic,"{""ColorType"":""4-0"",""MetallicEdge"":""none"",""MetallicFormat"":""16x16-inch"",""MetallicGrainDirection"":""hor-grain"",""MetallicProperties"":""3-mm-silver-brushed"",""Orientation"":""hor"",""ProductStatus"":""deactivated"",""State"":""published""}"
metallic_print_product_mf_16x16-inch_mp_3-mm-silver-brushed_me_none_mg_hor-grain_cl_4-0_ver,Metal / aluminium prints — ver,aluminum-prints,metallic,"{""ColorType"":""4-0"",""MetallicEdge"":""none"",""MetallicFormat"":""16x16-inch"",""MetallicGrainDirection"":""hor-grain"",""MetallicProperties"":""3-mm-silver-brushed"",""Orientation"":""ver"",""ProductStatus"":""deactivated"",""State"":""published""}"
metallic_print_product_mf_16x16-inch_mp_3-mm_me_none_cl_4-0_hor,Metal / aluminium prints — hor,aluminum-prints,metallic,"{""ColorType"":""4-0"",""MetallicEdge"":""none"",""MetallicFormat"":""16x16-inch"",""MetallicGrainDirection"":""none"",""MetallicProperties"":""3-mm"",""Orientation"":""hor"",""ProductStatus"":""activated"",""State"":""published""}"
metallic_print_product_mf_16x16-inch_mp_3-mm_me_none_cl_4-0_ver,Metal / aluminium prints — ver,aluminum-prints,metallic,"{""ColorType"":""4-0"",""MetallicEdge"":""none"",""MetallicFormat"":""16x16-inch"",""MetallicGrainDirection"":""none"",""MetallicProperties"":""3-mm"",""Orientation"":""ver"",""ProductStatus"":""activated"",""State"":""published""}"
metallic_print_product_mf_16x20-inch_mp_3-mm-silver-brushed_me_none_mg_hor-grain_cl_4-0_hor,Metal / aluminium prints — hor,aluminum-prints,metallic,"{""ColorType"":""4-0"",""MetallicEdge"":""none"",""MetallicFormat"":""16x20-inch"",""MetallicGrainDirection"":""hor-grain"",""MetallicProperties"":""3-mm-silver-brushed"",""Orientation"":""hor"",""ProductStatus"":""deactivated"",""State"":""published""}"
metallic_print_product_mf_16x20-inch_mp_3-mm-silver-brushed_me_none_mg_hor-grain_cl_4-0_ver,Metal / aluminium prints — ver,aluminum-prints,metallic,"{""ColorType"":""4-0"",""MetallicEdge"":""none"",""MetallicFormat"":""16x20-inch"",""MetallicGrainDirection"":""hor-grain"",""MetallicProperties"":""3-mm-silver-brushed"",""Orientation"":""ver"",""ProductStatus"":""deactivated"",""State"":""published""}"
metallic_print_product_mf_16x20-inch_mp_3-mm_me_none_cl_4-0_hor,Metal / aluminium prints — hor,aluminum-prints,metallic,"{""ColorType"":""4-0"",""MetallicEdge"":""none"",""MetallicFormat"":""16x20-inch"",""MetallicGrainDirection"":""none"",""MetallicProperties"":""3-mm"",""Orientation"":""hor"",""ProductStatus"":""activated"",""State"":""published""}"
metallic_print_product_mf_16x20-inch_mp_3-mm_me_none_cl_4-0_ver,Metal / aluminium prints — ver,aluminum-prints,metallic,"{""ColorType"":""4-0"",""MetallicEdge"":""none"",""MetallicFormat"":""16x20-inch"",""MetallicGrainDirection"":""none"",""MetallicProperties"":""3-mm"",""Orientation"":""ver"",""ProductStatus"":""activated"",""State"":""published""}"
metallic_print_product_mf_16x24-inch_mp_3-mm-silver-brushed_me_none_mg_hor-grain_cl_4-0_hor,Metal / aluminium prints — hor,aluminum-prints,metallic,"{""ColorType"":""4-0"",""MetallicEdge"":""none"",""MetallicFormat"":""16x24-inch"",""MetallicGrainDirection"":""hor-grain"",""MetallicProperties"":""3-mm-silver-brushed"",""Orientation"":""hor"",""ProductStatus"":""deactivated"",""State"":""published""}"
metallic_print_product_mf_16x24-inch_mp_3-mm-silver-brushed_me_none_mg_hor-grain_cl_4-0_ver,Metal / aluminium prints — ver,aluminum-prints,metallic,"{""ColorType"":""4-0"",""MetallicEdge"":""none"",""MetallicFormat"":""16x24-inch"",""MetallicGrainDirection"":""hor-grain"",""MetallicProperties"":""3-mm-silver-brushed"",""Orientation"":""ver"",""ProductStatus"":""deactivated"",""State"":""published""}"
metallic_print_product_mf_16x24-inch_mp_3-mm_me_none_cl_4-0_hor,Metal / aluminium prints — hor,aluminum-prints,metallic,"{""ColorType"":""4-0"",""MetallicEdge"":""none"",""MetallicFormat"":""16x24-inch"",""MetallicGrainDirection"":""none"",""MetallicProperties"":""3-mm"",""Orientation"":""hor"",""ProductStatus"":""activated"",""State"":""published""}"
metallic_print_product_mf_16x24-inch_mp_3-mm_me_none_cl_4-0_ver,Metal / aluminium prints — ver,aluminum-prints,metallic,"{""ColorType"":""4-0"",""MetallicEdge"":""none"",""MetallicFormat"":""16x24-inch"",""MetallicGrainDirection"":""none"",""MetallicProperties"":""3-mm"",""Orientation"":""ver"",""ProductStatus"":""activated"",""State"":""published""}"
metallic_print_product_mf_18x24-inch_mp_3-mm-silver-brushed_me_none_mg_hor-grain_cl_4-0_hor,Metal / aluminium prints — hor,aluminum-prints,metallic,"{""ColorType"":""4-0"",""MetallicEdge"":""none"",""MetallicFormat"":""18x24-inch"",""MetallicGrainDirection"":""hor-grain"",""MetallicProperties"":""3-mm-silver-brushed"",""Orientation"":""hor"",""ProductStatus"":""deactivated"",""State"":""published""}"
metallic_print_product_mf_18x24-inch_mp_3-mm-silver-brushed_me_none_mg_hor-grain_cl_4-0_ver,Metal / aluminium prints — ver,aluminum-prints,metallic,"{""ColorType"":""4-0"",""MetallicEdge"":""none"",""MetallicFormat"":""18x24-inch"",""MetallicGrainDirection"":""hor-grain"",""MetallicProperties"":""3-mm-silver-brushed"",""Orientation"":""ver"",""ProductStatus"":""deactivated"",""State"":""published""}"
metallic_print_product_mf_18x24-inch_mp_3-mm_me_none_cl_4-0_hor,Metal / aluminium prints — hor,aluminum-prints,metallic,"{""ColorType"":""4-0"",""MetallicEdge"":""none"",""MetallicFormat"":""18x24-inch"",""MetallicGrainDirection"":""none"",""MetallicProperties"":""3-mm"",""Orientation"":""hor"",""ProductStatus"":""activated"",""State"":""published""}"
metallic_print_product_mf_18x24-inch_mp_3-mm_me_none_cl_4-0_ver,Metal / aluminium prints — ver,aluminum-prints,metallic,"{""ColorType"":""4-0"",""MetallicEdge"":""none"",""MetallicFormat"":""18x24-inch"",""MetallicGrainDirection"":""none"",""MetallicProperties"":""3-mm"",""Orientation"":""ver"",""ProductStatus"":""activated"",""State"":""published""}"
metallic_print_product_mf_200x200-mm_mp_3-mm-silver-brushed_me_none_mg_hor-grain_cl_4-0_hor,Metal / aluminium prints — hor,aluminum-prints,metallic,"{""ColorType"":""4-0"",""MetallicEdge"":""none"",""MetallicFormat"":""200x200-mm"",""MetallicGrainDirection"":""hor-grain"",""MetallicProperties"":""3-mm-silver-brushed"",""Orientation"":""hor"",""ProductStatus"":""deactivated"",""State"":""published""}"
metallic_print_product_mf_200x200-mm_mp_3-mm-silver-brushed_me_none_mg_hor-grain_cl_4-0_ver,Metal / aluminium prints — ver,aluminum-prints,metallic,"{""ColorType"":""4-0"",""MetallicEdge"":""none"",""MetallicFormat"":""200x200-mm"",""MetallicGrainDirection"":""hor-grain"",""MetallicProperties"":""3-mm-silver-brushed"",""Orientation"":""ver"",""ProductStatus"":""deactivated"",""State"":""published""}"
metallic_print_product_mf_200x200-mm_mp_3-mm_me_none_cl_4-0_hor,Metal / aluminium prints — hor,aluminum-prints,metallic,"{""ColorType"":""4-0"",""MetallicEdge"":""none"",""MetallicFormat"":""200x200-mm"",""MetallicGrainDirection"":""none"",""MetallicProperties"":""3-mm"",""Orientation"":""hor"",""ProductStatus"":""activated"",""State"":""published""}"
metallic_print_product_mf_200x200-mm_mp_3-mm_me_none_cl_4-0_ver,Metal / aluminium prints — ver,aluminum-prints,metallic,"{""ColorType"":""4-0"",""MetallicEdge"":""none"",""MetallicFormat"":""200x200-mm"",""MetallicGrainDirection"":""none"",""MetallicProperties"":""3-mm"",""Orientation"":""ver"",""ProductStatus"":""activated"",""State"":""published""}"
metallic_print_product_mf_200x300-mm_mp_3-mm-silver-brushed_me_none_mg_hor-grain_cl_4-0_hor,Metal / aluminium prints — hor,aluminum-prints,metallic,"{""ColorType"":""4-0"",""MetallicEdge"":""none"",""MetallicFormat"":""200x300-mm"",""MetallicGrainDirection"":""hor-grain"",""MetallicProperties"":""3-mm-silver-brushed"",""Orientation"":""hor"",""ProductStatus"":""deactivated"",""State"":""published""}"
metallic_print_product_mf_200x300-mm_mp_3-mm-silver-brushed_me_none_mg_hor-grain_cl_4-0_ver,Metal / aluminium prints — ver,aluminum-prints,metallic,"{""ColorType"":""4-0"",""MetallicEdge"":""none"",""MetallicFormat"":""200x300-mm"",""MetallicGrainDirection"":""hor-grain"",""MetallicProperties"":""3-mm-silver-brushed"",""Orientation"":""ver"",""ProductStatus"":""deactivated"",""State"":""published""}"
metallic_print_product_mf_200x300-mm_mp_3-mm_me_none_cl_4-0_hor,Metal / aluminium prints — hor,aluminum-prints,metallic,"{""ColorType"":""4-0"",""MetallicEdge"":""none"",""MetallicFormat"":""200x300-mm"",""MetallicGrainDirection"":""none"",""MetallicProperties"":""3-mm"",""Orientation"":""hor"",""ProductStatus"":""activated"",""State"":""published""}"
metallic_print_product_mf_200x300-mm_mp_3-mm_me_none_cl_4-0_ver,Metal / aluminium prints — ver,aluminum-prints,metallic,"{""ColorType"":""4-0"",""MetallicEdge"":""none"",""MetallicFormat"":""200x300-mm"",""MetallicGrainDirection"":""none"",""MetallicProperties"":""3-mm"",""Orientation"":""ver"",""ProductStatus"":""activated"",""State"":""published""}"
metallic_print_product_mf_200x600-mm_mp_3-mm-silver-brushed_me_none_mg_hor-grain_cl_4-0_hor,Metal / aluminium prints — hor,aluminum-prints,metallic,"{""ColorType"":""4-0"",""MetallicEdge"":""none"",""MetallicFormat"":""200x600-mm"",""MetallicGrainDirection"":""hor-grain"",""MetallicProperties"":""3-mm-silver-brushed"",""Orientation"":""hor"",""ProductStatus"":""deactivated"",""State"":""published""}"
metallic_print_product_mf_200x600-mm_mp_3-mm-silver-brushed_me_none_mg_hor-grain_cl_4-0_ver,Metal / aluminium prints — ver,aluminum-prints,metallic,"{""ColorType"":""4-0"",""MetallicEdge"":""none"",""MetallicFormat"":""200x600-mm"",""MetallicGrainDirection"":""hor-grain"",""MetallicProperties"":""3-mm-silver-brushed"",""Orientation"":""ver"",""ProductStatus"":""deactivated"",""State"":""published""}"
metallic_print_product_mf_200x600-mm_mp_3-mm_me_none_cl_4-0_hor,Metal / aluminium prints — hor,aluminum-prints,metallic,"{""ColorType"":""4-0"",""MetallicEdge"":""none"",""MetallicFormat"":""200x600-mm"",""MetallicGrainDirection"":""none"",""MetallicProperties"":""3-mm"",""Orientation"":""hor"",""ProductStatus"":""activated"",""State"":""published""}"
metallic_print_product_mf_200x600-mm_mp_3-mm_me_none_cl_4-0_ver,Metal / aluminium prints — ver,aluminum-prints,metallic,"{""ColorType"":""4-0"",""MetallicEdge"":""none"",""MetallicFormat"":""200x600-mm"",""MetallicGrainDirection"":""none"",""MetallicProperties"":""3-mm"",""Orientation"":""ver"",""ProductStatus"":""activated"",""State"":""published""}"
metallic_print_product_mf_20x20-inch_mp_3-mm-silver-brushed_me_none_mg_hor-grain_cl_4-0_hor,Metal / aluminium prints — hor,aluminum-prints,metallic,"{""ColorType"":""4-0"",""MetallicEdge"":""none"",""MetallicFormat"":""20x20-inch"",""MetallicGrainDirection"":""hor-grain"",""MetallicProperties"":""3-mm-silver-brushed"",""Orientation"":""hor"",""ProductStatus"":""deactivated"",""State"":""published""}"
metallic_print_product_mf_20x20-inch_mp_3-mm-silver-brushed_me_none_mg_hor-grain_cl_4-0_ver,Metal / aluminium prints — ver,aluminum-prints,metallic,"{""ColorType"":""4-0"",""MetallicEdge"":""none"",""MetallicFormat"":""20x20-inch"",""MetallicGrainDirection"":""hor-grain"",""MetallicProperties"":""3-mm-silver-brushed"",""Orientation"":""ver"",""ProductStatus"":""deactivated"",""State"":""published""}"
metallic_print_product_mf_20x20-inch_mp_3-mm_me_none_cl_4-0_hor,Metal / aluminium prints — hor,aluminum-prints,metallic,"{""ColorType"":""4-0"",""MetallicEdge"":""none"",""MetallicFormat"":""20x20-inch"",""MetallicGrainDirection"":""none"",""MetallicProperties"":""3-mm"",""Orientation"":""hor"",""ProductStatus"":""activated"",""State"":""published""}"
metallic_print_product_mf_20x20-inch_mp_3-mm_me_none_cl_4-0_ver,Metal / aluminium prints — ver,aluminum-prints,metallic,"{""ColorType"":""4-0"",""MetallicEdge"":""none"",""MetallicFormat"":""20x20-inch"",""MetallicGrainDirection"":""none"",""MetallicProperties"":""3-mm"",""Orientation"":""ver"",""ProductStatus"":""activated"",""State"":""published""}"
metallic_print_product_mf_20x28-inch_mp_3-mm-silver-brushed_me_none_mg_hor-grain_cl_4-0_hor,Metal / aluminium prints — hor,aluminum-prints,metallic,"{""ColorType"":""4-0"",""MetallicEdge"":""none"",""MetallicFormat"":""20x28-inch"",""MetallicGrainDirection"":""hor-grain"",""MetallicProperties"":""3-mm-silver-brushed"",""Orientation"":""hor"",""ProductStatus"":""deactivated"",""State"":""published""}"
metallic_print_product_mf_20x28-inch_mp_3-mm-silver-brushed_me_none_mg_hor-grain_cl_4-0_ver,Metal / aluminium prints — ver,aluminum-prints,metallic,"{""ColorType"":""4-0"",""MetallicEdge"":""none"",""MetallicFormat"":""20x28-inch"",""MetallicGrainDirection"":""hor-grain"",""MetallicProperties"":""3-mm-silver-brushed"",""Orientation"":""ver"",""ProductStatus"":""deactivated"",""State"":""published""}"
metallic_print_product_mf_20x28-inch_mp_3-mm_me_none_cl_4-0_hor,Metal / aluminium prints — hor,aluminum-prints,metallic,"{""ColorType"":""4-0"",""MetallicEdge"":""none"",""MetallicFormat"":""20x28-inch"",""MetallicGrainDirection"":""none"",""MetallicProperties"":""3-mm"",""Orientation"":""hor"",""ProductStatus"":""activated"",""State"":""published""}"
metallic_print_product_mf_20x28-inch_mp_3-mm_me_none_cl_4-0_ver,Metal / aluminium prints — ver,aluminum-prints,metallic,"{""ColorType"":""4-0"",""MetallicEdge"":""none"",""MetallicFormat"":""20x28-inch"",""MetallicGrainDirection"":""none"",""MetallicProperties"":""3-mm"",""Orientation"":""ver"",""ProductStatus"":""activated"",""State"":""published""}"
metallic_print_product_mf_20x30-inch_mp_3-mm-silver-brushed_me_none_mg_hor-grain_cl_4-0_hor,Metal / aluminium prints — hor,aluminum-prints,metallic,"{""ColorType"":""4-0"",""MetallicEdge"":""none"",""MetallicFormat"":""20x30-inch"",""MetallicGrainDirection"":""hor-grain"",""MetallicProperties"":""3-mm-silver-brushed"",""Orientation"":""hor"",""ProductStatus"":""deactivated"",""State"":""published""}"
metallic_print_product_mf_20x30-inch_mp_3-mm-silver-brushed_me_none_mg_hor-grain_cl_4-0_ver,Metal / aluminium prints — ver,aluminum-prints,metallic,"{""ColorType"":""4-0"",""MetallicEdge"":""none"",""MetallicFormat"":""20x30-inch"",""MetallicGrainDirection"":""hor-grain"",""MetallicProperties"":""3-mm-silver-brushed"",""Orientation"":""ver"",""ProductStatus"":""deactivated"",""State"":""published""}"
metallic_print_product_mf_20x30-inch_mp_3-mm_me_none_cl_4-0_hor,Metal / aluminium prints — hor,aluminum-prints,metallic,"{""ColorType"":""4-0"",""MetallicEdge"":""none"",""MetallicFormat"":""20x30-inch"",""MetallicGrainDirection"":""none"",""MetallicProperties"":""3-mm"",""Orientation"":""hor"",""ProductStatus"":""activated"",""State"":""published""}"
metallic_print_product_mf_20x30-inch_mp_3-mm_me_none_cl_4-0_ver,Metal / aluminium prints — ver,aluminum-prints,metallic,"{""ColorType"":""4-0"",""MetallicEdge"":""none"",""MetallicFormat"":""20x30-inch"",""MetallicGrainDirection"":""none"",""MetallicProperties"":""3-mm"",""Orientation"":""ver"",""ProductStatus"":""activated"",""State"":""published""}"
metallic_print_product_mf_24x24-inch_mp_3-mm-silver-brushed_me_none_mg_hor-grain_cl_4-0_hor,Metal / aluminium prints — hor,aluminum-prints,metallic,"{""ColorType"":""4-0"",""MetallicEdge"":""none"",""MetallicFormat"":""24x24-inch"",""MetallicGrainDirection"":""hor-grain"",""MetallicProperties"":""3-mm-silver-brushed"",""Orientation"":""hor"",""ProductStatus"":""deactivated"",""State"":""published""}"
metallic_print_product_mf_24x24-inch_mp_3-mm-silver-brushed_me_none_mg_hor-grain_cl_4-0_ver,Metal / aluminium prints — ver,aluminum-prints,metallic,"{""ColorType"":""4-0"",""MetallicEdge"":""none"",""MetallicFormat"":""24x24-inch"",""MetallicGrainDirection"":""hor-grain"",""MetallicProperties"":""3-mm-silver-brushed"",""Orientation"":""ver"",""ProductStatus"":""deactivated"",""State"":""published""}"
metallic_print_product_mf_24x24-inch_mp_3-mm_me_none_cl_4-0_hor,Metal / aluminium prints — hor,aluminum-prints,metallic,"{""ColorType"":""4-0"",""MetallicEdge"":""none"",""MetallicFormat"":""24x24-inch"",""MetallicGrainDirection"":""none"",""MetallicProperties"":""3-mm"",""Orientation"":""hor"",""ProductStatus"":""activated"",""State"":""published""}"
metallic_print_product_mf_24x24-inch_mp_3-mm_me_none_cl_4-0_ver,Metal / aluminium prints — ver,aluminum-prints,metallic,"{""ColorType"":""4-0"",""MetallicEdge"":""none"",""MetallicFormat"":""24x24-inch"",""MetallicGrainDirection"":""none"",""MetallicProperties"":""3-mm"",""Orientation"":""ver"",""ProductStatus"":""activated"",""State"":""published""}"
metallic_print_product_mf_24x32-inch_mp_3-mm-silver-brushed_me_none_mg_hor-grain_cl_4-0_hor,Metal / aluminium prints — hor,aluminum-prints,metallic,"{""ColorType"":""4-0"",""MetallicEdge"":""none"",""MetallicFormat"":""24x32-inch"",""MetallicGrainDirection"":""hor-grain"",""MetallicProperties"":""3-mm-silver-brushed"",""Orientation"":""hor"",""ProductStatus"":""deactivated"",""State"":""published""}"
metallic_print_product_mf_24x32-inch_mp_3-mm-silver-brushed_me_none_mg_hor-grain_cl_4-0_ver,Metal / aluminium prints — ver,aluminum-prints,metallic,"{""ColorType"":""4-0"",""MetallicEdge"":""none"",""MetallicFormat"":""24x32-inch"",""MetallicGrainDirection"":""hor-grain"",""MetallicProperties"":""3-mm-silver-brushed"",""Orientation"":""ver"",""ProductStatus"":""deactivated"",""State"":""published""}"
metallic_print_product_mf_24x32-inch_mp_3-mm_me_none_cl_4-0_hor,Metal / aluminium prints — hor,aluminum-prints,metallic,"{""ColorType"":""4-0"",""MetallicEdge"":""none"",""MetallicFormat"":""24x32-inch"",""MetallicGrainDirection"":""none"",""MetallicProperties"":""3-mm"",""Orientation"":""hor"",""ProductStatus"":""activated"",""State"":""published""}"
metallic_print_product_mf_24x32-inch_mp_3-mm_me_none_cl_4-0_ver,Metal / aluminium prints — ver,aluminum-prints,metallic,"{""ColorType"":""4-0"",""MetallicEdge"":""none"",""MetallicFormat"":""24x32-inch"",""MetallicGrainDirection"":""none"",""MetallicProperties"":""3-mm"",""Orientation"":""ver"",""ProductStatus"":""activated"",""State"":""published""}"
metallic_print_product_mf_24x36-inch_mp_3-mm-silver-brushed_me_none_mg_hor-grain_cl_4-0_hor,Metal / aluminium prints — hor,aluminum-prints,metallic,"{""ColorType"":""4-0"",""MetallicEdge"":""none"",""MetallicFormat"":""24x36-inch"",""MetallicGrainDirection"":""hor-grain"",""MetallicProperties"":""3-mm-silver-brushed"",""Orientation"":""hor"",""ProductStatus"":""deactivated"",""State"":""published""}"
metallic_print_product_mf_24x36-inch_mp_3-mm-silver-brushed_me_none_mg_hor-grain_cl_4-0_ver,Metal / aluminium prints — ver,aluminum-prints,metallic,"{""ColorType"":""4-0"",""MetallicEdge"":""none"",""MetallicFormat"":""24x36-inch"",""MetallicGrainDirection"":""hor-grain"",""MetallicProperties"":""3-mm-silver-brushed"",""Orientation"":""ver"",""ProductStatus"":""deactivated"",""State"":""published""}"
metallic_print_product_mf_24x36-inch_mp_3-mm_me_none_cl_4-0_hor,Metal / aluminium prints — hor,aluminum-prints,metallic,"{""ColorType"":""4-0"",""MetallicEdge"":""none"",""MetallicFormat"":""24x36-inch"",""MetallicGrainDirection"":""none"",""MetallicProperties"":""3-mm"",""Orientation"":""hor"",""ProductStatus"":""activated"",""State"":""published""}"
metallic_print_product_mf_24x36-inch_mp_3-mm_me_none_cl_4-0_ver,Metal / aluminium prints — ver,aluminum-prints,metallic,"{""ColorType"":""4-0"",""MetallicEdge"":""none"",""MetallicFormat"":""24x36-inch"",""MetallicGrainDirection"":""none"",""MetallicProperties"":""3-mm"",""Orientation"":""ver"",""ProductStatus"":""activated"",""State"":""published""}"
metallic_print_product_mf_28x40-inch_mp_3-mm-silver-brushed_me_none_mg_hor-grain_cl_4-0_hor,Metal / aluminium prints — hor,aluminum-prints,metallic,"{""ColorType"":""4-0"",""MetallicEdge"":""none"",""MetallicFormat"":""28x40-inch"",""MetallicGrainDirection"":""hor-grain"",""MetallicProperties"":""3-mm-silver-brushed"",""Orientation"":""hor"",""ProductStatus"":""deactivated"",""State"":""published""}"
metallic_print_product_mf_28x40-inch_mp_3-mm-silver-brushed_me_none_mg_hor-grain_cl_4-0_ver,Metal / aluminium prints — ver,aluminum-prints,metallic,"{""ColorType"":""4-0"",""MetallicEdge"":""none"",""MetallicFormat"":""28x40-inch"",""MetallicGrainDirection"":""hor-grain"",""MetallicProperties"":""3-mm-silver-brushed"",""Orientation"":""ver"",""ProductStatus"":""deactivated"",""State"":""published""}"
metallic_print_product_mf_28x40-inch_mp_3-mm_me_none_cl_4-0_hor,Metal / aluminium prints — hor,aluminum-prints,metallic,"{""ColorType"":""4-0"",""MetallicEdge"":""none"",""MetallicFormat"":""28x40-inch"",""MetallicGrainDirection"":""none"",""MetallicProperties"":""3-mm"",""Orientation"":""hor"",""ProductStatus"":""activated"",""State"":""published""}"
metallic_print_product_mf_28x40-inch_mp_3-mm_me_none_cl_4-0_ver,Metal / aluminium prints — ver,aluminum-prints,metallic,"{""ColorType"":""4-0"",""MetallicEdge"":""none"",""MetallicFormat"":""28x40-inch"",""MetallicGrainDirection"":""none"",""MetallicProperties"":""3-mm"",""Orientation"":""ver"",""ProductStatus"":""activated"",""State"":""published""}"
metallic_print_product_mf_300x300-mm_mp_3-mm-silver-brushed_me_none_mg_hor-grain_cl_4-0_hor,Metal / aluminium prints — hor,aluminum-prints,metallic,"{""ColorType"":""4-0"",""MetallicEdge"":""none"",""MetallicFormat"":""300x300-mm"",""MetallicGrainDirection"":""hor-grain"",""MetallicProperties"":""3-mm-silver-brushed"",""Orientation"":""hor"",""ProductStatus"":""deactivated"",""State"":""published""}"
metallic_print_product_mf_300x300-mm_mp_3-mm-silver-brushed_me_none_mg_hor-grain_cl_4-0_ver,Metal / aluminium prints — ver,aluminum-prints,metallic,"{""ColorType"":""4-0"",""MetallicEdge"":""none"",""MetallicFormat"":""300x300-mm"",""MetallicGrainDirection"":""hor-grain"",""MetallicProperties"":""3-mm-silver-brushed"",""Orientation"":""ver"",""ProductStatus"":""deactivated"",""State"":""published""}"
metallic_print_product_mf_300x300-mm_mp_3-mm_me_none_cl_4-0_hor,Metal / aluminium prints — hor,aluminum-prints,metallic,"{""ColorType"":""4-0"",""MetallicEdge"":""none"",""MetallicFormat"":""300x300-mm"",""MetallicGrainDirection"":""none"",""MetallicProperties"":""3-mm"",""Orientation"":""hor"",""ProductStatus"":""activated"",""State"":""published""}"
metallic_print_product_mf_300x300-mm_mp_3-mm_me_none_cl_4-0_ver,Metal / aluminium prints — ver,aluminum-prints,metallic,"{""ColorType"":""4-0"",""MetallicEdge"":""none"",""MetallicFormat"":""300x300-mm"",""MetallicGrainDirection"":""none"",""MetallicProperties"":""3-mm"",""Orientation"":""ver"",""ProductStatus"":""activated"",""State"":""published""}"
metallic_print_product_mf_300x400-mm_mp_3-mm-silver-brushed_me_none_mg_hor-grain_cl_4-0_hor,Metal / aluminium prints — hor,aluminum-prints,metallic,"{""ColorType"":""4-0"",""MetallicEdge"":""none"",""MetallicFormat"":""300x400-mm"",""MetallicGrainDirection"":""hor-grain"",""MetallicProperties"":""3-mm-silver-brushed"",""Orientation"":""hor"",""ProductStatus"":""deactivated"",""State"":""published""}"
metallic_print_product_mf_300x400-mm_mp_3-mm-silver-brushed_me_none_mg_hor-grain_cl_4-0_ver,Metal / aluminium prints — ver,aluminum-prints,metallic,"{""ColorType"":""4-0"",""MetallicEdge"":""none"",""MetallicFormat"":""300x400-mm"",""MetallicGrainDirection"":""hor-grain"",""MetallicProperties"":""3-mm-silver-brushed"",""Orientation"":""ver"",""ProductStatus"":""deactivated"",""State"":""published""}"
metallic_print_product_mf_300x400-mm_mp_3-mm_me_none_cl_4-0_hor,Metal / aluminium prints — hor,aluminum-prints,metallic,"{""ColorType"":""4-0"",""MetallicEdge"":""none"",""MetallicFormat"":""300x400-mm"",""MetallicGrainDirection"":""none"",""MetallicProperties"":""3-mm"",""Orientation"":""hor"",""ProductStatus"":""activated"",""State"":""published""}"
metallic_print_product_mf_300x400-mm_mp_3-mm_me_none_cl_4-0_ver,Metal / aluminium prints — ver,aluminum-prints,metallic,"{""ColorType"":""4-0"",""MetallicEdge"":""none"",""MetallicFormat"":""300x400-mm"",""MetallicGrainDirection"":""none"",""MetallicProperties"":""3-mm"",""Orientation"":""ver"",""ProductStatus"":""activated"",""State"":""published""}"
metallic_print_product_mf_300x450-mm_mp_3-mm-silver-brushed_me_none_mg_hor-grain_cl_4-0_hor,Metal / aluminium prints — hor,aluminum-prints,metallic,"{""ColorType"":""4-0"",""MetallicEdge"":""none"",""MetallicFormat"":""300x450-mm"",""MetallicGrainDirection"":""hor-grain"",""MetallicProperties"":""3-mm-silver-brushed"",""Orientation"":""hor"",""ProductStatus"":""deactivated"",""State"":""published""}"
metallic_print_product_mf_300x450-mm_mp_3-mm-silver-brushed_me_none_mg_hor-grain_cl_4-0_ver,Metal / aluminium prints — ver,aluminum-prints,metallic,"{""ColorType"":""4-0"",""MetallicEdge"":""none"",""MetallicFormat"":""300x450-mm"",""MetallicGrainDirection"":""hor-grain"",""MetallicProperties"":""3-mm-silver-brushed"",""Orientation"":""ver"",""ProductStatus"":""deactivated"",""State"":""published""}"
metallic_print_product_mf_300x450-mm_mp_3-mm_me_none_cl_4-0_hor,Metal / aluminium prints — hor,aluminum-prints,metallic,"{""ColorType"":""4-0"",""MetallicEdge"":""none"",""MetallicFormat"":""300x450-mm"",""MetallicGrainDirection"":""none"",""MetallicProperties"":""3-mm"",""Orientation"":""hor"",""ProductStatus"":""activated"",""State"":""published""}"
metallic_print_product_mf_300x450-mm_mp_3-mm_me_none_cl_4-0_ver,Metal / aluminium prints — ver,aluminum-prints,metallic,"{""ColorType"":""4-0"",""MetallicEdge"":""none"",""MetallicFormat"":""300x450-mm"",""MetallicGrainDirection"":""none"",""MetallicProperties"":""3-mm"",""Orientation"":""ver"",""ProductStatus"":""activated"",""State"":""published""}"
metallic_print_product_mf_300x900-mm_mp_3-mm-silver-brushed_me_none_mg_hor-grain_cl_4-0_hor,Metal / aluminium prints — hor,aluminum-prints,metallic,"{""ColorType"":""4-0"",""MetallicEdge"":""none"",""MetallicFormat"":""300x900-mm"",""MetallicGrainDirection"":""hor-grain"",""MetallicProperties"":""3-mm-silver-brushed"",""Orientation"":""hor"",""ProductStatus"":""deactivated"",""State"":""published""}"
metallic_print_product_mf_300x900-mm_mp_3-mm-silver-brushed_me_none_mg_hor-grain_cl_4-0_ver,Metal / aluminium prints — ver,aluminum-prints,metallic,"{""ColorType"":""4-0"",""MetallicEdge"":""none"",""MetallicFormat"":""300x900-mm"",""MetallicGrainDirection"":""hor-grain"",""MetallicProperties"":""3-mm-silver-brushed"",""Orientation"":""ver"",""ProductStatus"":""deactivated"",""State"":""published""}"
metallic_print_product_mf_300x900-mm_mp_3-mm_me_none_cl_4-0_hor,Metal / aluminium prints — hor,aluminum-prints,metallic,"{""ColorType"":""4-0"",""MetallicEdge"":""none"",""MetallicFormat"":""300x900-mm"",""MetallicGrainDirection"":""none"",""MetallicProperties"":""3-mm"",""Orientation"":""hor"",""ProductStatus"":""activated"",""State"":""published""}"
metallic_print_product_mf_300x900-mm_mp_3-mm_me_none_cl_4-0_ver,Metal / aluminium prints — ver,aluminum-prints,metallic,"{""ColorType"":""4-0"",""MetallicEdge"":""none"",""MetallicFormat"":""300x900-mm"",""MetallicGrainDirection"":""none"",""MetallicProperties"":""3-mm"",""Orientation"":""ver"",""ProductStatus"":""activated"",""State"":""published""}"
metallic_print_product_mf_400x400-mm_mp_3-mm-silver-brushed_me_none_mg_hor-grain_cl_4-0_hor,Metal / aluminium prints — hor,aluminum-prints,metallic,"{""ColorType"":""4-0"",""MetallicEdge"":""none"",""MetallicFormat"":""400x400-mm"",""MetallicGrainDirection"":""hor-grain"",""MetallicProperties"":""3-mm-silver-brushed"",""Orientation"":""hor"",""ProductStatus"":""deactivated"",""State"":""published""}"
metallic_print_product_mf_400x400-mm_mp_3-mm-silver-brushed_me_none_mg_hor-grain_cl_4-0_ver,Metal / aluminium prints — ver,aluminum-prints,metallic,"{""ColorType"":""4-0"",""MetallicEdge"":""none"",""MetallicFormat"":""400x400-mm"",""MetallicGrainDirection"":""hor-grain"",""MetallicProperties"":""3-mm-silver-brushed"",""Orientation"":""ver"",""ProductStatus"":""deactivated"",""State"":""published""}"
metallic_print_product_mf_400x400-mm_mp_3-mm_me_none_cl_4-0_hor,Metal / aluminium prints — hor,aluminum-prints,metallic,"{""ColorType"":""4-0"",""MetallicEdge"":""none"",""MetallicFormat"":""400x400-mm"",""MetallicGrainDirection"":""none"",""MetallicProperties"":""3-mm"",""Orientation"":""hor"",""ProductStatus"":""activated"",""State"":""published""}"
metallic_print_product_mf_400x400-mm_mp_3-mm_me_none_cl_4-0_ver,Metal / aluminium prints — ver,aluminum-prints,metallic,"{""ColorType"":""4-0"",""MetallicEdge"":""none"",""MetallicFormat"":""400x400-mm"",""MetallicGrainDirection"":""none"",""MetallicProperties"":""3-mm"",""Orientation"":""ver"",""ProductStatus"":""activated"",""State"":""published""}"
metallic_print_product_mf_400x500-mm_mp_3-mm-silver-brushed_me_none_mg_hor-grain_cl_4-0_hor,Metal / aluminium prints — hor,aluminum-prints,metallic,"{""ColorType"":""4-0"",""MetallicEdge"":""none"",""MetallicFormat"":""400x500-mm"",""MetallicGrainDirection"":""hor-grain"",""MetallicProperties"":""3-mm-silver-brushed"",""Orientation"":""hor"",""ProductStatus"":""deactivated"",""State"":""published""}"
metallic_print_product_mf_400x500-mm_mp_3-mm-silver-brushed_me_none_mg_hor-grain_cl_4-0_ver,Metal / aluminium prints — ver,aluminum-prints,metallic,"{""ColorType"":""4-0"",""MetallicEdge"":""none"",""MetallicFormat"":""400x500-mm"",""MetallicGrainDirection"":""hor-grain"",""MetallicProperties"":""3-mm-silver-brushed"",""Orientation"":""ver"",""ProductStatus"":""deactivated"",""State"":""published""}"
metallic_print_product_mf_400x500-mm_mp_3-mm_me_none_cl_4-0_hor,Metal / aluminium prints — hor,aluminum-prints,metallic,"{""ColorType"":""4-0"",""MetallicEdge"":""none"",""MetallicFormat"":""400x500-mm"",""MetallicGrainDirection"":""none"",""MetallicProperties"":""3-mm"",""Orientation"":""hor"",""ProductStatus"":""activated"",""State"":""published""}"
metallic_print_product_mf_400x500-mm_mp_3-mm_me_none_cl_4-0_ver,Metal / aluminium prints — ver,aluminum-prints,metallic,"{""ColorType"":""4-0"",""MetallicEdge"":""none"",""MetallicFormat"":""400x500-mm"",""MetallicGrainDirection"":""none"",""MetallicProperties"":""3-mm"",""Orientation"":""ver"",""ProductStatus"":""activated"",""State"":""published""}"
metallic_print_product_mf_400x600-mm_mp_3-mm-silver-brushed_me_none_mg_hor-grain_cl_4-0_hor,Metal / aluminium prints — hor,aluminum-prints,metallic,"{""ColorType"":""4-0"",""MetallicEdge"":""none"",""MetallicFormat"":""400x600-mm"",""MetallicGrainDirection"":""hor-grain"",""MetallicProperties"":""3-mm-silver-brushed"",""Orientation"":""hor"",""ProductStatus"":""deactivated"",""State"":""published""}"
metallic_print_product_mf_400x600-mm_mp_3-mm-silver-brushed_me_none_mg_hor-grain_cl_4-0_ver,Metal / aluminium prints — ver,aluminum-prints,metallic,"{""ColorType"":""4-0"",""MetallicEdge"":""none"",""MetallicFormat"":""400x600-mm"",""MetallicGrainDirection"":""hor-grain"",""MetallicProperties"":""3-mm-silver-brushed"",""Orientation"":""ver"",""ProductStatus"":""deactivated"",""State"":""published""}"
metallic_print_product_mf_400x600-mm_mp_3-mm_me_none_cl_4-0_hor,Metal / aluminium prints — hor,aluminum-prints,metallic,"{""ColorType"":""4-0"",""MetallicEdge"":""none"",""MetallicFormat"":""400x600-mm"",""MetallicGrainDirection"":""none"",""MetallicProperties"":""3-mm"",""Orientation"":""hor"",""ProductStatus"":""activated"",""State"":""published""}"
metallic_print_product_mf_400x600-mm_mp_3-mm_me_none_cl_4-0_ver,Metal / aluminium prints — ver,aluminum-prints,metallic,"{""ColorType"":""4-0"",""MetallicEdge"":""none"",""MetallicFormat"":""400x600-mm"",""MetallicGrainDirection"":""none"",""MetallicProperties"":""3-mm"",""Orientation"":""ver"",""ProductStatus"":""activated"",""State"":""published""}"
metallic_print_product_mf_450x600-mm_mp_3-mm-silver-brushed_me_none_mg_hor-grain_cl_4-0_hor,Metal / aluminium prints — hor,aluminum-prints,metallic,"{""ColorType"":""4-0"",""MetallicEdge"":""none"",""MetallicFormat"":""450x600-mm"",""MetallicGrainDirection"":""hor-grain"",""MetallicProperties"":""3-mm-silver-brushed"",""Orientation"":""hor"",""ProductStatus"":""deactivated"",""State"":""published""}"
metallic_print_product_mf_450x600-mm_mp_3-mm-silver-brushed_me_none_mg_hor-grain_cl_4-0_ver,Metal / aluminium prints — ver,aluminum-prints,metallic,"{""ColorType"":""4-0"",""MetallicEdge"":""none"",""MetallicFormat"":""450x600-mm"",""MetallicGrainDirection"":""hor-grain"",""MetallicProperties"":""3-mm-silver-brushed"",""Orientation"":""ver"",""ProductStatus"":""deactivated"",""State"":""published""}"
metallic_print_product_mf_450x600-mm_mp_3-mm_me_none_cl_4-0_hor,Metal / aluminium prints — hor,aluminum-prints,metallic,"{""ColorType"":""4-0"",""MetallicEdge"":""none"",""MetallicFormat"":""450x600-mm"",""MetallicGrainDirection"":""none"",""MetallicProperties"":""3-mm"",""Orientation"":""hor"",""ProductStatus"":""activated"",""State"":""published""}"
metallic_print_product_mf_450x600-mm_mp_3-mm_me_none_cl_4-0_ver,Metal / aluminium prints — ver,aluminum-prints,metallic,"{""ColorType"":""4-0"",""MetallicEdge"":""none"",""MetallicFormat"":""450x600-mm"",""MetallicGrainDirection"":""none"",""MetallicProperties"":""3-mm"",""Orientation"":""ver"",""ProductStatus"":""activated"",""State"":""published""}"
metallic_print_product_mf_500x500-mm_mp_3-mm-silver-brushed_me_none_mg_hor-grain_cl_4-0_hor,Metal / aluminium prints — hor,aluminum-prints,metallic,"{""ColorType"":""4-0"",""MetallicEdge"":""none"",""MetallicFormat"":""500x500-mm"",""MetallicGrainDirection"":""hor-grain"",""MetallicProperties"":""3-mm-silver-brushed"",""Orientation"":""hor"",""ProductStatus"":""deactivated"",""State"":""published""}"
metallic_print_product_mf_500x500-mm_mp_3-mm-silver-brushed_me_none_mg_hor-grain_cl_4-0_ver,Metal / aluminium prints — ver,aluminum-prints,metallic,"{""ColorType"":""4-0"",""MetallicEdge"":""none"",""MetallicFormat"":""500x500-mm"",""MetallicGrainDirection"":""hor-grain"",""MetallicProperties"":""3-mm-silver-brushed"",""Orientation"":""ver"",""ProductStatus"":""deactivated"",""State"":""published""}"
metallic_print_product_mf_500x500-mm_mp_3-mm_me_none_cl_4-0_hor,Metal / aluminium prints — hor,aluminum-prints,metallic,"{""ColorType"":""4-0"",""MetallicEdge"":""none"",""MetallicFormat"":""500x500-mm"",""MetallicGrainDirection"":""none"",""MetallicProperties"":""3-mm"",""Orientation"":""hor"",""ProductStatus"":""activated"",""State"":""published""}"
metallic_print_product_mf_500x500-mm_mp_3-mm_me_none_cl_4-0_ver,Metal / aluminium prints — ver,aluminum-prints,metallic,"{""ColorType"":""4-0"",""MetallicEdge"":""none"",""MetallicFormat"":""500x500-mm"",""MetallicGrainDirection"":""none"",""MetallicProperties"":""3-mm"",""Orientation"":""ver"",""ProductStatus"":""activated"",""State"":""published""}"
metallic_print_product_mf_500x700-mm_mp_3-mm-silver-brushed_me_none_mg_hor-grain_cl_4-0_hor,Metal / aluminium prints — hor,aluminum-prints,metallic,"{""ColorType"":""4-0"",""MetallicEdge"":""none"",""MetallicFormat"":""500x700-mm"",""MetallicGrainDirection"":""hor-grain"",""MetallicProperties"":""3-mm-silver-brushed"",""Orientation"":""hor"",""ProductStatus"":""deactivated"",""State"":""published""}"
metallic_print_product_mf_500x700-mm_mp_3-mm-silver-brushed_me_none_mg_hor-grain_cl_4-0_ver,Metal / aluminium prints — ver,aluminum-prints,metallic,"{""ColorType"":""4-0"",""MetallicEdge"":""none"",""MetallicFormat"":""500x700-mm"",""MetallicGrainDirection"":""hor-grain"",""MetallicProperties"":""3-mm-silver-brushed"",""Orientation"":""ver"",""ProductStatus"":""deactivated"",""State"":""published""}"
metallic_print_product_mf_500x700-mm_mp_3-mm_me_none_cl_4-0_hor,Metal / aluminium prints — hor,aluminum-prints,metallic,"{""ColorType"":""4-0"",""MetallicEdge"":""none"",""MetallicFormat"":""500x700-mm"",""MetallicGrainDirection"":""none"",""MetallicProperties"":""3-mm"",""Orientation"":""hor"",""ProductStatus"":""activated"",""State"":""published""}"
metallic_print_product_mf_500x700-mm_mp_3-mm_me_none_cl_4-0_ver,Metal / aluminium prints — ver,aluminum-prints,metallic,"{""ColorType"":""4-0"",""MetallicEdge"":""none"",""MetallicFormat"":""500x700-mm"",""MetallicGrainDirection"":""none"",""MetallicProperties"":""3-mm"",""Orientation"":""ver"",""ProductStatus"":""activated"",""State"":""published""}"
metallic_print_product_mf_500x750-mm_mp_3-mm-silver-brushed_me_none_mg_hor-grain_cl_4-0_hor,Metal / aluminium prints — hor,aluminum-prints,metallic,"{""ColorType"":""4-0"",""MetallicEdge"":""none"",""MetallicFormat"":""500x750-mm"",""MetallicGrainDirection"":""hor-grain"",""MetallicProperties"":""3-mm-silver-brushed"",""Orientation"":""hor"",""ProductStatus"":""deactivated"",""State"":""published""}"
metallic_print_product_mf_500x750-mm_mp_3-mm-silver-brushed_me_none_mg_hor-grain_cl_4-0_ver,Metal / aluminium prints — ver,aluminum-prints,metallic,"{""ColorType"":""4-0"",""MetallicEdge"":""none"",""MetallicFormat"":""500x750-mm"",""MetallicGrainDirection"":""hor-grain"",""MetallicProperties"":""3-mm-silver-brushed"",""Orientation"":""ver"",""ProductStatus"":""deactivated"",""State"":""published""}"
metallic_print_product_mf_500x750-mm_mp_3-mm_me_none_cl_4-0_hor,Metal / aluminium prints — hor,aluminum-prints,metallic,"{""ColorType"":""4-0"",""MetallicEdge"":""none"",""MetallicFormat"":""500x750-mm"",""MetallicGrainDirection"":""none"",""MetallicProperties"":""3-mm"",""Orientation"":""hor"",""ProductStatus"":""activated"",""State"":""published""}"
metallic_print_product_mf_500x750-mm_mp_3-mm_me_none_cl_4-0_ver,Metal / aluminium prints — ver,aluminum-prints,metallic,"{""ColorType"":""4-0"",""MetallicEdge"":""none"",""MetallicFormat"":""500x750-mm"",""MetallicGrainDirection"":""none"",""MetallicProperties"":""3-mm"",""Orientation"":""ver"",""ProductStatus"":""activated"",""State"":""published""}"
metallic_print_product_mf_600x600-mm_mp_3-mm-silver-brushed_me_none_mg_hor-grain_cl_4-0_hor,Metal / aluminium prints — hor,aluminum-prints,metallic,"{""ColorType"":""4-0"",""MetallicEdge"":""none"",""MetallicFormat"":""600x600-mm"",""MetallicGrainDirection"":""hor-grain"",""MetallicProperties"":""3-mm-silver-brushed"",""Orientation"":""hor"",""ProductStatus"":""deactivated"",""State"":""published""}"
metallic_print_product_mf_600x600-mm_mp_3-mm-silver-brushed_me_none_mg_hor-grain_cl_4-0_ver,Metal / aluminium prints — ver,aluminum-prints,metallic,"{""ColorType"":""4-0"",""MetallicEdge"":""none"",""MetallicFormat"":""600x600-mm"",""MetallicGrainDirection"":""hor-grain"",""MetallicProperties"":""3-mm-silver-brushed"",""Orientation"":""ver"",""ProductStatus"":""deactivated"",""State"":""published""}"
metallic_print_product_mf_600x600-mm_mp_3-mm_me_none_cl_4-0_hor,Metal / aluminium prints — hor,aluminum-prints,metallic,"{""ColorType"":""4-0"",""MetallicEdge"":""none"",""MetallicFormat"":""600x600-mm"",""MetallicGrainDirection"":""none"",""MetallicProperties"":""3-mm"",""Orientation"":""hor"",""ProductStatus"":""activated"",""State"":""published""}"
metallic_print_product_mf_600x600-mm_mp_3-mm_me_none_cl_4-0_ver,Metal / aluminium prints — ver,aluminum-prints,metallic,"{""ColorType"":""4-0"",""MetallicEdge"":""none"",""MetallicFormat"":""600x600-mm"",""MetallicGrainDirection"":""none"",""MetallicProperties"":""3-mm"",""Orientation"":""ver"",""ProductStatus"":""activated"",""State"":""published""}"
metallic_print_product_mf_600x800-mm_mp_3-mm-silver-brushed_me_none_mg_hor-grain_cl_4-0_hor,Metal / aluminium prints — hor,aluminum-prints,metallic,"{""ColorType"":""4-0"",""MetallicEdge"":""none"",""MetallicFormat"":""600x800-mm"",""MetallicGrainDirection"":""hor-grain"",""MetallicProperties"":""3-mm-silver-brushed"",""Orientation"":""hor"",""ProductStatus"":""deactivated"",""State"":""published""}"
metallic_print_product_mf_600x800-mm_mp_3-mm-silver-brushed_me_none_mg_hor-grain_cl_4-0_ver,Metal / aluminium prints — ver,aluminum-prints,metallic,"{""ColorType"":""4-0"",""MetallicEdge"":""none"",""MetallicFormat"":""600x800-mm"",""MetallicGrainDirection"":""hor-grain"",""MetallicProperties"":""3-mm-silver-brushed"",""Orientation"":""ver"",""ProductStatus"":""deactivated"",""State"":""published""}"
metallic_print_product_mf_600x800-mm_mp_3-mm_me_none_cl_4-0_hor,Metal / aluminium prints — hor,aluminum-prints,metallic,"{""ColorType"":""4-0"",""MetallicEdge"":""none"",""MetallicFormat"":""600x800-mm"",""MetallicGrainDirection"":""none"",""MetallicProperties"":""3-mm"",""Orientation"":""hor"",""ProductStatus"":""activated"",""State"":""published""}"
metallic_print_product_mf_600x800-mm_mp_3-mm_me_none_cl_4-0_ver,Metal / aluminium prints — ver,aluminum-prints,metallic,"{""ColorType"":""4-0"",""MetallicEdge"":""none"",""MetallicFormat"":""600x800-mm"",""MetallicGrainDirection"":""none"",""MetallicProperties"":""3-mm"",""Orientation"":""ver"",""ProductStatus"":""activated"",""State"":""published""}"
metallic_print_product_mf_600x900-mm_mp_3-mm-silver-brushed_me_none_mg_hor-grain_cl_4-0_hor,Metal / aluminium prints — hor,aluminum-prints,metallic,"{""ColorType"":""4-0"",""MetallicEdge"":""none"",""MetallicFormat"":""600x900-mm"",""MetallicGrainDirection"":""hor-grain"",""MetallicProperties"":""3-mm-silver-brushed"",""Orientation"":""hor"",""ProductStatus"":""deactivated"",""State"":""published""}"
metallic_print_product_mf_600x900-mm_mp_3-mm-silver-brushed_me_none_mg_hor-grain_cl_4-0_ver,Metal / aluminium prints — ver,aluminum-prints,metallic,"{""ColorType"":""4-0"",""MetallicEdge"":""none"",""MetallicFormat"":""600x900-mm"",""MetallicGrainDirection"":""hor-grain"",""MetallicProperties"":""3-mm-silver-brushed"",""Orientation"":""ver"",""ProductStatus"":""deactivated"",""State"":""published""}"
metallic_print_product_mf_600x900-mm_mp_3-mm_me_none_cl_4-0_hor,Metal / aluminium prints — hor,aluminum-prints,metallic,"{""ColorType"":""4-0"",""MetallicEdge"":""none"",""MetallicFormat"":""600x900-mm"",""MetallicGrainDirection"":""none"",""MetallicProperties"":""3-mm"",""Orientation"":""hor"",""ProductStatus"":""activated"",""State"":""published""}"
metallic_print_product_mf_600x900-mm_mp_3-mm_me_none_cl_4-0_ver,Metal / aluminium prints — ver,aluminum-prints,metallic,"{""ColorType"":""4-0"",""MetallicEdge"":""none"",""MetallicFormat"":""600x900-mm"",""MetallicGrainDirection"":""none"",""MetallicProperties"":""3-mm"",""Orientation"":""ver"",""ProductStatus"":""activated"",""State"":""published""}"
metallic_print_product_mf_700x1000-mm_mp_3-mm-silver-brushed_me_none_mg_hor-grain_cl_4-0_hor,Metal / aluminium prints — hor,aluminum-prints,metallic,"{""ColorType"":""4-0"",""MetallicEdge"":""none"",""MetallicFormat"":""700x1000-mm"",""MetallicGrainDirection"":""hor-grain"",""MetallicProperties"":""3-mm-silver-brushed"",""Orientation"":""hor"",""ProductStatus"":""deactivated"",""State"":""published""}"
metallic_print_product_mf_700x1000-mm_mp_3-mm-silver-brushed_me_none_mg_hor-grain_cl_4-0_ver,Metal / aluminium prints — ver,aluminum-prints,metallic,"{""ColorType"":""4-0"",""MetallicEdge"":""none"",""MetallicFormat"":""700x1000-mm"",""MetallicGrainDirection"":""hor-grain"",""MetallicProperties"":""3-mm-silver-brushed"",""Orientation"":""ver"",""ProductStatus"":""deactivated"",""State"":""published""}"
metallic_print_product_mf_700x1000-mm_mp_3-mm_me_none_cl_4-0_hor,Metal / aluminium prints — hor,aluminum-prints,metallic,"{""ColorType"":""4-0"",""MetallicEdge"":""none"",""MetallicFormat"":""700x1000-mm"",""MetallicGrainDirection"":""none"",""MetallicProperties"":""3-mm"",""Orientation"":""hor"",""ProductStatus"":""activated"",""State"":""published""}"
metallic_print_product_mf_700x1000-mm_mp_3-mm_me_none_cl_4-0_ver,Metal / aluminium prints — ver,aluminum-prints,metallic,"{""ColorType"":""4-0"",""MetallicEdge"":""none"",""MetallicFormat"":""700x1000-mm"",""MetallicGrainDirection"":""none"",""MetallicProperties"":""3-mm"",""Orientation"":""ver"",""ProductStatus"":""activated"",""State"":""published""}"
metallic_print_product_mf_8x12-inch_mp_3-mm-silver-brushed_me_none_mg_hor-grain_cl_4-0_hor,Metal / aluminium prints — hor,aluminum-prints,metallic,"{""ColorType"":""4-0"",""MetallicEdge"":""none"",""MetallicFormat"":""8x12-inch"",""MetallicGrainDirection"":""hor-grain"",""MetallicProperties"":""3-mm-silver-brushed"",""Orientation"":""hor"",""ProductStatus"":""deactivated"",""State"":""published""}"
metallic_print_product_mf_8x12-inch_mp_3-mm-silver-brushed_me_none_mg_hor-grain_cl_4-0_ver,Metal / aluminium prints — ver,aluminum-prints,metallic,"{""ColorType"":""4-0"",""MetallicEdge"":""none"",""MetallicFormat"":""8x12-inch"",""MetallicGrainDirection"":""hor-grain"",""MetallicProperties"":""3-mm-silver-brushed"",""Orientation"":""ver"",""ProductStatus"":""deactivated"",""State"":""published""}"
metallic_print_product_mf_8x12-inch_mp_3-mm_me_none_cl_4-0_hor,Metal / aluminium prints — hor,aluminum-prints,metallic,"{""ColorType"":""4-0"",""MetallicEdge"":""none"",""MetallicFormat"":""8x12-inch"",""MetallicGrainDirection"":""none"",""MetallicProperties"":""3-mm"",""Orientation"":""hor"",""ProductStatus"":""activated"",""State"":""published""}"
metallic_print_product_mf_8x12-inch_mp_3-mm_me_none_cl_4-0_ver,Metal / aluminium prints — ver,aluminum-prints,metallic,"{""ColorType"":""4-0"",""MetallicEdge"":""none"",""MetallicFormat"":""8x12-inch"",""MetallicGrainDirection"":""none"",""MetallicProperties"":""3-mm"",""Orientation"":""ver"",""ProductStatus"":""activated"",""State"":""published""}"
metallic_print_product_mf_8x24-inch_mp_3-mm-silver-brushed_me_none_mg_hor-grain_cl_4-0_hor,Metal / aluminium prints — hor,aluminum-prints,metallic,"{""ColorType"":""4-0"",""MetallicEdge"":""none"",""MetallicFormat"":""8x24-inch"",""MetallicGrainDirection"":""hor-grain"",""MetallicProperties"":""3-mm-silver-brushed"",""Orientation"":""hor"",""ProductStatus"":""deactivated"",""State"":""published""}"
metallic_print_product_mf_8x24-inch_mp_3-mm-silver-brushed_me_none_mg_hor-grain_cl_4-0_ver,Metal / aluminium prints — ver,aluminum-prints,metallic,"{""ColorType"":""4-0"",""MetallicEdge"":""none"",""MetallicFormat"":""8x24-inch"",""MetallicGrainDirection"":""hor-grain"",""MetallicProperties"":""3-mm-silver-brushed"",""Orientation"":""ver"",""ProductStatus"":""deactivated"",""State"":""published""}"
metallic_print_product_mf_8x24-inch_mp_3-mm_me_none_cl_4-0_hor,Metal / aluminium prints — hor,aluminum-prints,metallic,"{""ColorType"":""4-0"",""MetallicEdge"":""none"",""MetallicFormat"":""8x24-inch"",""MetallicGrainDirection"":""none"",""MetallicProperties"":""3-mm"",""Orientation"":""hor"",""ProductStatus"":""activated"",""State"":""published""}"
metallic_print_product_mf_8x24-inch_mp_3-mm_me_none_cl_4-0_ver,Metal / aluminium prints — ver,aluminum-prints,metallic,"{""ColorType"":""4-0"",""MetallicEdge"":""none"",""MetallicFormat"":""8x24-inch"",""MetallicGrainDirection"":""none"",""MetallicProperties"":""3-mm"",""Orientation"":""ver"",""ProductStatus"":""activated"",""State"":""published""}"
metallic_print_product_mf_8x8-inch_mp_3-mm-silver-brushed_me_none_mg_hor-grain_cl_4-0_hor,Metal / aluminium prints — hor,aluminum-prints,metallic,"{""ColorType"":""4-0"",""MetallicEdge"":""none"",""MetallicFormat"":""8x8-inch"",""MetallicGrainDirection"":""hor-grain"",""MetallicProperties"":""3-mm-silver-brushed"",""Orientation"":""hor"",""ProductStatus"":""deactivated"",""State"":""published""}"
metallic_print_product_mf_8x8-inch_mp_3-mm-silver-brushed_me_none_mg_hor-grain_cl_4-0_ver,Metal / aluminium prints — ver,aluminum-prints,metallic,"{""ColorType"":""4-0"",""MetallicEdge"":""none"",""MetallicFormat"":""8x8-inch"",""MetallicGrainDirection"":""hor-grain"",""MetallicProperties"":""3-mm-silver-brushed"",""Orientation"":""ver"",""ProductStatus"":""deactivated"",""State"":""published""}"
metallic_print_product_mf_8x8-inch_mp_3-mm_me_none_cl_4-0_hor,Metal / aluminium prints — hor,aluminum-prints,metallic,"{""ColorType"":""4-0"",""MetallicEdge"":""none"",""MetallicFormat"":""8x8-inch"",""MetallicGrainDirection"":""none"",""MetallicProperties"":""3-mm"",""Orientation"":""hor"",""ProductStatus"":""activated"",""State"":""published""}"
metallic_print_product_mf_8x8-inch_mp_3-mm_me_none_cl_4-0_ver,Metal / aluminium prints — ver,aluminum-prints,metallic,"{""ColorType"":""4-0"",""MetallicEdge"":""none"",""MetallicFormat"":""8x8-inch"",""MetallicGrainDirection"":""none"",""MetallicProperties"":""3-mm"",""Orientation"":""ver"",""ProductStatus"":""activated"",""State"":""published""}"
