Product Title,Product Description,Product UID,Print File URL,Should Publish Images?
Framed canvas — 200x250-mm-8x10-inch — hor,"Personalised framed canvas from Pixora. Upload your photo, preview on a live product mockup, and we print and ship premium quality to your door. Ideal for home décor or gifting.",framed_canvas_geo_simplified_200x250-mm-8x10-inch_black_252x302-mm-10x12-inch_wood-fsc-slim_hor_wood_w14xt42-mm_canvas_4-0,https://upload.wikimedia.org/wikipedia/commons/c/ca/1x1.png,Yes
Framed canvas — 200x250-mm-8x10-inch — ver,"Personalised framed canvas from Pixora. Upload your photo, preview on a live product mockup, and we print and ship premium quality to your door. Ideal for home décor or gifting.",framed_canvas_geo_simplified_200x250-mm-8x10-inch_black_252x302-mm-10x12-inch_wood-fsc-slim_ver_wood_w14xt42-mm_canvas_4-0,https://upload.wikimedia.org/wikipedia/commons/c/ca/1x1.png,Yes
Framed canvas — 200x250-mm-8x10-inch — hor,"Personalised framed canvas from Pixora. Upload your photo, preview on a live product mockup, and we print and ship premium quality to your door. Ideal for home décor or gifting.",framed_canvas_geo_simplified_200x250-mm-8x10-inch_dark-wood_252x302-mm-10x12-inch_wood-fsc-slim_hor_wood_w14xt42-mm_canvas_4-0,https://upload.wikimedia.org/wikipedia/commons/c/ca/1x1.png,Yes
Framed canvas — 200x250-mm-8x10-inch — ver,"Personalised framed canvas from Pixora. Upload your photo, preview on a live product mockup, and we print and ship premium quality to your door. Ideal for home décor or gifting.",framed_canvas_geo_simplified_200x250-mm-8x10-inch_dark-wood_252x302-mm-10x12-inch_wood-fsc-slim_ver_wood_w14xt42-mm_canvas_4-0,https://upload.wikimedia.org/wikipedia/commons/c/ca/1x1.png,Yes
Framed canvas — 200x250-mm-8x10-inch — hor,"Personalised framed canvas from Pixora. Upload your photo, preview on a live product mockup, and we print and ship premium quality to your door. Ideal for home décor or gifting.",framed_canvas_geo_simplified_200x250-mm-8x10-inch_natural-wood_252x302-mm-10x12-inch_wood-fsc-slim_hor_wood_w14xt42-mm_canvas_4-0,https://upload.wikimedia.org/wikipedia/commons/c/ca/1x1.png,Yes
Framed canvas — 200x250-mm-8x10-inch — ver,"Personalised framed canvas from Pixora. Upload your photo, preview on a live product mockup, and we print and ship premium quality to your door. Ideal for home décor or gifting.",framed_canvas_geo_simplified_200x250-mm-8x10-inch_natural-wood_252x302-mm-10x12-inch_wood-fsc-slim_ver_wood_w14xt42-mm_canvas_4-0,https://upload.wikimedia.org/wikipedia/commons/c/ca/1x1.png,Yes
Framed canvas — 200x300-mm-8x12-inch — hor,"Personalised framed canvas from Pixora. Upload your photo, preview on a live product mockup, and we print and ship premium quality to your door. Ideal for home décor or gifting.",framed_canvas_geo_simplified_200x300-mm-8x12-inch_black_252x352-mm-10x14-inch_wood-fsc-slim_hor_wood_w14xt42-mm_canvas_4-0,https://upload.wikimedia.org/wikipedia/commons/c/ca/1x1.png,Yes
Framed canvas — 200x300-mm-8x12-inch — ver,"Personalised framed canvas from Pixora. Upload your photo, preview on a live product mockup, and we print and ship premium quality to your door. Ideal for home décor or gifting.",framed_canvas_geo_simplified_200x300-mm-8x12-inch_black_252x352-mm-10x14-inch_wood-fsc-slim_ver_wood_w14xt42-mm_canvas_4-0,https://upload.wikimedia.org/wikipedia/commons/c/ca/1x1.png,Yes
Framed canvas — 200x300-mm-8x12-inch — hor,"Personalised framed canvas from Pixora. Upload your photo, preview on a live product mockup, and we print and ship premium quality to your door. Ideal for home décor or gifting.",framed_canvas_geo_simplified_200x300-mm-8x12-inch_dark-wood_252x352-mm-10x14-inch_wood-fsc-slim_hor_wood_w14xt42-mm_canvas_4-0,https://upload.wikimedia.org/wikipedia/commons/c/ca/1x1.png,Yes
Framed canvas — 200x300-mm-8x12-inch — ver,"Personalised framed canvas from Pixora. Upload your photo, preview on a live product mockup, and we print and ship premium quality to your door. Ideal for home décor or gifting.",framed_canvas_geo_simplified_200x300-mm-8x12-inch_dark-wood_252x352-mm-10x14-inch_wood-fsc-slim_ver_wood_w14xt42-mm_canvas_4-0,https://upload.wikimedia.org/wikipedia/commons/c/ca/1x1.png,Yes
Framed canvas — 200x300-mm-8x12-inch — hor,"Personalised framed canvas from Pixora. Upload your photo, preview on a live product mockup, and we print and ship premium quality to your door. Ideal for home décor or gifting.",framed_canvas_geo_simplified_200x300-mm-8x12-inch_natural-wood_252x352-mm-10x14-inch_wood-fsc-slim_hor_wood_w14xt42-mm_canvas_4-0,https://upload.wikimedia.org/wikipedia/commons/c/ca/1x1.png,Yes
Framed canvas — 200x300-mm-8x12-inch — ver,"Personalised framed canvas from Pixora. Upload your photo, preview on a live product mockup, and we print and ship premium quality to your door. Ideal for home décor or gifting.",framed_canvas_geo_simplified_200x300-mm-8x12-inch_natural-wood_252x352-mm-10x14-inch_wood-fsc-slim_ver_wood_w14xt42-mm_canvas_4-0,https://upload.wikimedia.org/wikipedia/commons/c/ca/1x1.png,Yes
Framed canvas — 300x300-mm-12x12-inch — hor,"Personalised framed canvas from Pixora. Upload your photo, preview on a live product mockup, and we print and ship premium quality to your door. Ideal for home décor or gifting.",framed_canvas_geo_simplified_300x300-mm-12x12-inch_black_352x352-mm-14x14-inch_wood-fsc-slim_hor_wood_w14xt42-mm_canvas_4-0,https://upload.wikimedia.org/wikipedia/commons/c/ca/1x1.png,Yes
Framed canvas — 300x300-mm-12x12-inch — ver,"Personalised framed canvas from Pixora. Upload your photo, preview on a live product mockup, and we print and ship premium quality to your door. Ideal for home décor or gifting.",framed_canvas_geo_simplified_300x300-mm-12x12-inch_black_352x352-mm-14x14-inch_wood-fsc-slim_ver_wood_w14xt42-mm_canvas_4-0,https://upload.wikimedia.org/wikipedia/commons/c/ca/1x1.png,Yes
Framed canvas — 300x300-mm-12x12-inch — hor,"Personalised framed canvas from Pixora. Upload your photo, preview on a live product mockup, and we print and ship premium quality to your door. Ideal for home décor or gifting.",framed_canvas_geo_simplified_300x300-mm-12x12-inch_dark-wood_352x352-mm-14x14-inch_wood-fsc-slim_hor_wood_w14xt42-mm_canvas_4-0,https://upload.wikimedia.org/wikipedia/commons/c/ca/1x1.png,Yes
Framed canvas — 300x300-mm-12x12-inch — ver,"Personalised framed canvas from Pixora. Upload your photo, preview on a live product mockup, and we print and ship premium quality to your door. Ideal for home décor or gifting.",framed_canvas_geo_simplified_300x300-mm-12x12-inch_dark-wood_352x352-mm-14x14-inch_wood-fsc-slim_ver_wood_w14xt42-mm_canvas_4-0,https://upload.wikimedia.org/wikipedia/commons/c/ca/1x1.png,Yes
Framed canvas — 300x300-mm-12x12-inch — hor,"Personalised framed canvas from Pixora. Upload your photo, preview on a live product mockup, and we print and ship premium quality to your door. Ideal for home décor or gifting.",framed_canvas_geo_simplified_300x300-mm-12x12-inch_natural-wood_352x352-mm-14x14-inch_wood-fsc-slim_hor_wood_w14xt42-mm_canvas_4-0,https://upload.wikimedia.org/wikipedia/commons/c/ca/1x1.png,Yes
Framed canvas — 300x300-mm-12x12-inch — ver,"Personalised framed canvas from Pixora. Upload your photo, preview on a live product mockup, and we print and ship premium quality to your door. Ideal for home décor or gifting.",framed_canvas_geo_simplified_300x300-mm-12x12-inch_natural-wood_352x352-mm-14x14-inch_wood-fsc-slim_ver_wood_w14xt42-mm_canvas_4-0,https://upload.wikimedia.org/wikipedia/commons/c/ca/1x1.png,Yes
Framed canvas — 300x400-mm-12x16-inch — hor,"Personalised framed canvas from Pixora. Upload your photo, preview on a live product mockup, and we print and ship premium quality to your door. Ideal for home décor or gifting.",framed_canvas_geo_simplified_300x400-mm-12x16-inch_black_352x452-mm-14x18-inch_wood-fsc-slim_hor_wood_w14xt42-mm_canvas_4-0,https://upload.wikimedia.org/wikipedia/commons/c/ca/1x1.png,Yes
Framed canvas — 300x400-mm-12x16-inch — ver,"Personalised framed canvas from Pixora. Upload your photo, preview on a live product mockup, and we print and ship premium quality to your door. Ideal for home décor or gifting.",framed_canvas_geo_simplified_300x400-mm-12x16-inch_black_352x452-mm-14x18-inch_wood-fsc-slim_ver_wood_w14xt42-mm_canvas_4-0,https://upload.wikimedia.org/wikipedia/commons/c/ca/1x1.png,Yes
Framed canvas — 300x400-mm-12x16-inch — hor,"Personalised framed canvas from Pixora. Upload your photo, preview on a live product mockup, and we print and ship premium quality to your door. Ideal for home décor or gifting.",framed_canvas_geo_simplified_300x400-mm-12x16-inch_dark-wood_352x452-mm-14x18-inch_wood-fsc-slim_hor_wood_w14xt42-mm_canvas_4-0,https://upload.wikimedia.org/wikipedia/commons/c/ca/1x1.png,Yes
Framed canvas — 300x400-mm-12x16-inch — ver,"Personalised framed canvas from Pixora. Upload your photo, preview on a live product mockup, and we print and ship premium quality to your door. Ideal for home décor or gifting.",framed_canvas_geo_simplified_300x400-mm-12x16-inch_dark-wood_352x452-mm-14x18-inch_wood-fsc-slim_ver_wood_w14xt42-mm_canvas_4-0,https://upload.wikimedia.org/wikipedia/commons/c/ca/1x1.png,Yes
Framed canvas — 300x400-mm-12x16-inch — hor,"Personalised framed canvas from Pixora. Upload your photo, preview on a live product mockup, and we print and ship premium quality to your door. Ideal for home décor or gifting.",framed_canvas_geo_simplified_300x400-mm-12x16-inch_natural-wood_352x452-mm-14x18-inch_wood-fsc-slim_hor_wood_w14xt42-mm_canvas_4-0,https://upload.wikimedia.org/wikipedia/commons/c/ca/1x1.png,Yes
Framed canvas — 300x400-mm-12x16-inch — ver,"Personalised framed canvas from Pixora. Upload your photo, preview on a live product mockup, and we print and ship premium quality to your door. Ideal for home décor or gifting.",framed_canvas_geo_simplified_300x400-mm-12x16-inch_natural-wood_352x452-mm-14x18-inch_wood-fsc-slim_ver_wood_w14xt42-mm_canvas_4-0,https://upload.wikimedia.org/wikipedia/commons/c/ca/1x1.png,Yes
Framed canvas — 300x450-mm-12x18-inch — hor,"Personalised framed canvas from Pixora. Upload your photo, preview on a live product mockup, and we print and ship premium quality to your door. Ideal for home décor or gifting.",framed_canvas_geo_simplified_300x450-mm-12x18-inch_black_352x502-mm-14x20-inch_wood-fsc-slim_hor_wood_w14xt42-mm_canvas_4-0,https://upload.wikimedia.org/wikipedia/commons/c/ca/1x1.png,Yes
Framed canvas — 300x450-mm-12x18-inch — ver,"Personalised framed canvas from Pixora. Upload your photo, preview on a live product mockup, and we print and ship premium quality to your door. Ideal for home décor or gifting.",framed_canvas_geo_simplified_300x450-mm-12x18-inch_black_352x502-mm-14x20-inch_wood-fsc-slim_ver_wood_w14xt42-mm_canvas_4-0,https://upload.wikimedia.org/wikipedia/commons/c/ca/1x1.png,Yes
Framed canvas — 300x450-mm-12x18-inch — hor,"Personalised framed canvas from Pixora. Upload your photo, preview on a live product mockup, and we print and ship premium quality to your door. Ideal for home décor or gifting.",framed_canvas_geo_simplified_300x450-mm-12x18-inch_dark-wood_352x502-mm-14x20-inch_wood-fsc-slim_hor_wood_w14xt42-mm_canvas_4-0,https://upload.wikimedia.org/wikipedia/commons/c/ca/1x1.png,Yes
Framed canvas — 300x450-mm-12x18-inch — ver,"Personalised framed canvas from Pixora. Upload your photo, preview on a live product mockup, and we print and ship premium quality to your door. Ideal for home décor or gifting.",framed_canvas_geo_simplified_300x450-mm-12x18-inch_dark-wood_352x502-mm-14x20-inch_wood-fsc-slim_ver_wood_w14xt42-mm_canvas_4-0,https://upload.wikimedia.org/wikipedia/commons/c/ca/1x1.png,Yes
Framed canvas — 300x450-mm-12x18-inch — hor,"Personalised framed canvas from Pixora. Upload your photo, preview on a live product mockup, and we print and ship premium quality to your door. Ideal for home décor or gifting.",framed_canvas_geo_simplified_300x450-mm-12x18-inch_natural-wood_352x502-mm-14x20-inch_wood-fsc-slim_hor_wood_w14xt42-mm_canvas_4-0,https://upload.wikimedia.org/wikipedia/commons/c/ca/1x1.png,Yes
Framed canvas — 300x450-mm-12x18-inch — ver,"Personalised framed canvas from Pixora. Upload your photo, preview on a live product mockup, and we print and ship premium quality to your door. Ideal for home décor or gifting.",framed_canvas_geo_simplified_300x450-mm-12x18-inch_natural-wood_352x502-mm-14x20-inch_wood-fsc-slim_ver_wood_w14xt42-mm_canvas_4-0,https://upload.wikimedia.org/wikipedia/commons/c/ca/1x1.png,Yes
Framed canvas — 400x500-mm-16x20-inch — hor,"Personalised framed canvas from Pixora. Upload your photo, preview on a live product mockup, and we print and ship premium quality to your door. Ideal for home décor or gifting.",framed_canvas_geo_simplified_400x500-mm-16x20-inch_black_452x552-mm-18x22-inch_wood-fsc-slim_hor_wood_w14xt42-mm_canvas_4-0,https://upload.wikimedia.org/wikipedia/commons/c/ca/1x1.png,Yes
Framed canvas — 400x500-mm-16x20-inch — ver,"Personalised framed canvas from Pixora. Upload your photo, preview on a live product mockup, and we print and ship premium quality to your door. Ideal for home décor or gifting.",framed_canvas_geo_simplified_400x500-mm-16x20-inch_black_452x552-mm-18x22-inch_wood-fsc-slim_ver_wood_w14xt42-mm_canvas_4-0,https://upload.wikimedia.org/wikipedia/commons/c/ca/1x1.png,Yes
Framed canvas — 400x500-mm-16x20-inch — hor,"Personalised framed canvas from Pixora. Upload your photo, preview on a live product mockup, and we print and ship premium quality to your door. Ideal for home décor or gifting.",framed_canvas_geo_simplified_400x500-mm-16x20-inch_dark-wood_452x552-mm-18x22-inch_wood-fsc-slim_hor_wood_w14xt42-mm_canvas_4-0,https://upload.wikimedia.org/wikipedia/commons/c/ca/1x1.png,Yes
Framed canvas — 400x500-mm-16x20-inch — ver,"Personalised framed canvas from Pixora. Upload your photo, preview on a live product mockup, and we print and ship premium quality to your door. Ideal for home décor or gifting.",framed_canvas_geo_simplified_400x500-mm-16x20-inch_dark-wood_452x552-mm-18x22-inch_wood-fsc-slim_ver_wood_w14xt42-mm_canvas_4-0,https://upload.wikimedia.org/wikipedia/commons/c/ca/1x1.png,Yes
Framed canvas — 400x500-mm-16x20-inch — hor,"Personalised framed canvas from Pixora. Upload your photo, preview on a live product mockup, and we print and ship premium quality to your door. Ideal for home décor or gifting.",framed_canvas_geo_simplified_400x500-mm-16x20-inch_natural-wood_452x552-mm-18x22-inch_wood-fsc-slim_hor_wood_w14xt42-mm_canvas_4-0,https://upload.wikimedia.org/wikipedia/commons/c/ca/1x1.png,Yes
Framed canvas — 400x500-mm-16x20-inch — ver,"Personalised framed canvas from Pixora. Upload your photo, preview on a live product mockup, and we print and ship premium quality to your door. Ideal for home décor or gifting.",framed_canvas_geo_simplified_400x500-mm-16x20-inch_natural-wood_452x552-mm-18x22-inch_wood-fsc-slim_ver_wood_w14xt42-mm_canvas_4-0,https://upload.wikimedia.org/wikipedia/commons/c/ca/1x1.png,Yes
Framed canvas — 400x600-mm-16x24-inch — hor,"Personalised framed canvas from Pixora. Upload your photo, preview on a live product mockup, and we print and ship premium quality to your door. Ideal for home décor or gifting.",framed_canvas_geo_simplified_400x600-mm-16x24-inch_black_452x652-mm-18x26-inch_wood-fsc-slim_hor_wood_w14xt42-mm_canvas_4-0,https://upload.wikimedia.org/wikipedia/commons/c/ca/1x1.png,Yes
Framed canvas — 400x600-mm-16x24-inch — ver,"Personalised framed canvas from Pixora. Upload your photo, preview on a live product mockup, and we print and ship premium quality to your door. Ideal for home décor or gifting.",framed_canvas_geo_simplified_400x600-mm-16x24-inch_black_452x652-mm-18x26-inch_wood-fsc-slim_ver_wood_w14xt42-mm_canvas_4-0,https://upload.wikimedia.org/wikipedia/commons/c/ca/1x1.png,Yes
Framed canvas — 400x600-mm-16x24-inch — hor,"Personalised framed canvas from Pixora. Upload your photo, preview on a live product mockup, and we print and ship premium quality to your door. Ideal for home décor or gifting.",framed_canvas_geo_simplified_400x600-mm-16x24-inch_dark-wood_452x652-mm-18x26-inch_wood-fsc-slim_hor_wood_w14xt42-mm_canvas_4-0,https://upload.wikimedia.org/wikipedia/commons/c/ca/1x1.png,Yes
Framed canvas — 400x600-mm-16x24-inch — ver,"Personalised framed canvas from Pixora. Upload your photo, preview on a live product mockup, and we print and ship premium quality to your door. Ideal for home décor or gifting.",framed_canvas_geo_simplified_400x600-mm-16x24-inch_dark-wood_452x652-mm-18x26-inch_wood-fsc-slim_ver_wood_w14xt42-mm_canvas_4-0,https://upload.wikimedia.org/wikipedia/commons/c/ca/1x1.png,Yes
Framed canvas — 400x600-mm-16x24-inch — hor,"Personalised framed canvas from Pixora. Upload your photo, preview on a live product mockup, and we print and ship premium quality to your door. Ideal for home décor or gifting.",framed_canvas_geo_simplified_400x600-mm-16x24-inch_natural-wood_452x652-mm-18x26-inch_wood-fsc-slim_hor_wood_w14xt42-mm_canvas_4-0,https://upload.wikimedia.org/wikipedia/commons/c/ca/1x1.png,Yes
Framed canvas — 400x600-mm-16x24-inch — ver,"Personalised framed canvas from Pixora. Upload your photo, preview on a live product mockup, and we print and ship premium quality to your door. Ideal for home décor or gifting.",framed_canvas_geo_simplified_400x600-mm-16x24-inch_natural-wood_452x652-mm-18x26-inch_wood-fsc-slim_ver_wood_w14xt42-mm_canvas_4-0,https://upload.wikimedia.org/wikipedia/commons/c/ca/1x1.png,Yes
Framed canvas — 450x600-mm-18x24-inch — hor,"Personalised framed canvas from Pixora. Upload your photo, preview on a live product mockup, and we print and ship premium quality to your door. Ideal for home décor or gifting.",framed_canvas_geo_simplified_450x600-mm-18x24-inch_black_502x652-mm-20x26-inch_wood-fsc-slim_hor_wood_w14xt42-mm_canvas_4-0,https://upload.wikimedia.org/wikipedia/commons/c/ca/1x1.png,Yes
Framed canvas — 450x600-mm-18x24-inch — ver,"Personalised framed canvas from Pixora. Upload your photo, preview on a live product mockup, and we print and ship premium quality to your door. Ideal for home décor or gifting.",framed_canvas_geo_simplified_450x600-mm-18x24-inch_black_502x652-mm-20x26-inch_wood-fsc-slim_ver_wood_w14xt42-mm_canvas_4-0,https://upload.wikimedia.org/wikipedia/commons/c/ca/1x1.png,Yes
Framed canvas — 450x600-mm-18x24-inch — hor,"Personalised framed canvas from Pixora. Upload your photo, preview on a live product mockup, and we print and ship premium quality to your door. Ideal for home décor or gifting.",framed_canvas_geo_simplified_450x600-mm-18x24-inch_dark-wood_502x652-mm-20x26-inch_wood-fsc-slim_hor_wood_w14xt42-mm_canvas_4-0,https://upload.wikimedia.org/wikipedia/commons/c/ca/1x1.png,Yes
Framed canvas — 450x600-mm-18x24-inch — ver,"Personalised framed canvas from Pixora. Upload your photo, preview on a live product mockup, and we print and ship premium quality to your door. Ideal for home décor or gifting.",framed_canvas_geo_simplified_450x600-mm-18x24-inch_dark-wood_502x652-mm-20x26-inch_wood-fsc-slim_ver_wood_w14xt42-mm_canvas_4-0,https://upload.wikimedia.org/wikipedia/commons/c/ca/1x1.png,Yes
Framed canvas — 450x600-mm-18x24-inch — hor,"Personalised framed canvas from Pixora. Upload your photo, preview on a live product mockup, and we print and ship premium quality to your door. Ideal for home décor or gifting.",framed_canvas_geo_simplified_450x600-mm-18x24-inch_natural-wood_502x652-mm-20x26-inch_wood-fsc-slim_hor_wood_w14xt42-mm_canvas_4-0,https://upload.wikimedia.org/wikipedia/commons/c/ca/1x1.png,Yes
Framed canvas — 450x600-mm-18x24-inch — ver,"Personalised framed canvas from Pixora. Upload your photo, preview on a live product mockup, and we print and ship premium quality to your door. Ideal for home décor or gifting.",framed_canvas_geo_simplified_450x600-mm-18x24-inch_natural-wood_502x652-mm-20x26-inch_wood-fsc-slim_ver_wood_w14xt42-mm_canvas_4-0,https://upload.wikimedia.org/wikipedia/commons/c/ca/1x1.png,Yes
Framed canvas — 500x700-mm-20x28-inch — hor,"Personalised framed canvas from Pixora. Upload your photo, preview on a live product mockup, and we print and ship premium quality to your door. Ideal for home décor or gifting.",framed_canvas_geo_simplified_500x700-mm-20x28-inch_black_552x752-mm-22x30-inch_wood-fsc-slim_hor_wood_w14xt42-mm_canvas_4-0,https://upload.wikimedia.org/wikipedia/commons/c/ca/1x1.png,Yes
Framed canvas — 500x700-mm-20x28-inch — ver,"Personalised framed canvas from Pixora. Upload your photo, preview on a live product mockup, and we print and ship premium quality to your door. Ideal for home décor or gifting.",framed_canvas_geo_simplified_500x700-mm-20x28-inch_black_552x752-mm-22x30-inch_wood-fsc-slim_ver_wood_w14xt42-mm_canvas_4-0,https://upload.wikimedia.org/wikipedia/commons/c/ca/1x1.png,Yes
Framed canvas — 500x700-mm-20x28-inch — hor,"Personalised framed canvas from Pixora. Upload your photo, preview on a live product mockup, and we print and ship premium quality to your door. Ideal for home décor or gifting.",framed_canvas_geo_simplified_500x700-mm-20x28-inch_dark-wood_552x752-mm-22x30-inch_wood-fsc-slim_hor_wood_w14xt42-mm_canvas_4-0,https://upload.wikimedia.org/wikipedia/commons/c/ca/1x1.png,Yes
Framed canvas — 500x700-mm-20x28-inch — ver,"Personalised framed canvas from Pixora. Upload your photo, preview on a live product mockup, and we print and ship premium quality to your door. Ideal for home décor or gifting.",framed_canvas_geo_simplified_500x700-mm-20x28-inch_dark-wood_552x752-mm-22x30-inch_wood-fsc-slim_ver_wood_w14xt42-mm_canvas_4-0,https://upload.wikimedia.org/wikipedia/commons/c/ca/1x1.png,Yes
Framed canvas — 500x700-mm-20x28-inch — hor,"Personalised framed canvas from Pixora. Upload your photo, preview on a live product mockup, and we print and ship premium quality to your door. Ideal for home décor or gifting.",framed_canvas_geo_simplified_500x700-mm-20x28-inch_natural-wood_552x752-mm-22x30-inch_wood-fsc-slim_hor_wood_w14xt42-mm_canvas_4-0,https://upload.wikimedia.org/wikipedia/commons/c/ca/1x1.png,Yes
Framed canvas — 500x700-mm-20x28-inch — ver,"Personalised framed canvas from Pixora. Upload your photo, preview on a live product mockup, and we print and ship premium quality to your door. Ideal for home décor or gifting.",framed_canvas_geo_simplified_500x700-mm-20x28-inch_natural-wood_552x752-mm-22x30-inch_wood-fsc-slim_ver_wood_w14xt42-mm_canvas_4-0,https://upload.wikimedia.org/wikipedia/commons/c/ca/1x1.png,Yes
Framed canvas — 500x750-mm-20x30-inch — hor,"Personalised framed canvas from Pixora. Upload your photo, preview on a live product mockup, and we print and ship premium quality to your door. Ideal for home décor or gifting.",framed_canvas_geo_simplified_500x750-mm-20x30-inch_black_552x802-mm-22x32-inch_wood-fsc-slim_hor_wood_w14xt42-mm_canvas_4-0,https://upload.wikimedia.org/wikipedia/commons/c/ca/1x1.png,Yes
Framed canvas — 500x750-mm-20x30-inch — ver,"Personalised framed canvas from Pixora. Upload your photo, preview on a live product mockup, and we print and ship premium quality to your door. Ideal for home décor or gifting.",framed_canvas_geo_simplified_500x750-mm-20x30-inch_black_552x802-mm-22x32-inch_wood-fsc-slim_ver_wood_w14xt42-mm_canvas_4-0,https://upload.wikimedia.org/wikipedia/commons/c/ca/1x1.png,Yes
Framed canvas — 500x750-mm-20x30-inch — hor,"Personalised framed canvas from Pixora. Upload your photo, preview on a live product mockup, and we print and ship premium quality to your door. Ideal for home décor or gifting.",framed_canvas_geo_simplified_500x750-mm-20x30-inch_dark-wood_552x802-mm-22x32-inch_wood-fsc-slim_hor_wood_w14xt42-mm_canvas_4-0,https://upload.wikimedia.org/wikipedia/commons/c/ca/1x1.png,Yes
Framed canvas — 500x750-mm-20x30-inch — ver,"Personalised framed canvas from Pixora. Upload your photo, preview on a live product mockup, and we print and ship premium quality to your door. Ideal for home décor or gifting.",framed_canvas_geo_simplified_500x750-mm-20x30-inch_dark-wood_552x802-mm-22x32-inch_wood-fsc-slim_ver_wood_w14xt42-mm_canvas_4-0,https://upload.wikimedia.org/wikipedia/commons/c/ca/1x1.png,Yes
Framed canvas — 500x750-mm-20x30-inch — hor,"Personalised framed canvas from Pixora. Upload your photo, preview on a live product mockup, and we print and ship premium quality to your door. Ideal for home décor or gifting.",framed_canvas_geo_simplified_500x750-mm-20x30-inch_natural-wood_552x802-mm-22x32-inch_wood-fsc-slim_hor_wood_w14xt42-mm_canvas_4-0,https://upload.wikimedia.org/wikipedia/commons/c/ca/1x1.png,Yes
Framed canvas — 500x750-mm-20x30-inch — ver,"Personalised framed canvas from Pixora. Upload your photo, preview on a live product mockup, and we print and ship premium quality to your door. Ideal for home décor or gifting.",framed_canvas_geo_simplified_500x750-mm-20x30-inch_natural-wood_552x802-mm-22x32-inch_wood-fsc-slim_ver_wood_w14xt42-mm_canvas_4-0,https://upload.wikimedia.org/wikipedia/commons/c/ca/1x1.png,Yes
Framed canvas — 600x600-mm-24x24-inch — hor,"Personalised framed canvas from Pixora. Upload your photo, preview on a live product mockup, and we print and ship premium quality to your door. Ideal for home décor or gifting.",framed_canvas_geo_simplified_600x600-mm-24x24-inch_black_652x652-mm-26x26-inch_wood-fsc-slim_hor_wood_w14xt42-mm_canvas_4-0,https://upload.wikimedia.org/wikipedia/commons/c/ca/1x1.png,Yes
Framed canvas — 600x600-mm-24x24-inch — ver,"Personalised framed canvas from Pixora. Upload your photo, preview on a live product mockup, and we print and ship premium quality to your door. Ideal for home décor or gifting.",framed_canvas_geo_simplified_600x600-mm-24x24-inch_black_652x652-mm-26x26-inch_wood-fsc-slim_ver_wood_w14xt42-mm_canvas_4-0,https://upload.wikimedia.org/wikipedia/commons/c/ca/1x1.png,Yes
Framed canvas — 600x600-mm-24x24-inch — hor,"Personalised framed canvas from Pixora. Upload your photo, preview on a live product mockup, and we print and ship premium quality to your door. Ideal for home décor or gifting.",framed_canvas_geo_simplified_600x600-mm-24x24-inch_dark-wood_652x652-mm-26x26-inch_wood-fsc-slim_hor_wood_w14xt42-mm_canvas_4-0,https://upload.wikimedia.org/wikipedia/commons/c/ca/1x1.png,Yes
Framed canvas — 600x600-mm-24x24-inch — ver,"Personalised framed canvas from Pixora. Upload your photo, preview on a live product mockup, and we print and ship premium quality to your door. Ideal for home décor or gifting.",framed_canvas_geo_simplified_600x600-mm-24x24-inch_dark-wood_652x652-mm-26x26-inch_wood-fsc-slim_ver_wood_w14xt42-mm_canvas_4-0,https://upload.wikimedia.org/wikipedia/commons/c/ca/1x1.png,Yes
Framed canvas — 600x600-mm-24x24-inch — hor,"Personalised framed canvas from Pixora. Upload your photo, preview on a live product mockup, and we print and ship premium quality to your door. Ideal for home décor or gifting.",framed_canvas_geo_simplified_600x600-mm-24x24-inch_natural-wood_652x652-mm-26x26-inch_wood-fsc-slim_hor_wood_w14xt42-mm_canvas_4-0,https://upload.wikimedia.org/wikipedia/commons/c/ca/1x1.png,Yes
Framed canvas — 600x600-mm-24x24-inch — ver,"Personalised framed canvas from Pixora. Upload your photo, preview on a live product mockup, and we print and ship premium quality to your door. Ideal for home décor or gifting.",framed_canvas_geo_simplified_600x600-mm-24x24-inch_natural-wood_652x652-mm-26x26-inch_wood-fsc-slim_ver_wood_w14xt42-mm_canvas_4-0,https://upload.wikimedia.org/wikipedia/commons/c/ca/1x1.png,Yes
Framed canvas — 600x800-mm-24x32-inch — hor,"Personalised framed canvas from Pixora. Upload your photo, preview on a live product mockup, and we print and ship premium quality to your door. Ideal for home décor or gifting.",framed_canvas_geo_simplified_600x800-mm-24x32-inch_black_652x852-mm-26x34-inch_wood-fsc-slim_hor_wood_w14xt42-mm_canvas_4-0,https://upload.wikimedia.org/wikipedia/commons/c/ca/1x1.png,Yes
Framed canvas — 600x800-mm-24x32-inch — ver,"Personalised framed canvas from Pixora. Upload your photo, preview on a live product mockup, and we print and ship premium quality to your door. Ideal for home décor or gifting.",framed_canvas_geo_simplified_600x800-mm-24x32-inch_black_652x852-mm-26x34-inch_wood-fsc-slim_ver_wood_w14xt42-mm_canvas_4-0,https://upload.wikimedia.org/wikipedia/commons/c/ca/1x1.png,Yes
Framed canvas — 600x800-mm-24x32-inch — hor,"Personalised framed canvas from Pixora. Upload your photo, preview on a live product mockup, and we print and ship premium quality to your door. Ideal for home décor or gifting.",framed_canvas_geo_simplified_600x800-mm-24x32-inch_dark-wood_652x852-mm-26x34-inch_wood-fsc-slim_hor_wood_w14xt42-mm_canvas_4-0,https://upload.wikimedia.org/wikipedia/commons/c/ca/1x1.png,Yes
Framed canvas — 600x800-mm-24x32-inch — ver,"Personalised framed canvas from Pixora. Upload your photo, preview on a live product mockup, and we print and ship premium quality to your door. Ideal for home décor or gifting.",framed_canvas_geo_simplified_600x800-mm-24x32-inch_dark-wood_652x852-mm-26x34-inch_wood-fsc-slim_ver_wood_w14xt42-mm_canvas_4-0,https://upload.wikimedia.org/wikipedia/commons/c/ca/1x1.png,Yes
Framed canvas — 600x800-mm-24x32-inch — hor,"Personalised framed canvas from Pixora. Upload your photo, preview on a live product mockup, and we print and ship premium quality to your door. Ideal for home décor or gifting.",framed_canvas_geo_simplified_600x800-mm-24x32-inch_natural-wood_652x852-mm-26x34-inch_wood-fsc-slim_hor_wood_w14xt42-mm_canvas_4-0,https://upload.wikimedia.org/wikipedia/commons/c/ca/1x1.png,Yes
Framed canvas — 600x800-mm-24x32-inch — ver,"Personalised framed canvas from Pixora. Upload your photo, preview on a live product mockup, and we print and ship premium quality to your door. Ideal for home décor or gifting.",framed_canvas_geo_simplified_600x800-mm-24x32-inch_natural-wood_652x852-mm-26x34-inch_wood-fsc-slim_ver_wood_w14xt42-mm_canvas_4-0,https://upload.wikimedia.org/wikipedia/commons/c/ca/1x1.png,Yes
Framed canvas — 600x900-mm-24x36-inch — hor,"Personalised framed canvas from Pixora. Upload your photo, preview on a live product mockup, and we print and ship premium quality to your door. Ideal for home décor or gifting.",framed_canvas_geo_simplified_600x900-mm-24x36-inch_black_652x952-mm-26x38-inch_wood-fsc-slim_hor_wood_w14xt42-mm_canvas_4-0,https://upload.wikimedia.org/wikipedia/commons/c/ca/1x1.png,Yes
Framed canvas — 600x900-mm-24x36-inch — ver,"Personalised framed canvas from Pixora. Upload your photo, preview on a live product mockup, and we print and ship premium quality to your door. Ideal for home décor or gifting.",framed_canvas_geo_simplified_600x900-mm-24x36-inch_black_652x952-mm-26x38-inch_wood-fsc-slim_ver_wood_w14xt42-mm_canvas_4-0,https://upload.wikimedia.org/wikipedia/commons/c/ca/1x1.png,Yes
Framed canvas — 600x900-mm-24x36-inch — hor,"Personalised framed canvas from Pixora. Upload your photo, preview on a live product mockup, and we print and ship premium quality to your door. Ideal for home décor or gifting.",framed_canvas_geo_simplified_600x900-mm-24x36-inch_dark-wood_652x952-mm-26x38-inch_wood-fsc-slim_hor_wood_w14xt42-mm_canvas_4-0,https://upload.wikimedia.org/wikipedia/commons/c/ca/1x1.png,Yes
Framed canvas — 600x900-mm-24x36-inch — ver,"Personalised framed canvas from Pixora. Upload your photo, preview on a live product mockup, and we print and ship premium quality to your door. Ideal for home décor or gifting.",framed_canvas_geo_simplified_600x900-mm-24x36-inch_dark-wood_652x952-mm-26x38-inch_wood-fsc-slim_ver_wood_w14xt42-mm_canvas_4-0,https://upload.wikimedia.org/wikipedia/commons/c/ca/1x1.png,Yes
Framed canvas — 600x900-mm-24x36-inch — hor,"Personalised framed canvas from Pixora. Upload your photo, preview on a live product mockup, and we print and ship premium quality to your door. Ideal for home décor or gifting.",framed_canvas_geo_simplified_600x900-mm-24x36-inch_natural-wood_652x952-mm-26x38-inch_wood-fsc-slim_hor_wood_w14xt42-mm_canvas_4-0,https://upload.wikimedia.org/wikipedia/commons/c/ca/1x1.png,Yes
Framed canvas — 600x900-mm-24x36-inch — ver,"Personalised framed canvas from Pixora. Upload your photo, preview on a live product mockup, and we print and ship premium quality to your door. Ideal for home décor or gifting.",framed_canvas_geo_simplified_600x900-mm-24x36-inch_natural-wood_652x952-mm-26x38-inch_wood-fsc-slim_ver_wood_w14xt42-mm_canvas_4-0,https://upload.wikimedia.org/wikipedia/commons/c/ca/1x1.png,Yes
Framed canvas — hor,"Personalised framed canvas from Pixora. Upload your photo, preview on a live product mockup, and we print and ship premium quality to your door. Ideal for home décor or gifting.",framed_canvas_wood_w14xt32-mm_11x14-inch_hor_black_13x16-inch_wood-fsc-2-cm_canvas_4-0_canvas-mounting,https://upload.wikimedia.org/wikipedia/commons/c/ca/1x1.png,Yes
Framed canvas — hor,"Personalised framed canvas from Pixora. Upload your photo, preview on a live product mockup, and we print and ship premium quality to your door. Ideal for home décor or gifting.",framed_canvas_wood_w14xt32-mm_11x14-inch_hor_dark-wood_13x16-inch_wood-fsc-2-cm_canvas_4-0_canvas-mounting,https://upload.wikimedia.org/wikipedia/commons/c/ca/1x1.png,Yes
Framed canvas — hor,"Personalised framed canvas from Pixora. Upload your photo, preview on a live product mockup, and we print and ship premium quality to your door. Ideal for home décor or gifting.",framed_canvas_wood_w14xt32-mm_11x14-inch_hor_natural-wood_13x16-inch_wood-fsc-2-cm_canvas_4-0_canvas-mounting,https://upload.wikimedia.org/wikipedia/commons/c/ca/1x1.png,Yes
Framed canvas — ver,"Personalised framed canvas from Pixora. Upload your photo, preview on a live product mockup, and we print and ship premium quality to your door. Ideal for home décor or gifting.",framed_canvas_wood_w14xt32-mm_11x14-inch_ver_black_13x16-inch_wood-fsc-2-cm_canvas_4-0_canvas-mounting,https://upload.wikimedia.org/wikipedia/commons/c/ca/1x1.png,Yes
Framed canvas — ver,"Personalised framed canvas from Pixora. Upload your photo, preview on a live product mockup, and we print and ship premium quality to your door. Ideal for home décor or gifting.",framed_canvas_wood_w14xt32-mm_11x14-inch_ver_dark-wood_13x16-inch_wood-fsc-2-cm_canvas_4-0_canvas-mounting,https://upload.wikimedia.org/wikipedia/commons/c/ca/1x1.png,Yes
Framed canvas — ver,"Personalised framed canvas from Pixora. Upload your photo, preview on a live product mockup, and we print and ship premium quality to your door. Ideal for home décor or gifting.",framed_canvas_wood_w14xt32-mm_11x14-inch_ver_natural-wood_13x16-inch_wood-fsc-2-cm_canvas_4-0_canvas-mounting,https://upload.wikimedia.org/wikipedia/commons/c/ca/1x1.png,Yes
Framed canvas — hor,"Personalised framed canvas from Pixora. Upload your photo, preview on a live product mockup, and we print and ship premium quality to your door. Ideal for home décor or gifting.",framed_canvas_wood_w14xt32-mm_12x12-inch_hor_black_14x14-inch_wood-fsc-2-cm_canvas_4-0_canvas-mounting,https://upload.wikimedia.org/wikipedia/commons/c/ca/1x1.png,Yes
Framed canvas — hor,"Personalised framed canvas from Pixora. Upload your photo, preview on a live product mockup, and we print and ship premium quality to your door. Ideal for home décor or gifting.",framed_canvas_wood_w14xt32-mm_12x12-inch_hor_dark-wood_14x14-inch_wood-fsc-2-cm_canvas_4-0_canvas-mounting,https://upload.wikimedia.org/wikipedia/commons/c/ca/1x1.png,Yes
Framed canvas — hor,"Personalised framed canvas from Pixora. Upload your photo, preview on a live product mockup, and we print and ship premium quality to your door. Ideal for home décor or gifting.",framed_canvas_wood_w14xt32-mm_12x12-inch_hor_natural-wood_14x14-inch_wood-fsc-2-cm_canvas_4-0_canvas-mounting,https://upload.wikimedia.org/wikipedia/commons/c/ca/1x1.png,Yes
Framed canvas — ver,"Personalised framed canvas from Pixora. Upload your photo, preview on a live product mockup, and we print and ship premium quality to your door. Ideal for home décor or gifting.",framed_canvas_wood_w14xt32-mm_12x12-inch_ver_black_14x14-inch_wood-fsc-2-cm_canvas_4-0_canvas-mounting,https://upload.wikimedia.org/wikipedia/commons/c/ca/1x1.png,Yes
Framed canvas — ver,"Personalised framed canvas from Pixora. Upload your photo, preview on a live product mockup, and we print and ship premium quality to your door. Ideal for home décor or gifting.",framed_canvas_wood_w14xt32-mm_12x12-inch_ver_dark-wood_14x14-inch_wood-fsc-2-cm_canvas_4-0_canvas-mounting,https://upload.wikimedia.org/wikipedia/commons/c/ca/1x1.png,Yes
Framed canvas — ver,"Personalised framed canvas from Pixora. Upload your photo, preview on a live product mockup, and we print and ship premium quality to your door. Ideal for home décor or gifting.",framed_canvas_wood_w14xt32-mm_12x12-inch_ver_natural-wood_14x14-inch_wood-fsc-2-cm_canvas_4-0_canvas-mounting,https://upload.wikimedia.org/wikipedia/commons/c/ca/1x1.png,Yes
Framed canvas — hor,"Personalised framed canvas from Pixora. Upload your photo, preview on a live product mockup, and we print and ship premium quality to your door. Ideal for home décor or gifting.",framed_canvas_wood_w14xt32-mm_12x16-inch_hor_black_14x18-inch_wood-fsc-2-cm_canvas_4-0_canvas-mounting,https://upload.wikimedia.org/wikipedia/commons/c/ca/1x1.png,Yes
Framed canvas — hor,"Personalised framed canvas from Pixora. Upload your photo, preview on a live product mockup, and we print and ship premium quality to your door. Ideal for home décor or gifting.",framed_canvas_wood_w14xt32-mm_12x16-inch_hor_dark-wood_14x18-inch_wood-fsc-2-cm_canvas_4-0_canvas-mounting,https://upload.wikimedia.org/wikipedia/commons/c/ca/1x1.png,Yes
Framed canvas — hor,"Personalised framed canvas from Pixora. Upload your photo, preview on a live product mockup, and we print and ship premium quality to your door. Ideal for home décor or gifting.",framed_canvas_wood_w14xt32-mm_12x16-inch_hor_natural-wood_14x18-inch_wood-fsc-2-cm_canvas_4-0_canvas-mounting,https://upload.wikimedia.org/wikipedia/commons/c/ca/1x1.png,Yes
Framed canvas — ver,"Personalised framed canvas from Pixora. Upload your photo, preview on a live product mockup, and we print and ship premium quality to your door. Ideal for home décor or gifting.",framed_canvas_wood_w14xt32-mm_12x16-inch_ver_black_14x18-inch_wood-fsc-2-cm_canvas_4-0_canvas-mounting,https://upload.wikimedia.org/wikipedia/commons/c/ca/1x1.png,Yes
Framed canvas — ver,"Personalised framed canvas from Pixora. Upload your photo, preview on a live product mockup, and we print and ship premium quality to your door. Ideal for home décor or gifting.",framed_canvas_wood_w14xt32-mm_12x16-inch_ver_dark-wood_14x18-inch_wood-fsc-2-cm_canvas_4-0_canvas-mounting,https://upload.wikimedia.org/wikipedia/commons/c/ca/1x1.png,Yes
Framed canvas — ver,"Personalised framed canvas from Pixora. Upload your photo, preview on a live product mockup, and we print and ship premium quality to your door. Ideal for home décor or gifting.",framed_canvas_wood_w14xt32-mm_12x16-inch_ver_natural-wood_14x18-inch_wood-fsc-2-cm_canvas_4-0_canvas-mounting,https://upload.wikimedia.org/wikipedia/commons/c/ca/1x1.png,Yes
Framed canvas — hor,"Personalised framed canvas from Pixora. Upload your photo, preview on a live product mockup, and we print and ship premium quality to your door. Ideal for home décor or gifting.",framed_canvas_wood_w14xt32-mm_12x18-inch_hor_black_14x20-inch_wood-fsc-2-cm_canvas_4-0_canvas-mounting,https://upload.wikimedia.org/wikipedia/commons/c/ca/1x1.png,Yes
Framed canvas — hor,"Personalised framed canvas from Pixora. Upload your photo, preview on a live product mockup, and we print and ship premium quality to your door. Ideal for home décor or gifting.",framed_canvas_wood_w14xt32-mm_12x18-inch_hor_dark-wood_14x20-inch_wood-fsc-2-cm_canvas_4-0_canvas-mounting,https://upload.wikimedia.org/wikipedia/commons/c/ca/1x1.png,Yes
Framed canvas — hor,"Personalised framed canvas from Pixora. Upload your photo, preview on a live product mockup, and we print and ship premium quality to your door. Ideal for home décor or gifting.",framed_canvas_wood_w14xt32-mm_12x18-inch_hor_natural-wood_14x20-inch_wood-fsc-2-cm_canvas_4-0_canvas-mounting,https://upload.wikimedia.org/wikipedia/commons/c/ca/1x1.png,Yes
Framed canvas — ver,"Personalised framed canvas from Pixora. Upload your photo, preview on a live product mockup, and we print and ship premium quality to your door. Ideal for home décor or gifting.",framed_canvas_wood_w14xt32-mm_12x18-inch_ver_black_14x20-inch_wood-fsc-2-cm_canvas_4-0_canvas-mounting,https://upload.wikimedia.org/wikipedia/commons/c/ca/1x1.png,Yes
Framed canvas — ver,"Personalised framed canvas from Pixora. Upload your photo, preview on a live product mockup, and we print and ship premium quality to your door. Ideal for home décor or gifting.",framed_canvas_wood_w14xt32-mm_12x18-inch_ver_dark-wood_14x20-inch_wood-fsc-2-cm_canvas_4-0_canvas-mounting,https://upload.wikimedia.org/wikipedia/commons/c/ca/1x1.png,Yes
Framed canvas — ver,"Personalised framed canvas from Pixora. Upload your photo, preview on a live product mockup, and we print and ship premium quality to your door. Ideal for home décor or gifting.",framed_canvas_wood_w14xt32-mm_12x18-inch_ver_natural-wood_14x20-inch_wood-fsc-2-cm_canvas_4-0_canvas-mounting,https://upload.wikimedia.org/wikipedia/commons/c/ca/1x1.png,Yes
Framed canvas — hor,"Personalised framed canvas from Pixora. Upload your photo, preview on a live product mockup, and we print and ship premium quality to your door. Ideal for home décor or gifting.",framed_canvas_wood_w14xt32-mm_12x24-inch_hor_black_14x26-inch_wood-fsc-2-cm_canvas_4-0_canvas-mounting,https://upload.wikimedia.org/wikipedia/commons/c/ca/1x1.png,Yes
Framed canvas — hor,"Personalised framed canvas from Pixora. Upload your photo, preview on a live product mockup, and we print and ship premium quality to your door. Ideal for home décor or gifting.",framed_canvas_wood_w14xt32-mm_12x24-inch_hor_dark-wood_14x26-inch_wood-fsc-2-cm_canvas_4-0_canvas-mounting,https://upload.wikimedia.org/wikipedia/commons/c/ca/1x1.png,Yes
Framed canvas — hor,"Personalised framed canvas from Pixora. Upload your photo, preview on a live product mockup, and we print and ship premium quality to your door. Ideal for home décor or gifting.",framed_canvas_wood_w14xt32-mm_12x24-inch_hor_natural-wood_14x26-inch_wood-fsc-2-cm_canvas_4-0_canvas-mounting,https://upload.wikimedia.org/wikipedia/commons/c/ca/1x1.png,Yes
Framed canvas — ver,"Personalised framed canvas from Pixora. Upload your photo, preview on a live product mockup, and we print and ship premium quality to your door. Ideal for home décor or gifting.",framed_canvas_wood_w14xt32-mm_12x24-inch_ver_black_14x26-inch_wood-fsc-2-cm_canvas_4-0_canvas-mounting,https://upload.wikimedia.org/wikipedia/commons/c/ca/1x1.png,Yes
Framed canvas — ver,"Personalised framed canvas from Pixora. Upload your photo, preview on a live product mockup, and we print and ship premium quality to your door. Ideal for home décor or gifting.",framed_canvas_wood_w14xt32-mm_12x24-inch_ver_dark-wood_14x26-inch_wood-fsc-2-cm_canvas_4-0_canvas-mounting,https://upload.wikimedia.org/wikipedia/commons/c/ca/1x1.png,Yes
Framed canvas — ver,"Personalised framed canvas from Pixora. Upload your photo, preview on a live product mockup, and we print and ship premium quality to your door. Ideal for home décor or gifting.",framed_canvas_wood_w14xt32-mm_12x24-inch_ver_natural-wood_14x26-inch_wood-fsc-2-cm_canvas_4-0_canvas-mounting,https://upload.wikimedia.org/wikipedia/commons/c/ca/1x1.png,Yes
Framed canvas — hor,"Personalised framed canvas from Pixora. Upload your photo, preview on a live product mockup, and we print and ship premium quality to your door. Ideal for home décor or gifting.",framed_canvas_wood_w14xt32-mm_12x36-inch_hor_black_14x38-inch_wood-fsc-2-cm_canvas_4-0_canvas-mounting,https://upload.wikimedia.org/wikipedia/commons/c/ca/1x1.png,Yes
Framed canvas — hor,"Personalised framed canvas from Pixora. Upload your photo, preview on a live product mockup, and we print and ship premium quality to your door. Ideal for home décor or gifting.",framed_canvas_wood_w14xt32-mm_12x36-inch_hor_dark-wood_14x38-inch_wood-fsc-2-cm_canvas_4-0_canvas-mounting,https://upload.wikimedia.org/wikipedia/commons/c/ca/1x1.png,Yes
Framed canvas — hor,"Personalised framed canvas from Pixora. Upload your photo, preview on a live product mockup, and we print and ship premium quality to your door. Ideal for home décor or gifting.",framed_canvas_wood_w14xt32-mm_12x36-inch_hor_natural-wood_14x38-inch_wood-fsc-2-cm_canvas_4-0_canvas-mounting,https://upload.wikimedia.org/wikipedia/commons/c/ca/1x1.png,Yes
Framed canvas — ver,"Personalised framed canvas from Pixora. Upload your photo, preview on a live product mockup, and we print and ship premium quality to your door. Ideal for home décor or gifting.",framed_canvas_wood_w14xt32-mm_12x36-inch_ver_black_14x38-inch_wood-fsc-2-cm_canvas_4-0_canvas-mounting,https://upload.wikimedia.org/wikipedia/commons/c/ca/1x1.png,Yes
Framed canvas — ver,"Personalised framed canvas from Pixora. Upload your photo, preview on a live product mockup, and we print and ship premium quality to your door. Ideal for home décor or gifting.",framed_canvas_wood_w14xt32-mm_12x36-inch_ver_dark-wood_14x38-inch_wood-fsc-2-cm_canvas_4-0_canvas-mounting,https://upload.wikimedia.org/wikipedia/commons/c/ca/1x1.png,Yes
Framed canvas — ver,"Personalised framed canvas from Pixora. Upload your photo, preview on a live product mockup, and we print and ship premium quality to your door. Ideal for home décor or gifting.",framed_canvas_wood_w14xt32-mm_12x36-inch_ver_natural-wood_14x38-inch_wood-fsc-2-cm_canvas_4-0_canvas-mounting,https://upload.wikimedia.org/wikipedia/commons/c/ca/1x1.png,Yes
Framed canvas — hor,"Personalised framed canvas from Pixora. Upload your photo, preview on a live product mockup, and we print and ship premium quality to your door. Ideal for home décor or gifting.",framed_canvas_wood_w14xt32-mm_12x40-inch_hor_black_14x42-inch_wood-fsc-2-cm_canvas_4-0_canvas-mounting,https://upload.wikimedia.org/wikipedia/commons/c/ca/1x1.png,Yes
Framed canvas — hor,"Personalised framed canvas from Pixora. Upload your photo, preview on a live product mockup, and we print and ship premium quality to your door. Ideal for home décor or gifting.",framed_canvas_wood_w14xt32-mm_12x40-inch_hor_dark-wood_14x42-inch_wood-fsc-2-cm_canvas_4-0_canvas-mounting,https://upload.wikimedia.org/wikipedia/commons/c/ca/1x1.png,Yes
Framed canvas — hor,"Personalised framed canvas from Pixora. Upload your photo, preview on a live product mockup, and we print and ship premium quality to your door. Ideal for home décor or gifting.",framed_canvas_wood_w14xt32-mm_12x40-inch_hor_natural-wood_14x42-inch_wood-fsc-2-cm_canvas_4-0_canvas-mounting,https://upload.wikimedia.org/wikipedia/commons/c/ca/1x1.png,Yes
Framed canvas — ver,"Personalised framed canvas from Pixora. Upload your photo, preview on a live product mockup, and we print and ship premium quality to your door. Ideal for home décor or gifting.",framed_canvas_wood_w14xt32-mm_12x40-inch_ver_black_14x42-inch_wood-fsc-2-cm_canvas_4-0_canvas-mounting,https://upload.wikimedia.org/wikipedia/commons/c/ca/1x1.png,Yes
Framed canvas — ver,"Personalised framed canvas from Pixora. Upload your photo, preview on a live product mockup, and we print and ship premium quality to your door. Ideal for home décor or gifting.",framed_canvas_wood_w14xt32-mm_12x40-inch_ver_dark-wood_14x42-inch_wood-fsc-2-cm_canvas_4-0_canvas-mounting,https://upload.wikimedia.org/wikipedia/commons/c/ca/1x1.png,Yes
Framed canvas — ver,"Personalised framed canvas from Pixora. Upload your photo, preview on a live product mockup, and we print and ship premium quality to your door. Ideal for home décor or gifting.",framed_canvas_wood_w14xt32-mm_12x40-inch_ver_natural-wood_14x42-inch_wood-fsc-2-cm_canvas_4-0_canvas-mounting,https://upload.wikimedia.org/wikipedia/commons/c/ca/1x1.png,Yes
Framed canvas — hor,"Personalised framed canvas from Pixora. Upload your photo, preview on a live product mockup, and we print and ship premium quality to your door. Ideal for home décor or gifting.",framed_canvas_wood_w14xt32-mm_16x16-inch_hor_black_18x18-inch_wood-fsc-2-cm_canvas_4-0_canvas-mounting,https://upload.wikimedia.org/wikipedia/commons/c/ca/1x1.png,Yes
Framed canvas — hor,"Personalised framed canvas from Pixora. Upload your photo, preview on a live product mockup, and we print and ship premium quality to your door. Ideal for home décor or gifting.",framed_canvas_wood_w14xt32-mm_16x16-inch_hor_dark-wood_18x18-inch_wood-fsc-2-cm_canvas_4-0_canvas-mounting,https://upload.wikimedia.org/wikipedia/commons/c/ca/1x1.png,Yes
Framed canvas — hor,"Personalised framed canvas from Pixora. Upload your photo, preview on a live product mockup, and we print and ship premium quality to your door. Ideal for home décor or gifting.",framed_canvas_wood_w14xt32-mm_16x16-inch_hor_natural-wood_18x18-inch_wood-fsc-2-cm_canvas_4-0_canvas-mounting,https://upload.wikimedia.org/wikipedia/commons/c/ca/1x1.png,Yes
Framed canvas — ver,"Personalised framed canvas from Pixora. Upload your photo, preview on a live product mockup, and we print and ship premium quality to your door. Ideal for home décor or gifting.",framed_canvas_wood_w14xt32-mm_16x16-inch_ver_black_18x18-inch_wood-fsc-2-cm_canvas_4-0_canvas-mounting,https://upload.wikimedia.org/wikipedia/commons/c/ca/1x1.png,Yes
Framed canvas — ver,"Personalised framed canvas from Pixora. Upload your photo, preview on a live product mockup, and we print and ship premium quality to your door. Ideal for home décor or gifting.",framed_canvas_wood_w14xt32-mm_16x16-inch_ver_dark-wood_18x18-inch_wood-fsc-2-cm_canvas_4-0_canvas-mounting,https://upload.wikimedia.org/wikipedia/commons/c/ca/1x1.png,Yes
Framed canvas — ver,"Personalised framed canvas from Pixora. Upload your photo, preview on a live product mockup, and we print and ship premium quality to your door. Ideal for home décor or gifting.",framed_canvas_wood_w14xt32-mm_16x16-inch_ver_natural-wood_18x18-inch_wood-fsc-2-cm_canvas_4-0_canvas-mounting,https://upload.wikimedia.org/wikipedia/commons/c/ca/1x1.png,Yes
Framed canvas — hor,"Personalised framed canvas from Pixora. Upload your photo, preview on a live product mockup, and we print and ship premium quality to your door. Ideal for home décor or gifting.",framed_canvas_wood_w14xt32-mm_16x20-inch_hor_black_18x22-inch_wood-fsc-2-cm_canvas_4-0_canvas-mounting,https://upload.wikimedia.org/wikipedia/commons/c/ca/1x1.png,Yes
Framed canvas — hor,"Personalised framed canvas from Pixora. Upload your photo, preview on a live product mockup, and we print and ship premium quality to your door. Ideal for home décor or gifting.",framed_canvas_wood_w14xt32-mm_16x20-inch_hor_dark-wood_18x22-inch_wood-fsc-2-cm_canvas_4-0_canvas-mounting,https://upload.wikimedia.org/wikipedia/commons/c/ca/1x1.png,Yes
Framed canvas — hor,"Personalised framed canvas from Pixora. Upload your photo, preview on a live product mockup, and we print and ship premium quality to your door. Ideal for home décor or gifting.",framed_canvas_wood_w14xt32-mm_16x20-inch_hor_natural-wood_18x22-inch_wood-fsc-2-cm_canvas_4-0_canvas-mounting,https://upload.wikimedia.org/wikipedia/commons/c/ca/1x1.png,Yes
Framed canvas — ver,"Personalised framed canvas from Pixora. Upload your photo, preview on a live product mockup, and we print and ship premium quality to your door. Ideal for home décor or gifting.",framed_canvas_wood_w14xt32-mm_16x20-inch_ver_black_18x22-inch_wood-fsc-2-cm_canvas_4-0_canvas-mounting,https://upload.wikimedia.org/wikipedia/commons/c/ca/1x1.png,Yes
Framed canvas — ver,"Personalised framed canvas from Pixora. Upload your photo, preview on a live product mockup, and we print and ship premium quality to your door. Ideal for home décor or gifting.",framed_canvas_wood_w14xt32-mm_16x20-inch_ver_dark-wood_18x22-inch_wood-fsc-2-cm_canvas_4-0_canvas-mounting,https://upload.wikimedia.org/wikipedia/commons/c/ca/1x1.png,Yes
Framed canvas — ver,"Personalised framed canvas from Pixora. Upload your photo, preview on a live product mockup, and we print and ship premium quality to your door. Ideal for home décor or gifting.",framed_canvas_wood_w14xt32-mm_16x20-inch_ver_natural-wood_18x22-inch_wood-fsc-2-cm_canvas_4-0_canvas-mounting,https://upload.wikimedia.org/wikipedia/commons/c/ca/1x1.png,Yes
Framed canvas — hor,"Personalised framed canvas from Pixora. Upload your photo, preview on a live product mockup, and we print and ship premium quality to your door. Ideal for home décor or gifting.",framed_canvas_wood_w14xt32-mm_16x24-inch_hor_black_18x26-inch_wood-fsc-2-cm_canvas_4-0_canvas-mounting,https://upload.wikimedia.org/wikipedia/commons/c/ca/1x1.png,Yes
Framed canvas — hor,"Personalised framed canvas from Pixora. Upload your photo, preview on a live product mockup, and we print and ship premium quality to your door. Ideal for home décor or gifting.",framed_canvas_wood_w14xt32-mm_16x24-inch_hor_dark-wood_18x26-inch_wood-fsc-2-cm_canvas_4-0_canvas-mounting,https://upload.wikimedia.org/wikipedia/commons/c/ca/1x1.png,Yes
Framed canvas — hor,"Personalised framed canvas from Pixora. Upload your photo, preview on a live product mockup, and we print and ship premium quality to your door. Ideal for home décor or gifting.",framed_canvas_wood_w14xt32-mm_16x24-inch_hor_natural-wood_18x26-inch_wood-fsc-2-cm_canvas_4-0_canvas-mounting,https://upload.wikimedia.org/wikipedia/commons/c/ca/1x1.png,Yes
Framed canvas — ver,"Personalised framed canvas from Pixora. Upload your photo, preview on a live product mockup, and we print and ship premium quality to your door. Ideal for home décor or gifting.",framed_canvas_wood_w14xt32-mm_16x24-inch_ver_black_18x26-inch_wood-fsc-2-cm_canvas_4-0_canvas-mounting,https://upload.wikimedia.org/wikipedia/commons/c/ca/1x1.png,Yes
Framed canvas — ver,"Personalised framed canvas from Pixora. Upload your photo, preview on a live product mockup, and we print and ship premium quality to your door. Ideal for home décor or gifting.",framed_canvas_wood_w14xt32-mm_16x24-inch_ver_dark-wood_18x26-inch_wood-fsc-2-cm_canvas_4-0_canvas-mounting,https://upload.wikimedia.org/wikipedia/commons/c/ca/1x1.png,Yes
Framed canvas — ver,"Personalised framed canvas from Pixora. Upload your photo, preview on a live product mockup, and we print and ship premium quality to your door. Ideal for home décor or gifting.",framed_canvas_wood_w14xt32-mm_16x24-inch_ver_natural-wood_18x26-inch_wood-fsc-2-cm_canvas_4-0_canvas-mounting,https://upload.wikimedia.org/wikipedia/commons/c/ca/1x1.png,Yes
Framed canvas — hor,"Personalised framed canvas from Pixora. Upload your photo, preview on a live product mockup, and we print and ship premium quality to your door. Ideal for home décor or gifting.",framed_canvas_wood_w14xt32-mm_16x32-inch_hor_black_18x34-inch_wood-fsc-2-cm_canvas_4-0_canvas-mounting,https://upload.wikimedia.org/wikipedia/commons/c/ca/1x1.png,Yes
Framed canvas — hor,"Personalised framed canvas from Pixora. Upload your photo, preview on a live product mockup, and we print and ship premium quality to your door. Ideal for home décor or gifting.",framed_canvas_wood_w14xt32-mm_16x32-inch_hor_dark-wood_18x34-inch_wood-fsc-2-cm_canvas_4-0_canvas-mounting,https://upload.wikimedia.org/wikipedia/commons/c/ca/1x1.png,Yes
Framed canvas — hor,"Personalised framed canvas from Pixora. Upload your photo, preview on a live product mockup, and we print and ship premium quality to your door. Ideal for home décor or gifting.",framed_canvas_wood_w14xt32-mm_16x32-inch_hor_natural-wood_18x34-inch_wood-fsc-2-cm_canvas_4-0_canvas-mounting,https://upload.wikimedia.org/wikipedia/commons/c/ca/1x1.png,Yes
Framed canvas — ver,"Personalised framed canvas from Pixora. Upload your photo, preview on a live product mockup, and we print and ship premium quality to your door. Ideal for home décor or gifting.",framed_canvas_wood_w14xt32-mm_16x32-inch_ver_black_18x34-inch_wood-fsc-2-cm_canvas_4-0_canvas-mounting,https://upload.wikimedia.org/wikipedia/commons/c/ca/1x1.png,Yes
Framed canvas — ver,"Personalised framed canvas from Pixora. Upload your photo, preview on a live product mockup, and we print and ship premium quality to your door. Ideal for home décor or gifting.",framed_canvas_wood_w14xt32-mm_16x32-inch_ver_dark-wood_18x34-inch_wood-fsc-2-cm_canvas_4-0_canvas-mounting,https://upload.wikimedia.org/wikipedia/commons/c/ca/1x1.png,Yes
Framed canvas — ver,"Personalised framed canvas from Pixora. Upload your photo, preview on a live product mockup, and we print and ship premium quality to your door. Ideal for home décor or gifting.",framed_canvas_wood_w14xt32-mm_16x32-inch_ver_natural-wood_18x34-inch_wood-fsc-2-cm_canvas_4-0_canvas-mounting,https://upload.wikimedia.org/wikipedia/commons/c/ca/1x1.png,Yes
Framed canvas — hor,"Personalised framed canvas from Pixora. Upload your photo, preview on a live product mockup, and we print and ship premium quality to your door. Ideal for home décor or gifting.",framed_canvas_wood_w14xt32-mm_18x24-inch_hor_black_20x26-inch_wood-fsc-2-cm_canvas_4-0_canvas-mounting,https://upload.wikimedia.org/wikipedia/commons/c/ca/1x1.png,Yes
Framed canvas — hor,"Personalised framed canvas from Pixora. Upload your photo, preview on a live product mockup, and we print and ship premium quality to your door. Ideal for home décor or gifting.",framed_canvas_wood_w14xt32-mm_18x24-inch_hor_dark-wood_20x26-inch_wood-fsc-2-cm_canvas_4-0_canvas-mounting,https://upload.wikimedia.org/wikipedia/commons/c/ca/1x1.png,Yes
Framed canvas — hor,"Personalised framed canvas from Pixora. Upload your photo, preview on a live product mockup, and we print and ship premium quality to your door. Ideal for home décor or gifting.",framed_canvas_wood_w14xt32-mm_18x24-inch_hor_natural-wood_20x26-inch_wood-fsc-2-cm_canvas_4-0_canvas-mounting,https://upload.wikimedia.org/wikipedia/commons/c/ca/1x1.png,Yes
Framed canvas — ver,"Personalised framed canvas from Pixora. Upload your photo, preview on a live product mockup, and we print and ship premium quality to your door. Ideal for home décor or gifting.",framed_canvas_wood_w14xt32-mm_18x24-inch_ver_black_20x26-inch_wood-fsc-2-cm_canvas_4-0_canvas-mounting,https://upload.wikimedia.org/wikipedia/commons/c/ca/1x1.png,Yes
Framed canvas — ver,"Personalised framed canvas from Pixora. Upload your photo, preview on a live product mockup, and we print and ship premium quality to your door. Ideal for home décor or gifting.",framed_canvas_wood_w14xt32-mm_18x24-inch_ver_dark-wood_20x26-inch_wood-fsc-2-cm_canvas_4-0_canvas-mounting,https://upload.wikimedia.org/wikipedia/commons/c/ca/1x1.png,Yes
Framed canvas — ver,"Personalised framed canvas from Pixora. Upload your photo, preview on a live product mockup, and we print and ship premium quality to your door. Ideal for home décor or gifting.",framed_canvas_wood_w14xt32-mm_18x24-inch_ver_natural-wood_20x26-inch_wood-fsc-2-cm_canvas_4-0_canvas-mounting,https://upload.wikimedia.org/wikipedia/commons/c/ca/1x1.png,Yes
Framed canvas — hor,"Personalised framed canvas from Pixora. Upload your photo, preview on a live product mockup, and we print and ship premium quality to your door. Ideal for home décor or gifting.",framed_canvas_wood_w14xt32-mm_200x200-mm_hor_black_252x252-mm_wood-fsc-2-cm_canvas_4-0_canvas-mounting,https://upload.wikimedia.org/wikipedia/commons/c/ca/1x1.png,Yes
Framed canvas — hor,"Personalised framed canvas from Pixora. Upload your photo, preview on a live product mockup, and we print and ship premium quality to your door. Ideal for home décor or gifting.",framed_canvas_wood_w14xt32-mm_200x200-mm_hor_dark-wood_252x252-mm_wood-fsc-2-cm_canvas_4-0_canvas-mounting,https://upload.wikimedia.org/wikipedia/commons/c/ca/1x1.png,Yes
Framed canvas — hor,"Personalised framed canvas from Pixora. Upload your photo, preview on a live product mockup, and we print and ship premium quality to your door. Ideal for home décor or gifting.",framed_canvas_wood_w14xt32-mm_200x200-mm_hor_natural-wood_252x252-mm_wood-fsc-2-cm_canvas_4-0_canvas-mounting,https://upload.wikimedia.org/wikipedia/commons/c/ca/1x1.png,Yes
Framed canvas — ver,"Personalised framed canvas from Pixora. Upload your photo, preview on a live product mockup, and we print and ship premium quality to your door. Ideal for home décor or gifting.",framed_canvas_wood_w14xt32-mm_200x200-mm_ver_black_252x252-mm_wood-fsc-2-cm_canvas_4-0_canvas-mounting,https://upload.wikimedia.org/wikipedia/commons/c/ca/1x1.png,Yes
Framed canvas — ver,"Personalised framed canvas from Pixora. Upload your photo, preview on a live product mockup, and we print and ship premium quality to your door. Ideal for home décor or gifting.",framed_canvas_wood_w14xt32-mm_200x200-mm_ver_dark-wood_252x252-mm_wood-fsc-2-cm_canvas_4-0_canvas-mounting,https://upload.wikimedia.org/wikipedia/commons/c/ca/1x1.png,Yes
Framed canvas — ver,"Personalised framed canvas from Pixora. Upload your photo, preview on a live product mockup, and we print and ship premium quality to your door. Ideal for home décor or gifting.",framed_canvas_wood_w14xt32-mm_200x200-mm_ver_natural-wood_252x252-mm_wood-fsc-2-cm_canvas_4-0_canvas-mounting,https://upload.wikimedia.org/wikipedia/commons/c/ca/1x1.png,Yes
Framed canvas — hor,"Personalised framed canvas from Pixora. Upload your photo, preview on a live product mockup, and we print and ship premium quality to your door. Ideal for home décor or gifting.",framed_canvas_wood_w14xt32-mm_200x250-mm_hor_black_252x302-mm_wood-fsc-2-cm_canvas_4-0_canvas-mounting,https://upload.wikimedia.org/wikipedia/commons/c/ca/1x1.png,Yes
Framed canvas — hor,"Personalised framed canvas from Pixora. Upload your photo, preview on a live product mockup, and we print and ship premium quality to your door. Ideal for home décor or gifting.",framed_canvas_wood_w14xt32-mm_200x250-mm_hor_dark-wood_252x302-mm_wood-fsc-2-cm_canvas_4-0_canvas-mounting,https://upload.wikimedia.org/wikipedia/commons/c/ca/1x1.png,Yes
Framed canvas — hor,"Personalised framed canvas from Pixora. Upload your photo, preview on a live product mockup, and we print and ship premium quality to your door. Ideal for home décor or gifting.",framed_canvas_wood_w14xt32-mm_200x250-mm_hor_natural-wood_252x302-mm_wood-fsc-2-cm_canvas_4-0_canvas-mounting,https://upload.wikimedia.org/wikipedia/commons/c/ca/1x1.png,Yes
Framed canvas — ver,"Personalised framed canvas from Pixora. Upload your photo, preview on a live product mockup, and we print and ship premium quality to your door. Ideal for home décor or gifting.",framed_canvas_wood_w14xt32-mm_200x250-mm_ver_black_252x302-mm_wood-fsc-2-cm_canvas_4-0_canvas-mounting,https://upload.wikimedia.org/wikipedia/commons/c/ca/1x1.png,Yes
Framed canvas — ver,"Personalised framed canvas from Pixora. Upload your photo, preview on a live product mockup, and we print and ship premium quality to your door. Ideal for home décor or gifting.",framed_canvas_wood_w14xt32-mm_200x250-mm_ver_dark-wood_252x302-mm_wood-fsc-2-cm_canvas_4-0_canvas-mounting,https://upload.wikimedia.org/wikipedia/commons/c/ca/1x1.png,Yes
Framed canvas — ver,"Personalised framed canvas from Pixora. Upload your photo, preview on a live product mockup, and we print and ship premium quality to your door. Ideal for home décor or gifting.",framed_canvas_wood_w14xt32-mm_200x250-mm_ver_natural-wood_252x302-mm_wood-fsc-2-cm_canvas_4-0_canvas-mounting,https://upload.wikimedia.org/wikipedia/commons/c/ca/1x1.png,Yes
Framed canvas — hor,"Personalised framed canvas from Pixora. Upload your photo, preview on a live product mockup, and we print and ship premium quality to your door. Ideal for home décor or gifting.",framed_canvas_wood_w14xt32-mm_200x300-mm_hor_black_252x352-mm_wood-fsc-2-cm_canvas_4-0_canvas-mounting,https://upload.wikimedia.org/wikipedia/commons/c/ca/1x1.png,Yes
Framed canvas — hor,"Personalised framed canvas from Pixora. Upload your photo, preview on a live product mockup, and we print and ship premium quality to your door. Ideal for home décor or gifting.",framed_canvas_wood_w14xt32-mm_200x300-mm_hor_dark-wood_252x352-mm_wood-fsc-2-cm_canvas_4-0_canvas-mounting,https://upload.wikimedia.org/wikipedia/commons/c/ca/1x1.png,Yes
Framed canvas — hor,"Personalised framed canvas from Pixora. Upload your photo, preview on a live product mockup, and we print and ship premium quality to your door. Ideal for home décor or gifting.",framed_canvas_wood_w14xt32-mm_200x300-mm_hor_natural-wood_252x352-mm_wood-fsc-2-cm_canvas_4-0_canvas-mounting,https://upload.wikimedia.org/wikipedia/commons/c/ca/1x1.png,Yes
Framed canvas — ver,"Personalised framed canvas from Pixora. Upload your photo, preview on a live product mockup, and we print and ship premium quality to your door. Ideal for home décor or gifting.",framed_canvas_wood_w14xt32-mm_200x300-mm_ver_black_252x352-mm_wood-fsc-2-cm_canvas_4-0_canvas-mounting,https://upload.wikimedia.org/wikipedia/commons/c/ca/1x1.png,Yes
Framed canvas — ver,"Personalised framed canvas from Pixora. Upload your photo, preview on a live product mockup, and we print and ship premium quality to your door. Ideal for home décor or gifting.",framed_canvas_wood_w14xt32-mm_200x300-mm_ver_dark-wood_252x352-mm_wood-fsc-2-cm_canvas_4-0_canvas-mounting,https://upload.wikimedia.org/wikipedia/commons/c/ca/1x1.png,Yes
Framed canvas — ver,"Personalised framed canvas from Pixora. Upload your photo, preview on a live product mockup, and we print and ship premium quality to your door. Ideal for home décor or gifting.",framed_canvas_wood_w14xt32-mm_200x300-mm_ver_natural-wood_252x352-mm_wood-fsc-2-cm_canvas_4-0_canvas-mounting,https://upload.wikimedia.org/wikipedia/commons/c/ca/1x1.png,Yes
Framed canvas — hor,"Personalised framed canvas from Pixora. Upload your photo, preview on a live product mockup, and we print and ship premium quality to your door. Ideal for home décor or gifting.",framed_canvas_wood_w14xt32-mm_200x600-mm_hor_black_252x652-mm_wood-fsc-2-cm_canvas_4-0_canvas-mounting,https://upload.wikimedia.org/wikipedia/commons/c/ca/1x1.png,Yes
Framed canvas — hor,"Personalised framed canvas from Pixora. Upload your photo, preview on a live product mockup, and we print and ship premium quality to your door. Ideal for home décor or gifting.",framed_canvas_wood_w14xt32-mm_200x600-mm_hor_dark-wood_252x652-mm_wood-fsc-2-cm_canvas_4-0_canvas-mounting,https://upload.wikimedia.org/wikipedia/commons/c/ca/1x1.png,Yes
Framed canvas — hor,"Personalised framed canvas from Pixora. Upload your photo, preview on a live product mockup, and we print and ship premium quality to your door. Ideal for home décor or gifting.",framed_canvas_wood_w14xt32-mm_200x600-mm_hor_natural-wood_252x652-mm_wood-fsc-2-cm_canvas_4-0_canvas-mounting,https://upload.wikimedia.org/wikipedia/commons/c/ca/1x1.png,Yes
Framed canvas — ver,"Personalised framed canvas from Pixora. Upload your photo, preview on a live product mockup, and we print and ship premium quality to your door. Ideal for home décor or gifting.",framed_canvas_wood_w14xt32-mm_200x600-mm_ver_black_252x652-mm_wood-fsc-2-cm_canvas_4-0_canvas-mounting,https://upload.wikimedia.org/wikipedia/commons/c/ca/1x1.png,Yes
Framed canvas — ver,"Personalised framed canvas from Pixora. Upload your photo, preview on a live product mockup, and we print and ship premium quality to your door. Ideal for home décor or gifting.",framed_canvas_wood_w14xt32-mm_200x600-mm_ver_dark-wood_252x652-mm_wood-fsc-2-cm_canvas_4-0_canvas-mounting,https://upload.wikimedia.org/wikipedia/commons/c/ca/1x1.png,Yes
Framed canvas — ver,"Personalised framed canvas from Pixora. Upload your photo, preview on a live product mockup, and we print and ship premium quality to your door. Ideal for home décor or gifting.",framed_canvas_wood_w14xt32-mm_200x600-mm_ver_natural-wood_252x652-mm_wood-fsc-2-cm_canvas_4-0_canvas-mounting,https://upload.wikimedia.org/wikipedia/commons/c/ca/1x1.png,Yes
Framed canvas — hor,"Personalised framed canvas from Pixora. Upload your photo, preview on a live product mockup, and we print and ship premium quality to your door. Ideal for home décor or gifting.",framed_canvas_wood_w14xt32-mm_20x20-inch_hor_black_22x22-inch_wood-fsc-2-cm_canvas_4-0_canvas-mounting,https://upload.wikimedia.org/wikipedia/commons/c/ca/1x1.png,Yes
Framed canvas — hor,"Personalised framed canvas from Pixora. Upload your photo, preview on a live product mockup, and we print and ship premium quality to your door. Ideal for home décor or gifting.",framed_canvas_wood_w14xt32-mm_20x20-inch_hor_dark-wood_22x22-inch_wood-fsc-2-cm_canvas_4-0_canvas-mounting,https://upload.wikimedia.org/wikipedia/commons/c/ca/1x1.png,Yes
Framed canvas — hor,"Personalised framed canvas from Pixora. Upload your photo, preview on a live product mockup, and we print and ship premium quality to your door. Ideal for home décor or gifting.",framed_canvas_wood_w14xt32-mm_20x20-inch_hor_natural-wood_22x22-inch_wood-fsc-2-cm_canvas_4-0_canvas-mounting,https://upload.wikimedia.org/wikipedia/commons/c/ca/1x1.png,Yes
Framed canvas — ver,"Personalised framed canvas from Pixora. Upload your photo, preview on a live product mockup, and we print and ship premium quality to your door. Ideal for home décor or gifting.",framed_canvas_wood_w14xt32-mm_20x20-inch_ver_black_22x22-inch_wood-fsc-2-cm_canvas_4-0_canvas-mounting,https://upload.wikimedia.org/wikipedia/commons/c/ca/1x1.png,Yes
Framed canvas — ver,"Personalised framed canvas from Pixora. Upload your photo, preview on a live product mockup, and we print and ship premium quality to your door. Ideal for home décor or gifting.",framed_canvas_wood_w14xt32-mm_20x20-inch_ver_dark-wood_22x22-inch_wood-fsc-2-cm_canvas_4-0_canvas-mounting,https://upload.wikimedia.org/wikipedia/commons/c/ca/1x1.png,Yes
Framed canvas — ver,"Personalised framed canvas from Pixora. Upload your photo, preview on a live product mockup, and we print and ship premium quality to your door. Ideal for home décor or gifting.",framed_canvas_wood_w14xt32-mm_20x20-inch_ver_natural-wood_22x22-inch_wood-fsc-2-cm_canvas_4-0_canvas-mounting,https://upload.wikimedia.org/wikipedia/commons/c/ca/1x1.png,Yes
Framed canvas — hor,"Personalised framed canvas from Pixora. Upload your photo, preview on a live product mockup, and we print and ship premium quality to your door. Ideal for home décor or gifting.",framed_canvas_wood_w14xt32-mm_20x24-inch_hor_black_22x26-inch_wood-fsc-2-cm_canvas_4-0_canvas-mounting,https://upload.wikimedia.org/wikipedia/commons/c/ca/1x1.png,Yes
Framed canvas — hor,"Personalised framed canvas from Pixora. Upload your photo, preview on a live product mockup, and we print and ship premium quality to your door. Ideal for home décor or gifting.",framed_canvas_wood_w14xt32-mm_20x24-inch_hor_dark-wood_22x26-inch_wood-fsc-2-cm_canvas_4-0_canvas-mounting,https://upload.wikimedia.org/wikipedia/commons/c/ca/1x1.png,Yes
Framed canvas — hor,"Personalised framed canvas from Pixora. Upload your photo, preview on a live product mockup, and we print and ship premium quality to your door. Ideal for home décor or gifting.",framed_canvas_wood_w14xt32-mm_20x24-inch_hor_natural-wood_22x26-inch_wood-fsc-2-cm_canvas_4-0_canvas-mounting,https://upload.wikimedia.org/wikipedia/commons/c/ca/1x1.png,Yes
Framed canvas — ver,"Personalised framed canvas from Pixora. Upload your photo, preview on a live product mockup, and we print and ship premium quality to your door. Ideal for home décor or gifting.",framed_canvas_wood_w14xt32-mm_20x24-inch_ver_black_22x26-inch_wood-fsc-2-cm_canvas_4-0_canvas-mounting,https://upload.wikimedia.org/wikipedia/commons/c/ca/1x1.png,Yes
Framed canvas — ver,"Personalised framed canvas from Pixora. Upload your photo, preview on a live product mockup, and we print and ship premium quality to your door. Ideal for home décor or gifting.",framed_canvas_wood_w14xt32-mm_20x24-inch_ver_dark-wood_22x26-inch_wood-fsc-2-cm_canvas_4-0_canvas-mounting,https://upload.wikimedia.org/wikipedia/commons/c/ca/1x1.png,Yes
Framed canvas — ver,"Personalised framed canvas from Pixora. Upload your photo, preview on a live product mockup, and we print and ship premium quality to your door. Ideal for home décor or gifting.",framed_canvas_wood_w14xt32-mm_20x24-inch_ver_natural-wood_22x26-inch_wood-fsc-2-cm_canvas_4-0_canvas-mounting,https://upload.wikimedia.org/wikipedia/commons/c/ca/1x1.png,Yes
Framed canvas — hor,"Personalised framed canvas from Pixora. Upload your photo, preview on a live product mockup, and we print and ship premium quality to your door. Ideal for home décor or gifting.",framed_canvas_wood_w14xt32-mm_20x28-inch_hor_black_22x30-inch_wood-fsc-2-cm_canvas_4-0_canvas-mounting,https://upload.wikimedia.org/wikipedia/commons/c/ca/1x1.png,Yes
Framed canvas — hor,"Personalised framed canvas from Pixora. Upload your photo, preview on a live product mockup, and we print and ship premium quality to your door. Ideal for home décor or gifting.",framed_canvas_wood_w14xt32-mm_20x28-inch_hor_dark-wood_22x30-inch_wood-fsc-2-cm_canvas_4-0_canvas-mounting,https://upload.wikimedia.org/wikipedia/commons/c/ca/1x1.png,Yes
Framed canvas — hor,"Personalised framed canvas from Pixora. Upload your photo, preview on a live product mockup, and we print and ship premium quality to your door. Ideal for home décor or gifting.",framed_canvas_wood_w14xt32-mm_20x28-inch_hor_natural-wood_22x30-inch_wood-fsc-2-cm_canvas_4-0_canvas-mounting,https://upload.wikimedia.org/wikipedia/commons/c/ca/1x1.png,Yes
Framed canvas — ver,"Personalised framed canvas from Pixora. Upload your photo, preview on a live product mockup, and we print and ship premium quality to your door. Ideal for home décor or gifting.",framed_canvas_wood_w14xt32-mm_20x28-inch_ver_black_22x30-inch_wood-fsc-2-cm_canvas_4-0_canvas-mounting,https://upload.wikimedia.org/wikipedia/commons/c/ca/1x1.png,Yes
Framed canvas — ver,"Personalised framed canvas from Pixora. Upload your photo, preview on a live product mockup, and we print and ship premium quality to your door. Ideal for home décor or gifting.",framed_canvas_wood_w14xt32-mm_20x28-inch_ver_dark-wood_22x30-inch_wood-fsc-2-cm_canvas_4-0_canvas-mounting,https://upload.wikimedia.org/wikipedia/commons/c/ca/1x1.png,Yes
Framed canvas — ver,"Personalised framed canvas from Pixora. Upload your photo, preview on a live product mockup, and we print and ship premium quality to your door. Ideal for home décor or gifting.",framed_canvas_wood_w14xt32-mm_20x28-inch_ver_natural-wood_22x30-inch_wood-fsc-2-cm_canvas_4-0_canvas-mounting,https://upload.wikimedia.org/wikipedia/commons/c/ca/1x1.png,Yes
Framed canvas — hor,"Personalised framed canvas from Pixora. Upload your photo, preview on a live product mockup, and we print and ship premium quality to your door. Ideal for home décor or gifting.",framed_canvas_wood_w14xt32-mm_20x30-inch_hor_black_22x32-inch_wood-fsc-2-cm_canvas_4-0_canvas-mounting,https://upload.wikimedia.org/wikipedia/commons/c/ca/1x1.png,Yes
Framed canvas — hor,"Personalised framed canvas from Pixora. Upload your photo, preview on a live product mockup, and we print and ship premium quality to your door. Ideal for home décor or gifting.",framed_canvas_wood_w14xt32-mm_20x30-inch_hor_dark-wood_22x32-inch_wood-fsc-2-cm_canvas_4-0_canvas-mounting,https://upload.wikimedia.org/wikipedia/commons/c/ca/1x1.png,Yes
Framed canvas — hor,"Personalised framed canvas from Pixora. Upload your photo, preview on a live product mockup, and we print and ship premium quality to your door. Ideal for home décor or gifting.",framed_canvas_wood_w14xt32-mm_20x30-inch_hor_natural-wood_22x32-inch_wood-fsc-2-cm_canvas_4-0_canvas-mounting,https://upload.wikimedia.org/wikipedia/commons/c/ca/1x1.png,Yes
Framed canvas — ver,"Personalised framed canvas from Pixora. Upload your photo, preview on a live product mockup, and we print and ship premium quality to your door. Ideal for home décor or gifting.",framed_canvas_wood_w14xt32-mm_20x30-inch_ver_black_22x32-inch_wood-fsc-2-cm_canvas_4-0_canvas-mounting,https://upload.wikimedia.org/wikipedia/commons/c/ca/1x1.png,Yes
Framed canvas — ver,"Personalised framed canvas from Pixora. Upload your photo, preview on a live product mockup, and we print and ship premium quality to your door. Ideal for home décor or gifting.",framed_canvas_wood_w14xt32-mm_20x30-inch_ver_dark-wood_22x32-inch_wood-fsc-2-cm_canvas_4-0_canvas-mounting,https://upload.wikimedia.org/wikipedia/commons/c/ca/1x1.png,Yes
Framed canvas — ver,"Personalised framed canvas from Pixora. Upload your photo, preview on a live product mockup, and we print and ship premium quality to your door. Ideal for home décor or gifting.",framed_canvas_wood_w14xt32-mm_20x30-inch_ver_natural-wood_22x32-inch_wood-fsc-2-cm_canvas_4-0_canvas-mounting,https://upload.wikimedia.org/wikipedia/commons/c/ca/1x1.png,Yes
Framed canvas — hor,"Personalised framed canvas from Pixora. Upload your photo, preview on a live product mockup, and we print and ship premium quality to your door. Ideal for home décor or gifting.",framed_canvas_wood_w14xt32-mm_20x40-inch_hor_black_22x42-inch_wood-fsc-2-cm_canvas_4-0_canvas-mounting,https://upload.wikimedia.org/wikipedia/commons/c/ca/1x1.png,Yes
Framed canvas — hor,"Personalised framed canvas from Pixora. Upload your photo, preview on a live product mockup, and we print and ship premium quality to your door. Ideal for home décor or gifting.",framed_canvas_wood_w14xt32-mm_20x40-inch_hor_dark-wood_22x42-inch_wood-fsc-2-cm_canvas_4-0_canvas-mounting,https://upload.wikimedia.org/wikipedia/commons/c/ca/1x1.png,Yes
Framed canvas — hor,"Personalised framed canvas from Pixora. Upload your photo, preview on a live product mockup, and we print and ship premium quality to your door. Ideal for home décor or gifting.",framed_canvas_wood_w14xt32-mm_20x40-inch_hor_natural-wood_22x42-inch_wood-fsc-2-cm_canvas_4-0_canvas-mounting,https://upload.wikimedia.org/wikipedia/commons/c/ca/1x1.png,Yes
Framed canvas — ver,"Personalised framed canvas from Pixora. Upload your photo, preview on a live product mockup, and we print and ship premium quality to your door. Ideal for home décor or gifting.",framed_canvas_wood_w14xt32-mm_20x40-inch_ver_black_22x42-inch_wood-fsc-2-cm_canvas_4-0_canvas-mounting,https://upload.wikimedia.org/wikipedia/commons/c/ca/1x1.png,Yes
Framed canvas — ver,"Personalised framed canvas from Pixora. Upload your photo, preview on a live product mockup, and we print and ship premium quality to your door. Ideal for home décor or gifting.",framed_canvas_wood_w14xt32-mm_20x40-inch_ver_dark-wood_22x42-inch_wood-fsc-2-cm_canvas_4-0_canvas-mounting,https://upload.wikimedia.org/wikipedia/commons/c/ca/1x1.png,Yes
Framed canvas — ver,"Personalised framed canvas from Pixora. Upload your photo, preview on a live product mockup, and we print and ship premium quality to your door. Ideal for home décor or gifting.",framed_canvas_wood_w14xt32-mm_20x40-inch_ver_natural-wood_22x42-inch_wood-fsc-2-cm_canvas_4-0_canvas-mounting,https://upload.wikimedia.org/wikipedia/commons/c/ca/1x1.png,Yes
Framed canvas — hor,"Personalised framed canvas from Pixora. Upload your photo, preview on a live product mockup, and we print and ship premium quality to your door. Ideal for home décor or gifting.",framed_canvas_wood_w14xt32-mm_24x24-inch_hor_black_26x26-inch_wood-fsc-2-cm_canvas_4-0_canvas-mounting,https://upload.wikimedia.org/wikipedia/commons/c/ca/1x1.png,Yes
Framed canvas — hor,"Personalised framed canvas from Pixora. Upload your photo, preview on a live product mockup, and we print and ship premium quality to your door. Ideal for home décor or gifting.",framed_canvas_wood_w14xt32-mm_24x24-inch_hor_dark-wood_26x26-inch_wood-fsc-2-cm_canvas_4-0_canvas-mounting,https://upload.wikimedia.org/wikipedia/commons/c/ca/1x1.png,Yes
Framed canvas — hor,"Personalised framed canvas from Pixora. Upload your photo, preview on a live product mockup, and we print and ship premium quality to your door. Ideal for home décor or gifting.",framed_canvas_wood_w14xt32-mm_24x24-inch_hor_natural-wood_26x26-inch_wood-fsc-2-cm_canvas_4-0_canvas-mounting,https://upload.wikimedia.org/wikipedia/commons/c/ca/1x1.png,Yes
Framed canvas — ver,"Personalised framed canvas from Pixora. Upload your photo, preview on a live product mockup, and we print and ship premium quality to your door. Ideal for home décor or gifting.",framed_canvas_wood_w14xt32-mm_24x24-inch_ver_black_26x26-inch_wood-fsc-2-cm_canvas_4-0_canvas-mounting,https://upload.wikimedia.org/wikipedia/commons/c/ca/1x1.png,Yes
Framed canvas — ver,"Personalised framed canvas from Pixora. Upload your photo, preview on a live product mockup, and we print and ship premium quality to your door. Ideal for home décor or gifting.",framed_canvas_wood_w14xt32-mm_24x24-inch_ver_dark-wood_26x26-inch_wood-fsc-2-cm_canvas_4-0_canvas-mounting,https://upload.wikimedia.org/wikipedia/commons/c/ca/1x1.png,Yes
Framed canvas — ver,"Personalised framed canvas from Pixora. Upload your photo, preview on a live product mockup, and we print and ship premium quality to your door. Ideal for home décor or gifting.",framed_canvas_wood_w14xt32-mm_24x24-inch_ver_natural-wood_26x26-inch_wood-fsc-2-cm_canvas_4-0_canvas-mounting,https://upload.wikimedia.org/wikipedia/commons/c/ca/1x1.png,Yes
Framed canvas — hor,"Personalised framed canvas from Pixora. Upload your photo, preview on a live product mockup, and we print and ship premium quality to your door. Ideal for home décor or gifting.",framed_canvas_wood_w14xt32-mm_24x30-inch_hor_black_26x32-inch_wood-fsc-2-cm_canvas_4-0_canvas-mounting,https://upload.wikimedia.org/wikipedia/commons/c/ca/1x1.png,Yes
Framed canvas — hor,"Personalised framed canvas from Pixora. Upload your photo, preview on a live product mockup, and we print and ship premium quality to your door. Ideal for home décor or gifting.",framed_canvas_wood_w14xt32-mm_24x30-inch_hor_dark-wood_26x32-inch_wood-fsc-2-cm_canvas_4-0_canvas-mounting,https://upload.wikimedia.org/wikipedia/commons/c/ca/1x1.png,Yes
Framed canvas — hor,"Personalised framed canvas from Pixora. Upload your photo, preview on a live product mockup, and we print and ship premium quality to your door. Ideal for home décor or gifting.",framed_canvas_wood_w14xt32-mm_24x30-inch_hor_natural-wood_26x32-inch_wood-fsc-2-cm_canvas_4-0_canvas-mounting,https://upload.wikimedia.org/wikipedia/commons/c/ca/1x1.png,Yes
Framed canvas — ver,"Personalised framed canvas from Pixora. Upload your photo, preview on a live product mockup, and we print and ship premium quality to your door. Ideal for home décor or gifting.",framed_canvas_wood_w14xt32-mm_24x30-inch_ver_black_26x32-inch_wood-fsc-2-cm_canvas_4-0_canvas-mounting,https://upload.wikimedia.org/wikipedia/commons/c/ca/1x1.png,Yes
Framed canvas — ver,"Personalised framed canvas from Pixora. Upload your photo, preview on a live product mockup, and we print and ship premium quality to your door. Ideal for home décor or gifting.",framed_canvas_wood_w14xt32-mm_24x30-inch_ver_dark-wood_26x32-inch_wood-fsc-2-cm_canvas_4-0_canvas-mounting,https://upload.wikimedia.org/wikipedia/commons/c/ca/1x1.png,Yes
Framed canvas — ver,"Personalised framed canvas from Pixora. Upload your photo, preview on a live product mockup, and we print and ship premium quality to your door. Ideal for home décor or gifting.",framed_canvas_wood_w14xt32-mm_24x30-inch_ver_natural-wood_26x32-inch_wood-fsc-2-cm_canvas_4-0_canvas-mounting,https://upload.wikimedia.org/wikipedia/commons/c/ca/1x1.png,Yes
Framed canvas — hor,"Personalised framed canvas from Pixora. Upload your photo, preview on a live product mockup, and we print and ship premium quality to your door. Ideal for home décor or gifting.",framed_canvas_wood_w14xt32-mm_24x32-inch_hor_black_26x34-inch_wood-fsc-2-cm_canvas_4-0_canvas-mounting,https://upload.wikimedia.org/wikipedia/commons/c/ca/1x1.png,Yes
Framed canvas — hor,"Personalised framed canvas from Pixora. Upload your photo, preview on a live product mockup, and we print and ship premium quality to your door. Ideal for home décor or gifting.",framed_canvas_wood_w14xt32-mm_24x32-inch_hor_dark-wood_26x34-inch_wood-fsc-2-cm_canvas_4-0_canvas-mounting,https://upload.wikimedia.org/wikipedia/commons/c/ca/1x1.png,Yes
Framed canvas — hor,"Personalised framed canvas from Pixora. Upload your photo, preview on a live product mockup, and we print and ship premium quality to your door. Ideal for home décor or gifting.",framed_canvas_wood_w14xt32-mm_24x32-inch_hor_natural-wood_26x34-inch_wood-fsc-2-cm_canvas_4-0_canvas-mounting,https://upload.wikimedia.org/wikipedia/commons/c/ca/1x1.png,Yes
Framed canvas — ver,"Personalised framed canvas from Pixora. Upload your photo, preview on a live product mockup, and we print and ship premium quality to your door. Ideal for home décor or gifting.",framed_canvas_wood_w14xt32-mm_24x32-inch_ver_black_26x34-inch_wood-fsc-2-cm_canvas_4-0_canvas-mounting,https://upload.wikimedia.org/wikipedia/commons/c/ca/1x1.png,Yes
Framed canvas — ver,"Personalised framed canvas from Pixora. Upload your photo, preview on a live product mockup, and we print and ship premium quality to your door. Ideal for home décor or gifting.",framed_canvas_wood_w14xt32-mm_24x32-inch_ver_dark-wood_26x34-inch_wood-fsc-2-cm_canvas_4-0_canvas-mounting,https://upload.wikimedia.org/wikipedia/commons/c/ca/1x1.png,Yes
Framed canvas — ver,"Personalised framed canvas from Pixora. Upload your photo, preview on a live product mockup, and we print and ship premium quality to your door. Ideal for home décor or gifting.",framed_canvas_wood_w14xt32-mm_24x32-inch_ver_natural-wood_26x34-inch_wood-fsc-2-cm_canvas_4-0_canvas-mounting,https://upload.wikimedia.org/wikipedia/commons/c/ca/1x1.png,Yes
Framed canvas — hor,"Personalised framed canvas from Pixora. Upload your photo, preview on a live product mockup, and we print and ship premium quality to your door. Ideal for home décor or gifting.",framed_canvas_wood_w14xt32-mm_24x36-inch_hor_black_26x38-inch_wood-fsc-2-cm_canvas_4-0_canvas-mounting,https://upload.wikimedia.org/wikipedia/commons/c/ca/1x1.png,Yes
Framed canvas — hor,"Personalised framed canvas from Pixora. Upload your photo, preview on a live product mockup, and we print and ship premium quality to your door. Ideal for home décor or gifting.",framed_canvas_wood_w14xt32-mm_24x36-inch_hor_dark-wood_26x38-inch_wood-fsc-2-cm_canvas_4-0_canvas-mounting,https://upload.wikimedia.org/wikipedia/commons/c/ca/1x1.png,Yes
Framed canvas — hor,"Personalised framed canvas from Pixora. Upload your photo, preview on a live product mockup, and we print and ship premium quality to your door. Ideal for home décor or gifting.",framed_canvas_wood_w14xt32-mm_24x36-inch_hor_natural-wood_26x38-inch_wood-fsc-2-cm_canvas_4-0_canvas-mounting,https://upload.wikimedia.org/wikipedia/commons/c/ca/1x1.png,Yes
Framed canvas — ver,"Personalised framed canvas from Pixora. Upload your photo, preview on a live product mockup, and we print and ship premium quality to your door. Ideal for home décor or gifting.",framed_canvas_wood_w14xt32-mm_24x36-inch_ver_black_26x38-inch_wood-fsc-2-cm_canvas_4-0_canvas-mounting,https://upload.wikimedia.org/wikipedia/commons/c/ca/1x1.png,Yes
Framed canvas — ver,"Personalised framed canvas from Pixora. Upload your photo, preview on a live product mockup, and we print and ship premium quality to your door. Ideal for home décor or gifting.",framed_canvas_wood_w14xt32-mm_24x36-inch_ver_dark-wood_26x38-inch_wood-fsc-2-cm_canvas_4-0_canvas-mounting,https://upload.wikimedia.org/wikipedia/commons/c/ca/1x1.png,Yes
Framed canvas — ver,"Personalised framed canvas from Pixora. Upload your photo, preview on a live product mockup, and we print and ship premium quality to your door. Ideal for home décor or gifting.",framed_canvas_wood_w14xt32-mm_24x36-inch_ver_natural-wood_26x38-inch_wood-fsc-2-cm_canvas_4-0_canvas-mounting,https://upload.wikimedia.org/wikipedia/commons/c/ca/1x1.png,Yes
Framed canvas — hor,"Personalised framed canvas from Pixora. Upload your photo, preview on a live product mockup, and we print and ship premium quality to your door. Ideal for home décor or gifting.",framed_canvas_wood_w14xt32-mm_270x350-mm_hor_black_322x402-mm_wood-fsc-2-cm_canvas_4-0_canvas-mounting,https://upload.wikimedia.org/wikipedia/commons/c/ca/1x1.png,Yes
Framed canvas — hor,"Personalised framed canvas from Pixora. Upload your photo, preview on a live product mockup, and we print and ship premium quality to your door. Ideal for home décor or gifting.",framed_canvas_wood_w14xt32-mm_270x350-mm_hor_dark-wood_322x402-mm_wood-fsc-2-cm_canvas_4-0_canvas-mounting,https://upload.wikimedia.org/wikipedia/commons/c/ca/1x1.png,Yes
Framed canvas — hor,"Personalised framed canvas from Pixora. Upload your photo, preview on a live product mockup, and we print and ship premium quality to your door. Ideal for home décor or gifting.",framed_canvas_wood_w14xt32-mm_270x350-mm_hor_natural-wood_322x402-mm_wood-fsc-2-cm_canvas_4-0_canvas-mounting,https://upload.wikimedia.org/wikipedia/commons/c/ca/1x1.png,Yes
Framed canvas — ver,"Personalised framed canvas from Pixora. Upload your photo, preview on a live product mockup, and we print and ship premium quality to your door. Ideal for home décor or gifting.",framed_canvas_wood_w14xt32-mm_270x350-mm_ver_black_322x402-mm_wood-fsc-2-cm_canvas_4-0_canvas-mounting,https://upload.wikimedia.org/wikipedia/commons/c/ca/1x1.png,Yes
Framed canvas — ver,"Personalised framed canvas from Pixora. Upload your photo, preview on a live product mockup, and we print and ship premium quality to your door. Ideal for home décor or gifting.",framed_canvas_wood_w14xt32-mm_270x350-mm_ver_dark-wood_322x402-mm_wood-fsc-2-cm_canvas_4-0_canvas-mounting,https://upload.wikimedia.org/wikipedia/commons/c/ca/1x1.png,Yes
Framed canvas — ver,"Personalised framed canvas from Pixora. Upload your photo, preview on a live product mockup, and we print and ship premium quality to your door. Ideal for home décor or gifting.",framed_canvas_wood_w14xt32-mm_270x350-mm_ver_natural-wood_322x402-mm_wood-fsc-2-cm_canvas_4-0_canvas-mounting,https://upload.wikimedia.org/wikipedia/commons/c/ca/1x1.png,Yes
Framed canvas — hor,"Personalised framed canvas from Pixora. Upload your photo, preview on a live product mockup, and we print and ship premium quality to your door. Ideal for home décor or gifting.",framed_canvas_wood_w14xt32-mm_28x40-inch_hor_black_30x42-inch_wood-fsc-2-cm_canvas_4-0_canvas-mounting,https://upload.wikimedia.org/wikipedia/commons/c/ca/1x1.png,Yes
Framed canvas — hor,"Personalised framed canvas from Pixora. Upload your photo, preview on a live product mockup, and we print and ship premium quality to your door. Ideal for home décor or gifting.",framed_canvas_wood_w14xt32-mm_28x40-inch_hor_dark-wood_30x42-inch_wood-fsc-2-cm_canvas_4-0_canvas-mounting,https://upload.wikimedia.org/wikipedia/commons/c/ca/1x1.png,Yes
Framed canvas — hor,"Personalised framed canvas from Pixora. Upload your photo, preview on a live product mockup, and we print and ship premium quality to your door. Ideal for home décor or gifting.",framed_canvas_wood_w14xt32-mm_28x40-inch_hor_natural-wood_30x42-inch_wood-fsc-2-cm_canvas_4-0_canvas-mounting,https://upload.wikimedia.org/wikipedia/commons/c/ca/1x1.png,Yes
Framed canvas — ver,"Personalised framed canvas from Pixora. Upload your photo, preview on a live product mockup, and we print and ship premium quality to your door. Ideal for home décor or gifting.",framed_canvas_wood_w14xt32-mm_28x40-inch_ver_black_30x42-inch_wood-fsc-2-cm_canvas_4-0_canvas-mounting,https://upload.wikimedia.org/wikipedia/commons/c/ca/1x1.png,Yes
Framed canvas — ver,"Personalised framed canvas from Pixora. Upload your photo, preview on a live product mockup, and we print and ship premium quality to your door. Ideal for home décor or gifting.",framed_canvas_wood_w14xt32-mm_28x40-inch_ver_dark-wood_30x42-inch_wood-fsc-2-cm_canvas_4-0_canvas-mounting,https://upload.wikimedia.org/wikipedia/commons/c/ca/1x1.png,Yes
Framed canvas — ver,"Personalised framed canvas from Pixora. Upload your photo, preview on a live product mockup, and we print and ship premium quality to your door. Ideal for home décor or gifting.",framed_canvas_wood_w14xt32-mm_28x40-inch_ver_natural-wood_30x42-inch_wood-fsc-2-cm_canvas_4-0_canvas-mounting,https://upload.wikimedia.org/wikipedia/commons/c/ca/1x1.png,Yes
Framed canvas — hor,"Personalised framed canvas from Pixora. Upload your photo, preview on a live product mockup, and we print and ship premium quality to your door. Ideal for home décor or gifting.",framed_canvas_wood_w14xt32-mm_300x1000-mm_hor_black_352x1052-mm_wood-fsc-2-cm_canvas_4-0_canvas-mounting,https://upload.wikimedia.org/wikipedia/commons/c/ca/1x1.png,Yes
Framed canvas — hor,"Personalised framed canvas from Pixora. Upload your photo, preview on a live product mockup, and we print and ship premium quality to your door. Ideal for home décor or gifting.",framed_canvas_wood_w14xt32-mm_300x1000-mm_hor_dark-wood_352x1052-mm_wood-fsc-2-cm_canvas_4-0_canvas-mounting,https://upload.wikimedia.org/wikipedia/commons/c/ca/1x1.png,Yes
Framed canvas — hor,"Personalised framed canvas from Pixora. Upload your photo, preview on a live product mockup, and we print and ship premium quality to your door. Ideal for home décor or gifting.",framed_canvas_wood_w14xt32-mm_300x1000-mm_hor_natural-wood_352x1052-mm_wood-fsc-2-cm_canvas_4-0_canvas-mounting,https://upload.wikimedia.org/wikipedia/commons/c/ca/1x1.png,Yes
Framed canvas — ver,"Personalised framed canvas from Pixora. Upload your photo, preview on a live product mockup, and we print and ship premium quality to your door. Ideal for home décor or gifting.",framed_canvas_wood_w14xt32-mm_300x1000-mm_ver_black_352x1052-mm_wood-fsc-2-cm_canvas_4-0_canvas-mounting,https://upload.wikimedia.org/wikipedia/commons/c/ca/1x1.png,Yes
Framed canvas — ver,"Personalised framed canvas from Pixora. Upload your photo, preview on a live product mockup, and we print and ship premium quality to your door. Ideal for home décor or gifting.",framed_canvas_wood_w14xt32-mm_300x1000-mm_ver_dark-wood_352x1052-mm_wood-fsc-2-cm_canvas_4-0_canvas-mounting,https://upload.wikimedia.org/wikipedia/commons/c/ca/1x1.png,Yes
Framed canvas — ver,"Personalised framed canvas from Pixora. Upload your photo, preview on a live product mockup, and we print and ship premium quality to your door. Ideal for home décor or gifting.",framed_canvas_wood_w14xt32-mm_300x1000-mm_ver_natural-wood_352x1052-mm_wood-fsc-2-cm_canvas_4-0_canvas-mounting,https://upload.wikimedia.org/wikipedia/commons/c/ca/1x1.png,Yes
Framed canvas — hor,"Personalised framed canvas from Pixora. Upload your photo, preview on a live product mockup, and we print and ship premium quality to your door. Ideal for home décor or gifting.",framed_canvas_wood_w14xt32-mm_300x300-mm_hor_black_352x352-mm_wood-fsc-2-cm_canvas_4-0_canvas-mounting,https://upload.wikimedia.org/wikipedia/commons/c/ca/1x1.png,Yes
Framed canvas — hor,"Personalised framed canvas from Pixora. Upload your photo, preview on a live product mockup, and we print and ship premium quality to your door. Ideal for home décor or gifting.",framed_canvas_wood_w14xt32-mm_300x300-mm_hor_dark-wood_352x352-mm_wood-fsc-2-cm_canvas_4-0_canvas-mounting,https://upload.wikimedia.org/wikipedia/commons/c/ca/1x1.png,Yes
Framed canvas — hor,"Personalised framed canvas from Pixora. Upload your photo, preview on a live product mockup, and we print and ship premium quality to your door. Ideal for home décor or gifting.",framed_canvas_wood_w14xt32-mm_300x300-mm_hor_natural-wood_352x352-mm_wood-fsc-2-cm_canvas_4-0_canvas-mounting,https://upload.wikimedia.org/wikipedia/commons/c/ca/1x1.png,Yes
Framed canvas — ver,"Personalised framed canvas from Pixora. Upload your photo, preview on a live product mockup, and we print and ship premium quality to your door. Ideal for home décor or gifting.",framed_canvas_wood_w14xt32-mm_300x300-mm_ver_black_352x352-mm_wood-fsc-2-cm_canvas_4-0_canvas-mounting,https://upload.wikimedia.org/wikipedia/commons/c/ca/1x1.png,Yes
Framed canvas — ver,"Personalised framed canvas from Pixora. Upload your photo, preview on a live product mockup, and we print and ship premium quality to your door. Ideal for home décor or gifting.",framed_canvas_wood_w14xt32-mm_300x300-mm_ver_dark-wood_352x352-mm_wood-fsc-2-cm_canvas_4-0_canvas-mounting,https://upload.wikimedia.org/wikipedia/commons/c/ca/1x1.png,Yes
Framed canvas — ver,"Personalised framed canvas from Pixora. Upload your photo, preview on a live product mockup, and we print and ship premium quality to your door. Ideal for home décor or gifting.",framed_canvas_wood_w14xt32-mm_300x300-mm_ver_natural-wood_352x352-mm_wood-fsc-2-cm_canvas_4-0_canvas-mounting,https://upload.wikimedia.org/wikipedia/commons/c/ca/1x1.png,Yes
Framed canvas — hor,"Personalised framed canvas from Pixora. Upload your photo, preview on a live product mockup, and we print and ship premium quality to your door. Ideal for home décor or gifting.",framed_canvas_wood_w14xt32-mm_300x400-mm_hor_black_352x452-mm_wood-fsc-2-cm_canvas_4-0_canvas-mounting,https://upload.wikimedia.org/wikipedia/commons/c/ca/1x1.png,Yes
Framed canvas — hor,"Personalised framed canvas from Pixora. Upload your photo, preview on a live product mockup, and we print and ship premium quality to your door. Ideal for home décor or gifting.",framed_canvas_wood_w14xt32-mm_300x400-mm_hor_dark-wood_352x452-mm_wood-fsc-2-cm_canvas_4-0_canvas-mounting,https://upload.wikimedia.org/wikipedia/commons/c/ca/1x1.png,Yes
Framed canvas — hor,"Personalised framed canvas from Pixora. Upload your photo, preview on a live product mockup, and we print and ship premium quality to your door. Ideal for home décor or gifting.",framed_canvas_wood_w14xt32-mm_300x400-mm_hor_natural-wood_352x452-mm_wood-fsc-2-cm_canvas_4-0_canvas-mounting,https://upload.wikimedia.org/wikipedia/commons/c/ca/1x1.png,Yes
Framed canvas — ver,"Personalised framed canvas from Pixora. Upload your photo, preview on a live product mockup, and we print and ship premium quality to your door. Ideal for home décor or gifting.",framed_canvas_wood_w14xt32-mm_300x400-mm_ver_black_352x452-mm_wood-fsc-2-cm_canvas_4-0_canvas-mounting,https://upload.wikimedia.org/wikipedia/commons/c/ca/1x1.png,Yes
Framed canvas — ver,"Personalised framed canvas from Pixora. Upload your photo, preview on a live product mockup, and we print and ship premium quality to your door. Ideal for home décor or gifting.",framed_canvas_wood_w14xt32-mm_300x400-mm_ver_dark-wood_352x452-mm_wood-fsc-2-cm_canvas_4-0_canvas-mounting,https://upload.wikimedia.org/wikipedia/commons/c/ca/1x1.png,Yes
Framed canvas — ver,"Personalised framed canvas from Pixora. Upload your photo, preview on a live product mockup, and we print and ship premium quality to your door. Ideal for home décor or gifting.",framed_canvas_wood_w14xt32-mm_300x400-mm_ver_natural-wood_352x452-mm_wood-fsc-2-cm_canvas_4-0_canvas-mounting,https://upload.wikimedia.org/wikipedia/commons/c/ca/1x1.png,Yes
Framed canvas — hor,"Personalised framed canvas from Pixora. Upload your photo, preview on a live product mockup, and we print and ship premium quality to your door. Ideal for home décor or gifting.",framed_canvas_wood_w14xt32-mm_300x450-mm_hor_black_352x502-mm_wood-fsc-2-cm_canvas_4-0_canvas-mounting,https://upload.wikimedia.org/wikipedia/commons/c/ca/1x1.png,Yes
Framed canvas — hor,"Personalised framed canvas from Pixora. Upload your photo, preview on a live product mockup, and we print and ship premium quality to your door. Ideal for home décor or gifting.",framed_canvas_wood_w14xt32-mm_300x450-mm_hor_dark-wood_352x502-mm_wood-fsc-2-cm_canvas_4-0_canvas-mounting,https://upload.wikimedia.org/wikipedia/commons/c/ca/1x1.png,Yes
Framed canvas — hor,"Personalised framed canvas from Pixora. Upload your photo, preview on a live product mockup, and we print and ship premium quality to your door. Ideal for home décor or gifting.",framed_canvas_wood_w14xt32-mm_300x450-mm_hor_natural-wood_352x502-mm_wood-fsc-2-cm_canvas_4-0_canvas-mounting,https://upload.wikimedia.org/wikipedia/commons/c/ca/1x1.png,Yes
Framed canvas — ver,"Personalised framed canvas from Pixora. Upload your photo, preview on a live product mockup, and we print and ship premium quality to your door. Ideal for home décor or gifting.",framed_canvas_wood_w14xt32-mm_300x450-mm_ver_black_352x502-mm_wood-fsc-2-cm_canvas_4-0_canvas-mounting,https://upload.wikimedia.org/wikipedia/commons/c/ca/1x1.png,Yes
Framed canvas — ver,"Personalised framed canvas from Pixora. Upload your photo, preview on a live product mockup, and we print and ship premium quality to your door. Ideal for home décor or gifting.",framed_canvas_wood_w14xt32-mm_300x450-mm_ver_dark-wood_352x502-mm_wood-fsc-2-cm_canvas_4-0_canvas-mounting,https://upload.wikimedia.org/wikipedia/commons/c/ca/1x1.png,Yes
Framed canvas — ver,"Personalised framed canvas from Pixora. Upload your photo, preview on a live product mockup, and we print and ship premium quality to your door. Ideal for home décor or gifting.",framed_canvas_wood_w14xt32-mm_300x450-mm_ver_natural-wood_352x502-mm_wood-fsc-2-cm_canvas_4-0_canvas-mounting,https://upload.wikimedia.org/wikipedia/commons/c/ca/1x1.png,Yes
Framed canvas — hor,"Personalised framed canvas from Pixora. Upload your photo, preview on a live product mockup, and we print and ship premium quality to your door. Ideal for home décor or gifting.",framed_canvas_wood_w14xt32-mm_300x600-mm_hor_black_352x652-mm_wood-fsc-2-cm_canvas_4-0_canvas-mounting,https://upload.wikimedia.org/wikipedia/commons/c/ca/1x1.png,Yes
Framed canvas — hor,"Personalised framed canvas from Pixora. Upload your photo, preview on a live product mockup, and we print and ship premium quality to your door. Ideal for home décor or gifting.",framed_canvas_wood_w14xt32-mm_300x600-mm_hor_dark-wood_352x652-mm_wood-fsc-2-cm_canvas_4-0_canvas-mounting,https://upload.wikimedia.org/wikipedia/commons/c/ca/1x1.png,Yes
Framed canvas — hor,"Personalised framed canvas from Pixora. Upload your photo, preview on a live product mockup, and we print and ship premium quality to your door. Ideal for home décor or gifting.",framed_canvas_wood_w14xt32-mm_300x600-mm_hor_natural-wood_352x652-mm_wood-fsc-2-cm_canvas_4-0_canvas-mounting,https://upload.wikimedia.org/wikipedia/commons/c/ca/1x1.png,Yes
Framed canvas — ver,"Personalised framed canvas from Pixora. Upload your photo, preview on a live product mockup, and we print and ship premium quality to your door. Ideal for home décor or gifting.",framed_canvas_wood_w14xt32-mm_300x600-mm_ver_black_352x652-mm_wood-fsc-2-cm_canvas_4-0_canvas-mounting,https://upload.wikimedia.org/wikipedia/commons/c/ca/1x1.png,Yes
Framed canvas — ver,"Personalised framed canvas from Pixora. Upload your photo, preview on a live product mockup, and we print and ship premium quality to your door. Ideal for home décor or gifting.",framed_canvas_wood_w14xt32-mm_300x600-mm_ver_dark-wood_352x652-mm_wood-fsc-2-cm_canvas_4-0_canvas-mounting,https://upload.wikimedia.org/wikipedia/commons/c/ca/1x1.png,Yes
Framed canvas — ver,"Personalised framed canvas from Pixora. Upload your photo, preview on a live product mockup, and we print and ship premium quality to your door. Ideal for home décor or gifting.",framed_canvas_wood_w14xt32-mm_300x600-mm_ver_natural-wood_352x652-mm_wood-fsc-2-cm_canvas_4-0_canvas-mounting,https://upload.wikimedia.org/wikipedia/commons/c/ca/1x1.png,Yes
Framed canvas — hor,"Personalised framed canvas from Pixora. Upload your photo, preview on a live product mockup, and we print and ship premium quality to your door. Ideal for home décor or gifting.",framed_canvas_wood_w14xt32-mm_300x900-mm_hor_black_352x952-mm_wood-fsc-2-cm_canvas_4-0_canvas-mounting,https://upload.wikimedia.org/wikipedia/commons/c/ca/1x1.png,Yes
Framed canvas — hor,"Personalised framed canvas from Pixora. Upload your photo, preview on a live product mockup, and we print and ship premium quality to your door. Ideal for home décor or gifting.",framed_canvas_wood_w14xt32-mm_300x900-mm_hor_dark-wood_352x952-mm_wood-fsc-2-cm_canvas_4-0_canvas-mounting,https://upload.wikimedia.org/wikipedia/commons/c/ca/1x1.png,Yes
Framed canvas — hor,"Personalised framed canvas from Pixora. Upload your photo, preview on a live product mockup, and we print and ship premium quality to your door. Ideal for home décor or gifting.",framed_canvas_wood_w14xt32-mm_300x900-mm_hor_natural-wood_352x952-mm_wood-fsc-2-cm_canvas_4-0_canvas-mounting,https://upload.wikimedia.org/wikipedia/commons/c/ca/1x1.png,Yes
Framed canvas — ver,"Personalised framed canvas from Pixora. Upload your photo, preview on a live product mockup, and we print and ship premium quality to your door. Ideal for home décor or gifting.",framed_canvas_wood_w14xt32-mm_300x900-mm_ver_black_352x952-mm_wood-fsc-2-cm_canvas_4-0_canvas-mounting,https://upload.wikimedia.org/wikipedia/commons/c/ca/1x1.png,Yes
Framed canvas — ver,"Personalised framed canvas from Pixora. Upload your photo, preview on a live product mockup, and we print and ship premium quality to your door. Ideal for home décor or gifting.",framed_canvas_wood_w14xt32-mm_300x900-mm_ver_dark-wood_352x952-mm_wood-fsc-2-cm_canvas_4-0_canvas-mounting,https://upload.wikimedia.org/wikipedia/commons/c/ca/1x1.png,Yes
Framed canvas — ver,"Personalised framed canvas from Pixora. Upload your photo, preview on a live product mockup, and we print and ship premium quality to your door. Ideal for home décor or gifting.",framed_canvas_wood_w14xt32-mm_300x900-mm_ver_natural-wood_352x952-mm_wood-fsc-2-cm_canvas_4-0_canvas-mounting,https://upload.wikimedia.org/wikipedia/commons/c/ca/1x1.png,Yes
Framed canvas — hor,"Personalised framed canvas from Pixora. Upload your photo, preview on a live product mockup, and we print and ship premium quality to your door. Ideal for home décor or gifting.",framed_canvas_wood_w14xt32-mm_400x400-mm_hor_black_452x452-mm_wood-fsc-2-cm_canvas_4-0_canvas-mounting,https://upload.wikimedia.org/wikipedia/commons/c/ca/1x1.png,Yes
Framed canvas — hor,"Personalised framed canvas from Pixora. Upload your photo, preview on a live product mockup, and we print and ship premium quality to your door. Ideal for home décor or gifting.",framed_canvas_wood_w14xt32-mm_400x400-mm_hor_dark-wood_452x452-mm_wood-fsc-2-cm_canvas_4-0_canvas-mounting,https://upload.wikimedia.org/wikipedia/commons/c/ca/1x1.png,Yes
Framed canvas — hor,"Personalised framed canvas from Pixora. Upload your photo, preview on a live product mockup, and we print and ship premium quality to your door. Ideal for home décor or gifting.",framed_canvas_wood_w14xt32-mm_400x400-mm_hor_natural-wood_452x452-mm_wood-fsc-2-cm_canvas_4-0_canvas-mounting,https://upload.wikimedia.org/wikipedia/commons/c/ca/1x1.png,Yes
Framed canvas — ver,"Personalised framed canvas from Pixora. Upload your photo, preview on a live product mockup, and we print and ship premium quality to your door. Ideal for home décor or gifting.",framed_canvas_wood_w14xt32-mm_400x400-mm_ver_black_452x452-mm_wood-fsc-2-cm_canvas_4-0_canvas-mounting,https://upload.wikimedia.org/wikipedia/commons/c/ca/1x1.png,Yes
Framed canvas — ver,"Personalised framed canvas from Pixora. Upload your photo, preview on a live product mockup, and we print and ship premium quality to your door. Ideal for home décor or gifting.",framed_canvas_wood_w14xt32-mm_400x400-mm_ver_dark-wood_452x452-mm_wood-fsc-2-cm_canvas_4-0_canvas-mounting,https://upload.wikimedia.org/wikipedia/commons/c/ca/1x1.png,Yes
Framed canvas — ver,"Personalised framed canvas from Pixora. Upload your photo, preview on a live product mockup, and we print and ship premium quality to your door. Ideal for home décor or gifting.",framed_canvas_wood_w14xt32-mm_400x400-mm_ver_natural-wood_452x452-mm_wood-fsc-2-cm_canvas_4-0_canvas-mounting,https://upload.wikimedia.org/wikipedia/commons/c/ca/1x1.png,Yes
Framed canvas — hor,"Personalised framed canvas from Pixora. Upload your photo, preview on a live product mockup, and we print and ship premium quality to your door. Ideal for home décor or gifting.",framed_canvas_wood_w14xt32-mm_400x500-mm_hor_black_452x552-mm_wood-fsc-2-cm_canvas_4-0_canvas-mounting,https://upload.wikimedia.org/wikipedia/commons/c/ca/1x1.png,Yes
Framed canvas — hor,"Personalised framed canvas from Pixora. Upload your photo, preview on a live product mockup, and we print and ship premium quality to your door. Ideal for home décor or gifting.",framed_canvas_wood_w14xt32-mm_400x500-mm_hor_dark-wood_452x552-mm_wood-fsc-2-cm_canvas_4-0_canvas-mounting,https://upload.wikimedia.org/wikipedia/commons/c/ca/1x1.png,Yes
Framed canvas — hor,"Personalised framed canvas from Pixora. Upload your photo, preview on a live product mockup, and we print and ship premium quality to your door. Ideal for home décor or gifting.",framed_canvas_wood_w14xt32-mm_400x500-mm_hor_natural-wood_452x552-mm_wood-fsc-2-cm_canvas_4-0_canvas-mounting,https://upload.wikimedia.org/wikipedia/commons/c/ca/1x1.png,Yes
Framed canvas — ver,"Personalised framed canvas from Pixora. Upload your photo, preview on a live product mockup, and we print and ship premium quality to your door. Ideal for home décor or gifting.",framed_canvas_wood_w14xt32-mm_400x500-mm_ver_black_452x552-mm_wood-fsc-2-cm_canvas_4-0_canvas-mounting,https://upload.wikimedia.org/wikipedia/commons/c/ca/1x1.png,Yes
Framed canvas — ver,"Personalised framed canvas from Pixora. Upload your photo, preview on a live product mockup, and we print and ship premium quality to your door. Ideal for home décor or gifting.",framed_canvas_wood_w14xt32-mm_400x500-mm_ver_dark-wood_452x552-mm_wood-fsc-2-cm_canvas_4-0_canvas-mounting,https://upload.wikimedia.org/wikipedia/commons/c/ca/1x1.png,Yes
Framed canvas — ver,"Personalised framed canvas from Pixora. Upload your photo, preview on a live product mockup, and we print and ship premium quality to your door. Ideal for home décor or gifting.",framed_canvas_wood_w14xt32-mm_400x500-mm_ver_natural-wood_452x552-mm_wood-fsc-2-cm_canvas_4-0_canvas-mounting,https://upload.wikimedia.org/wikipedia/commons/c/ca/1x1.png,Yes
Framed canvas — hor,"Personalised framed canvas from Pixora. Upload your photo, preview on a live product mockup, and we print and ship premium quality to your door. Ideal for home décor or gifting.",framed_canvas_wood_w14xt32-mm_400x600-mm_hor_black_452x652-mm_wood-fsc-2-cm_canvas_4-0_canvas-mounting,https://upload.wikimedia.org/wikipedia/commons/c/ca/1x1.png,Yes
Framed canvas — hor,"Personalised framed canvas from Pixora. Upload your photo, preview on a live product mockup, and we print and ship premium quality to your door. Ideal for home décor or gifting.",framed_canvas_wood_w14xt32-mm_400x600-mm_hor_dark-wood_452x652-mm_wood-fsc-2-cm_canvas_4-0_canvas-mounting,https://upload.wikimedia.org/wikipedia/commons/c/ca/1x1.png,Yes
Framed canvas — hor,"Personalised framed canvas from Pixora. Upload your photo, preview on a live product mockup, and we print and ship premium quality to your door. Ideal for home décor or gifting.",framed_canvas_wood_w14xt32-mm_400x600-mm_hor_natural-wood_452x652-mm_wood-fsc-2-cm_canvas_4-0_canvas-mounting,https://upload.wikimedia.org/wikipedia/commons/c/ca/1x1.png,Yes
Framed canvas — ver,"Personalised framed canvas from Pixora. Upload your photo, preview on a live product mockup, and we print and ship premium quality to your door. Ideal for home décor or gifting.",framed_canvas_wood_w14xt32-mm_400x600-mm_ver_black_452x652-mm_wood-fsc-2-cm_canvas_4-0_canvas-mounting,https://upload.wikimedia.org/wikipedia/commons/c/ca/1x1.png,Yes
Framed canvas — ver,"Personalised framed canvas from Pixora. Upload your photo, preview on a live product mockup, and we print and ship premium quality to your door. Ideal for home décor or gifting.",framed_canvas_wood_w14xt32-mm_400x600-mm_ver_dark-wood_452x652-mm_wood-fsc-2-cm_canvas_4-0_canvas-mounting,https://upload.wikimedia.org/wikipedia/commons/c/ca/1x1.png,Yes
Framed canvas — ver,"Personalised framed canvas from Pixora. Upload your photo, preview on a live product mockup, and we print and ship premium quality to your door. Ideal for home décor or gifting.",framed_canvas_wood_w14xt32-mm_400x600-mm_ver_natural-wood_452x652-mm_wood-fsc-2-cm_canvas_4-0_canvas-mounting,https://upload.wikimedia.org/wikipedia/commons/c/ca/1x1.png,Yes
Framed canvas — hor,"Personalised framed canvas from Pixora. Upload your photo, preview on a live product mockup, and we print and ship premium quality to your door. Ideal for home décor or gifting.",framed_canvas_wood_w14xt32-mm_400x800-mm_hor_black_452x852-mm_wood-fsc-2-cm_canvas_4-0_canvas-mounting,https://upload.wikimedia.org/wikipedia/commons/c/ca/1x1.png,Yes
Framed canvas — hor,"Personalised framed canvas from Pixora. Upload your photo, preview on a live product mockup, and we print and ship premium quality to your door. Ideal for home décor or gifting.",framed_canvas_wood_w14xt32-mm_400x800-mm_hor_dark-wood_452x852-mm_wood-fsc-2-cm_canvas_4-0_canvas-mounting,https://upload.wikimedia.org/wikipedia/commons/c/ca/1x1.png,Yes
Framed canvas — hor,"Personalised framed canvas from Pixora. Upload your photo, preview on a live product mockup, and we print and ship premium quality to your door. Ideal for home décor or gifting.",framed_canvas_wood_w14xt32-mm_400x800-mm_hor_natural-wood_452x852-mm_wood-fsc-2-cm_canvas_4-0_canvas-mounting,https://upload.wikimedia.org/wikipedia/commons/c/ca/1x1.png,Yes
Framed canvas — ver,"Personalised framed canvas from Pixora. Upload your photo, preview on a live product mockup, and we print and ship premium quality to your door. Ideal for home décor or gifting.",framed_canvas_wood_w14xt32-mm_400x800-mm_ver_black_452x852-mm_wood-fsc-2-cm_canvas_4-0_canvas-mounting,https://upload.wikimedia.org/wikipedia/commons/c/ca/1x1.png,Yes
Framed canvas — ver,"Personalised framed canvas from Pixora. Upload your photo, preview on a live product mockup, and we print and ship premium quality to your door. Ideal for home décor or gifting.",framed_canvas_wood_w14xt32-mm_400x800-mm_ver_dark-wood_452x852-mm_wood-fsc-2-cm_canvas_4-0_canvas-mounting,https://upload.wikimedia.org/wikipedia/commons/c/ca/1x1.png,Yes
Framed canvas — ver,"Personalised framed canvas from Pixora. Upload your photo, preview on a live product mockup, and we print and ship premium quality to your door. Ideal for home décor or gifting.",framed_canvas_wood_w14xt32-mm_400x800-mm_ver_natural-wood_452x852-mm_wood-fsc-2-cm_canvas_4-0_canvas-mounting,https://upload.wikimedia.org/wikipedia/commons/c/ca/1x1.png,Yes
Framed canvas — hor,"Personalised framed canvas from Pixora. Upload your photo, preview on a live product mockup, and we print and ship premium quality to your door. Ideal for home décor or gifting.",framed_canvas_wood_w14xt32-mm_450x600-mm_hor_black_502x652-mm_wood-fsc-2-cm_canvas_4-0_canvas-mounting,https://upload.wikimedia.org/wikipedia/commons/c/ca/1x1.png,Yes
Framed canvas — hor,"Personalised framed canvas from Pixora. Upload your photo, preview on a live product mockup, and we print and ship premium quality to your door. Ideal for home décor or gifting.",framed_canvas_wood_w14xt32-mm_450x600-mm_hor_dark-wood_502x652-mm_wood-fsc-2-cm_canvas_4-0_canvas-mounting,https://upload.wikimedia.org/wikipedia/commons/c/ca/1x1.png,Yes
Framed canvas — hor,"Personalised framed canvas from Pixora. Upload your photo, preview on a live product mockup, and we print and ship premium quality to your door. Ideal for home décor or gifting.",framed_canvas_wood_w14xt32-mm_450x600-mm_hor_natural-wood_502x652-mm_wood-fsc-2-cm_canvas_4-0_canvas-mounting,https://upload.wikimedia.org/wikipedia/commons/c/ca/1x1.png,Yes
Framed canvas — ver,"Personalised framed canvas from Pixora. Upload your photo, preview on a live product mockup, and we print and ship premium quality to your door. Ideal for home décor or gifting.",framed_canvas_wood_w14xt32-mm_450x600-mm_ver_black_502x652-mm_wood-fsc-2-cm_canvas_4-0_canvas-mounting,https://upload.wikimedia.org/wikipedia/commons/c/ca/1x1.png,Yes
Framed canvas — ver,"Personalised framed canvas from Pixora. Upload your photo, preview on a live product mockup, and we print and ship premium quality to your door. Ideal for home décor or gifting.",framed_canvas_wood_w14xt32-mm_450x600-mm_ver_dark-wood_502x652-mm_wood-fsc-2-cm_canvas_4-0_canvas-mounting,https://upload.wikimedia.org/wikipedia/commons/c/ca/1x1.png,Yes
Framed canvas — ver,"Personalised framed canvas from Pixora. Upload your photo, preview on a live product mockup, and we print and ship premium quality to your door. Ideal for home décor or gifting.",framed_canvas_wood_w14xt32-mm_450x600-mm_ver_natural-wood_502x652-mm_wood-fsc-2-cm_canvas_4-0_canvas-mounting,https://upload.wikimedia.org/wikipedia/commons/c/ca/1x1.png,Yes
Framed canvas — hor,"Personalised framed canvas from Pixora. Upload your photo, preview on a live product mockup, and we print and ship premium quality to your door. Ideal for home décor or gifting.",framed_canvas_wood_w14xt32-mm_500x1000-mm_hor_black_552x1052-mm_wood-fsc-2-cm_canvas_4-0_canvas-mounting,https://upload.wikimedia.org/wikipedia/commons/c/ca/1x1.png,Yes
Framed canvas — hor,"Personalised framed canvas from Pixora. Upload your photo, preview on a live product mockup, and we print and ship premium quality to your door. Ideal for home décor or gifting.",framed_canvas_wood_w14xt32-mm_500x1000-mm_hor_dark-wood_552x1052-mm_wood-fsc-2-cm_canvas_4-0_canvas-mounting,https://upload.wikimedia.org/wikipedia/commons/c/ca/1x1.png,Yes
Framed canvas — hor,"Personalised framed canvas from Pixora. Upload your photo, preview on a live product mockup, and we print and ship premium quality to your door. Ideal for home décor or gifting.",framed_canvas_wood_w14xt32-mm_500x1000-mm_hor_natural-wood_552x1052-mm_wood-fsc-2-cm_canvas_4-0_canvas-mounting,https://upload.wikimedia.org/wikipedia/commons/c/ca/1x1.png,Yes
Framed canvas — ver,"Personalised framed canvas from Pixora. Upload your photo, preview on a live product mockup, and we print and ship premium quality to your door. Ideal for home décor or gifting.",framed_canvas_wood_w14xt32-mm_500x1000-mm_ver_black_552x1052-mm_wood-fsc-2-cm_canvas_4-0_canvas-mounting,https://upload.wikimedia.org/wikipedia/commons/c/ca/1x1.png,Yes
Framed canvas — ver,"Personalised framed canvas from Pixora. Upload your photo, preview on a live product mockup, and we print and ship premium quality to your door. Ideal for home décor or gifting.",framed_canvas_wood_w14xt32-mm_500x1000-mm_ver_dark-wood_552x1052-mm_wood-fsc-2-cm_canvas_4-0_canvas-mounting,https://upload.wikimedia.org/wikipedia/commons/c/ca/1x1.png,Yes
Framed canvas — ver,"Personalised framed canvas from Pixora. Upload your photo, preview on a live product mockup, and we print and ship premium quality to your door. Ideal for home décor or gifting.",framed_canvas_wood_w14xt32-mm_500x1000-mm_ver_natural-wood_552x1052-mm_wood-fsc-2-cm_canvas_4-0_canvas-mounting,https://upload.wikimedia.org/wikipedia/commons/c/ca/1x1.png,Yes
Framed canvas — hor,"Personalised framed canvas from Pixora. Upload your photo, preview on a live product mockup, and we print and ship premium quality to your door. Ideal for home décor or gifting.",framed_canvas_wood_w14xt32-mm_500x500-mm_hor_black_552x552-mm_wood-fsc-2-cm_canvas_4-0_canvas-mounting,https://upload.wikimedia.org/wikipedia/commons/c/ca/1x1.png,Yes
Framed canvas — hor,"Personalised framed canvas from Pixora. Upload your photo, preview on a live product mockup, and we print and ship premium quality to your door. Ideal for home décor or gifting.",framed_canvas_wood_w14xt32-mm_500x500-mm_hor_dark-wood_552x552-mm_wood-fsc-2-cm_canvas_4-0_canvas-mounting,https://upload.wikimedia.org/wikipedia/commons/c/ca/1x1.png,Yes
Framed canvas — hor,"Personalised framed canvas from Pixora. Upload your photo, preview on a live product mockup, and we print and ship premium quality to your door. Ideal for home décor or gifting.",framed_canvas_wood_w14xt32-mm_500x500-mm_hor_natural-wood_552x552-mm_wood-fsc-2-cm_canvas_4-0_canvas-mounting,https://upload.wikimedia.org/wikipedia/commons/c/ca/1x1.png,Yes
Framed canvas — ver,"Personalised framed canvas from Pixora. Upload your photo, preview on a live product mockup, and we print and ship premium quality to your door. Ideal for home décor or gifting.",framed_canvas_wood_w14xt32-mm_500x500-mm_ver_black_552x552-mm_wood-fsc-2-cm_canvas_4-0_canvas-mounting,https://upload.wikimedia.org/wikipedia/commons/c/ca/1x1.png,Yes
Framed canvas — ver,"Personalised framed canvas from Pixora. Upload your photo, preview on a live product mockup, and we print and ship premium quality to your door. Ideal for home décor or gifting.",framed_canvas_wood_w14xt32-mm_500x500-mm_ver_dark-wood_552x552-mm_wood-fsc-2-cm_canvas_4-0_canvas-mounting,https://upload.wikimedia.org/wikipedia/commons/c/ca/1x1.png,Yes
Framed canvas — ver,"Personalised framed canvas from Pixora. Upload your photo, preview on a live product mockup, and we print and ship premium quality to your door. Ideal for home décor or gifting.",framed_canvas_wood_w14xt32-mm_500x500-mm_ver_natural-wood_552x552-mm_wood-fsc-2-cm_canvas_4-0_canvas-mounting,https://upload.wikimedia.org/wikipedia/commons/c/ca/1x1.png,Yes
Framed canvas — hor,"Personalised framed canvas from Pixora. Upload your photo, preview on a live product mockup, and we print and ship premium quality to your door. Ideal for home décor or gifting.",framed_canvas_wood_w14xt32-mm_500x600-mm_hor_black_552x652-mm_wood-fsc-2-cm_canvas_4-0_canvas-mounting,https://upload.wikimedia.org/wikipedia/commons/c/ca/1x1.png,Yes
Framed canvas — hor,"Personalised framed canvas from Pixora. Upload your photo, preview on a live product mockup, and we print and ship premium quality to your door. Ideal for home décor or gifting.",framed_canvas_wood_w14xt32-mm_500x600-mm_hor_dark-wood_552x652-mm_wood-fsc-2-cm_canvas_4-0_canvas-mounting,https://upload.wikimedia.org/wikipedia/commons/c/ca/1x1.png,Yes
Framed canvas — hor,"Personalised framed canvas from Pixora. Upload your photo, preview on a live product mockup, and we print and ship premium quality to your door. Ideal for home décor or gifting.",framed_canvas_wood_w14xt32-mm_500x600-mm_hor_natural-wood_552x652-mm_wood-fsc-2-cm_canvas_4-0_canvas-mounting,https://upload.wikimedia.org/wikipedia/commons/c/ca/1x1.png,Yes
Framed canvas — ver,"Personalised framed canvas from Pixora. Upload your photo, preview on a live product mockup, and we print and ship premium quality to your door. Ideal for home décor or gifting.",framed_canvas_wood_w14xt32-mm_500x600-mm_ver_black_552x652-mm_wood-fsc-2-cm_canvas_4-0_canvas-mounting,https://upload.wikimedia.org/wikipedia/commons/c/ca/1x1.png,Yes
Framed canvas — ver,"Personalised framed canvas from Pixora. Upload your photo, preview on a live product mockup, and we print and ship premium quality to your door. Ideal for home décor or gifting.",framed_canvas_wood_w14xt32-mm_500x600-mm_ver_dark-wood_552x652-mm_wood-fsc-2-cm_canvas_4-0_canvas-mounting,https://upload.wikimedia.org/wikipedia/commons/c/ca/1x1.png,Yes
Framed canvas — ver,"Personalised framed canvas from Pixora. Upload your photo, preview on a live product mockup, and we print and ship premium quality to your door. Ideal for home décor or gifting.",framed_canvas_wood_w14xt32-mm_500x600-mm_ver_natural-wood_552x652-mm_wood-fsc-2-cm_canvas_4-0_canvas-mounting,https://upload.wikimedia.org/wikipedia/commons/c/ca/1x1.png,Yes
Framed canvas — hor,"Personalised framed canvas from Pixora. Upload your photo, preview on a live product mockup, and we print and ship premium quality to your door. Ideal for home décor or gifting.",framed_canvas_wood_w14xt32-mm_500x700-mm_hor_black_552x752-mm_wood-fsc-2-cm_canvas_4-0_canvas-mounting,https://upload.wikimedia.org/wikipedia/commons/c/ca/1x1.png,Yes
Framed canvas — hor,"Personalised framed canvas from Pixora. Upload your photo, preview on a live product mockup, and we print and ship premium quality to your door. Ideal for home décor or gifting.",framed_canvas_wood_w14xt32-mm_500x700-mm_hor_dark-wood_552x752-mm_wood-fsc-2-cm_canvas_4-0_canvas-mounting,https://upload.wikimedia.org/wikipedia/commons/c/ca/1x1.png,Yes
Framed canvas — hor,"Personalised framed canvas from Pixora. Upload your photo, preview on a live product mockup, and we print and ship premium quality to your door. Ideal for home décor or gifting.",framed_canvas_wood_w14xt32-mm_500x700-mm_hor_natural-wood_552x752-mm_wood-fsc-2-cm_canvas_4-0_canvas-mounting,https://upload.wikimedia.org/wikipedia/commons/c/ca/1x1.png,Yes
Framed canvas — ver,"Personalised framed canvas from Pixora. Upload your photo, preview on a live product mockup, and we print and ship premium quality to your door. Ideal for home décor or gifting.",framed_canvas_wood_w14xt32-mm_500x700-mm_ver_black_552x752-mm_wood-fsc-2-cm_canvas_4-0_canvas-mounting,https://upload.wikimedia.org/wikipedia/commons/c/ca/1x1.png,Yes
Framed canvas — ver,"Personalised framed canvas from Pixora. Upload your photo, preview on a live product mockup, and we print and ship premium quality to your door. Ideal for home décor or gifting.",framed_canvas_wood_w14xt32-mm_500x700-mm_ver_dark-wood_552x752-mm_wood-fsc-2-cm_canvas_4-0_canvas-mounting,https://upload.wikimedia.org/wikipedia/commons/c/ca/1x1.png,Yes
Framed canvas — ver,"Personalised framed canvas from Pixora. Upload your photo, preview on a live product mockup, and we print and ship premium quality to your door. Ideal for home décor or gifting.",framed_canvas_wood_w14xt32-mm_500x700-mm_ver_natural-wood_552x752-mm_wood-fsc-2-cm_canvas_4-0_canvas-mounting,https://upload.wikimedia.org/wikipedia/commons/c/ca/1x1.png,Yes
Framed canvas — hor,"Personalised framed canvas from Pixora. Upload your photo, preview on a live product mockup, and we print and ship premium quality to your door. Ideal for home décor or gifting.",framed_canvas_wood_w14xt32-mm_500x750-mm_hor_black_552x802-mm_wood-fsc-2-cm_canvas_4-0_canvas-mounting,https://upload.wikimedia.org/wikipedia/commons/c/ca/1x1.png,Yes
Framed canvas — hor,"Personalised framed canvas from Pixora. Upload your photo, preview on a live product mockup, and we print and ship premium quality to your door. Ideal for home décor or gifting.",framed_canvas_wood_w14xt32-mm_500x750-mm_hor_dark-wood_552x802-mm_wood-fsc-2-cm_canvas_4-0_canvas-mounting,https://upload.wikimedia.org/wikipedia/commons/c/ca/1x1.png,Yes
Framed canvas — hor,"Personalised framed canvas from Pixora. Upload your photo, preview on a live product mockup, and we print and ship premium quality to your door. Ideal for home décor or gifting.",framed_canvas_wood_w14xt32-mm_500x750-mm_hor_natural-wood_552x802-mm_wood-fsc-2-cm_canvas_4-0_canvas-mounting,https://upload.wikimedia.org/wikipedia/commons/c/ca/1x1.png,Yes
Framed canvas — ver,"Personalised framed canvas from Pixora. Upload your photo, preview on a live product mockup, and we print and ship premium quality to your door. Ideal for home décor or gifting.",framed_canvas_wood_w14xt32-mm_500x750-mm_ver_black_552x802-mm_wood-fsc-2-cm_canvas_4-0_canvas-mounting,https://upload.wikimedia.org/wikipedia/commons/c/ca/1x1.png,Yes
Framed canvas — ver,"Personalised framed canvas from Pixora. Upload your photo, preview on a live product mockup, and we print and ship premium quality to your door. Ideal for home décor or gifting.",framed_canvas_wood_w14xt32-mm_500x750-mm_ver_dark-wood_552x802-mm_wood-fsc-2-cm_canvas_4-0_canvas-mounting,https://upload.wikimedia.org/wikipedia/commons/c/ca/1x1.png,Yes
Framed canvas — ver,"Personalised framed canvas from Pixora. Upload your photo, preview on a live product mockup, and we print and ship premium quality to your door. Ideal for home décor or gifting.",framed_canvas_wood_w14xt32-mm_500x750-mm_ver_natural-wood_552x802-mm_wood-fsc-2-cm_canvas_4-0_canvas-mounting,https://upload.wikimedia.org/wikipedia/commons/c/ca/1x1.png,Yes
Framed canvas — hor,"Personalised framed canvas from Pixora. Upload your photo, preview on a live product mockup, and we print and ship premium quality to your door. Ideal for home décor or gifting.",framed_canvas_wood_w14xt32-mm_600x600-mm_hor_black_652x652-mm_wood-fsc-2-cm_canvas_4-0_canvas-mounting,https://upload.wikimedia.org/wikipedia/commons/c/ca/1x1.png,Yes
Framed canvas — hor,"Personalised framed canvas from Pixora. Upload your photo, preview on a live product mockup, and we print and ship premium quality to your door. Ideal for home décor or gifting.",framed_canvas_wood_w14xt32-mm_600x600-mm_hor_dark-wood_652x652-mm_wood-fsc-2-cm_canvas_4-0_canvas-mounting,https://upload.wikimedia.org/wikipedia/commons/c/ca/1x1.png,Yes
Framed canvas — hor,"Personalised framed canvas from Pixora. Upload your photo, preview on a live product mockup, and we print and ship premium quality to your door. Ideal for home décor or gifting.",framed_canvas_wood_w14xt32-mm_600x600-mm_hor_natural-wood_652x652-mm_wood-fsc-2-cm_canvas_4-0_canvas-mounting,https://upload.wikimedia.org/wikipedia/commons/c/ca/1x1.png,Yes
Framed canvas — ver,"Personalised framed canvas from Pixora. Upload your photo, preview on a live product mockup, and we print and ship premium quality to your door. Ideal for home décor or gifting.",framed_canvas_wood_w14xt32-mm_600x600-mm_ver_black_652x652-mm_wood-fsc-2-cm_canvas_4-0_canvas-mounting,https://upload.wikimedia.org/wikipedia/commons/c/ca/1x1.png,Yes
Framed canvas — ver,"Personalised framed canvas from Pixora. Upload your photo, preview on a live product mockup, and we print and ship premium quality to your door. Ideal for home décor or gifting.",framed_canvas_wood_w14xt32-mm_600x600-mm_ver_dark-wood_652x652-mm_wood-fsc-2-cm_canvas_4-0_canvas-mounting,https://upload.wikimedia.org/wikipedia/commons/c/ca/1x1.png,Yes
Framed canvas — ver,"Personalised framed canvas from Pixora. Upload your photo, preview on a live product mockup, and we print and ship premium quality to your door. Ideal for home décor or gifting.",framed_canvas_wood_w14xt32-mm_600x600-mm_ver_natural-wood_652x652-mm_wood-fsc-2-cm_canvas_4-0_canvas-mounting,https://upload.wikimedia.org/wikipedia/commons/c/ca/1x1.png,Yes
Framed canvas — hor,"Personalised framed canvas from Pixora. Upload your photo, preview on a live product mockup, and we print and ship premium quality to your door. Ideal for home décor or gifting.",framed_canvas_wood_w14xt32-mm_600x750-mm_hor_black_652x802-mm_wood-fsc-2-cm_canvas_4-0_canvas-mounting,https://upload.wikimedia.org/wikipedia/commons/c/ca/1x1.png,Yes
Framed canvas — hor,"Personalised framed canvas from Pixora. Upload your photo, preview on a live product mockup, and we print and ship premium quality to your door. Ideal for home décor or gifting.",framed_canvas_wood_w14xt32-mm_600x750-mm_hor_dark-wood_652x802-mm_wood-fsc-2-cm_canvas_4-0_canvas-mounting,https://upload.wikimedia.org/wikipedia/commons/c/ca/1x1.png,Yes
Framed canvas — hor,"Personalised framed canvas from Pixora. Upload your photo, preview on a live product mockup, and we print and ship premium quality to your door. Ideal for home décor or gifting.",framed_canvas_wood_w14xt32-mm_600x750-mm_hor_natural-wood_652x802-mm_wood-fsc-2-cm_canvas_4-0_canvas-mounting,https://upload.wikimedia.org/wikipedia/commons/c/ca/1x1.png,Yes
Framed canvas — ver,"Personalised framed canvas from Pixora. Upload your photo, preview on a live product mockup, and we print and ship premium quality to your door. Ideal for home décor or gifting.",framed_canvas_wood_w14xt32-mm_600x750-mm_ver_black_652x802-mm_wood-fsc-2-cm_canvas_4-0_canvas-mounting,https://upload.wikimedia.org/wikipedia/commons/c/ca/1x1.png,Yes
Framed canvas — ver,"Personalised framed canvas from Pixora. Upload your photo, preview on a live product mockup, and we print and ship premium quality to your door. Ideal for home décor or gifting.",framed_canvas_wood_w14xt32-mm_600x750-mm_ver_dark-wood_652x802-mm_wood-fsc-2-cm_canvas_4-0_canvas-mounting,https://upload.wikimedia.org/wikipedia/commons/c/ca/1x1.png,Yes
Framed canvas — ver,"Personalised framed canvas from Pixora. Upload your photo, preview on a live product mockup, and we print and ship premium quality to your door. Ideal for home décor or gifting.",framed_canvas_wood_w14xt32-mm_600x750-mm_ver_natural-wood_652x802-mm_wood-fsc-2-cm_canvas_4-0_canvas-mounting,https://upload.wikimedia.org/wikipedia/commons/c/ca/1x1.png,Yes
Framed canvas — hor,"Personalised framed canvas from Pixora. Upload your photo, preview on a live product mockup, and we print and ship premium quality to your door. Ideal for home décor or gifting.",framed_canvas_wood_w14xt32-mm_600x800-mm_hor_black_652x852-mm_wood-fsc-2-cm_canvas_4-0_canvas-mounting,https://upload.wikimedia.org/wikipedia/commons/c/ca/1x1.png,Yes
Framed canvas — hor,"Personalised framed canvas from Pixora. Upload your photo, preview on a live product mockup, and we print and ship premium quality to your door. Ideal for home décor or gifting.",framed_canvas_wood_w14xt32-mm_600x800-mm_hor_dark-wood_652x852-mm_wood-fsc-2-cm_canvas_4-0_canvas-mounting,https://upload.wikimedia.org/wikipedia/commons/c/ca/1x1.png,Yes
Framed canvas — hor,"Personalised framed canvas from Pixora. Upload your photo, preview on a live product mockup, and we print and ship premium quality to your door. Ideal for home décor or gifting.",framed_canvas_wood_w14xt32-mm_600x800-mm_hor_natural-wood_652x852-mm_wood-fsc-2-cm_canvas_4-0_canvas-mounting,https://upload.wikimedia.org/wikipedia/commons/c/ca/1x1.png,Yes
Framed canvas — ver,"Personalised framed canvas from Pixora. Upload your photo, preview on a live product mockup, and we print and ship premium quality to your door. Ideal for home décor or gifting.",framed_canvas_wood_w14xt32-mm_600x800-mm_ver_black_652x852-mm_wood-fsc-2-cm_canvas_4-0_canvas-mounting,https://upload.wikimedia.org/wikipedia/commons/c/ca/1x1.png,Yes
Framed canvas — ver,"Personalised framed canvas from Pixora. Upload your photo, preview on a live product mockup, and we print and ship premium quality to your door. Ideal for home décor or gifting.",framed_canvas_wood_w14xt32-mm_600x800-mm_ver_dark-wood_652x852-mm_wood-fsc-2-cm_canvas_4-0_canvas-mounting,https://upload.wikimedia.org/wikipedia/commons/c/ca/1x1.png,Yes
Framed canvas — ver,"Personalised framed canvas from Pixora. Upload your photo, preview on a live product mockup, and we print and ship premium quality to your door. Ideal for home décor or gifting.",framed_canvas_wood_w14xt32-mm_600x800-mm_ver_natural-wood_652x852-mm_wood-fsc-2-cm_canvas_4-0_canvas-mounting,https://upload.wikimedia.org/wikipedia/commons/c/ca/1x1.png,Yes
Framed canvas — hor,"Personalised framed canvas from Pixora. Upload your photo, preview on a live product mockup, and we print and ship premium quality to your door. Ideal for home décor or gifting.",framed_canvas_wood_w14xt32-mm_600x900-mm_hor_black_652x952-mm_wood-fsc-2-cm_canvas_4-0_canvas-mounting,https://upload.wikimedia.org/wikipedia/commons/c/ca/1x1.png,Yes
Framed canvas — hor,"Personalised framed canvas from Pixora. Upload your photo, preview on a live product mockup, and we print and ship premium quality to your door. Ideal for home décor or gifting.",framed_canvas_wood_w14xt32-mm_600x900-mm_hor_dark-wood_652x952-mm_wood-fsc-2-cm_canvas_4-0_canvas-mounting,https://upload.wikimedia.org/wikipedia/commons/c/ca/1x1.png,Yes
Framed canvas — hor,"Personalised framed canvas from Pixora. Upload your photo, preview on a live product mockup, and we print and ship premium quality to your door. Ideal for home décor or gifting.",framed_canvas_wood_w14xt32-mm_600x900-mm_hor_natural-wood_652x952-mm_wood-fsc-2-cm_canvas_4-0_canvas-mounting,https://upload.wikimedia.org/wikipedia/commons/c/ca/1x1.png,Yes
Framed canvas — ver,"Personalised framed canvas from Pixora. Upload your photo, preview on a live product mockup, and we print and ship premium quality to your door. Ideal for home décor or gifting.",framed_canvas_wood_w14xt32-mm_600x900-mm_ver_black_652x952-mm_wood-fsc-2-cm_canvas_4-0_canvas-mounting,https://upload.wikimedia.org/wikipedia/commons/c/ca/1x1.png,Yes
Framed canvas — ver,"Personalised framed canvas from Pixora. Upload your photo, preview on a live product mockup, and we print and ship premium quality to your door. Ideal for home décor or gifting.",framed_canvas_wood_w14xt32-mm_600x900-mm_ver_dark-wood_652x952-mm_wood-fsc-2-cm_canvas_4-0_canvas-mounting,https://upload.wikimedia.org/wikipedia/commons/c/ca/1x1.png,Yes
Framed canvas — ver,"Personalised framed canvas from Pixora. Upload your photo, preview on a live product mockup, and we print and ship premium quality to your door. Ideal for home décor or gifting.",framed_canvas_wood_w14xt32-mm_600x900-mm_ver_natural-wood_652x952-mm_wood-fsc-2-cm_canvas_4-0_canvas-mounting,https://upload.wikimedia.org/wikipedia/commons/c/ca/1x1.png,Yes
Framed canvas — hor,"Personalised framed canvas from Pixora. Upload your photo, preview on a live product mockup, and we print and ship premium quality to your door. Ideal for home décor or gifting.",framed_canvas_wood_w14xt32-mm_700x1000-mm_hor_black_752x1052-mm_wood-fsc-2-cm_canvas_4-0_canvas-mounting,https://upload.wikimedia.org/wikipedia/commons/c/ca/1x1.png,Yes
Framed canvas — hor,"Personalised framed canvas from Pixora. Upload your photo, preview on a live product mockup, and we print and ship premium quality to your door. Ideal for home décor or gifting.",framed_canvas_wood_w14xt32-mm_700x1000-mm_hor_dark-wood_752x1052-mm_wood-fsc-2-cm_canvas_4-0_canvas-mounting,https://upload.wikimedia.org/wikipedia/commons/c/ca/1x1.png,Yes
Framed canvas — hor,"Personalised framed canvas from Pixora. Upload your photo, preview on a live product mockup, and we print and ship premium quality to your door. Ideal for home décor or gifting.",framed_canvas_wood_w14xt32-mm_700x1000-mm_hor_natural-wood_752x1052-mm_wood-fsc-2-cm_canvas_4-0_canvas-mounting,https://upload.wikimedia.org/wikipedia/commons/c/ca/1x1.png,Yes
Framed canvas — ver,"Personalised framed canvas from Pixora. Upload your photo, preview on a live product mockup, and we print and ship premium quality to your door. Ideal for home décor or gifting.",framed_canvas_wood_w14xt32-mm_700x1000-mm_ver_black_752x1052-mm_wood-fsc-2-cm_canvas_4-0_canvas-mounting,https://upload.wikimedia.org/wikipedia/commons/c/ca/1x1.png,Yes
Framed canvas — ver,"Personalised framed canvas from Pixora. Upload your photo, preview on a live product mockup, and we print and ship premium quality to your door. Ideal for home décor or gifting.",framed_canvas_wood_w14xt32-mm_700x1000-mm_ver_dark-wood_752x1052-mm_wood-fsc-2-cm_canvas_4-0_canvas-mounting,https://upload.wikimedia.org/wikipedia/commons/c/ca/1x1.png,Yes
Framed canvas — ver,"Personalised framed canvas from Pixora. Upload your photo, preview on a live product mockup, and we print and ship premium quality to your door. Ideal for home décor or gifting.",framed_canvas_wood_w14xt32-mm_700x1000-mm_ver_natural-wood_752x1052-mm_wood-fsc-2-cm_canvas_4-0_canvas-mounting,https://upload.wikimedia.org/wikipedia/commons/c/ca/1x1.png,Yes
Framed canvas — hor,"Personalised framed canvas from Pixora. Upload your photo, preview on a live product mockup, and we print and ship premium quality to your door. Ideal for home décor or gifting.",framed_canvas_wood_w14xt32-mm_8x10-inch_hor_black_10x12-inch_wood-fsc-2-cm_canvas_4-0_canvas-mounting,https://upload.wikimedia.org/wikipedia/commons/c/ca/1x1.png,Yes
Framed canvas — hor,"Personalised framed canvas from Pixora. Upload your photo, preview on a live product mockup, and we print and ship premium quality to your door. Ideal for home décor or gifting.",framed_canvas_wood_w14xt32-mm_8x10-inch_hor_dark-wood_10x12-inch_wood-fsc-2-cm_canvas_4-0_canvas-mounting,https://upload.wikimedia.org/wikipedia/commons/c/ca/1x1.png,Yes
Framed canvas — hor,"Personalised framed canvas from Pixora. Upload your photo, preview on a live product mockup, and we print and ship premium quality to your door. Ideal for home décor or gifting.",framed_canvas_wood_w14xt32-mm_8x10-inch_hor_natural-wood_10x12-inch_wood-fsc-2-cm_canvas_4-0_canvas-mounting,https://upload.wikimedia.org/wikipedia/commons/c/ca/1x1.png,Yes
Framed canvas — ver,"Personalised framed canvas from Pixora. Upload your photo, preview on a live product mockup, and we print and ship premium quality to your door. Ideal for home décor or gifting.",framed_canvas_wood_w14xt32-mm_8x10-inch_ver_black_10x12-inch_wood-fsc-2-cm_canvas_4-0_canvas-mounting,https://upload.wikimedia.org/wikipedia/commons/c/ca/1x1.png,Yes
Framed canvas — ver,"Personalised framed canvas from Pixora. Upload your photo, preview on a live product mockup, and we print and ship premium quality to your door. Ideal for home décor or gifting.",framed_canvas_wood_w14xt32-mm_8x10-inch_ver_dark-wood_10x12-inch_wood-fsc-2-cm_canvas_4-0_canvas-mounting,https://upload.wikimedia.org/wikipedia/commons/c/ca/1x1.png,Yes
Framed canvas — ver,"Personalised framed canvas from Pixora. Upload your photo, preview on a live product mockup, and we print and ship premium quality to your door. Ideal for home décor or gifting.",framed_canvas_wood_w14xt32-mm_8x10-inch_ver_natural-wood_10x12-inch_wood-fsc-2-cm_canvas_4-0_canvas-mounting,https://upload.wikimedia.org/wikipedia/commons/c/ca/1x1.png,Yes
Framed canvas — hor,"Personalised framed canvas from Pixora. Upload your photo, preview on a live product mockup, and we print and ship premium quality to your door. Ideal for home décor or gifting.",framed_canvas_wood_w14xt32-mm_8x12-inch_hor_black_10x14-inch_wood-fsc-2-cm_canvas_4-0_canvas-mounting,https://upload.wikimedia.org/wikipedia/commons/c/ca/1x1.png,Yes
Framed canvas — hor,"Personalised framed canvas from Pixora. Upload your photo, preview on a live product mockup, and we print and ship premium quality to your door. Ideal for home décor or gifting.",framed_canvas_wood_w14xt32-mm_8x12-inch_hor_dark-wood_10x14-inch_wood-fsc-2-cm_canvas_4-0_canvas-mounting,https://upload.wikimedia.org/wikipedia/commons/c/ca/1x1.png,Yes
Framed canvas — hor,"Personalised framed canvas from Pixora. Upload your photo, preview on a live product mockup, and we print and ship premium quality to your door. Ideal for home décor or gifting.",framed_canvas_wood_w14xt32-mm_8x12-inch_hor_natural-wood_10x14-inch_wood-fsc-2-cm_canvas_4-0_canvas-mounting,https://upload.wikimedia.org/wikipedia/commons/c/ca/1x1.png,Yes
Framed canvas — ver,"Personalised framed canvas from Pixora. Upload your photo, preview on a live product mockup, and we print and ship premium quality to your door. Ideal for home décor or gifting.",framed_canvas_wood_w14xt32-mm_8x12-inch_ver_black_10x14-inch_wood-fsc-2-cm_canvas_4-0_canvas-mounting,https://upload.wikimedia.org/wikipedia/commons/c/ca/1x1.png,Yes
Framed canvas — ver,"Personalised framed canvas from Pixora. Upload your photo, preview on a live product mockup, and we print and ship premium quality to your door. Ideal for home décor or gifting.",framed_canvas_wood_w14xt32-mm_8x12-inch_ver_dark-wood_10x14-inch_wood-fsc-2-cm_canvas_4-0_canvas-mounting,https://upload.wikimedia.org/wikipedia/commons/c/ca/1x1.png,Yes
Framed canvas — ver,"Personalised framed canvas from Pixora. Upload your photo, preview on a live product mockup, and we print and ship premium quality to your door. Ideal for home décor or gifting.",framed_canvas_wood_w14xt32-mm_8x12-inch_ver_natural-wood_10x14-inch_wood-fsc-2-cm_canvas_4-0_canvas-mounting,https://upload.wikimedia.org/wikipedia/commons/c/ca/1x1.png,Yes
Framed canvas — hor,"Personalised framed canvas from Pixora. Upload your photo, preview on a live product mockup, and we print and ship premium quality to your door. Ideal for home décor or gifting.",framed_canvas_wood_w14xt32-mm_8x24-inch_hor_black_10x26-inch_wood-fsc-2-cm_canvas_4-0_canvas-mounting,https://upload.wikimedia.org/wikipedia/commons/c/ca/1x1.png,Yes
Framed canvas — hor,"Personalised framed canvas from Pixora. Upload your photo, preview on a live product mockup, and we print and ship premium quality to your door. Ideal for home décor or gifting.",framed_canvas_wood_w14xt32-mm_8x24-inch_hor_dark-wood_10x26-inch_wood-fsc-2-cm_canvas_4-0_canvas-mounting,https://upload.wikimedia.org/wikipedia/commons/c/ca/1x1.png,Yes
Framed canvas — hor,"Personalised framed canvas from Pixora. Upload your photo, preview on a live product mockup, and we print and ship premium quality to your door. Ideal for home décor or gifting.",framed_canvas_wood_w14xt32-mm_8x24-inch_hor_natural-wood_10x26-inch_wood-fsc-2-cm_canvas_4-0_canvas-mounting,https://upload.wikimedia.org/wikipedia/commons/c/ca/1x1.png,Yes
Framed canvas — ver,"Personalised framed canvas from Pixora. Upload your photo, preview on a live product mockup, and we print and ship premium quality to your door. Ideal for home décor or gifting.",framed_canvas_wood_w14xt32-mm_8x24-inch_ver_black_10x26-inch_wood-fsc-2-cm_canvas_4-0_canvas-mounting,https://upload.wikimedia.org/wikipedia/commons/c/ca/1x1.png,Yes
Framed canvas — ver,"Personalised framed canvas from Pixora. Upload your photo, preview on a live product mockup, and we print and ship premium quality to your door. Ideal for home décor or gifting.",framed_canvas_wood_w14xt32-mm_8x24-inch_ver_dark-wood_10x26-inch_wood-fsc-2-cm_canvas_4-0_canvas-mounting,https://upload.wikimedia.org/wikipedia/commons/c/ca/1x1.png,Yes
Framed canvas — ver,"Personalised framed canvas from Pixora. Upload your photo, preview on a live product mockup, and we print and ship premium quality to your door. Ideal for home décor or gifting.",framed_canvas_wood_w14xt32-mm_8x24-inch_ver_natural-wood_10x26-inch_wood-fsc-2-cm_canvas_4-0_canvas-mounting,https://upload.wikimedia.org/wikipedia/commons/c/ca/1x1.png,Yes
Framed canvas — hor,"Personalised framed canvas from Pixora. Upload your photo, preview on a live product mockup, and we print and ship premium quality to your door. Ideal for home décor or gifting.",framed_canvas_wood_w14xt32-mm_8x8-inch_hor_black_10x10-inch_wood-fsc-2-cm_canvas_4-0_canvas-mounting,https://upload.wikimedia.org/wikipedia/commons/c/ca/1x1.png,Yes
Framed canvas — hor,"Personalised framed canvas from Pixora. Upload your photo, preview on a live product mockup, and we print and ship premium quality to your door. Ideal for home décor or gifting.",framed_canvas_wood_w14xt32-mm_8x8-inch_hor_dark-wood_10x10-inch_wood-fsc-2-cm_canvas_4-0_canvas-mounting,https://upload.wikimedia.org/wikipedia/commons/c/ca/1x1.png,Yes
Framed canvas — hor,"Personalised framed canvas from Pixora. Upload your photo, preview on a live product mockup, and we print and ship premium quality to your door. Ideal for home décor or gifting.",framed_canvas_wood_w14xt32-mm_8x8-inch_hor_natural-wood_10x10-inch_wood-fsc-2-cm_canvas_4-0_canvas-mounting,https://upload.wikimedia.org/wikipedia/commons/c/ca/1x1.png,Yes
Framed canvas — ver,"Personalised framed canvas from Pixora. Upload your photo, preview on a live product mockup, and we print and ship premium quality to your door. Ideal for home décor or gifting.",framed_canvas_wood_w14xt32-mm_8x8-inch_ver_black_10x10-inch_wood-fsc-2-cm_canvas_4-0_canvas-mounting,https://upload.wikimedia.org/wikipedia/commons/c/ca/1x1.png,Yes
Framed canvas — ver,"Personalised framed canvas from Pixora. Upload your photo, preview on a live product mockup, and we print and ship premium quality to your door. Ideal for home décor or gifting.",framed_canvas_wood_w14xt32-mm_8x8-inch_ver_dark-wood_10x10-inch_wood-fsc-2-cm_canvas_4-0_canvas-mounting,https://upload.wikimedia.org/wikipedia/commons/c/ca/1x1.png,Yes
Framed canvas — ver,"Personalised framed canvas from Pixora. Upload your photo, preview on a live product mockup, and we print and ship premium quality to your door. Ideal for home décor or gifting.",framed_canvas_wood_w14xt32-mm_8x8-inch_ver_natural-wood_10x10-inch_wood-fsc-2-cm_canvas_4-0_canvas-mounting,https://upload.wikimedia.org/wikipedia/commons/c/ca/1x1.png,Yes
Framed canvas — hor,"Personalised framed canvas from Pixora. Upload your photo, preview on a live product mockup, and we print and ship premium quality to your door. Ideal for home décor or gifting.",framed_canvas_wood_w14xt42-mm_11x14-inch_hor_black_13x16-inch_wood-fsc-3-cm_canvas_4-0_canvas-mounting,https://upload.wikimedia.org/wikipedia/commons/c/ca/1x1.png,Yes
Framed canvas — hor,"Personalised framed canvas from Pixora. Upload your photo, preview on a live product mockup, and we print and ship premium quality to your door. Ideal for home décor or gifting.",framed_canvas_wood_w14xt42-mm_11x14-inch_hor_dark-wood_13x16-inch_wood-fsc-3-cm_canvas_4-0_canvas-mounting,https://upload.wikimedia.org/wikipedia/commons/c/ca/1x1.png,Yes
Framed canvas — hor,"Personalised framed canvas from Pixora. Upload your photo, preview on a live product mockup, and we print and ship premium quality to your door. Ideal for home décor or gifting.",framed_canvas_wood_w14xt42-mm_11x14-inch_hor_natural-wood_13x16-inch_wood-fsc-3-cm_canvas_4-0_canvas-mounting,https://upload.wikimedia.org/wikipedia/commons/c/ca/1x1.png,Yes
Framed canvas — ver,"Personalised framed canvas from Pixora. Upload your photo, preview on a live product mockup, and we print and ship premium quality to your door. Ideal for home décor or gifting.",framed_canvas_wood_w14xt42-mm_11x14-inch_ver_black_13x16-inch_wood-fsc-3-cm_canvas_4-0_canvas-mounting,https://upload.wikimedia.org/wikipedia/commons/c/ca/1x1.png,Yes
Framed canvas — ver,"Personalised framed canvas from Pixora. Upload your photo, preview on a live product mockup, and we print and ship premium quality to your door. Ideal for home décor or gifting.",framed_canvas_wood_w14xt42-mm_11x14-inch_ver_dark-wood_13x16-inch_wood-fsc-3-cm_canvas_4-0_canvas-mounting,https://upload.wikimedia.org/wikipedia/commons/c/ca/1x1.png,Yes
Framed canvas — ver,"Personalised framed canvas from Pixora. Upload your photo, preview on a live product mockup, and we print and ship premium quality to your door. Ideal for home décor or gifting.",framed_canvas_wood_w14xt42-mm_11x14-inch_ver_natural-wood_13x16-inch_wood-fsc-3-cm_canvas_4-0_canvas-mounting,https://upload.wikimedia.org/wikipedia/commons/c/ca/1x1.png,Yes
Framed canvas — hor,"Personalised framed canvas from Pixora. Upload your photo, preview on a live product mockup, and we print and ship premium quality to your door. Ideal for home décor or gifting.",framed_canvas_wood_w14xt42-mm_12x12-inch_hor_black_14x14-inch_wood-fsc-3-cm_canvas_4-0_canvas-mounting,https://upload.wikimedia.org/wikipedia/commons/c/ca/1x1.png,Yes
Framed canvas — hor,"Personalised framed canvas from Pixora. Upload your photo, preview on a live product mockup, and we print and ship premium quality to your door. Ideal for home décor or gifting.",framed_canvas_wood_w14xt42-mm_12x12-inch_hor_dark-wood_14x14-inch_wood-fsc-3-cm_canvas_4-0_canvas-mounting,https://upload.wikimedia.org/wikipedia/commons/c/ca/1x1.png,Yes
Framed canvas — hor,"Personalised framed canvas from Pixora. Upload your photo, preview on a live product mockup, and we print and ship premium quality to your door. Ideal for home décor or gifting.",framed_canvas_wood_w14xt42-mm_12x12-inch_hor_natural-wood_14x14-inch_wood-fsc-3-cm_canvas_4-0_canvas-mounting,https://upload.wikimedia.org/wikipedia/commons/c/ca/1x1.png,Yes
Framed canvas — ver,"Personalised framed canvas from Pixora. Upload your photo, preview on a live product mockup, and we print and ship premium quality to your door. Ideal for home décor or gifting.",framed_canvas_wood_w14xt42-mm_12x12-inch_ver_black_14x14-inch_wood-fsc-3-cm_canvas_4-0_canvas-mounting,https://upload.wikimedia.org/wikipedia/commons/c/ca/1x1.png,Yes
Framed canvas — ver,"Personalised framed canvas from Pixora. Upload your photo, preview on a live product mockup, and we print and ship premium quality to your door. Ideal for home décor or gifting.",framed_canvas_wood_w14xt42-mm_12x12-inch_ver_dark-wood_14x14-inch_wood-fsc-3-cm_canvas_4-0_canvas-mounting,https://upload.wikimedia.org/wikipedia/commons/c/ca/1x1.png,Yes
Framed canvas — ver,"Personalised framed canvas from Pixora. Upload your photo, preview on a live product mockup, and we print and ship premium quality to your door. Ideal for home décor or gifting.",framed_canvas_wood_w14xt42-mm_12x12-inch_ver_natural-wood_14x14-inch_wood-fsc-3-cm_canvas_4-0_canvas-mounting,https://upload.wikimedia.org/wikipedia/commons/c/ca/1x1.png,Yes
Framed canvas — hor,"Personalised framed canvas from Pixora. Upload your photo, preview on a live product mockup, and we print and ship premium quality to your door. Ideal for home décor or gifting.",framed_canvas_wood_w14xt42-mm_12x16-inch_hor_black_14x18-inch_wood-fsc-3-cm_canvas_4-0_canvas-mounting,https://upload.wikimedia.org/wikipedia/commons/c/ca/1x1.png,Yes
Framed canvas — hor,"Personalised framed canvas from Pixora. Upload your photo, preview on a live product mockup, and we print and ship premium quality to your door. Ideal for home décor or gifting.",framed_canvas_wood_w14xt42-mm_12x16-inch_hor_dark-wood_14x18-inch_wood-fsc-3-cm_canvas_4-0_canvas-mounting,https://upload.wikimedia.org/wikipedia/commons/c/ca/1x1.png,Yes
Framed canvas — hor,"Personalised framed canvas from Pixora. Upload your photo, preview on a live product mockup, and we print and ship premium quality to your door. Ideal for home décor or gifting.",framed_canvas_wood_w14xt42-mm_12x16-inch_hor_natural-wood_14x18-inch_wood-fsc-3-cm_canvas_4-0_canvas-mounting,https://upload.wikimedia.org/wikipedia/commons/c/ca/1x1.png,Yes
Framed canvas — ver,"Personalised framed canvas from Pixora. Upload your photo, preview on a live product mockup, and we print and ship premium quality to your door. Ideal for home décor or gifting.",framed_canvas_wood_w14xt42-mm_12x16-inch_ver_black_14x18-inch_wood-fsc-3-cm_canvas_4-0_canvas-mounting,https://upload.wikimedia.org/wikipedia/commons/c/ca/1x1.png,Yes
Framed canvas — ver,"Personalised framed canvas from Pixora. Upload your photo, preview on a live product mockup, and we print and ship premium quality to your door. Ideal for home décor or gifting.",framed_canvas_wood_w14xt42-mm_12x16-inch_ver_dark-wood_14x18-inch_wood-fsc-3-cm_canvas_4-0_canvas-mounting,https://upload.wikimedia.org/wikipedia/commons/c/ca/1x1.png,Yes
Framed canvas — ver,"Personalised framed canvas from Pixora. Upload your photo, preview on a live product mockup, and we print and ship premium quality to your door. Ideal for home décor or gifting.",framed_canvas_wood_w14xt42-mm_12x16-inch_ver_natural-wood_14x18-inch_wood-fsc-3-cm_canvas_4-0_canvas-mounting,https://upload.wikimedia.org/wikipedia/commons/c/ca/1x1.png,Yes
Framed canvas — hor,"Personalised framed canvas from Pixora. Upload your photo, preview on a live product mockup, and we print and ship premium quality to your door. Ideal for home décor or gifting.",framed_canvas_wood_w14xt42-mm_12x18-inch_hor_black_14x20-inch_wood-fsc-3-cm_canvas_4-0_canvas-mounting,https://upload.wikimedia.org/wikipedia/commons/c/ca/1x1.png,Yes
Framed canvas — hor,"Personalised framed canvas from Pixora. Upload your photo, preview on a live product mockup, and we print and ship premium quality to your door. Ideal for home décor or gifting.",framed_canvas_wood_w14xt42-mm_12x18-inch_hor_dark-wood_14x20-inch_wood-fsc-3-cm_canvas_4-0_canvas-mounting,https://upload.wikimedia.org/wikipedia/commons/c/ca/1x1.png,Yes
Framed canvas — hor,"Personalised framed canvas from Pixora. Upload your photo, preview on a live product mockup, and we print and ship premium quality to your door. Ideal for home décor or gifting.",framed_canvas_wood_w14xt42-mm_12x18-inch_hor_natural-wood_14x20-inch_wood-fsc-3-cm_canvas_4-0_canvas-mounting,https://upload.wikimedia.org/wikipedia/commons/c/ca/1x1.png,Yes
Framed canvas — ver,"Personalised framed canvas from Pixora. Upload your photo, preview on a live product mockup, and we print and ship premium quality to your door. Ideal for home décor or gifting.",framed_canvas_wood_w14xt42-mm_12x18-inch_ver_black_14x20-inch_wood-fsc-3-cm_canvas_4-0_canvas-mounting,https://upload.wikimedia.org/wikipedia/commons/c/ca/1x1.png,Yes
Framed canvas — ver,"Personalised framed canvas from Pixora. Upload your photo, preview on a live product mockup, and we print and ship premium quality to your door. Ideal for home décor or gifting.",framed_canvas_wood_w14xt42-mm_12x18-inch_ver_dark-wood_14x20-inch_wood-fsc-3-cm_canvas_4-0_canvas-mounting,https://upload.wikimedia.org/wikipedia/commons/c/ca/1x1.png,Yes
Framed canvas — ver,"Personalised framed canvas from Pixora. Upload your photo, preview on a live product mockup, and we print and ship premium quality to your door. Ideal for home décor or gifting.",framed_canvas_wood_w14xt42-mm_12x18-inch_ver_natural-wood_14x20-inch_wood-fsc-3-cm_canvas_4-0_canvas-mounting,https://upload.wikimedia.org/wikipedia/commons/c/ca/1x1.png,Yes
Framed canvas — hor,"Personalised framed canvas from Pixora. Upload your photo, preview on a live product mockup, and we print and ship premium quality to your door. Ideal for home décor or gifting.",framed_canvas_wood_w14xt42-mm_12x24-inch_hor_black_14x26-inch_wood-fsc-3-cm_canvas_4-0_canvas-mounting,https://upload.wikimedia.org/wikipedia/commons/c/ca/1x1.png,Yes
Framed canvas — hor,"Personalised framed canvas from Pixora. Upload your photo, preview on a live product mockup, and we print and ship premium quality to your door. Ideal for home décor or gifting.",framed_canvas_wood_w14xt42-mm_12x24-inch_hor_dark-wood_14x26-inch_wood-fsc-3-cm_canvas_4-0_canvas-mounting,https://upload.wikimedia.org/wikipedia/commons/c/ca/1x1.png,Yes
Framed canvas — hor,"Personalised framed canvas from Pixora. Upload your photo, preview on a live product mockup, and we print and ship premium quality to your door. Ideal for home décor or gifting.",framed_canvas_wood_w14xt42-mm_12x24-inch_hor_natural-wood_14x26-inch_wood-fsc-3-cm_canvas_4-0_canvas-mounting,https://upload.wikimedia.org/wikipedia/commons/c/ca/1x1.png,Yes
Framed canvas — ver,"Personalised framed canvas from Pixora. Upload your photo, preview on a live product mockup, and we print and ship premium quality to your door. Ideal for home décor or gifting.",framed_canvas_wood_w14xt42-mm_12x24-inch_ver_black_14x26-inch_wood-fsc-3-cm_canvas_4-0_canvas-mounting,https://upload.wikimedia.org/wikipedia/commons/c/ca/1x1.png,Yes
Framed canvas — ver,"Personalised framed canvas from Pixora. Upload your photo, preview on a live product mockup, and we print and ship premium quality to your door. Ideal for home décor or gifting.",framed_canvas_wood_w14xt42-mm_12x24-inch_ver_dark-wood_14x26-inch_wood-fsc-3-cm_canvas_4-0_canvas-mounting,https://upload.wikimedia.org/wikipedia/commons/c/ca/1x1.png,Yes
Framed canvas — ver,"Personalised framed canvas from Pixora. Upload your photo, preview on a live product mockup, and we print and ship premium quality to your door. Ideal for home décor or gifting.",framed_canvas_wood_w14xt42-mm_12x24-inch_ver_natural-wood_14x26-inch_wood-fsc-3-cm_canvas_4-0_canvas-mounting,https://upload.wikimedia.org/wikipedia/commons/c/ca/1x1.png,Yes
Framed canvas — hor,"Personalised framed canvas from Pixora. Upload your photo, preview on a live product mockup, and we print and ship premium quality to your door. Ideal for home décor or gifting.",framed_canvas_wood_w14xt42-mm_12x36-inch_hor_black_14x38-inch_wood-fsc-3-cm_canvas_4-0_canvas-mounting,https://upload.wikimedia.org/wikipedia/commons/c/ca/1x1.png,Yes
Framed canvas — hor,"Personalised framed canvas from Pixora. Upload your photo, preview on a live product mockup, and we print and ship premium quality to your door. Ideal for home décor or gifting.",framed_canvas_wood_w14xt42-mm_12x36-inch_hor_dark-wood_14x38-inch_wood-fsc-3-cm_canvas_4-0_canvas-mounting,https://upload.wikimedia.org/wikipedia/commons/c/ca/1x1.png,Yes
Framed canvas — hor,"Personalised framed canvas from Pixora. Upload your photo, preview on a live product mockup, and we print and ship premium quality to your door. Ideal for home décor or gifting.",framed_canvas_wood_w14xt42-mm_12x36-inch_hor_natural-wood_14x38-inch_wood-fsc-3-cm_canvas_4-0_canvas-mounting,https://upload.wikimedia.org/wikipedia/commons/c/ca/1x1.png,Yes
Framed canvas — ver,"Personalised framed canvas from Pixora. Upload your photo, preview on a live product mockup, and we print and ship premium quality to your door. Ideal for home décor or gifting.",framed_canvas_wood_w14xt42-mm_12x36-inch_ver_black_14x38-inch_wood-fsc-3-cm_canvas_4-0_canvas-mounting,https://upload.wikimedia.org/wikipedia/commons/c/ca/1x1.png,Yes
Framed canvas — ver,"Personalised framed canvas from Pixora. Upload your photo, preview on a live product mockup, and we print and ship premium quality to your door. Ideal for home décor or gifting.",framed_canvas_wood_w14xt42-mm_12x36-inch_ver_dark-wood_14x38-inch_wood-fsc-3-cm_canvas_4-0_canvas-mounting,https://upload.wikimedia.org/wikipedia/commons/c/ca/1x1.png,Yes
Framed canvas — ver,"Personalised framed canvas from Pixora. Upload your photo, preview on a live product mockup, and we print and ship premium quality to your door. Ideal for home décor or gifting.",framed_canvas_wood_w14xt42-mm_12x36-inch_ver_natural-wood_14x38-inch_wood-fsc-3-cm_canvas_4-0_canvas-mounting,https://upload.wikimedia.org/wikipedia/commons/c/ca/1x1.png,Yes
Framed canvas — hor,"Personalised framed canvas from Pixora. Upload your photo, preview on a live product mockup, and we print and ship premium quality to your door. Ideal for home décor or gifting.",framed_canvas_wood_w14xt42-mm_12x40-inch_hor_black_14x42-inch_wood-fsc-3-cm_canvas_4-0_canvas-mounting,https://upload.wikimedia.org/wikipedia/commons/c/ca/1x1.png,Yes
Framed canvas — hor,"Personalised framed canvas from Pixora. Upload your photo, preview on a live product mockup, and we print and ship premium quality to your door. Ideal for home décor or gifting.",framed_canvas_wood_w14xt42-mm_12x40-inch_hor_dark-wood_14x42-inch_wood-fsc-3-cm_canvas_4-0_canvas-mounting,https://upload.wikimedia.org/wikipedia/commons/c/ca/1x1.png,Yes
Framed canvas — hor,"Personalised framed canvas from Pixora. Upload your photo, preview on a live product mockup, and we print and ship premium quality to your door. Ideal for home décor or gifting.",framed_canvas_wood_w14xt42-mm_12x40-inch_hor_natural-wood_14x42-inch_wood-fsc-3-cm_canvas_4-0_canvas-mounting,https://upload.wikimedia.org/wikipedia/commons/c/ca/1x1.png,Yes
Framed canvas — ver,"Personalised framed canvas from Pixora. Upload your photo, preview on a live product mockup, and we print and ship premium quality to your door. Ideal for home décor or gifting.",framed_canvas_wood_w14xt42-mm_12x40-inch_ver_black_14x42-inch_wood-fsc-3-cm_canvas_4-0_canvas-mounting,https://upload.wikimedia.org/wikipedia/commons/c/ca/1x1.png,Yes
Framed canvas — ver,"Personalised framed canvas from Pixora. Upload your photo, preview on a live product mockup, and we print and ship premium quality to your door. Ideal for home décor or gifting.",framed_canvas_wood_w14xt42-mm_12x40-inch_ver_dark-wood_14x42-inch_wood-fsc-3-cm_canvas_4-0_canvas-mounting,https://upload.wikimedia.org/wikipedia/commons/c/ca/1x1.png,Yes
Framed canvas — ver,"Personalised framed canvas from Pixora. Upload your photo, preview on a live product mockup, and we print and ship premium quality to your door. Ideal for home décor or gifting.",framed_canvas_wood_w14xt42-mm_12x40-inch_ver_natural-wood_14x42-inch_wood-fsc-3-cm_canvas_4-0_canvas-mounting,https://upload.wikimedia.org/wikipedia/commons/c/ca/1x1.png,Yes
Framed canvas — hor,"Personalised framed canvas from Pixora. Upload your photo, preview on a live product mockup, and we print and ship premium quality to your door. Ideal for home décor or gifting.",framed_canvas_wood_w14xt42-mm_16x16-inch_hor_black_18x18-inch_wood-fsc-3-cm_canvas_4-0_canvas-mounting,https://upload.wikimedia.org/wikipedia/commons/c/ca/1x1.png,Yes
Framed canvas — hor,"Personalised framed canvas from Pixora. Upload your photo, preview on a live product mockup, and we print and ship premium quality to your door. Ideal for home décor or gifting.",framed_canvas_wood_w14xt42-mm_16x16-inch_hor_dark-wood_18x18-inch_wood-fsc-3-cm_canvas_4-0_canvas-mounting,https://upload.wikimedia.org/wikipedia/commons/c/ca/1x1.png,Yes
Framed canvas — hor,"Personalised framed canvas from Pixora. Upload your photo, preview on a live product mockup, and we print and ship premium quality to your door. Ideal for home décor or gifting.",framed_canvas_wood_w14xt42-mm_16x16-inch_hor_natural-wood_18x18-inch_wood-fsc-3-cm_canvas_4-0_canvas-mounting,https://upload.wikimedia.org/wikipedia/commons/c/ca/1x1.png,Yes
Framed canvas — ver,"Personalised framed canvas from Pixora. Upload your photo, preview on a live product mockup, and we print and ship premium quality to your door. Ideal for home décor or gifting.",framed_canvas_wood_w14xt42-mm_16x16-inch_ver_black_18x18-inch_wood-fsc-3-cm_canvas_4-0_canvas-mounting,https://upload.wikimedia.org/wikipedia/commons/c/ca/1x1.png,Yes
Framed canvas — ver,"Personalised framed canvas from Pixora. Upload your photo, preview on a live product mockup, and we print and ship premium quality to your door. Ideal for home décor or gifting.",framed_canvas_wood_w14xt42-mm_16x16-inch_ver_dark-wood_18x18-inch_wood-fsc-3-cm_canvas_4-0_canvas-mounting,https://upload.wikimedia.org/wikipedia/commons/c/ca/1x1.png,Yes
Framed canvas — ver,"Personalised framed canvas from Pixora. Upload your photo, preview on a live product mockup, and we print and ship premium quality to your door. Ideal for home décor or gifting.",framed_canvas_wood_w14xt42-mm_16x16-inch_ver_natural-wood_18x18-inch_wood-fsc-3-cm_canvas_4-0_canvas-mounting,https://upload.wikimedia.org/wikipedia/commons/c/ca/1x1.png,Yes
Framed canvas — hor,"Personalised framed canvas from Pixora. Upload your photo, preview on a live product mockup, and we print and ship premium quality to your door. Ideal for home décor or gifting.",framed_canvas_wood_w14xt42-mm_16x20-inch_hor_black_18x22-inch_wood-fsc-3-cm_canvas_4-0_canvas-mounting,https://upload.wikimedia.org/wikipedia/commons/c/ca/1x1.png,Yes
Framed canvas — hor,"Personalised framed canvas from Pixora. Upload your photo, preview on a live product mockup, and we print and ship premium quality to your door. Ideal for home décor or gifting.",framed_canvas_wood_w14xt42-mm_16x20-inch_hor_dark-wood_18x22-inch_wood-fsc-3-cm_canvas_4-0_canvas-mounting,https://upload.wikimedia.org/wikipedia/commons/c/ca/1x1.png,Yes
Framed canvas — hor,"Personalised framed canvas from Pixora. Upload your photo, preview on a live product mockup, and we print and ship premium quality to your door. Ideal for home décor or gifting.",framed_canvas_wood_w14xt42-mm_16x20-inch_hor_natural-wood_18x22-inch_wood-fsc-3-cm_canvas_4-0_canvas-mounting,https://upload.wikimedia.org/wikipedia/commons/c/ca/1x1.png,Yes
Framed canvas — ver,"Personalised framed canvas from Pixora. Upload your photo, preview on a live product mockup, and we print and ship premium quality to your door. Ideal for home décor or gifting.",framed_canvas_wood_w14xt42-mm_16x20-inch_ver_black_18x22-inch_wood-fsc-3-cm_canvas_4-0_canvas-mounting,https://upload.wikimedia.org/wikipedia/commons/c/ca/1x1.png,Yes
Framed canvas — ver,"Personalised framed canvas from Pixora. Upload your photo, preview on a live product mockup, and we print and ship premium quality to your door. Ideal for home décor or gifting.",framed_canvas_wood_w14xt42-mm_16x20-inch_ver_dark-wood_18x22-inch_wood-fsc-3-cm_canvas_4-0_canvas-mounting,https://upload.wikimedia.org/wikipedia/commons/c/ca/1x1.png,Yes
Framed canvas — ver,"Personalised framed canvas from Pixora. Upload your photo, preview on a live product mockup, and we print and ship premium quality to your door. Ideal for home décor or gifting.",framed_canvas_wood_w14xt42-mm_16x20-inch_ver_natural-wood_18x22-inch_wood-fsc-3-cm_canvas_4-0_canvas-mounting,https://upload.wikimedia.org/wikipedia/commons/c/ca/1x1.png,Yes
Framed canvas — hor,"Personalised framed canvas from Pixora. Upload your photo, preview on a live product mockup, and we print and ship premium quality to your door. Ideal for home décor or gifting.",framed_canvas_wood_w14xt42-mm_16x24-inch_hor_black_18x26-inch_wood-fsc-3-cm_canvas_4-0_canvas-mounting,https://upload.wikimedia.org/wikipedia/commons/c/ca/1x1.png,Yes
Framed canvas — hor,"Personalised framed canvas from Pixora. Upload your photo, preview on a live product mockup, and we print and ship premium quality to your door. Ideal for home décor or gifting.",framed_canvas_wood_w14xt42-mm_16x24-inch_hor_dark-wood_18x26-inch_wood-fsc-3-cm_canvas_4-0_canvas-mounting,https://upload.wikimedia.org/wikipedia/commons/c/ca/1x1.png,Yes
Framed canvas — hor,"Personalised framed canvas from Pixora. Upload your photo, preview on a live product mockup, and we print and ship premium quality to your door. Ideal for home décor or gifting.",framed_canvas_wood_w14xt42-mm_16x24-inch_hor_natural-wood_18x26-inch_wood-fsc-3-cm_canvas_4-0_canvas-mounting,https://upload.wikimedia.org/wikipedia/commons/c/ca/1x1.png,Yes
Framed canvas — ver,"Personalised framed canvas from Pixora. Upload your photo, preview on a live product mockup, and we print and ship premium quality to your door. Ideal for home décor or gifting.",framed_canvas_wood_w14xt42-mm_16x24-inch_ver_black_18x26-inch_wood-fsc-3-cm_canvas_4-0_canvas-mounting,https://upload.wikimedia.org/wikipedia/commons/c/ca/1x1.png,Yes
Framed canvas — ver,"Personalised framed canvas from Pixora. Upload your photo, preview on a live product mockup, and we print and ship premium quality to your door. Ideal for home décor or gifting.",framed_canvas_wood_w14xt42-mm_16x24-inch_ver_dark-wood_18x26-inch_wood-fsc-3-cm_canvas_4-0_canvas-mounting,https://upload.wikimedia.org/wikipedia/commons/c/ca/1x1.png,Yes
Framed canvas — ver,"Personalised framed canvas from Pixora. Upload your photo, preview on a live product mockup, and we print and ship premium quality to your door. Ideal for home décor or gifting.",framed_canvas_wood_w14xt42-mm_16x24-inch_ver_natural-wood_18x26-inch_wood-fsc-3-cm_canvas_4-0_canvas-mounting,https://upload.wikimedia.org/wikipedia/commons/c/ca/1x1.png,Yes
Framed canvas — hor,"Personalised framed canvas from Pixora. Upload your photo, preview on a live product mockup, and we print and ship premium quality to your door. Ideal for home décor or gifting.",framed_canvas_wood_w14xt42-mm_16x32-inch_hor_black_18x34-inch_wood-fsc-3-cm_canvas_4-0_canvas-mounting,https://upload.wikimedia.org/wikipedia/commons/c/ca/1x1.png,Yes
Framed canvas — hor,"Personalised framed canvas from Pixora. Upload your photo, preview on a live product mockup, and we print and ship premium quality to your door. Ideal for home décor or gifting.",framed_canvas_wood_w14xt42-mm_16x32-inch_hor_dark-wood_18x34-inch_wood-fsc-3-cm_canvas_4-0_canvas-mounting,https://upload.wikimedia.org/wikipedia/commons/c/ca/1x1.png,Yes
Framed canvas — hor,"Personalised framed canvas from Pixora. Upload your photo, preview on a live product mockup, and we print and ship premium quality to your door. Ideal for home décor or gifting.",framed_canvas_wood_w14xt42-mm_16x32-inch_hor_natural-wood_18x34-inch_wood-fsc-3-cm_canvas_4-0_canvas-mounting,https://upload.wikimedia.org/wikipedia/commons/c/ca/1x1.png,Yes
Framed canvas — ver,"Personalised framed canvas from Pixora. Upload your photo, preview on a live product mockup, and we print and ship premium quality to your door. Ideal for home décor or gifting.",framed_canvas_wood_w14xt42-mm_16x32-inch_ver_black_18x34-inch_wood-fsc-3-cm_canvas_4-0_canvas-mounting,https://upload.wikimedia.org/wikipedia/commons/c/ca/1x1.png,Yes
Framed canvas — ver,"Personalised framed canvas from Pixora. Upload your photo, preview on a live product mockup, and we print and ship premium quality to your door. Ideal for home décor or gifting.",framed_canvas_wood_w14xt42-mm_16x32-inch_ver_dark-wood_18x34-inch_wood-fsc-3-cm_canvas_4-0_canvas-mounting,https://upload.wikimedia.org/wikipedia/commons/c/ca/1x1.png,Yes
Framed canvas — ver,"Personalised framed canvas from Pixora. Upload your photo, preview on a live product mockup, and we print and ship premium quality to your door. Ideal for home décor or gifting.",framed_canvas_wood_w14xt42-mm_16x32-inch_ver_natural-wood_18x34-inch_wood-fsc-3-cm_canvas_4-0_canvas-mounting,https://upload.wikimedia.org/wikipedia/commons/c/ca/1x1.png,Yes
Framed canvas — hor,"Personalised framed canvas from Pixora. Upload your photo, preview on a live product mockup, and we print and ship premium quality to your door. Ideal for home décor or gifting.",framed_canvas_wood_w14xt42-mm_18x24-inch_hor_black_20x26-inch_wood-fsc-3-cm_canvas_4-0_canvas-mounting,https://upload.wikimedia.org/wikipedia/commons/c/ca/1x1.png,Yes
Framed canvas — hor,"Personalised framed canvas from Pixora. Upload your photo, preview on a live product mockup, and we print and ship premium quality to your door. Ideal for home décor or gifting.",framed_canvas_wood_w14xt42-mm_18x24-inch_hor_dark-wood_20x26-inch_wood-fsc-3-cm_canvas_4-0_canvas-mounting,https://upload.wikimedia.org/wikipedia/commons/c/ca/1x1.png,Yes
Framed canvas — hor,"Personalised framed canvas from Pixora. Upload your photo, preview on a live product mockup, and we print and ship premium quality to your door. Ideal for home décor or gifting.",framed_canvas_wood_w14xt42-mm_18x24-inch_hor_natural-wood_20x26-inch_wood-fsc-3-cm_canvas_4-0_canvas-mounting,https://upload.wikimedia.org/wikipedia/commons/c/ca/1x1.png,Yes
Framed canvas — ver,"Personalised framed canvas from Pixora. Upload your photo, preview on a live product mockup, and we print and ship premium quality to your door. Ideal for home décor or gifting.",framed_canvas_wood_w14xt42-mm_18x24-inch_ver_black_20x26-inch_wood-fsc-3-cm_canvas_4-0_canvas-mounting,https://upload.wikimedia.org/wikipedia/commons/c/ca/1x1.png,Yes
Framed canvas — ver,"Personalised framed canvas from Pixora. Upload your photo, preview on a live product mockup, and we print and ship premium quality to your door. Ideal for home décor or gifting.",framed_canvas_wood_w14xt42-mm_18x24-inch_ver_dark-wood_20x26-inch_wood-fsc-3-cm_canvas_4-0_canvas-mounting,https://upload.wikimedia.org/wikipedia/commons/c/ca/1x1.png,Yes
Framed canvas — ver,"Personalised framed canvas from Pixora. Upload your photo, preview on a live product mockup, and we print and ship premium quality to your door. Ideal for home décor or gifting.",framed_canvas_wood_w14xt42-mm_18x24-inch_ver_natural-wood_20x26-inch_wood-fsc-3-cm_canvas_4-0_canvas-mounting,https://upload.wikimedia.org/wikipedia/commons/c/ca/1x1.png,Yes
Framed canvas — hor,"Personalised framed canvas from Pixora. Upload your photo, preview on a live product mockup, and we print and ship premium quality to your door. Ideal for home décor or gifting.",framed_canvas_wood_w14xt42-mm_200x200-mm_hor_black_252x252-mm_wood-fsc-3-cm_canvas_4-0_canvas-mounting,https://upload.wikimedia.org/wikipedia/commons/c/ca/1x1.png,Yes
Framed canvas — hor,"Personalised framed canvas from Pixora. Upload your photo, preview on a live product mockup, and we print and ship premium quality to your door. Ideal for home décor or gifting.",framed_canvas_wood_w14xt42-mm_200x200-mm_hor_dark-wood_252x252-mm_wood-fsc-3-cm_canvas_4-0_canvas-mounting,https://upload.wikimedia.org/wikipedia/commons/c/ca/1x1.png,Yes
Framed canvas — hor,"Personalised framed canvas from Pixora. Upload your photo, preview on a live product mockup, and we print and ship premium quality to your door. Ideal for home décor or gifting.",framed_canvas_wood_w14xt42-mm_200x200-mm_hor_natural-wood_252x252-mm_wood-fsc-3-cm_canvas_4-0_canvas-mounting,https://upload.wikimedia.org/wikipedia/commons/c/ca/1x1.png,Yes
Framed canvas — ver,"Personalised framed canvas from Pixora. Upload your photo, preview on a live product mockup, and we print and ship premium quality to your door. Ideal for home décor or gifting.",framed_canvas_wood_w14xt42-mm_200x200-mm_ver_black_252x252-mm_wood-fsc-3-cm_canvas_4-0_canvas-mounting,https://upload.wikimedia.org/wikipedia/commons/c/ca/1x1.png,Yes
Framed canvas — ver,"Personalised framed canvas from Pixora. Upload your photo, preview on a live product mockup, and we print and ship premium quality to your door. Ideal for home décor or gifting.",framed_canvas_wood_w14xt42-mm_200x200-mm_ver_dark-wood_252x252-mm_wood-fsc-3-cm_canvas_4-0_canvas-mounting,https://upload.wikimedia.org/wikipedia/commons/c/ca/1x1.png,Yes
Framed canvas — ver,"Personalised framed canvas from Pixora. Upload your photo, preview on a live product mockup, and we print and ship premium quality to your door. Ideal for home décor or gifting.",framed_canvas_wood_w14xt42-mm_200x200-mm_ver_natural-wood_252x252-mm_wood-fsc-3-cm_canvas_4-0_canvas-mounting,https://upload.wikimedia.org/wikipedia/commons/c/ca/1x1.png,Yes
Framed canvas — hor,"Personalised framed canvas from Pixora. Upload your photo, preview on a live product mockup, and we print and ship premium quality to your door. Ideal for home décor or gifting.",framed_canvas_wood_w14xt42-mm_200x250-mm_hor_black_252x302-mm_wood-fsc-3-cm_canvas_4-0_canvas-mounting,https://upload.wikimedia.org/wikipedia/commons/c/ca/1x1.png,Yes
Framed canvas — hor,"Personalised framed canvas from Pixora. Upload your photo, preview on a live product mockup, and we print and ship premium quality to your door. Ideal for home décor or gifting.",framed_canvas_wood_w14xt42-mm_200x250-mm_hor_dark-wood_252x302-mm_wood-fsc-3-cm_canvas_4-0_canvas-mounting,https://upload.wikimedia.org/wikipedia/commons/c/ca/1x1.png,Yes
Framed canvas — hor,"Personalised framed canvas from Pixora. Upload your photo, preview on a live product mockup, and we print and ship premium quality to your door. Ideal for home décor or gifting.",framed_canvas_wood_w14xt42-mm_200x250-mm_hor_natural-wood_252x302-mm_wood-fsc-3-cm_canvas_4-0_canvas-mounting,https://upload.wikimedia.org/wikipedia/commons/c/ca/1x1.png,Yes
Framed canvas — ver,"Personalised framed canvas from Pixora. Upload your photo, preview on a live product mockup, and we print and ship premium quality to your door. Ideal for home décor or gifting.",framed_canvas_wood_w14xt42-mm_200x250-mm_ver_black_252x302-mm_wood-fsc-3-cm_canvas_4-0_canvas-mounting,https://upload.wikimedia.org/wikipedia/commons/c/ca/1x1.png,Yes
Framed canvas — ver,"Personalised framed canvas from Pixora. Upload your photo, preview on a live product mockup, and we print and ship premium quality to your door. Ideal for home décor or gifting.",framed_canvas_wood_w14xt42-mm_200x250-mm_ver_dark-wood_252x302-mm_wood-fsc-3-cm_canvas_4-0_canvas-mounting,https://upload.wikimedia.org/wikipedia/commons/c/ca/1x1.png,Yes
Framed canvas — ver,"Personalised framed canvas from Pixora. Upload your photo, preview on a live product mockup, and we print and ship premium quality to your door. Ideal for home décor or gifting.",framed_canvas_wood_w14xt42-mm_200x250-mm_ver_natural-wood_252x302-mm_wood-fsc-3-cm_canvas_4-0_canvas-mounting,https://upload.wikimedia.org/wikipedia/commons/c/ca/1x1.png,Yes
Framed canvas — hor,"Personalised framed canvas from Pixora. Upload your photo, preview on a live product mockup, and we print and ship premium quality to your door. Ideal for home décor or gifting.",framed_canvas_wood_w14xt42-mm_200x300-mm_hor_black_252x352-mm_wood-fsc-3-cm_canvas_4-0_canvas-mounting,https://upload.wikimedia.org/wikipedia/commons/c/ca/1x1.png,Yes
Framed canvas — hor,"Personalised framed canvas from Pixora. Upload your photo, preview on a live product mockup, and we print and ship premium quality to your door. Ideal for home décor or gifting.",framed_canvas_wood_w14xt42-mm_200x300-mm_hor_dark-wood_252x352-mm_wood-fsc-3-cm_canvas_4-0_canvas-mounting,https://upload.wikimedia.org/wikipedia/commons/c/ca/1x1.png,Yes
Framed canvas — hor,"Personalised framed canvas from Pixora. Upload your photo, preview on a live product mockup, and we print and ship premium quality to your door. Ideal for home décor or gifting.",framed_canvas_wood_w14xt42-mm_200x300-mm_hor_natural-wood_252x352-mm_wood-fsc-3-cm_canvas_4-0_canvas-mounting,https://upload.wikimedia.org/wikipedia/commons/c/ca/1x1.png,Yes
Framed canvas — ver,"Personalised framed canvas from Pixora. Upload your photo, preview on a live product mockup, and we print and ship premium quality to your door. Ideal for home décor or gifting.",framed_canvas_wood_w14xt42-mm_200x300-mm_ver_black_252x352-mm_wood-fsc-3-cm_canvas_4-0_canvas-mounting,https://upload.wikimedia.org/wikipedia/commons/c/ca/1x1.png,Yes
Framed canvas — ver,"Personalised framed canvas from Pixora. Upload your photo, preview on a live product mockup, and we print and ship premium quality to your door. Ideal for home décor or gifting.",framed_canvas_wood_w14xt42-mm_200x300-mm_ver_dark-wood_252x352-mm_wood-fsc-3-cm_canvas_4-0_canvas-mounting,https://upload.wikimedia.org/wikipedia/commons/c/ca/1x1.png,Yes
Framed canvas — ver,"Personalised framed canvas from Pixora. Upload your photo, preview on a live product mockup, and we print and ship premium quality to your door. Ideal for home décor or gifting.",framed_canvas_wood_w14xt42-mm_200x300-mm_ver_natural-wood_252x352-mm_wood-fsc-3-cm_canvas_4-0_canvas-mounting,https://upload.wikimedia.org/wikipedia/commons/c/ca/1x1.png,Yes
Framed canvas — hor,"Personalised framed canvas from Pixora. Upload your photo, preview on a live product mockup, and we print and ship premium quality to your door. Ideal for home décor or gifting.",framed_canvas_wood_w14xt42-mm_200x600-mm_hor_black_252x652-mm_wood-fsc-3-cm_canvas_4-0_canvas-mounting,https://upload.wikimedia.org/wikipedia/commons/c/ca/1x1.png,Yes
Framed canvas — hor,"Personalised framed canvas from Pixora. Upload your photo, preview on a live product mockup, and we print and ship premium quality to your door. Ideal for home décor or gifting.",framed_canvas_wood_w14xt42-mm_200x600-mm_hor_dark-wood_252x652-mm_wood-fsc-3-cm_canvas_4-0_canvas-mounting,https://upload.wikimedia.org/wikipedia/commons/c/ca/1x1.png,Yes
Framed canvas — hor,"Personalised framed canvas from Pixora. Upload your photo, preview on a live product mockup, and we print and ship premium quality to your door. Ideal for home décor or gifting.",framed_canvas_wood_w14xt42-mm_200x600-mm_hor_natural-wood_252x652-mm_wood-fsc-3-cm_canvas_4-0_canvas-mounting,https://upload.wikimedia.org/wikipedia/commons/c/ca/1x1.png,Yes
Framed canvas — ver,"Personalised framed canvas from Pixora. Upload your photo, preview on a live product mockup, and we print and ship premium quality to your door. Ideal for home décor or gifting.",framed_canvas_wood_w14xt42-mm_200x600-mm_ver_black_252x652-mm_wood-fsc-3-cm_canvas_4-0_canvas-mounting,https://upload.wikimedia.org/wikipedia/commons/c/ca/1x1.png,Yes
Framed canvas — ver,"Personalised framed canvas from Pixora. Upload your photo, preview on a live product mockup, and we print and ship premium quality to your door. Ideal for home décor or gifting.",framed_canvas_wood_w14xt42-mm_200x600-mm_ver_dark-wood_252x652-mm_wood-fsc-3-cm_canvas_4-0_canvas-mounting,https://upload.wikimedia.org/wikipedia/commons/c/ca/1x1.png,Yes
Framed canvas — ver,"Personalised framed canvas from Pixora. Upload your photo, preview on a live product mockup, and we print and ship premium quality to your door. Ideal for home décor or gifting.",framed_canvas_wood_w14xt42-mm_200x600-mm_ver_natural-wood_252x652-mm_wood-fsc-3-cm_canvas_4-0_canvas-mounting,https://upload.wikimedia.org/wikipedia/commons/c/ca/1x1.png,Yes
Framed canvas — hor,"Personalised framed canvas from Pixora. Upload your photo, preview on a live product mockup, and we print and ship premium quality to your door. Ideal for home décor or gifting.",framed_canvas_wood_w14xt42-mm_20x20-inch_hor_black_22x22-inch_wood-fsc-3-cm_canvas_4-0_canvas-mounting,https://upload.wikimedia.org/wikipedia/commons/c/ca/1x1.png,Yes
Framed canvas — hor,"Personalised framed canvas from Pixora. Upload your photo, preview on a live product mockup, and we print and ship premium quality to your door. Ideal for home décor or gifting.",framed_canvas_wood_w14xt42-mm_20x20-inch_hor_dark-wood_22x22-inch_wood-fsc-3-cm_canvas_4-0_canvas-mounting,https://upload.wikimedia.org/wikipedia/commons/c/ca/1x1.png,Yes
Framed canvas — hor,"Personalised framed canvas from Pixora. Upload your photo, preview on a live product mockup, and we print and ship premium quality to your door. Ideal for home décor or gifting.",framed_canvas_wood_w14xt42-mm_20x20-inch_hor_natural-wood_22x22-inch_wood-fsc-3-cm_canvas_4-0_canvas-mounting,https://upload.wikimedia.org/wikipedia/commons/c/ca/1x1.png,Yes
Framed canvas — ver,"Personalised framed canvas from Pixora. Upload your photo, preview on a live product mockup, and we print and ship premium quality to your door. Ideal for home décor or gifting.",framed_canvas_wood_w14xt42-mm_20x20-inch_ver_black_22x22-inch_wood-fsc-3-cm_canvas_4-0_canvas-mounting,https://upload.wikimedia.org/wikipedia/commons/c/ca/1x1.png,Yes
Framed canvas — ver,"Personalised framed canvas from Pixora. Upload your photo, preview on a live product mockup, and we print and ship premium quality to your door. Ideal for home décor or gifting.",framed_canvas_wood_w14xt42-mm_20x20-inch_ver_dark-wood_22x22-inch_wood-fsc-3-cm_canvas_4-0_canvas-mounting,https://upload.wikimedia.org/wikipedia/commons/c/ca/1x1.png,Yes
Framed canvas — ver,"Personalised framed canvas from Pixora. Upload your photo, preview on a live product mockup, and we print and ship premium quality to your door. Ideal for home décor or gifting.",framed_canvas_wood_w14xt42-mm_20x20-inch_ver_natural-wood_22x22-inch_wood-fsc-3-cm_canvas_4-0_canvas-mounting,https://upload.wikimedia.org/wikipedia/commons/c/ca/1x1.png,Yes
Framed canvas — hor,"Personalised framed canvas from Pixora. Upload your photo, preview on a live product mockup, and we print and ship premium quality to your door. Ideal for home décor or gifting.",framed_canvas_wood_w14xt42-mm_20x24-inch_hor_black_22x26-inch_wood-fsc-3-cm_canvas_4-0_canvas-mounting,https://upload.wikimedia.org/wikipedia/commons/c/ca/1x1.png,Yes
Framed canvas — hor,"Personalised framed canvas from Pixora. Upload your photo, preview on a live product mockup, and we print and ship premium quality to your door. Ideal for home décor or gifting.",framed_canvas_wood_w14xt42-mm_20x24-inch_hor_dark-wood_22x26-inch_wood-fsc-3-cm_canvas_4-0_canvas-mounting,https://upload.wikimedia.org/wikipedia/commons/c/ca/1x1.png,Yes
Framed canvas — hor,"Personalised framed canvas from Pixora. Upload your photo, preview on a live product mockup, and we print and ship premium quality to your door. Ideal for home décor or gifting.",framed_canvas_wood_w14xt42-mm_20x24-inch_hor_natural-wood_22x26-inch_wood-fsc-3-cm_canvas_4-0_canvas-mounting,https://upload.wikimedia.org/wikipedia/commons/c/ca/1x1.png,Yes
Framed canvas — ver,"Personalised framed canvas from Pixora. Upload your photo, preview on a live product mockup, and we print and ship premium quality to your door. Ideal for home décor or gifting.",framed_canvas_wood_w14xt42-mm_20x24-inch_ver_black_22x26-inch_wood-fsc-3-cm_canvas_4-0_canvas-mounting,https://upload.wikimedia.org/wikipedia/commons/c/ca/1x1.png,Yes
Framed canvas — ver,"Personalised framed canvas from Pixora. Upload your photo, preview on a live product mockup, and we print and ship premium quality to your door. Ideal for home décor or gifting.",framed_canvas_wood_w14xt42-mm_20x24-inch_ver_dark-wood_22x26-inch_wood-fsc-3-cm_canvas_4-0_canvas-mounting,https://upload.wikimedia.org/wikipedia/commons/c/ca/1x1.png,Yes
Framed canvas — ver,"Personalised framed canvas from Pixora. Upload your photo, preview on a live product mockup, and we print and ship premium quality to your door. Ideal for home décor or gifting.",framed_canvas_wood_w14xt42-mm_20x24-inch_ver_natural-wood_22x26-inch_wood-fsc-3-cm_canvas_4-0_canvas-mounting,https://upload.wikimedia.org/wikipedia/commons/c/ca/1x1.png,Yes
Framed canvas — hor,"Personalised framed canvas from Pixora. Upload your photo, preview on a live product mockup, and we print and ship premium quality to your door. Ideal for home décor or gifting.",framed_canvas_wood_w14xt42-mm_20x28-inch_hor_black_22x30-inch_wood-fsc-3-cm_canvas_4-0_canvas-mounting,https://upload.wikimedia.org/wikipedia/commons/c/ca/1x1.png,Yes
Framed canvas — hor,"Personalised framed canvas from Pixora. Upload your photo, preview on a live product mockup, and we print and ship premium quality to your door. Ideal for home décor or gifting.",framed_canvas_wood_w14xt42-mm_20x28-inch_hor_dark-wood_22x30-inch_wood-fsc-3-cm_canvas_4-0_canvas-mounting,https://upload.wikimedia.org/wikipedia/commons/c/ca/1x1.png,Yes
Framed canvas — hor,"Personalised framed canvas from Pixora. Upload your photo, preview on a live product mockup, and we print and ship premium quality to your door. Ideal for home décor or gifting.",framed_canvas_wood_w14xt42-mm_20x28-inch_hor_natural-wood_22x30-inch_wood-fsc-3-cm_canvas_4-0_canvas-mounting,https://upload.wikimedia.org/wikipedia/commons/c/ca/1x1.png,Yes
Framed canvas — ver,"Personalised framed canvas from Pixora. Upload your photo, preview on a live product mockup, and we print and ship premium quality to your door. Ideal for home décor or gifting.",framed_canvas_wood_w14xt42-mm_20x28-inch_ver_black_22x30-inch_wood-fsc-3-cm_canvas_4-0_canvas-mounting,https://upload.wikimedia.org/wikipedia/commons/c/ca/1x1.png,Yes
Framed canvas — ver,"Personalised framed canvas from Pixora. Upload your photo, preview on a live product mockup, and we print and ship premium quality to your door. Ideal for home décor or gifting.",framed_canvas_wood_w14xt42-mm_20x28-inch_ver_dark-wood_22x30-inch_wood-fsc-3-cm_canvas_4-0_canvas-mounting,https://upload.wikimedia.org/wikipedia/commons/c/ca/1x1.png,Yes
Framed canvas — ver,"Personalised framed canvas from Pixora. Upload your photo, preview on a live product mockup, and we print and ship premium quality to your door. Ideal for home décor or gifting.",framed_canvas_wood_w14xt42-mm_20x28-inch_ver_natural-wood_22x30-inch_wood-fsc-3-cm_canvas_4-0_canvas-mounting,https://upload.wikimedia.org/wikipedia/commons/c/ca/1x1.png,Yes
Framed canvas — hor,"Personalised framed canvas from Pixora. Upload your photo, preview on a live product mockup, and we print and ship premium quality to your door. Ideal for home décor or gifting.",framed_canvas_wood_w14xt42-mm_20x30-inch_hor_black_22x32-inch_wood-fsc-3-cm_canvas_4-0_canvas-mounting,https://upload.wikimedia.org/wikipedia/commons/c/ca/1x1.png,Yes
Framed canvas — hor,"Personalised framed canvas from Pixora. Upload your photo, preview on a live product mockup, and we print and ship premium quality to your door. Ideal for home décor or gifting.",framed_canvas_wood_w14xt42-mm_20x30-inch_hor_dark-wood_22x32-inch_wood-fsc-3-cm_canvas_4-0_canvas-mounting,https://upload.wikimedia.org/wikipedia/commons/c/ca/1x1.png,Yes
Framed canvas — hor,"Personalised framed canvas from Pixora. Upload your photo, preview on a live product mockup, and we print and ship premium quality to your door. Ideal for home décor or gifting.",framed_canvas_wood_w14xt42-mm_20x30-inch_hor_natural-wood_22x32-inch_wood-fsc-3-cm_canvas_4-0_canvas-mounting,https://upload.wikimedia.org/wikipedia/commons/c/ca/1x1.png,Yes
Framed canvas — ver,"Personalised framed canvas from Pixora. Upload your photo, preview on a live product mockup, and we print and ship premium quality to your door. Ideal for home décor or gifting.",framed_canvas_wood_w14xt42-mm_20x30-inch_ver_black_22x32-inch_wood-fsc-3-cm_canvas_4-0_canvas-mounting,https://upload.wikimedia.org/wikipedia/commons/c/ca/1x1.png,Yes
Framed canvas — ver,"Personalised framed canvas from Pixora. Upload your photo, preview on a live product mockup, and we print and ship premium quality to your door. Ideal for home décor or gifting.",framed_canvas_wood_w14xt42-mm_20x30-inch_ver_dark-wood_22x32-inch_wood-fsc-3-cm_canvas_4-0_canvas-mounting,https://upload.wikimedia.org/wikipedia/commons/c/ca/1x1.png,Yes
Framed canvas — ver,"Personalised framed canvas from Pixora. Upload your photo, preview on a live product mockup, and we print and ship premium quality to your door. Ideal for home décor or gifting.",framed_canvas_wood_w14xt42-mm_20x30-inch_ver_natural-wood_22x32-inch_wood-fsc-3-cm_canvas_4-0_canvas-mounting,https://upload.wikimedia.org/wikipedia/commons/c/ca/1x1.png,Yes
Framed canvas — hor,"Personalised framed canvas from Pixora. Upload your photo, preview on a live product mockup, and we print and ship premium quality to your door. Ideal for home décor or gifting.",framed_canvas_wood_w14xt42-mm_20x40-inch_hor_black_22x42-inch_wood-fsc-3-cm_canvas_4-0_canvas-mounting,https://upload.wikimedia.org/wikipedia/commons/c/ca/1x1.png,Yes
Framed canvas — hor,"Personalised framed canvas from Pixora. Upload your photo, preview on a live product mockup, and we print and ship premium quality to your door. Ideal for home décor or gifting.",framed_canvas_wood_w14xt42-mm_20x40-inch_hor_dark-wood_22x42-inch_wood-fsc-3-cm_canvas_4-0_canvas-mounting,https://upload.wikimedia.org/wikipedia/commons/c/ca/1x1.png,Yes
Framed canvas — hor,"Personalised framed canvas from Pixora. Upload your photo, preview on a live product mockup, and we print and ship premium quality to your door. Ideal for home décor or gifting.",framed_canvas_wood_w14xt42-mm_20x40-inch_hor_natural-wood_22x42-inch_wood-fsc-3-cm_canvas_4-0_canvas-mounting,https://upload.wikimedia.org/wikipedia/commons/c/ca/1x1.png,Yes
Framed canvas — ver,"Personalised framed canvas from Pixora. Upload your photo, preview on a live product mockup, and we print and ship premium quality to your door. Ideal for home décor or gifting.",framed_canvas_wood_w14xt42-mm_20x40-inch_ver_black_22x42-inch_wood-fsc-3-cm_canvas_4-0_canvas-mounting,https://upload.wikimedia.org/wikipedia/commons/c/ca/1x1.png,Yes
Framed canvas — ver,"Personalised framed canvas from Pixora. Upload your photo, preview on a live product mockup, and we print and ship premium quality to your door. Ideal for home décor or gifting.",framed_canvas_wood_w14xt42-mm_20x40-inch_ver_dark-wood_22x42-inch_wood-fsc-3-cm_canvas_4-0_canvas-mounting,https://upload.wikimedia.org/wikipedia/commons/c/ca/1x1.png,Yes
Framed canvas — ver,"Personalised framed canvas from Pixora. Upload your photo, preview on a live product mockup, and we print and ship premium quality to your door. Ideal for home décor or gifting.",framed_canvas_wood_w14xt42-mm_20x40-inch_ver_natural-wood_22x42-inch_wood-fsc-3-cm_canvas_4-0_canvas-mounting,https://upload.wikimedia.org/wikipedia/commons/c/ca/1x1.png,Yes
Framed canvas — hor,"Personalised framed canvas from Pixora. Upload your photo, preview on a live product mockup, and we print and ship premium quality to your door. Ideal for home décor or gifting.",framed_canvas_wood_w14xt42-mm_24x24-inch_hor_black_26x26-inch_wood-fsc-3-cm_canvas_4-0_canvas-mounting,https://upload.wikimedia.org/wikipedia/commons/c/ca/1x1.png,Yes
Framed canvas — hor,"Personalised framed canvas from Pixora. Upload your photo, preview on a live product mockup, and we print and ship premium quality to your door. Ideal for home décor or gifting.",framed_canvas_wood_w14xt42-mm_24x24-inch_hor_dark-wood_26x26-inch_wood-fsc-3-cm_canvas_4-0_canvas-mounting,https://upload.wikimedia.org/wikipedia/commons/c/ca/1x1.png,Yes
Framed canvas — hor,"Personalised framed canvas from Pixora. Upload your photo, preview on a live product mockup, and we print and ship premium quality to your door. Ideal for home décor or gifting.",framed_canvas_wood_w14xt42-mm_24x24-inch_hor_natural-wood_26x26-inch_wood-fsc-3-cm_canvas_4-0_canvas-mounting,https://upload.wikimedia.org/wikipedia/commons/c/ca/1x1.png,Yes
Framed canvas — ver,"Personalised framed canvas from Pixora. Upload your photo, preview on a live product mockup, and we print and ship premium quality to your door. Ideal for home décor or gifting.",framed_canvas_wood_w14xt42-mm_24x24-inch_ver_black_26x26-inch_wood-fsc-3-cm_canvas_4-0_canvas-mounting,https://upload.wikimedia.org/wikipedia/commons/c/ca/1x1.png,Yes
Framed canvas — ver,"Personalised framed canvas from Pixora. Upload your photo, preview on a live product mockup, and we print and ship premium quality to your door. Ideal for home décor or gifting.",framed_canvas_wood_w14xt42-mm_24x24-inch_ver_dark-wood_26x26-inch_wood-fsc-3-cm_canvas_4-0_canvas-mounting,https://upload.wikimedia.org/wikipedia/commons/c/ca/1x1.png,Yes
Framed canvas — ver,"Personalised framed canvas from Pixora. Upload your photo, preview on a live product mockup, and we print and ship premium quality to your door. Ideal for home décor or gifting.",framed_canvas_wood_w14xt42-mm_24x24-inch_ver_natural-wood_26x26-inch_wood-fsc-3-cm_canvas_4-0_canvas-mounting,https://upload.wikimedia.org/wikipedia/commons/c/ca/1x1.png,Yes
Framed canvas — hor,"Personalised framed canvas from Pixora. Upload your photo, preview on a live product mockup, and we print and ship premium quality to your door. Ideal for home décor or gifting.",framed_canvas_wood_w14xt42-mm_24x30-inch_hor_black_26x32-inch_wood-fsc-3-cm_canvas_4-0_canvas-mounting,https://upload.wikimedia.org/wikipedia/commons/c/ca/1x1.png,Yes
Framed canvas — hor,"Personalised framed canvas from Pixora. Upload your photo, preview on a live product mockup, and we print and ship premium quality to your door. Ideal for home décor or gifting.",framed_canvas_wood_w14xt42-mm_24x30-inch_hor_dark-wood_26x32-inch_wood-fsc-3-cm_canvas_4-0_canvas-mounting,https://upload.wikimedia.org/wikipedia/commons/c/ca/1x1.png,Yes
Framed canvas — hor,"Personalised framed canvas from Pixora. Upload your photo, preview on a live product mockup, and we print and ship premium quality to your door. Ideal for home décor or gifting.",framed_canvas_wood_w14xt42-mm_24x30-inch_hor_natural-wood_26x32-inch_wood-fsc-3-cm_canvas_4-0_canvas-mounting,https://upload.wikimedia.org/wikipedia/commons/c/ca/1x1.png,Yes
Framed canvas — ver,"Personalised framed canvas from Pixora. Upload your photo, preview on a live product mockup, and we print and ship premium quality to your door. Ideal for home décor or gifting.",framed_canvas_wood_w14xt42-mm_24x30-inch_ver_black_26x32-inch_wood-fsc-3-cm_canvas_4-0_canvas-mounting,https://upload.wikimedia.org/wikipedia/commons/c/ca/1x1.png,Yes
Framed canvas — ver,"Personalised framed canvas from Pixora. Upload your photo, preview on a live product mockup, and we print and ship premium quality to your door. Ideal for home décor or gifting.",framed_canvas_wood_w14xt42-mm_24x30-inch_ver_dark-wood_26x32-inch_wood-fsc-3-cm_canvas_4-0_canvas-mounting,https://upload.wikimedia.org/wikipedia/commons/c/ca/1x1.png,Yes
Framed canvas — ver,"Personalised framed canvas from Pixora. Upload your photo, preview on a live product mockup, and we print and ship premium quality to your door. Ideal for home décor or gifting.",framed_canvas_wood_w14xt42-mm_24x30-inch_ver_natural-wood_26x32-inch_wood-fsc-3-cm_canvas_4-0_canvas-mounting,https://upload.wikimedia.org/wikipedia/commons/c/ca/1x1.png,Yes
Framed canvas — hor,"Personalised framed canvas from Pixora. Upload your photo, preview on a live product mockup, and we print and ship premium quality to your door. Ideal for home décor or gifting.",framed_canvas_wood_w14xt42-mm_24x32-inch_hor_black_26x34-inch_wood-fsc-3-cm_canvas_4-0_canvas-mounting,https://upload.wikimedia.org/wikipedia/commons/c/ca/1x1.png,Yes
Framed canvas — hor,"Personalised framed canvas from Pixora. Upload your photo, preview on a live product mockup, and we print and ship premium quality to your door. Ideal for home décor or gifting.",framed_canvas_wood_w14xt42-mm_24x32-inch_hor_dark-wood_26x34-inch_wood-fsc-3-cm_canvas_4-0_canvas-mounting,https://upload.wikimedia.org/wikipedia/commons/c/ca/1x1.png,Yes
Framed canvas — hor,"Personalised framed canvas from Pixora. Upload your photo, preview on a live product mockup, and we print and ship premium quality to your door. Ideal for home décor or gifting.",framed_canvas_wood_w14xt42-mm_24x32-inch_hor_natural-wood_26x34-inch_wood-fsc-3-cm_canvas_4-0_canvas-mounting,https://upload.wikimedia.org/wikipedia/commons/c/ca/1x1.png,Yes
Framed canvas — ver,"Personalised framed canvas from Pixora. Upload your photo, preview on a live product mockup, and we print and ship premium quality to your door. Ideal for home décor or gifting.",framed_canvas_wood_w14xt42-mm_24x32-inch_ver_black_26x34-inch_wood-fsc-3-cm_canvas_4-0_canvas-mounting,https://upload.wikimedia.org/wikipedia/commons/c/ca/1x1.png,Yes
Framed canvas — ver,"Personalised framed canvas from Pixora. Upload your photo, preview on a live product mockup, and we print and ship premium quality to your door. Ideal for home décor or gifting.",framed_canvas_wood_w14xt42-mm_24x32-inch_ver_dark-wood_26x34-inch_wood-fsc-3-cm_canvas_4-0_canvas-mounting,https://upload.wikimedia.org/wikipedia/commons/c/ca/1x1.png,Yes
Framed canvas — ver,"Personalised framed canvas from Pixora. Upload your photo, preview on a live product mockup, and we print and ship premium quality to your door. Ideal for home décor or gifting.",framed_canvas_wood_w14xt42-mm_24x32-inch_ver_natural-wood_26x34-inch_wood-fsc-3-cm_canvas_4-0_canvas-mounting,https://upload.wikimedia.org/wikipedia/commons/c/ca/1x1.png,Yes
Framed canvas — hor,"Personalised framed canvas from Pixora. Upload your photo, preview on a live product mockup, and we print and ship premium quality to your door. Ideal for home décor or gifting.",framed_canvas_wood_w14xt42-mm_24x36-inch_hor_black_26x38-inch_wood-fsc-3-cm_canvas_4-0_canvas-mounting,https://upload.wikimedia.org/wikipedia/commons/c/ca/1x1.png,Yes
Framed canvas — hor,"Personalised framed canvas from Pixora. Upload your photo, preview on a live product mockup, and we print and ship premium quality to your door. Ideal for home décor or gifting.",framed_canvas_wood_w14xt42-mm_24x36-inch_hor_dark-wood_26x38-inch_wood-fsc-3-cm_canvas_4-0_canvas-mounting,https://upload.wikimedia.org/wikipedia/commons/c/ca/1x1.png,Yes
Framed canvas — hor,"Personalised framed canvas from Pixora. Upload your photo, preview on a live product mockup, and we print and ship premium quality to your door. Ideal for home décor or gifting.",framed_canvas_wood_w14xt42-mm_24x36-inch_hor_natural-wood_26x38-inch_wood-fsc-3-cm_canvas_4-0_canvas-mounting,https://upload.wikimedia.org/wikipedia/commons/c/ca/1x1.png,Yes
Framed canvas — ver,"Personalised framed canvas from Pixora. Upload your photo, preview on a live product mockup, and we print and ship premium quality to your door. Ideal for home décor or gifting.",framed_canvas_wood_w14xt42-mm_24x36-inch_ver_black_26x38-inch_wood-fsc-3-cm_canvas_4-0_canvas-mounting,https://upload.wikimedia.org/wikipedia/commons/c/ca/1x1.png,Yes
Framed canvas — ver,"Personalised framed canvas from Pixora. Upload your photo, preview on a live product mockup, and we print and ship premium quality to your door. Ideal for home décor or gifting.",framed_canvas_wood_w14xt42-mm_24x36-inch_ver_dark-wood_26x38-inch_wood-fsc-3-cm_canvas_4-0_canvas-mounting,https://upload.wikimedia.org/wikipedia/commons/c/ca/1x1.png,Yes
Framed canvas — ver,"Personalised framed canvas from Pixora. Upload your photo, preview on a live product mockup, and we print and ship premium quality to your door. Ideal for home décor or gifting.",framed_canvas_wood_w14xt42-mm_24x36-inch_ver_natural-wood_26x38-inch_wood-fsc-3-cm_canvas_4-0_canvas-mounting,https://upload.wikimedia.org/wikipedia/commons/c/ca/1x1.png,Yes
Framed canvas — hor,"Personalised framed canvas from Pixora. Upload your photo, preview on a live product mockup, and we print and ship premium quality to your door. Ideal for home décor or gifting.",framed_canvas_wood_w14xt42-mm_270x350-mm_hor_black_322x402-mm_wood-fsc-3-cm_canvas_4-0_canvas-mounting,https://upload.wikimedia.org/wikipedia/commons/c/ca/1x1.png,Yes
Framed canvas — hor,"Personalised framed canvas from Pixora. Upload your photo, preview on a live product mockup, and we print and ship premium quality to your door. Ideal for home décor or gifting.",framed_canvas_wood_w14xt42-mm_270x350-mm_hor_dark-wood_322x402-mm_wood-fsc-3-cm_canvas_4-0_canvas-mounting,https://upload.wikimedia.org/wikipedia/commons/c/ca/1x1.png,Yes
Framed canvas — hor,"Personalised framed canvas from Pixora. Upload your photo, preview on a live product mockup, and we print and ship premium quality to your door. Ideal for home décor or gifting.",framed_canvas_wood_w14xt42-mm_270x350-mm_hor_natural-wood_322x402-mm_wood-fsc-3-cm_canvas_4-0_canvas-mounting,https://upload.wikimedia.org/wikipedia/commons/c/ca/1x1.png,Yes
Framed canvas — ver,"Personalised framed canvas from Pixora. Upload your photo, preview on a live product mockup, and we print and ship premium quality to your door. Ideal for home décor or gifting.",framed_canvas_wood_w14xt42-mm_270x350-mm_ver_black_322x402-mm_wood-fsc-3-cm_canvas_4-0_canvas-mounting,https://upload.wikimedia.org/wikipedia/commons/c/ca/1x1.png,Yes
Framed canvas — ver,"Personalised framed canvas from Pixora. Upload your photo, preview on a live product mockup, and we print and ship premium quality to your door. Ideal for home décor or gifting.",framed_canvas_wood_w14xt42-mm_270x350-mm_ver_dark-wood_322x402-mm_wood-fsc-3-cm_canvas_4-0_canvas-mounting,https://upload.wikimedia.org/wikipedia/commons/c/ca/1x1.png,Yes
Framed canvas — ver,"Personalised framed canvas from Pixora. Upload your photo, preview on a live product mockup, and we print and ship premium quality to your door. Ideal for home décor or gifting.",framed_canvas_wood_w14xt42-mm_270x350-mm_ver_natural-wood_322x402-mm_wood-fsc-3-cm_canvas_4-0_canvas-mounting,https://upload.wikimedia.org/wikipedia/commons/c/ca/1x1.png,Yes
Framed canvas — hor,"Personalised framed canvas from Pixora. Upload your photo, preview on a live product mockup, and we print and ship premium quality to your door. Ideal for home décor or gifting.",framed_canvas_wood_w14xt42-mm_28x40-inch_hor_black_30x42-inch_wood-fsc-3-cm_canvas_4-0_canvas-mounting,https://upload.wikimedia.org/wikipedia/commons/c/ca/1x1.png,Yes
Framed canvas — hor,"Personalised framed canvas from Pixora. Upload your photo, preview on a live product mockup, and we print and ship premium quality to your door. Ideal for home décor or gifting.",framed_canvas_wood_w14xt42-mm_28x40-inch_hor_dark-wood_30x42-inch_wood-fsc-3-cm_canvas_4-0_canvas-mounting,https://upload.wikimedia.org/wikipedia/commons/c/ca/1x1.png,Yes
Framed canvas — hor,"Personalised framed canvas from Pixora. Upload your photo, preview on a live product mockup, and we print and ship premium quality to your door. Ideal for home décor or gifting.",framed_canvas_wood_w14xt42-mm_28x40-inch_hor_natural-wood_30x42-inch_wood-fsc-3-cm_canvas_4-0_canvas-mounting,https://upload.wikimedia.org/wikipedia/commons/c/ca/1x1.png,Yes
Framed canvas — ver,"Personalised framed canvas from Pixora. Upload your photo, preview on a live product mockup, and we print and ship premium quality to your door. Ideal for home décor or gifting.",framed_canvas_wood_w14xt42-mm_28x40-inch_ver_black_30x42-inch_wood-fsc-3-cm_canvas_4-0_canvas-mounting,https://upload.wikimedia.org/wikipedia/commons/c/ca/1x1.png,Yes
Framed canvas — ver,"Personalised framed canvas from Pixora. Upload your photo, preview on a live product mockup, and we print and ship premium quality to your door. Ideal for home décor or gifting.",framed_canvas_wood_w14xt42-mm_28x40-inch_ver_dark-wood_30x42-inch_wood-fsc-3-cm_canvas_4-0_canvas-mounting,https://upload.wikimedia.org/wikipedia/commons/c/ca/1x1.png,Yes
Framed canvas — ver,"Personalised framed canvas from Pixora. Upload your photo, preview on a live product mockup, and we print and ship premium quality to your door. Ideal for home décor or gifting.",framed_canvas_wood_w14xt42-mm_28x40-inch_ver_natural-wood_30x42-inch_wood-fsc-3-cm_canvas_4-0_canvas-mounting,https://upload.wikimedia.org/wikipedia/commons/c/ca/1x1.png,Yes
Framed canvas — hor,"Personalised framed canvas from Pixora. Upload your photo, preview on a live product mockup, and we print and ship premium quality to your door. Ideal for home décor or gifting.",framed_canvas_wood_w14xt42-mm_300x1000-mm_hor_black_352x1052-mm_wood-fsc-3-cm_canvas_4-0_canvas-mounting,https://upload.wikimedia.org/wikipedia/commons/c/ca/1x1.png,Yes
Framed canvas — hor,"Personalised framed canvas from Pixora. Upload your photo, preview on a live product mockup, and we print and ship premium quality to your door. Ideal for home décor or gifting.",framed_canvas_wood_w14xt42-mm_300x1000-mm_hor_dark-wood_352x1052-mm_wood-fsc-3-cm_canvas_4-0_canvas-mounting,https://upload.wikimedia.org/wikipedia/commons/c/ca/1x1.png,Yes
Framed canvas — hor,"Personalised framed canvas from Pixora. Upload your photo, preview on a live product mockup, and we print and ship premium quality to your door. Ideal for home décor or gifting.",framed_canvas_wood_w14xt42-mm_300x1000-mm_hor_natural-wood_352x1052-mm_wood-fsc-3-cm_canvas_4-0_canvas-mounting,https://upload.wikimedia.org/wikipedia/commons/c/ca/1x1.png,Yes
Framed canvas — ver,"Personalised framed canvas from Pixora. Upload your photo, preview on a live product mockup, and we print and ship premium quality to your door. Ideal for home décor or gifting.",framed_canvas_wood_w14xt42-mm_300x1000-mm_ver_black_352x1052-mm_wood-fsc-3-cm_canvas_4-0_canvas-mounting,https://upload.wikimedia.org/wikipedia/commons/c/ca/1x1.png,Yes
Framed canvas — ver,"Personalised framed canvas from Pixora. Upload your photo, preview on a live product mockup, and we print and ship premium quality to your door. Ideal for home décor or gifting.",framed_canvas_wood_w14xt42-mm_300x1000-mm_ver_dark-wood_352x1052-mm_wood-fsc-3-cm_canvas_4-0_canvas-mounting,https://upload.wikimedia.org/wikipedia/commons/c/ca/1x1.png,Yes
Framed canvas — ver,"Personalised framed canvas from Pixora. Upload your photo, preview on a live product mockup, and we print and ship premium quality to your door. Ideal for home décor or gifting.",framed_canvas_wood_w14xt42-mm_300x1000-mm_ver_natural-wood_352x1052-mm_wood-fsc-3-cm_canvas_4-0_canvas-mounting,https://upload.wikimedia.org/wikipedia/commons/c/ca/1x1.png,Yes
Framed canvas — hor,"Personalised framed canvas from Pixora. Upload your photo, preview on a live product mockup, and we print and ship premium quality to your door. Ideal for home décor or gifting.",framed_canvas_wood_w14xt42-mm_300x300-mm_hor_black_352x352-mm_wood-fsc-3-cm_canvas_4-0_canvas-mounting,https://upload.wikimedia.org/wikipedia/commons/c/ca/1x1.png,Yes
Framed canvas — hor,"Personalised framed canvas from Pixora. Upload your photo, preview on a live product mockup, and we print and ship premium quality to your door. Ideal for home décor or gifting.",framed_canvas_wood_w14xt42-mm_300x300-mm_hor_dark-wood_352x352-mm_wood-fsc-3-cm_canvas_4-0_canvas-mounting,https://upload.wikimedia.org/wikipedia/commons/c/ca/1x1.png,Yes
Framed canvas — hor,"Personalised framed canvas from Pixora. Upload your photo, preview on a live product mockup, and we print and ship premium quality to your door. Ideal for home décor or gifting.",framed_canvas_wood_w14xt42-mm_300x300-mm_hor_natural-wood_352x352-mm_wood-fsc-3-cm_canvas_4-0_canvas-mounting,https://upload.wikimedia.org/wikipedia/commons/c/ca/1x1.png,Yes
Framed canvas — ver,"Personalised framed canvas from Pixora. Upload your photo, preview on a live product mockup, and we print and ship premium quality to your door. Ideal for home décor or gifting.",framed_canvas_wood_w14xt42-mm_300x300-mm_ver_black_352x352-mm_wood-fsc-3-cm_canvas_4-0_canvas-mounting,https://upload.wikimedia.org/wikipedia/commons/c/ca/1x1.png,Yes
Framed canvas — ver,"Personalised framed canvas from Pixora. Upload your photo, preview on a live product mockup, and we print and ship premium quality to your door. Ideal for home décor or gifting.",framed_canvas_wood_w14xt42-mm_300x300-mm_ver_dark-wood_352x352-mm_wood-fsc-3-cm_canvas_4-0_canvas-mounting,https://upload.wikimedia.org/wikipedia/commons/c/ca/1x1.png,Yes
Framed canvas — ver,"Personalised framed canvas from Pixora. Upload your photo, preview on a live product mockup, and we print and ship premium quality to your door. Ideal for home décor or gifting.",framed_canvas_wood_w14xt42-mm_300x300-mm_ver_natural-wood_352x352-mm_wood-fsc-3-cm_canvas_4-0_canvas-mounting,https://upload.wikimedia.org/wikipedia/commons/c/ca/1x1.png,Yes
Framed canvas — hor,"Personalised framed canvas from Pixora. Upload your photo, preview on a live product mockup, and we print and ship premium quality to your door. Ideal for home décor or gifting.",framed_canvas_wood_w14xt42-mm_300x400-mm_hor_black_352x452-mm_wood-fsc-3-cm_canvas_4-0_canvas-mounting,https://upload.wikimedia.org/wikipedia/commons/c/ca/1x1.png,Yes
Framed canvas — hor,"Personalised framed canvas from Pixora. Upload your photo, preview on a live product mockup, and we print and ship premium quality to your door. Ideal for home décor or gifting.",framed_canvas_wood_w14xt42-mm_300x400-mm_hor_dark-wood_352x452-mm_wood-fsc-3-cm_canvas_4-0_canvas-mounting,https://upload.wikimedia.org/wikipedia/commons/c/ca/1x1.png,Yes
Framed canvas — hor,"Personalised framed canvas from Pixora. Upload your photo, preview on a live product mockup, and we print and ship premium quality to your door. Ideal for home décor or gifting.",framed_canvas_wood_w14xt42-mm_300x400-mm_hor_natural-wood_352x452-mm_wood-fsc-3-cm_canvas_4-0_canvas-mounting,https://upload.wikimedia.org/wikipedia/commons/c/ca/1x1.png,Yes
Framed canvas — ver,"Personalised framed canvas from Pixora. Upload your photo, preview on a live product mockup, and we print and ship premium quality to your door. Ideal for home décor or gifting.",framed_canvas_wood_w14xt42-mm_300x400-mm_ver_black_352x452-mm_wood-fsc-3-cm_canvas_4-0_canvas-mounting,https://upload.wikimedia.org/wikipedia/commons/c/ca/1x1.png,Yes
Framed canvas — ver,"Personalised framed canvas from Pixora. Upload your photo, preview on a live product mockup, and we print and ship premium quality to your door. Ideal for home décor or gifting.",framed_canvas_wood_w14xt42-mm_300x400-mm_ver_dark-wood_352x452-mm_wood-fsc-3-cm_canvas_4-0_canvas-mounting,https://upload.wikimedia.org/wikipedia/commons/c/ca/1x1.png,Yes
Framed canvas — ver,"Personalised framed canvas from Pixora. Upload your photo, preview on a live product mockup, and we print and ship premium quality to your door. Ideal for home décor or gifting.",framed_canvas_wood_w14xt42-mm_300x400-mm_ver_natural-wood_352x452-mm_wood-fsc-3-cm_canvas_4-0_canvas-mounting,https://upload.wikimedia.org/wikipedia/commons/c/ca/1x1.png,Yes
Framed canvas — hor,"Personalised framed canvas from Pixora. Upload your photo, preview on a live product mockup, and we print and ship premium quality to your door. Ideal for home décor or gifting.",framed_canvas_wood_w14xt42-mm_300x450-mm_hor_black_352x502-mm_wood-fsc-3-cm_canvas_4-0_canvas-mounting,https://upload.wikimedia.org/wikipedia/commons/c/ca/1x1.png,Yes
Framed canvas — hor,"Personalised framed canvas from Pixora. Upload your photo, preview on a live product mockup, and we print and ship premium quality to your door. Ideal for home décor or gifting.",framed_canvas_wood_w14xt42-mm_300x450-mm_hor_dark-wood_352x502-mm_wood-fsc-3-cm_canvas_4-0_canvas-mounting,https://upload.wikimedia.org/wikipedia/commons/c/ca/1x1.png,Yes
Framed canvas — hor,"Personalised framed canvas from Pixora. Upload your photo, preview on a live product mockup, and we print and ship premium quality to your door. Ideal for home décor or gifting.",framed_canvas_wood_w14xt42-mm_300x450-mm_hor_natural-wood_352x502-mm_wood-fsc-3-cm_canvas_4-0_canvas-mounting,https://upload.wikimedia.org/wikipedia/commons/c/ca/1x1.png,Yes
Framed canvas — ver,"Personalised framed canvas from Pixora. Upload your photo, preview on a live product mockup, and we print and ship premium quality to your door. Ideal for home décor or gifting.",framed_canvas_wood_w14xt42-mm_300x450-mm_ver_black_352x502-mm_wood-fsc-3-cm_canvas_4-0_canvas-mounting,https://upload.wikimedia.org/wikipedia/commons/c/ca/1x1.png,Yes
Framed canvas — ver,"Personalised framed canvas from Pixora. Upload your photo, preview on a live product mockup, and we print and ship premium quality to your door. Ideal for home décor or gifting.",framed_canvas_wood_w14xt42-mm_300x450-mm_ver_dark-wood_352x502-mm_wood-fsc-3-cm_canvas_4-0_canvas-mounting,https://upload.wikimedia.org/wikipedia/commons/c/ca/1x1.png,Yes
Framed canvas — ver,"Personalised framed canvas from Pixora. Upload your photo, preview on a live product mockup, and we print and ship premium quality to your door. Ideal for home décor or gifting.",framed_canvas_wood_w14xt42-mm_300x450-mm_ver_natural-wood_352x502-mm_wood-fsc-3-cm_canvas_4-0_canvas-mounting,https://upload.wikimedia.org/wikipedia/commons/c/ca/1x1.png,Yes
Framed canvas — hor,"Personalised framed canvas from Pixora. Upload your photo, preview on a live product mockup, and we print and ship premium quality to your door. Ideal for home décor or gifting.",framed_canvas_wood_w14xt42-mm_300x600-mm_hor_black_352x652-mm_wood-fsc-3-cm_canvas_4-0_canvas-mounting,https://upload.wikimedia.org/wikipedia/commons/c/ca/1x1.png,Yes
Framed canvas — hor,"Personalised framed canvas from Pixora. Upload your photo, preview on a live product mockup, and we print and ship premium quality to your door. Ideal for home décor or gifting.",framed_canvas_wood_w14xt42-mm_300x600-mm_hor_dark-wood_352x652-mm_wood-fsc-3-cm_canvas_4-0_canvas-mounting,https://upload.wikimedia.org/wikipedia/commons/c/ca/1x1.png,Yes
Framed canvas — hor,"Personalised framed canvas from Pixora. Upload your photo, preview on a live product mockup, and we print and ship premium quality to your door. Ideal for home décor or gifting.",framed_canvas_wood_w14xt42-mm_300x600-mm_hor_natural-wood_352x652-mm_wood-fsc-3-cm_canvas_4-0_canvas-mounting,https://upload.wikimedia.org/wikipedia/commons/c/ca/1x1.png,Yes
Framed canvas — ver,"Personalised framed canvas from Pixora. Upload your photo, preview on a live product mockup, and we print and ship premium quality to your door. Ideal for home décor or gifting.",framed_canvas_wood_w14xt42-mm_300x600-mm_ver_black_352x652-mm_wood-fsc-3-cm_canvas_4-0_canvas-mounting,https://upload.wikimedia.org/wikipedia/commons/c/ca/1x1.png,Yes
Framed canvas — ver,"Personalised framed canvas from Pixora. Upload your photo, preview on a live product mockup, and we print and ship premium quality to your door. Ideal for home décor or gifting.",framed_canvas_wood_w14xt42-mm_300x600-mm_ver_dark-wood_352x652-mm_wood-fsc-3-cm_canvas_4-0_canvas-mounting,https://upload.wikimedia.org/wikipedia/commons/c/ca/1x1.png,Yes
Framed canvas — ver,"Personalised framed canvas from Pixora. Upload your photo, preview on a live product mockup, and we print and ship premium quality to your door. Ideal for home décor or gifting.",framed_canvas_wood_w14xt42-mm_300x600-mm_ver_natural-wood_352x652-mm_wood-fsc-3-cm_canvas_4-0_canvas-mounting,https://upload.wikimedia.org/wikipedia/commons/c/ca/1x1.png,Yes
Framed canvas — hor,"Personalised framed canvas from Pixora. Upload your photo, preview on a live product mockup, and we print and ship premium quality to your door. Ideal for home décor or gifting.",framed_canvas_wood_w14xt42-mm_300x900-mm_hor_black_352x952-mm_wood-fsc-3-cm_canvas_4-0_canvas-mounting,https://upload.wikimedia.org/wikipedia/commons/c/ca/1x1.png,Yes
Framed canvas — hor,"Personalised framed canvas from Pixora. Upload your photo, preview on a live product mockup, and we print and ship premium quality to your door. Ideal for home décor or gifting.",framed_canvas_wood_w14xt42-mm_300x900-mm_hor_dark-wood_352x952-mm_wood-fsc-3-cm_canvas_4-0_canvas-mounting,https://upload.wikimedia.org/wikipedia/commons/c/ca/1x1.png,Yes
Framed canvas — hor,"Personalised framed canvas from Pixora. Upload your photo, preview on a live product mockup, and we print and ship premium quality to your door. Ideal for home décor or gifting.",framed_canvas_wood_w14xt42-mm_300x900-mm_hor_natural-wood_352x952-mm_wood-fsc-3-cm_canvas_4-0_canvas-mounting,https://upload.wikimedia.org/wikipedia/commons/c/ca/1x1.png,Yes
Framed canvas — ver,"Personalised framed canvas from Pixora. Upload your photo, preview on a live product mockup, and we print and ship premium quality to your door. Ideal for home décor or gifting.",framed_canvas_wood_w14xt42-mm_300x900-mm_ver_black_352x952-mm_wood-fsc-3-cm_canvas_4-0_canvas-mounting,https://upload.wikimedia.org/wikipedia/commons/c/ca/1x1.png,Yes
Framed canvas — ver,"Personalised framed canvas from Pixora. Upload your photo, preview on a live product mockup, and we print and ship premium quality to your door. Ideal for home décor or gifting.",framed_canvas_wood_w14xt42-mm_300x900-mm_ver_dark-wood_352x952-mm_wood-fsc-3-cm_canvas_4-0_canvas-mounting,https://upload.wikimedia.org/wikipedia/commons/c/ca/1x1.png,Yes
Framed canvas — ver,"Personalised framed canvas from Pixora. Upload your photo, preview on a live product mockup, and we print and ship premium quality to your door. Ideal for home décor or gifting.",framed_canvas_wood_w14xt42-mm_300x900-mm_ver_natural-wood_352x952-mm_wood-fsc-3-cm_canvas_4-0_canvas-mounting,https://upload.wikimedia.org/wikipedia/commons/c/ca/1x1.png,Yes
Framed canvas — hor,"Personalised framed canvas from Pixora. Upload your photo, preview on a live product mockup, and we print and ship premium quality to your door. Ideal for home décor or gifting.",framed_canvas_wood_w14xt42-mm_400x400-mm_hor_black_452x452-mm_wood-fsc-3-cm_canvas_4-0_canvas-mounting,https://upload.wikimedia.org/wikipedia/commons/c/ca/1x1.png,Yes
Framed canvas — hor,"Personalised framed canvas from Pixora. Upload your photo, preview on a live product mockup, and we print and ship premium quality to your door. Ideal for home décor or gifting.",framed_canvas_wood_w14xt42-mm_400x400-mm_hor_dark-wood_452x452-mm_wood-fsc-3-cm_canvas_4-0_canvas-mounting,https://upload.wikimedia.org/wikipedia/commons/c/ca/1x1.png,Yes
Framed canvas — hor,"Personalised framed canvas from Pixora. Upload your photo, preview on a live product mockup, and we print and ship premium quality to your door. Ideal for home décor or gifting.",framed_canvas_wood_w14xt42-mm_400x400-mm_hor_natural-wood_452x452-mm_wood-fsc-3-cm_canvas_4-0_canvas-mounting,https://upload.wikimedia.org/wikipedia/commons/c/ca/1x1.png,Yes
Framed canvas — ver,"Personalised framed canvas from Pixora. Upload your photo, preview on a live product mockup, and we print and ship premium quality to your door. Ideal for home décor or gifting.",framed_canvas_wood_w14xt42-mm_400x400-mm_ver_black_452x452-mm_wood-fsc-3-cm_canvas_4-0_canvas-mounting,https://upload.wikimedia.org/wikipedia/commons/c/ca/1x1.png,Yes
Framed canvas — ver,"Personalised framed canvas from Pixora. Upload your photo, preview on a live product mockup, and we print and ship premium quality to your door. Ideal for home décor or gifting.",framed_canvas_wood_w14xt42-mm_400x400-mm_ver_dark-wood_452x452-mm_wood-fsc-3-cm_canvas_4-0_canvas-mounting,https://upload.wikimedia.org/wikipedia/commons/c/ca/1x1.png,Yes
Framed canvas — ver,"Personalised framed canvas from Pixora. Upload your photo, preview on a live product mockup, and we print and ship premium quality to your door. Ideal for home décor or gifting.",framed_canvas_wood_w14xt42-mm_400x400-mm_ver_natural-wood_452x452-mm_wood-fsc-3-cm_canvas_4-0_canvas-mounting,https://upload.wikimedia.org/wikipedia/commons/c/ca/1x1.png,Yes
Framed canvas — hor,"Personalised framed canvas from Pixora. Upload your photo, preview on a live product mockup, and we print and ship premium quality to your door. Ideal for home décor or gifting.",framed_canvas_wood_w14xt42-mm_400x500-mm_hor_black_452x552-mm_wood-fsc-3-cm_canvas_4-0_canvas-mounting,https://upload.wikimedia.org/wikipedia/commons/c/ca/1x1.png,Yes
Framed canvas — hor,"Personalised framed canvas from Pixora. Upload your photo, preview on a live product mockup, and we print and ship premium quality to your door. Ideal for home décor or gifting.",framed_canvas_wood_w14xt42-mm_400x500-mm_hor_dark-wood_452x552-mm_wood-fsc-3-cm_canvas_4-0_canvas-mounting,https://upload.wikimedia.org/wikipedia/commons/c/ca/1x1.png,Yes
Framed canvas — hor,"Personalised framed canvas from Pixora. Upload your photo, preview on a live product mockup, and we print and ship premium quality to your door. Ideal for home décor or gifting.",framed_canvas_wood_w14xt42-mm_400x500-mm_hor_natural-wood_452x552-mm_wood-fsc-3-cm_canvas_4-0_canvas-mounting,https://upload.wikimedia.org/wikipedia/commons/c/ca/1x1.png,Yes
Framed canvas — ver,"Personalised framed canvas from Pixora. Upload your photo, preview on a live product mockup, and we print and ship premium quality to your door. Ideal for home décor or gifting.",framed_canvas_wood_w14xt42-mm_400x500-mm_ver_black_452x552-mm_wood-fsc-3-cm_canvas_4-0_canvas-mounting,https://upload.wikimedia.org/wikipedia/commons/c/ca/1x1.png,Yes
Framed canvas — ver,"Personalised framed canvas from Pixora. Upload your photo, preview on a live product mockup, and we print and ship premium quality to your door. Ideal for home décor or gifting.",framed_canvas_wood_w14xt42-mm_400x500-mm_ver_dark-wood_452x552-mm_wood-fsc-3-cm_canvas_4-0_canvas-mounting,https://upload.wikimedia.org/wikipedia/commons/c/ca/1x1.png,Yes
Framed canvas — ver,"Personalised framed canvas from Pixora. Upload your photo, preview on a live product mockup, and we print and ship premium quality to your door. Ideal for home décor or gifting.",framed_canvas_wood_w14xt42-mm_400x500-mm_ver_natural-wood_452x552-mm_wood-fsc-3-cm_canvas_4-0_canvas-mounting,https://upload.wikimedia.org/wikipedia/commons/c/ca/1x1.png,Yes
Framed canvas — hor,"Personalised framed canvas from Pixora. Upload your photo, preview on a live product mockup, and we print and ship premium quality to your door. Ideal for home décor or gifting.",framed_canvas_wood_w14xt42-mm_400x600-mm_hor_black_452x652-mm_wood-fsc-3-cm_canvas_4-0_canvas-mounting,https://upload.wikimedia.org/wikipedia/commons/c/ca/1x1.png,Yes
Framed canvas — hor,"Personalised framed canvas from Pixora. Upload your photo, preview on a live product mockup, and we print and ship premium quality to your door. Ideal for home décor or gifting.",framed_canvas_wood_w14xt42-mm_400x600-mm_hor_dark-wood_452x652-mm_wood-fsc-3-cm_canvas_4-0_canvas-mounting,https://upload.wikimedia.org/wikipedia/commons/c/ca/1x1.png,Yes
Framed canvas — hor,"Personalised framed canvas from Pixora. Upload your photo, preview on a live product mockup, and we print and ship premium quality to your door. Ideal for home décor or gifting.",framed_canvas_wood_w14xt42-mm_400x600-mm_hor_natural-wood_452x652-mm_wood-fsc-3-cm_canvas_4-0_canvas-mounting,https://upload.wikimedia.org/wikipedia/commons/c/ca/1x1.png,Yes
Framed canvas — ver,"Personalised framed canvas from Pixora. Upload your photo, preview on a live product mockup, and we print and ship premium quality to your door. Ideal for home décor or gifting.",framed_canvas_wood_w14xt42-mm_400x600-mm_ver_black_452x652-mm_wood-fsc-3-cm_canvas_4-0_canvas-mounting,https://upload.wikimedia.org/wikipedia/commons/c/ca/1x1.png,Yes
Framed canvas — ver,"Personalised framed canvas from Pixora. Upload your photo, preview on a live product mockup, and we print and ship premium quality to your door. Ideal for home décor or gifting.",framed_canvas_wood_w14xt42-mm_400x600-mm_ver_dark-wood_452x652-mm_wood-fsc-3-cm_canvas_4-0_canvas-mounting,https://upload.wikimedia.org/wikipedia/commons/c/ca/1x1.png,Yes
Framed canvas — ver,"Personalised framed canvas from Pixora. Upload your photo, preview on a live product mockup, and we print and ship premium quality to your door. Ideal for home décor or gifting.",framed_canvas_wood_w14xt42-mm_400x600-mm_ver_natural-wood_452x652-mm_wood-fsc-3-cm_canvas_4-0_canvas-mounting,https://upload.wikimedia.org/wikipedia/commons/c/ca/1x1.png,Yes
Framed canvas — hor,"Personalised framed canvas from Pixora. Upload your photo, preview on a live product mockup, and we print and ship premium quality to your door. Ideal for home décor or gifting.",framed_canvas_wood_w14xt42-mm_400x800-mm_hor_black_452x852-mm_wood-fsc-3-cm_canvas_4-0_canvas-mounting,https://upload.wikimedia.org/wikipedia/commons/c/ca/1x1.png,Yes
Framed canvas — hor,"Personalised framed canvas from Pixora. Upload your photo, preview on a live product mockup, and we print and ship premium quality to your door. Ideal for home décor or gifting.",framed_canvas_wood_w14xt42-mm_400x800-mm_hor_dark-wood_452x852-mm_wood-fsc-3-cm_canvas_4-0_canvas-mounting,https://upload.wikimedia.org/wikipedia/commons/c/ca/1x1.png,Yes
Framed canvas — hor,"Personalised framed canvas from Pixora. Upload your photo, preview on a live product mockup, and we print and ship premium quality to your door. Ideal for home décor or gifting.",framed_canvas_wood_w14xt42-mm_400x800-mm_hor_natural-wood_452x852-mm_wood-fsc-3-cm_canvas_4-0_canvas-mounting,https://upload.wikimedia.org/wikipedia/commons/c/ca/1x1.png,Yes
Framed canvas — ver,"Personalised framed canvas from Pixora. Upload your photo, preview on a live product mockup, and we print and ship premium quality to your door. Ideal for home décor or gifting.",framed_canvas_wood_w14xt42-mm_400x800-mm_ver_black_452x852-mm_wood-fsc-3-cm_canvas_4-0_canvas-mounting,https://upload.wikimedia.org/wikipedia/commons/c/ca/1x1.png,Yes
Framed canvas — ver,"Personalised framed canvas from Pixora. Upload your photo, preview on a live product mockup, and we print and ship premium quality to your door. Ideal for home décor or gifting.",framed_canvas_wood_w14xt42-mm_400x800-mm_ver_dark-wood_452x852-mm_wood-fsc-3-cm_canvas_4-0_canvas-mounting,https://upload.wikimedia.org/wikipedia/commons/c/ca/1x1.png,Yes
Framed canvas — ver,"Personalised framed canvas from Pixora. Upload your photo, preview on a live product mockup, and we print and ship premium quality to your door. Ideal for home décor or gifting.",framed_canvas_wood_w14xt42-mm_400x800-mm_ver_natural-wood_452x852-mm_wood-fsc-3-cm_canvas_4-0_canvas-mounting,https://upload.wikimedia.org/wikipedia/commons/c/ca/1x1.png,Yes
Framed canvas — hor,"Personalised framed canvas from Pixora. Upload your photo, preview on a live product mockup, and we print and ship premium quality to your door. Ideal for home décor or gifting.",framed_canvas_wood_w14xt42-mm_450x600-mm_hor_black_502x652-mm_wood-fsc-3-cm_canvas_4-0_canvas-mounting,https://upload.wikimedia.org/wikipedia/commons/c/ca/1x1.png,Yes
Framed canvas — hor,"Personalised framed canvas from Pixora. Upload your photo, preview on a live product mockup, and we print and ship premium quality to your door. Ideal for home décor or gifting.",framed_canvas_wood_w14xt42-mm_450x600-mm_hor_dark-wood_502x652-mm_wood-fsc-3-cm_canvas_4-0_canvas-mounting,https://upload.wikimedia.org/wikipedia/commons/c/ca/1x1.png,Yes
Framed canvas — hor,"Personalised framed canvas from Pixora. Upload your photo, preview on a live product mockup, and we print and ship premium quality to your door. Ideal for home décor or gifting.",framed_canvas_wood_w14xt42-mm_450x600-mm_hor_natural-wood_502x652-mm_wood-fsc-3-cm_canvas_4-0_canvas-mounting,https://upload.wikimedia.org/wikipedia/commons/c/ca/1x1.png,Yes
Framed canvas — ver,"Personalised framed canvas from Pixora. Upload your photo, preview on a live product mockup, and we print and ship premium quality to your door. Ideal for home décor or gifting.",framed_canvas_wood_w14xt42-mm_450x600-mm_ver_black_502x652-mm_wood-fsc-3-cm_canvas_4-0_canvas-mounting,https://upload.wikimedia.org/wikipedia/commons/c/ca/1x1.png,Yes
Framed canvas — ver,"Personalised framed canvas from Pixora. Upload your photo, preview on a live product mockup, and we print and ship premium quality to your door. Ideal for home décor or gifting.",framed_canvas_wood_w14xt42-mm_450x600-mm_ver_dark-wood_502x652-mm_wood-fsc-3-cm_canvas_4-0_canvas-mounting,https://upload.wikimedia.org/wikipedia/commons/c/ca/1x1.png,Yes
Framed canvas — ver,"Personalised framed canvas from Pixora. Upload your photo, preview on a live product mockup, and we print and ship premium quality to your door. Ideal for home décor or gifting.",framed_canvas_wood_w14xt42-mm_450x600-mm_ver_natural-wood_502x652-mm_wood-fsc-3-cm_canvas_4-0_canvas-mounting,https://upload.wikimedia.org/wikipedia/commons/c/ca/1x1.png,Yes
Framed canvas — hor,"Personalised framed canvas from Pixora. Upload your photo, preview on a live product mockup, and we print and ship premium quality to your door. Ideal for home décor or gifting.",framed_canvas_wood_w14xt42-mm_500x1000-mm_hor_black_552x1052-mm_wood-fsc-3-cm_canvas_4-0_canvas-mounting,https://upload.wikimedia.org/wikipedia/commons/c/ca/1x1.png,Yes
Framed canvas — hor,"Personalised framed canvas from Pixora. Upload your photo, preview on a live product mockup, and we print and ship premium quality to your door. Ideal for home décor or gifting.",framed_canvas_wood_w14xt42-mm_500x1000-mm_hor_dark-wood_552x1052-mm_wood-fsc-3-cm_canvas_4-0_canvas-mounting,https://upload.wikimedia.org/wikipedia/commons/c/ca/1x1.png,Yes
Framed canvas — hor,"Personalised framed canvas from Pixora. Upload your photo, preview on a live product mockup, and we print and ship premium quality to your door. Ideal for home décor or gifting.",framed_canvas_wood_w14xt42-mm_500x1000-mm_hor_natural-wood_552x1052-mm_wood-fsc-3-cm_canvas_4-0_canvas-mounting,https://upload.wikimedia.org/wikipedia/commons/c/ca/1x1.png,Yes
Framed canvas — ver,"Personalised framed canvas from Pixora. Upload your photo, preview on a live product mockup, and we print and ship premium quality to your door. Ideal for home décor or gifting.",framed_canvas_wood_w14xt42-mm_500x1000-mm_ver_black_552x1052-mm_wood-fsc-3-cm_canvas_4-0_canvas-mounting,https://upload.wikimedia.org/wikipedia/commons/c/ca/1x1.png,Yes
Framed canvas — ver,"Personalised framed canvas from Pixora. Upload your photo, preview on a live product mockup, and we print and ship premium quality to your door. Ideal for home décor or gifting.",framed_canvas_wood_w14xt42-mm_500x1000-mm_ver_dark-wood_552x1052-mm_wood-fsc-3-cm_canvas_4-0_canvas-mounting,https://upload.wikimedia.org/wikipedia/commons/c/ca/1x1.png,Yes
Framed canvas — ver,"Personalised framed canvas from Pixora. Upload your photo, preview on a live product mockup, and we print and ship premium quality to your door. Ideal for home décor or gifting.",framed_canvas_wood_w14xt42-mm_500x1000-mm_ver_natural-wood_552x1052-mm_wood-fsc-3-cm_canvas_4-0_canvas-mounting,https://upload.wikimedia.org/wikipedia/commons/c/ca/1x1.png,Yes
Framed canvas — hor,"Personalised framed canvas from Pixora. Upload your photo, preview on a live product mockup, and we print and ship premium quality to your door. Ideal for home décor or gifting.",framed_canvas_wood_w14xt42-mm_500x500-mm_hor_black_552x552-mm_wood-fsc-3-cm_canvas_4-0_canvas-mounting,https://upload.wikimedia.org/wikipedia/commons/c/ca/1x1.png,Yes
Framed canvas — hor,"Personalised framed canvas from Pixora. Upload your photo, preview on a live product mockup, and we print and ship premium quality to your door. Ideal for home décor or gifting.",framed_canvas_wood_w14xt42-mm_500x500-mm_hor_dark-wood_552x552-mm_wood-fsc-3-cm_canvas_4-0_canvas-mounting,https://upload.wikimedia.org/wikipedia/commons/c/ca/1x1.png,Yes
Framed canvas — hor,"Personalised framed canvas from Pixora. Upload your photo, preview on a live product mockup, and we print and ship premium quality to your door. Ideal for home décor or gifting.",framed_canvas_wood_w14xt42-mm_500x500-mm_hor_natural-wood_552x552-mm_wood-fsc-3-cm_canvas_4-0_canvas-mounting,https://upload.wikimedia.org/wikipedia/commons/c/ca/1x1.png,Yes
Framed canvas — ver,"Personalised framed canvas from Pixora. Upload your photo, preview on a live product mockup, and we print and ship premium quality to your door. Ideal for home décor or gifting.",framed_canvas_wood_w14xt42-mm_500x500-mm_ver_black_552x552-mm_wood-fsc-3-cm_canvas_4-0_canvas-mounting,https://upload.wikimedia.org/wikipedia/commons/c/ca/1x1.png,Yes
Framed canvas — ver,"Personalised framed canvas from Pixora. Upload your photo, preview on a live product mockup, and we print and ship premium quality to your door. Ideal for home décor or gifting.",framed_canvas_wood_w14xt42-mm_500x500-mm_ver_dark-wood_552x552-mm_wood-fsc-3-cm_canvas_4-0_canvas-mounting,https://upload.wikimedia.org/wikipedia/commons/c/ca/1x1.png,Yes
Framed canvas — ver,"Personalised framed canvas from Pixora. Upload your photo, preview on a live product mockup, and we print and ship premium quality to your door. Ideal for home décor or gifting.",framed_canvas_wood_w14xt42-mm_500x500-mm_ver_natural-wood_552x552-mm_wood-fsc-3-cm_canvas_4-0_canvas-mounting,https://upload.wikimedia.org/wikipedia/commons/c/ca/1x1.png,Yes
Framed canvas — hor,"Personalised framed canvas from Pixora. Upload your photo, preview on a live product mockup, and we print and ship premium quality to your door. Ideal for home décor or gifting.",framed_canvas_wood_w14xt42-mm_500x600-mm_hor_black_552x652-mm_wood-fsc-3-cm_canvas_4-0_canvas-mounting,https://upload.wikimedia.org/wikipedia/commons/c/ca/1x1.png,Yes
Framed canvas — hor,"Personalised framed canvas from Pixora. Upload your photo, preview on a live product mockup, and we print and ship premium quality to your door. Ideal for home décor or gifting.",framed_canvas_wood_w14xt42-mm_500x600-mm_hor_dark-wood_552x652-mm_wood-fsc-3-cm_canvas_4-0_canvas-mounting,https://upload.wikimedia.org/wikipedia/commons/c/ca/1x1.png,Yes
Framed canvas — hor,"Personalised framed canvas from Pixora. Upload your photo, preview on a live product mockup, and we print and ship premium quality to your door. Ideal for home décor or gifting.",framed_canvas_wood_w14xt42-mm_500x600-mm_hor_natural-wood_552x652-mm_wood-fsc-3-cm_canvas_4-0_canvas-mounting,https://upload.wikimedia.org/wikipedia/commons/c/ca/1x1.png,Yes
Framed canvas — ver,"Personalised framed canvas from Pixora. Upload your photo, preview on a live product mockup, and we print and ship premium quality to your door. Ideal for home décor or gifting.",framed_canvas_wood_w14xt42-mm_500x600-mm_ver_black_552x652-mm_wood-fsc-3-cm_canvas_4-0_canvas-mounting,https://upload.wikimedia.org/wikipedia/commons/c/ca/1x1.png,Yes
Framed canvas — ver,"Personalised framed canvas from Pixora. Upload your photo, preview on a live product mockup, and we print and ship premium quality to your door. Ideal for home décor or gifting.",framed_canvas_wood_w14xt42-mm_500x600-mm_ver_dark-wood_552x652-mm_wood-fsc-3-cm_canvas_4-0_canvas-mounting,https://upload.wikimedia.org/wikipedia/commons/c/ca/1x1.png,Yes
Framed canvas — ver,"Personalised framed canvas from Pixora. Upload your photo, preview on a live product mockup, and we print and ship premium quality to your door. Ideal for home décor or gifting.",framed_canvas_wood_w14xt42-mm_500x600-mm_ver_natural-wood_552x652-mm_wood-fsc-3-cm_canvas_4-0_canvas-mounting,https://upload.wikimedia.org/wikipedia/commons/c/ca/1x1.png,Yes
Framed canvas — hor,"Personalised framed canvas from Pixora. Upload your photo, preview on a live product mockup, and we print and ship premium quality to your door. Ideal for home décor or gifting.",framed_canvas_wood_w14xt42-mm_500x700-mm_hor_black_552x752-mm_wood-fsc-3-cm_canvas_4-0_canvas-mounting,https://upload.wikimedia.org/wikipedia/commons/c/ca/1x1.png,Yes
Framed canvas — hor,"Personalised framed canvas from Pixora. Upload your photo, preview on a live product mockup, and we print and ship premium quality to your door. Ideal for home décor or gifting.",framed_canvas_wood_w14xt42-mm_500x700-mm_hor_dark-wood_552x752-mm_wood-fsc-3-cm_canvas_4-0_canvas-mounting,https://upload.wikimedia.org/wikipedia/commons/c/ca/1x1.png,Yes
Framed canvas — hor,"Personalised framed canvas from Pixora. Upload your photo, preview on a live product mockup, and we print and ship premium quality to your door. Ideal for home décor or gifting.",framed_canvas_wood_w14xt42-mm_500x700-mm_hor_natural-wood_552x752-mm_wood-fsc-3-cm_canvas_4-0_canvas-mounting,https://upload.wikimedia.org/wikipedia/commons/c/ca/1x1.png,Yes
Framed canvas — ver,"Personalised framed canvas from Pixora. Upload your photo, preview on a live product mockup, and we print and ship premium quality to your door. Ideal for home décor or gifting.",framed_canvas_wood_w14xt42-mm_500x700-mm_ver_black_552x752-mm_wood-fsc-3-cm_canvas_4-0_canvas-mounting,https://upload.wikimedia.org/wikipedia/commons/c/ca/1x1.png,Yes
Framed canvas — ver,"Personalised framed canvas from Pixora. Upload your photo, preview on a live product mockup, and we print and ship premium quality to your door. Ideal for home décor or gifting.",framed_canvas_wood_w14xt42-mm_500x700-mm_ver_dark-wood_552x752-mm_wood-fsc-3-cm_canvas_4-0_canvas-mounting,https://upload.wikimedia.org/wikipedia/commons/c/ca/1x1.png,Yes
Framed canvas — ver,"Personalised framed canvas from Pixora. Upload your photo, preview on a live product mockup, and we print and ship premium quality to your door. Ideal for home décor or gifting.",framed_canvas_wood_w14xt42-mm_500x700-mm_ver_natural-wood_552x752-mm_wood-fsc-3-cm_canvas_4-0_canvas-mounting,https://upload.wikimedia.org/wikipedia/commons/c/ca/1x1.png,Yes
Framed canvas — hor,"Personalised framed canvas from Pixora. Upload your photo, preview on a live product mockup, and we print and ship premium quality to your door. Ideal for home décor or gifting.",framed_canvas_wood_w14xt42-mm_500x750-mm_hor_black_552x802-mm_wood-fsc-3-cm_canvas_4-0_canvas-mounting,https://upload.wikimedia.org/wikipedia/commons/c/ca/1x1.png,Yes
Framed canvas — hor,"Personalised framed canvas from Pixora. Upload your photo, preview on a live product mockup, and we print and ship premium quality to your door. Ideal for home décor or gifting.",framed_canvas_wood_w14xt42-mm_500x750-mm_hor_dark-wood_552x802-mm_wood-fsc-3-cm_canvas_4-0_canvas-mounting,https://upload.wikimedia.org/wikipedia/commons/c/ca/1x1.png,Yes
Framed canvas — hor,"Personalised framed canvas from Pixora. Upload your photo, preview on a live product mockup, and we print and ship premium quality to your door. Ideal for home décor or gifting.",framed_canvas_wood_w14xt42-mm_500x750-mm_hor_natural-wood_552x802-mm_wood-fsc-3-cm_canvas_4-0_canvas-mounting,https://upload.wikimedia.org/wikipedia/commons/c/ca/1x1.png,Yes
Framed canvas — ver,"Personalised framed canvas from Pixora. Upload your photo, preview on a live product mockup, and we print and ship premium quality to your door. Ideal for home décor or gifting.",framed_canvas_wood_w14xt42-mm_500x750-mm_ver_black_552x802-mm_wood-fsc-3-cm_canvas_4-0_canvas-mounting,https://upload.wikimedia.org/wikipedia/commons/c/ca/1x1.png,Yes
Framed canvas — ver,"Personalised framed canvas from Pixora. Upload your photo, preview on a live product mockup, and we print and ship premium quality to your door. Ideal for home décor or gifting.",framed_canvas_wood_w14xt42-mm_500x750-mm_ver_dark-wood_552x802-mm_wood-fsc-3-cm_canvas_4-0_canvas-mounting,https://upload.wikimedia.org/wikipedia/commons/c/ca/1x1.png,Yes
Framed canvas — ver,"Personalised framed canvas from Pixora. Upload your photo, preview on a live product mockup, and we print and ship premium quality to your door. Ideal for home décor or gifting.",framed_canvas_wood_w14xt42-mm_500x750-mm_ver_natural-wood_552x802-mm_wood-fsc-3-cm_canvas_4-0_canvas-mounting,https://upload.wikimedia.org/wikipedia/commons/c/ca/1x1.png,Yes
Framed canvas — hor,"Personalised framed canvas from Pixora. Upload your photo, preview on a live product mockup, and we print and ship premium quality to your door. Ideal for home décor or gifting.",framed_canvas_wood_w14xt42-mm_600x600-mm_hor_black_652x652-mm_wood-fsc-3-cm_canvas_4-0_canvas-mounting,https://upload.wikimedia.org/wikipedia/commons/c/ca/1x1.png,Yes
Framed canvas — hor,"Personalised framed canvas from Pixora. Upload your photo, preview on a live product mockup, and we print and ship premium quality to your door. Ideal for home décor or gifting.",framed_canvas_wood_w14xt42-mm_600x600-mm_hor_dark-wood_652x652-mm_wood-fsc-3-cm_canvas_4-0_canvas-mounting,https://upload.wikimedia.org/wikipedia/commons/c/ca/1x1.png,Yes
Framed canvas — hor,"Personalised framed canvas from Pixora. Upload your photo, preview on a live product mockup, and we print and ship premium quality to your door. Ideal for home décor or gifting.",framed_canvas_wood_w14xt42-mm_600x600-mm_hor_natural-wood_652x652-mm_wood-fsc-3-cm_canvas_4-0_canvas-mounting,https://upload.wikimedia.org/wikipedia/commons/c/ca/1x1.png,Yes
Framed canvas — ver,"Personalised framed canvas from Pixora. Upload your photo, preview on a live product mockup, and we print and ship premium quality to your door. Ideal for home décor or gifting.",framed_canvas_wood_w14xt42-mm_600x600-mm_ver_black_652x652-mm_wood-fsc-3-cm_canvas_4-0_canvas-mounting,https://upload.wikimedia.org/wikipedia/commons/c/ca/1x1.png,Yes
Framed canvas — ver,"Personalised framed canvas from Pixora. Upload your photo, preview on a live product mockup, and we print and ship premium quality to your door. Ideal for home décor or gifting.",framed_canvas_wood_w14xt42-mm_600x600-mm_ver_dark-wood_652x652-mm_wood-fsc-3-cm_canvas_4-0_canvas-mounting,https://upload.wikimedia.org/wikipedia/commons/c/ca/1x1.png,Yes
Framed canvas — ver,"Personalised framed canvas from Pixora. Upload your photo, preview on a live product mockup, and we print and ship premium quality to your door. Ideal for home décor or gifting.",framed_canvas_wood_w14xt42-mm_600x600-mm_ver_natural-wood_652x652-mm_wood-fsc-3-cm_canvas_4-0_canvas-mounting,https://upload.wikimedia.org/wikipedia/commons/c/ca/1x1.png,Yes
Framed canvas — hor,"Personalised framed canvas from Pixora. Upload your photo, preview on a live product mockup, and we print and ship premium quality to your door. Ideal for home décor or gifting.",framed_canvas_wood_w14xt42-mm_600x750-mm_hor_black_652x802-mm_wood-fsc-3-cm_canvas_4-0_canvas-mounting,https://upload.wikimedia.org/wikipedia/commons/c/ca/1x1.png,Yes
Framed canvas — hor,"Personalised framed canvas from Pixora. Upload your photo, preview on a live product mockup, and we print and ship premium quality to your door. Ideal for home décor or gifting.",framed_canvas_wood_w14xt42-mm_600x750-mm_hor_dark-wood_652x802-mm_wood-fsc-3-cm_canvas_4-0_canvas-mounting,https://upload.wikimedia.org/wikipedia/commons/c/ca/1x1.png,Yes
Framed canvas — hor,"Personalised framed canvas from Pixora. Upload your photo, preview on a live product mockup, and we print and ship premium quality to your door. Ideal for home décor or gifting.",framed_canvas_wood_w14xt42-mm_600x750-mm_hor_natural-wood_652x802-mm_wood-fsc-3-cm_canvas_4-0_canvas-mounting,https://upload.wikimedia.org/wikipedia/commons/c/ca/1x1.png,Yes
Framed canvas — ver,"Personalised framed canvas from Pixora. Upload your photo, preview on a live product mockup, and we print and ship premium quality to your door. Ideal for home décor or gifting.",framed_canvas_wood_w14xt42-mm_600x750-mm_ver_black_652x802-mm_wood-fsc-3-cm_canvas_4-0_canvas-mounting,https://upload.wikimedia.org/wikipedia/commons/c/ca/1x1.png,Yes
Framed canvas — ver,"Personalised framed canvas from Pixora. Upload your photo, preview on a live product mockup, and we print and ship premium quality to your door. Ideal for home décor or gifting.",framed_canvas_wood_w14xt42-mm_600x750-mm_ver_dark-wood_652x802-mm_wood-fsc-3-cm_canvas_4-0_canvas-mounting,https://upload.wikimedia.org/wikipedia/commons/c/ca/1x1.png,Yes
Framed canvas — ver,"Personalised framed canvas from Pixora. Upload your photo, preview on a live product mockup, and we print and ship premium quality to your door. Ideal for home décor or gifting.",framed_canvas_wood_w14xt42-mm_600x750-mm_ver_natural-wood_652x802-mm_wood-fsc-3-cm_canvas_4-0_canvas-mounting,https://upload.wikimedia.org/wikipedia/commons/c/ca/1x1.png,Yes
Framed canvas — hor,"Personalised framed canvas from Pixora. Upload your photo, preview on a live product mockup, and we print and ship premium quality to your door. Ideal for home décor or gifting.",framed_canvas_wood_w14xt42-mm_600x800-mm_hor_black_652x852-mm_wood-fsc-3-cm_canvas_4-0_canvas-mounting,https://upload.wikimedia.org/wikipedia/commons/c/ca/1x1.png,Yes
Framed canvas — hor,"Personalised framed canvas from Pixora. Upload your photo, preview on a live product mockup, and we print and ship premium quality to your door. Ideal for home décor or gifting.",framed_canvas_wood_w14xt42-mm_600x800-mm_hor_dark-wood_652x852-mm_wood-fsc-3-cm_canvas_4-0_canvas-mounting,https://upload.wikimedia.org/wikipedia/commons/c/ca/1x1.png,Yes
Framed canvas — hor,"Personalised framed canvas from Pixora. Upload your photo, preview on a live product mockup, and we print and ship premium quality to your door. Ideal for home décor or gifting.",framed_canvas_wood_w14xt42-mm_600x800-mm_hor_natural-wood_652x852-mm_wood-fsc-3-cm_canvas_4-0_canvas-mounting,https://upload.wikimedia.org/wikipedia/commons/c/ca/1x1.png,Yes
Framed canvas — ver,"Personalised framed canvas from Pixora. Upload your photo, preview on a live product mockup, and we print and ship premium quality to your door. Ideal for home décor or gifting.",framed_canvas_wood_w14xt42-mm_600x800-mm_ver_black_652x852-mm_wood-fsc-3-cm_canvas_4-0_canvas-mounting,https://upload.wikimedia.org/wikipedia/commons/c/ca/1x1.png,Yes
Framed canvas — ver,"Personalised framed canvas from Pixora. Upload your photo, preview on a live product mockup, and we print and ship premium quality to your door. Ideal for home décor or gifting.",framed_canvas_wood_w14xt42-mm_600x800-mm_ver_dark-wood_652x852-mm_wood-fsc-3-cm_canvas_4-0_canvas-mounting,https://upload.wikimedia.org/wikipedia/commons/c/ca/1x1.png,Yes
Framed canvas — ver,"Personalised framed canvas from Pixora. Upload your photo, preview on a live product mockup, and we print and ship premium quality to your door. Ideal for home décor or gifting.",framed_canvas_wood_w14xt42-mm_600x800-mm_ver_natural-wood_652x852-mm_wood-fsc-3-cm_canvas_4-0_canvas-mounting,https://upload.wikimedia.org/wikipedia/commons/c/ca/1x1.png,Yes
Framed canvas — hor,"Personalised framed canvas from Pixora. Upload your photo, preview on a live product mockup, and we print and ship premium quality to your door. Ideal for home décor or gifting.",framed_canvas_wood_w14xt42-mm_600x900-mm_hor_black_652x952-mm_wood-fsc-3-cm_canvas_4-0_canvas-mounting,https://upload.wikimedia.org/wikipedia/commons/c/ca/1x1.png,Yes
Framed canvas — hor,"Personalised framed canvas from Pixora. Upload your photo, preview on a live product mockup, and we print and ship premium quality to your door. Ideal for home décor or gifting.",framed_canvas_wood_w14xt42-mm_600x900-mm_hor_dark-wood_652x952-mm_wood-fsc-3-cm_canvas_4-0_canvas-mounting,https://upload.wikimedia.org/wikipedia/commons/c/ca/1x1.png,Yes
Framed canvas — hor,"Personalised framed canvas from Pixora. Upload your photo, preview on a live product mockup, and we print and ship premium quality to your door. Ideal for home décor or gifting.",framed_canvas_wood_w14xt42-mm_600x900-mm_hor_natural-wood_652x952-mm_wood-fsc-3-cm_canvas_4-0_canvas-mounting,https://upload.wikimedia.org/wikipedia/commons/c/ca/1x1.png,Yes
Framed canvas — ver,"Personalised framed canvas from Pixora. Upload your photo, preview on a live product mockup, and we print and ship premium quality to your door. Ideal for home décor or gifting.",framed_canvas_wood_w14xt42-mm_600x900-mm_ver_black_652x952-mm_wood-fsc-3-cm_canvas_4-0_canvas-mounting,https://upload.wikimedia.org/wikipedia/commons/c/ca/1x1.png,Yes
Framed canvas — ver,"Personalised framed canvas from Pixora. Upload your photo, preview on a live product mockup, and we print and ship premium quality to your door. Ideal for home décor or gifting.",framed_canvas_wood_w14xt42-mm_600x900-mm_ver_dark-wood_652x952-mm_wood-fsc-3-cm_canvas_4-0_canvas-mounting,https://upload.wikimedia.org/wikipedia/commons/c/ca/1x1.png,Yes
Framed canvas — ver,"Personalised framed canvas from Pixora. Upload your photo, preview on a live product mockup, and we print and ship premium quality to your door. Ideal for home décor or gifting.",framed_canvas_wood_w14xt42-mm_600x900-mm_ver_natural-wood_652x952-mm_wood-fsc-3-cm_canvas_4-0_canvas-mounting,https://upload.wikimedia.org/wikipedia/commons/c/ca/1x1.png,Yes
Framed canvas — hor,"Personalised framed canvas from Pixora. Upload your photo, preview on a live product mockup, and we print and ship premium quality to your door. Ideal for home décor or gifting.",framed_canvas_wood_w14xt42-mm_700x1000-mm_hor_black_752x1052-mm_wood-fsc-3-cm_canvas_4-0_canvas-mounting,https://upload.wikimedia.org/wikipedia/commons/c/ca/1x1.png,Yes
Framed canvas — hor,"Personalised framed canvas from Pixora. Upload your photo, preview on a live product mockup, and we print and ship premium quality to your door. Ideal for home décor or gifting.",framed_canvas_wood_w14xt42-mm_700x1000-mm_hor_dark-wood_752x1052-mm_wood-fsc-3-cm_canvas_4-0_canvas-mounting,https://upload.wikimedia.org/wikipedia/commons/c/ca/1x1.png,Yes
Framed canvas — hor,"Personalised framed canvas from Pixora. Upload your photo, preview on a live product mockup, and we print and ship premium quality to your door. Ideal for home décor or gifting.",framed_canvas_wood_w14xt42-mm_700x1000-mm_hor_natural-wood_752x1052-mm_wood-fsc-3-cm_canvas_4-0_canvas-mounting,https://upload.wikimedia.org/wikipedia/commons/c/ca/1x1.png,Yes
Framed canvas — ver,"Personalised framed canvas from Pixora. Upload your photo, preview on a live product mockup, and we print and ship premium quality to your door. Ideal for home décor or gifting.",framed_canvas_wood_w14xt42-mm_700x1000-mm_ver_black_752x1052-mm_wood-fsc-3-cm_canvas_4-0_canvas-mounting,https://upload.wikimedia.org/wikipedia/commons/c/ca/1x1.png,Yes
Framed canvas — ver,"Personalised framed canvas from Pixora. Upload your photo, preview on a live product mockup, and we print and ship premium quality to your door. Ideal for home décor or gifting.",framed_canvas_wood_w14xt42-mm_700x1000-mm_ver_dark-wood_752x1052-mm_wood-fsc-3-cm_canvas_4-0_canvas-mounting,https://upload.wikimedia.org/wikipedia/commons/c/ca/1x1.png,Yes
Framed canvas — ver,"Personalised framed canvas from Pixora. Upload your photo, preview on a live product mockup, and we print and ship premium quality to your door. Ideal for home décor or gifting.",framed_canvas_wood_w14xt42-mm_700x1000-mm_ver_natural-wood_752x1052-mm_wood-fsc-3-cm_canvas_4-0_canvas-mounting,https://upload.wikimedia.org/wikipedia/commons/c/ca/1x1.png,Yes
Framed canvas — hor,"Personalised framed canvas from Pixora. Upload your photo, preview on a live product mockup, and we print and ship premium quality to your door. Ideal for home décor or gifting.",framed_canvas_wood_w14xt42-mm_8x10-inch_hor_black_10x12-inch_wood-fsc-3-cm_canvas_4-0_canvas-mounting,https://upload.wikimedia.org/wikipedia/commons/c/ca/1x1.png,Yes
Framed canvas — hor,"Personalised framed canvas from Pixora. Upload your photo, preview on a live product mockup, and we print and ship premium quality to your door. Ideal for home décor or gifting.",framed_canvas_wood_w14xt42-mm_8x10-inch_hor_dark-wood_10x12-inch_wood-fsc-3-cm_canvas_4-0_canvas-mounting,https://upload.wikimedia.org/wikipedia/commons/c/ca/1x1.png,Yes
Framed canvas — hor,"Personalised framed canvas from Pixora. Upload your photo, preview on a live product mockup, and we print and ship premium quality to your door. Ideal for home décor or gifting.",framed_canvas_wood_w14xt42-mm_8x10-inch_hor_natural-wood_10x12-inch_wood-fsc-3-cm_canvas_4-0_canvas-mounting,https://upload.wikimedia.org/wikipedia/commons/c/ca/1x1.png,Yes
Framed canvas — ver,"Personalised framed canvas from Pixora. Upload your photo, preview on a live product mockup, and we print and ship premium quality to your door. Ideal for home décor or gifting.",framed_canvas_wood_w14xt42-mm_8x10-inch_ver_black_10x12-inch_wood-fsc-3-cm_canvas_4-0_canvas-mounting,https://upload.wikimedia.org/wikipedia/commons/c/ca/1x1.png,Yes
Framed canvas — ver,"Personalised framed canvas from Pixora. Upload your photo, preview on a live product mockup, and we print and ship premium quality to your door. Ideal for home décor or gifting.",framed_canvas_wood_w14xt42-mm_8x10-inch_ver_dark-wood_10x12-inch_wood-fsc-3-cm_canvas_4-0_canvas-mounting,https://upload.wikimedia.org/wikipedia/commons/c/ca/1x1.png,Yes
Framed canvas — ver,"Personalised framed canvas from Pixora. Upload your photo, preview on a live product mockup, and we print and ship premium quality to your door. Ideal for home décor or gifting.",framed_canvas_wood_w14xt42-mm_8x10-inch_ver_natural-wood_10x12-inch_wood-fsc-3-cm_canvas_4-0_canvas-mounting,https://upload.wikimedia.org/wikipedia/commons/c/ca/1x1.png,Yes
Framed canvas — hor,"Personalised framed canvas from Pixora. Upload your photo, preview on a live product mockup, and we print and ship premium quality to your door. Ideal for home décor or gifting.",framed_canvas_wood_w14xt42-mm_8x12-inch_hor_black_10x14-inch_wood-fsc-3-cm_canvas_4-0_canvas-mounting,https://upload.wikimedia.org/wikipedia/commons/c/ca/1x1.png,Yes
Framed canvas — hor,"Personalised framed canvas from Pixora. Upload your photo, preview on a live product mockup, and we print and ship premium quality to your door. Ideal for home décor or gifting.",framed_canvas_wood_w14xt42-mm_8x12-inch_hor_dark-wood_10x14-inch_wood-fsc-3-cm_canvas_4-0_canvas-mounting,https://upload.wikimedia.org/wikipedia/commons/c/ca/1x1.png,Yes
Framed canvas — hor,"Personalised framed canvas from Pixora. Upload your photo, preview on a live product mockup, and we print and ship premium quality to your door. Ideal for home décor or gifting.",framed_canvas_wood_w14xt42-mm_8x12-inch_hor_natural-wood_10x14-inch_wood-fsc-3-cm_canvas_4-0_canvas-mounting,https://upload.wikimedia.org/wikipedia/commons/c/ca/1x1.png,Yes
Framed canvas — ver,"Personalised framed canvas from Pixora. Upload your photo, preview on a live product mockup, and we print and ship premium quality to your door. Ideal for home décor or gifting.",framed_canvas_wood_w14xt42-mm_8x12-inch_ver_black_10x14-inch_wood-fsc-3-cm_canvas_4-0_canvas-mounting,https://upload.wikimedia.org/wikipedia/commons/c/ca/1x1.png,Yes
Framed canvas — ver,"Personalised framed canvas from Pixora. Upload your photo, preview on a live product mockup, and we print and ship premium quality to your door. Ideal for home décor or gifting.",framed_canvas_wood_w14xt42-mm_8x12-inch_ver_dark-wood_10x14-inch_wood-fsc-3-cm_canvas_4-0_canvas-mounting,https://upload.wikimedia.org/wikipedia/commons/c/ca/1x1.png,Yes
Framed canvas — ver,"Personalised framed canvas from Pixora. Upload your photo, preview on a live product mockup, and we print and ship premium quality to your door. Ideal for home décor or gifting.",framed_canvas_wood_w14xt42-mm_8x12-inch_ver_natural-wood_10x14-inch_wood-fsc-3-cm_canvas_4-0_canvas-mounting,https://upload.wikimedia.org/wikipedia/commons/c/ca/1x1.png,Yes
Framed canvas — hor,"Personalised framed canvas from Pixora. Upload your photo, preview on a live product mockup, and we print and ship premium quality to your door. Ideal for home décor or gifting.",framed_canvas_wood_w14xt42-mm_8x24-inch_hor_black_10x26-inch_wood-fsc-3-cm_canvas_4-0_canvas-mounting,https://upload.wikimedia.org/wikipedia/commons/c/ca/1x1.png,Yes
Framed canvas — hor,"Personalised framed canvas from Pixora. Upload your photo, preview on a live product mockup, and we print and ship premium quality to your door. Ideal for home décor or gifting.",framed_canvas_wood_w14xt42-mm_8x24-inch_hor_dark-wood_10x26-inch_wood-fsc-3-cm_canvas_4-0_canvas-mounting,https://upload.wikimedia.org/wikipedia/commons/c/ca/1x1.png,Yes
Framed canvas — hor,"Personalised framed canvas from Pixora. Upload your photo, preview on a live product mockup, and we print and ship premium quality to your door. Ideal for home décor or gifting.",framed_canvas_wood_w14xt42-mm_8x24-inch_hor_natural-wood_10x26-inch_wood-fsc-3-cm_canvas_4-0_canvas-mounting,https://upload.wikimedia.org/wikipedia/commons/c/ca/1x1.png,Yes
Framed canvas — ver,"Personalised framed canvas from Pixora. Upload your photo, preview on a live product mockup, and we print and ship premium quality to your door. Ideal for home décor or gifting.",framed_canvas_wood_w14xt42-mm_8x24-inch_ver_black_10x26-inch_wood-fsc-3-cm_canvas_4-0_canvas-mounting,https://upload.wikimedia.org/wikipedia/commons/c/ca/1x1.png,Yes
Framed canvas — ver,"Personalised framed canvas from Pixora. Upload your photo, preview on a live product mockup, and we print and ship premium quality to your door. Ideal for home décor or gifting.",framed_canvas_wood_w14xt42-mm_8x24-inch_ver_dark-wood_10x26-inch_wood-fsc-3-cm_canvas_4-0_canvas-mounting,https://upload.wikimedia.org/wikipedia/commons/c/ca/1x1.png,Yes
Framed canvas — ver,"Personalised framed canvas from Pixora. Upload your photo, preview on a live product mockup, and we print and ship premium quality to your door. Ideal for home décor or gifting.",framed_canvas_wood_w14xt42-mm_8x24-inch_ver_natural-wood_10x26-inch_wood-fsc-3-cm_canvas_4-0_canvas-mounting,https://upload.wikimedia.org/wikipedia/commons/c/ca/1x1.png,Yes
Framed canvas — hor,"Personalised framed canvas from Pixora. Upload your photo, preview on a live product mockup, and we print and ship premium quality to your door. Ideal for home décor or gifting.",framed_canvas_wood_w14xt42-mm_8x8-inch_hor_black_10x10-inch_wood-fsc-3-cm_canvas_4-0_canvas-mounting,https://upload.wikimedia.org/wikipedia/commons/c/ca/1x1.png,Yes
Framed canvas — hor,"Personalised framed canvas from Pixora. Upload your photo, preview on a live product mockup, and we print and ship premium quality to your door. Ideal for home décor or gifting.",framed_canvas_wood_w14xt42-mm_8x8-inch_hor_dark-wood_10x10-inch_wood-fsc-3-cm_canvas_4-0_canvas-mounting,https://upload.wikimedia.org/wikipedia/commons/c/ca/1x1.png,Yes
Framed canvas — hor,"Personalised framed canvas from Pixora. Upload your photo, preview on a live product mockup, and we print and ship premium quality to your door. Ideal for home décor or gifting.",framed_canvas_wood_w14xt42-mm_8x8-inch_hor_natural-wood_10x10-inch_wood-fsc-3-cm_canvas_4-0_canvas-mounting,https://upload.wikimedia.org/wikipedia/commons/c/ca/1x1.png,Yes
Framed canvas — ver,"Personalised framed canvas from Pixora. Upload your photo, preview on a live product mockup, and we print and ship premium quality to your door. Ideal for home décor or gifting.",framed_canvas_wood_w14xt42-mm_8x8-inch_ver_black_10x10-inch_wood-fsc-3-cm_canvas_4-0_canvas-mounting,https://upload.wikimedia.org/wikipedia/commons/c/ca/1x1.png,Yes
Framed canvas — ver,"Personalised framed canvas from Pixora. Upload your photo, preview on a live product mockup, and we print and ship premium quality to your door. Ideal for home décor or gifting.",framed_canvas_wood_w14xt42-mm_8x8-inch_ver_dark-wood_10x10-inch_wood-fsc-3-cm_canvas_4-0_canvas-mounting,https://upload.wikimedia.org/wikipedia/commons/c/ca/1x1.png,Yes
Framed canvas — ver,"Personalised framed canvas from Pixora. Upload your photo, preview on a live product mockup, and we print and ship premium quality to your door. Ideal for home décor or gifting.",framed_canvas_wood_w14xt42-mm_8x8-inch_ver_natural-wood_10x10-inch_wood-fsc-3-cm_canvas_4-0_canvas-mounting,https://upload.wikimedia.org/wikipedia/commons/c/ca/1x1.png,Yes
