productUid,title,collectionHandle,catalogUid,attributesJson
framed_canvas_geo_simplified_200x250-mm-8x10-inch_black_252x302-mm-10x12-inch_wood-fsc-slim_hor_wood_w14xt42-mm_canvas_4-0,Framed canvas — 200x250-mm-8x10-inch — hor,framed-canvas,framed-canvas,"{""CanvasMaterial"":""canvas"",""CanvasThicknessType"":""wood-fsc-slim"",""ColorType"":""4-0"",""FrameColor"":""black"",""FrameMaterial"":""wood"",""FrameProperties"":""w14xt42-mm"",""Orientation"":""hor"",""ProductStatus"":""activated"",""State"":""published"",""UnifiedCanvasFormat"":""200x250-mm-8x10-inch"",""UnifiedFrameSize"":""252x302-mm-10x12-inch""}"
framed_canvas_geo_simplified_200x250-mm-8x10-inch_black_252x302-mm-10x12-inch_wood-fsc-slim_ver_wood_w14xt42-mm_canvas_4-0,Framed canvas — 200x250-mm-8x10-inch — ver,framed-canvas,framed-canvas,"{""CanvasMaterial"":""canvas"",""CanvasThicknessType"":""wood-fsc-slim"",""ColorType"":""4-0"",""FrameColor"":""black"",""FrameMaterial"":""wood"",""FrameProperties"":""w14xt42-mm"",""Orientation"":""ver"",""ProductStatus"":""activated"",""State"":""published"",""UnifiedCanvasFormat"":""200x250-mm-8x10-inch"",""UnifiedFrameSize"":""252x302-mm-10x12-inch""}"
framed_canvas_geo_simplified_200x250-mm-8x10-inch_dark-wood_252x302-mm-10x12-inch_wood-fsc-slim_hor_wood_w14xt42-mm_canvas_4-0,Framed canvas — 200x250-mm-8x10-inch — hor,framed-canvas,framed-canvas,"{""CanvasMaterial"":""canvas"",""CanvasThicknessType"":""wood-fsc-slim"",""ColorType"":""4-0"",""FrameColor"":""dark-wood"",""FrameMaterial"":""wood"",""FrameProperties"":""w14xt42-mm"",""Orientation"":""hor"",""ProductStatus"":""activated"",""State"":""published"",""UnifiedCanvasFormat"":""200x250-mm-8x10-inch"",""UnifiedFrameSize"":""252x302-mm-10x12-inch""}"
framed_canvas_geo_simplified_200x250-mm-8x10-inch_dark-wood_252x302-mm-10x12-inch_wood-fsc-slim_ver_wood_w14xt42-mm_canvas_4-0,Framed canvas — 200x250-mm-8x10-inch — ver,framed-canvas,framed-canvas,"{""CanvasMaterial"":""canvas"",""CanvasThicknessType"":""wood-fsc-slim"",""ColorType"":""4-0"",""FrameColor"":""dark-wood"",""FrameMaterial"":""wood"",""FrameProperties"":""w14xt42-mm"",""Orientation"":""ver"",""ProductStatus"":""activated"",""State"":""published"",""UnifiedCanvasFormat"":""200x250-mm-8x10-inch"",""UnifiedFrameSize"":""252x302-mm-10x12-inch""}"
framed_canvas_geo_simplified_200x250-mm-8x10-inch_natural-wood_252x302-mm-10x12-inch_wood-fsc-slim_hor_wood_w14xt42-mm_canvas_4-0,Framed canvas — 200x250-mm-8x10-inch — hor,framed-canvas,framed-canvas,"{""CanvasMaterial"":""canvas"",""CanvasThicknessType"":""wood-fsc-slim"",""ColorType"":""4-0"",""FrameColor"":""natural-wood"",""FrameMaterial"":""wood"",""FrameProperties"":""w14xt42-mm"",""Orientation"":""hor"",""ProductStatus"":""activated"",""State"":""published"",""UnifiedCanvasFormat"":""200x250-mm-8x10-inch"",""UnifiedFrameSize"":""252x302-mm-10x12-inch""}"
framed_canvas_geo_simplified_200x250-mm-8x10-inch_natural-wood_252x302-mm-10x12-inch_wood-fsc-slim_ver_wood_w14xt42-mm_canvas_4-0,Framed canvas — 200x250-mm-8x10-inch — ver,framed-canvas,framed-canvas,"{""CanvasMaterial"":""canvas"",""CanvasThicknessType"":""wood-fsc-slim"",""ColorType"":""4-0"",""FrameColor"":""natural-wood"",""FrameMaterial"":""wood"",""FrameProperties"":""w14xt42-mm"",""Orientation"":""ver"",""ProductStatus"":""activated"",""State"":""published"",""UnifiedCanvasFormat"":""200x250-mm-8x10-inch"",""UnifiedFrameSize"":""252x302-mm-10x12-inch""}"
framed_canvas_geo_simplified_200x300-mm-8x12-inch_black_252x352-mm-10x14-inch_wood-fsc-slim_hor_wood_w14xt42-mm_canvas_4-0,Framed canvas — 200x300-mm-8x12-inch — hor,framed-canvas,framed-canvas,"{""CanvasMaterial"":""canvas"",""CanvasThicknessType"":""wood-fsc-slim"",""ColorType"":""4-0"",""FrameColor"":""black"",""FrameMaterial"":""wood"",""FrameProperties"":""w14xt42-mm"",""Orientation"":""hor"",""ProductStatus"":""activated"",""State"":""published"",""UnifiedCanvasFormat"":""200x300-mm-8x12-inch"",""UnifiedFrameSize"":""252x352-mm-10x14-inch""}"
framed_canvas_geo_simplified_200x300-mm-8x12-inch_black_252x352-mm-10x14-inch_wood-fsc-slim_ver_wood_w14xt42-mm_canvas_4-0,Framed canvas — 200x300-mm-8x12-inch — ver,framed-canvas,framed-canvas,"{""CanvasMaterial"":""canvas"",""CanvasThicknessType"":""wood-fsc-slim"",""ColorType"":""4-0"",""FrameColor"":""black"",""FrameMaterial"":""wood"",""FrameProperties"":""w14xt42-mm"",""Orientation"":""ver"",""ProductStatus"":""activated"",""State"":""published"",""UnifiedCanvasFormat"":""200x300-mm-8x12-inch"",""UnifiedFrameSize"":""252x352-mm-10x14-inch""}"
framed_canvas_geo_simplified_200x300-mm-8x12-inch_dark-wood_252x352-mm-10x14-inch_wood-fsc-slim_hor_wood_w14xt42-mm_canvas_4-0,Framed canvas — 200x300-mm-8x12-inch — hor,framed-canvas,framed-canvas,"{""CanvasMaterial"":""canvas"",""CanvasThicknessType"":""wood-fsc-slim"",""ColorType"":""4-0"",""FrameColor"":""dark-wood"",""FrameMaterial"":""wood"",""FrameProperties"":""w14xt42-mm"",""Orientation"":""hor"",""ProductStatus"":""activated"",""State"":""published"",""UnifiedCanvasFormat"":""200x300-mm-8x12-inch"",""UnifiedFrameSize"":""252x352-mm-10x14-inch""}"
framed_canvas_geo_simplified_200x300-mm-8x12-inch_dark-wood_252x352-mm-10x14-inch_wood-fsc-slim_ver_wood_w14xt42-mm_canvas_4-0,Framed canvas — 200x300-mm-8x12-inch — ver,framed-canvas,framed-canvas,"{""CanvasMaterial"":""canvas"",""CanvasThicknessType"":""wood-fsc-slim"",""ColorType"":""4-0"",""FrameColor"":""dark-wood"",""FrameMaterial"":""wood"",""FrameProperties"":""w14xt42-mm"",""Orientation"":""ver"",""ProductStatus"":""activated"",""State"":""published"",""UnifiedCanvasFormat"":""200x300-mm-8x12-inch"",""UnifiedFrameSize"":""252x352-mm-10x14-inch""}"
framed_canvas_geo_simplified_200x300-mm-8x12-inch_natural-wood_252x352-mm-10x14-inch_wood-fsc-slim_hor_wood_w14xt42-mm_canvas_4-0,Framed canvas — 200x300-mm-8x12-inch — hor,framed-canvas,framed-canvas,"{""CanvasMaterial"":""canvas"",""CanvasThicknessType"":""wood-fsc-slim"",""ColorType"":""4-0"",""FrameColor"":""natural-wood"",""FrameMaterial"":""wood"",""FrameProperties"":""w14xt42-mm"",""Orientation"":""hor"",""ProductStatus"":""activated"",""State"":""published"",""UnifiedCanvasFormat"":""200x300-mm-8x12-inch"",""UnifiedFrameSize"":""252x352-mm-10x14-inch""}"
framed_canvas_geo_simplified_200x300-mm-8x12-inch_natural-wood_252x352-mm-10x14-inch_wood-fsc-slim_ver_wood_w14xt42-mm_canvas_4-0,Framed canvas — 200x300-mm-8x12-inch — ver,framed-canvas,framed-canvas,"{""CanvasMaterial"":""canvas"",""CanvasThicknessType"":""wood-fsc-slim"",""ColorType"":""4-0"",""FrameColor"":""natural-wood"",""FrameMaterial"":""wood"",""FrameProperties"":""w14xt42-mm"",""Orientation"":""ver"",""ProductStatus"":""activated"",""State"":""published"",""UnifiedCanvasFormat"":""200x300-mm-8x12-inch"",""UnifiedFrameSize"":""252x352-mm-10x14-inch""}"
framed_canvas_geo_simplified_300x300-mm-12x12-inch_black_352x352-mm-14x14-inch_wood-fsc-slim_hor_wood_w14xt42-mm_canvas_4-0,Framed canvas — 300x300-mm-12x12-inch — hor,framed-canvas,framed-canvas,"{""CanvasMaterial"":""canvas"",""CanvasThicknessType"":""wood-fsc-slim"",""ColorType"":""4-0"",""FrameColor"":""black"",""FrameMaterial"":""wood"",""FrameProperties"":""w14xt42-mm"",""Orientation"":""hor"",""ProductStatus"":""activated"",""State"":""published"",""UnifiedCanvasFormat"":""300x300-mm-12x12-inch"",""UnifiedFrameSize"":""352x352-mm-14x14-inch""}"
framed_canvas_geo_simplified_300x300-mm-12x12-inch_black_352x352-mm-14x14-inch_wood-fsc-slim_ver_wood_w14xt42-mm_canvas_4-0,Framed canvas — 300x300-mm-12x12-inch — ver,framed-canvas,framed-canvas,"{""CanvasMaterial"":""canvas"",""CanvasThicknessType"":""wood-fsc-slim"",""ColorType"":""4-0"",""FrameColor"":""black"",""FrameMaterial"":""wood"",""FrameProperties"":""w14xt42-mm"",""Orientation"":""ver"",""ProductStatus"":""activated"",""State"":""published"",""UnifiedCanvasFormat"":""300x300-mm-12x12-inch"",""UnifiedFrameSize"":""352x352-mm-14x14-inch""}"
framed_canvas_geo_simplified_300x300-mm-12x12-inch_dark-wood_352x352-mm-14x14-inch_wood-fsc-slim_hor_wood_w14xt42-mm_canvas_4-0,Framed canvas — 300x300-mm-12x12-inch — hor,framed-canvas,framed-canvas,"{""CanvasMaterial"":""canvas"",""CanvasThicknessType"":""wood-fsc-slim"",""ColorType"":""4-0"",""FrameColor"":""dark-wood"",""FrameMaterial"":""wood"",""FrameProperties"":""w14xt42-mm"",""Orientation"":""hor"",""ProductStatus"":""activated"",""State"":""published"",""UnifiedCanvasFormat"":""300x300-mm-12x12-inch"",""UnifiedFrameSize"":""352x352-mm-14x14-inch""}"
framed_canvas_geo_simplified_300x300-mm-12x12-inch_dark-wood_352x352-mm-14x14-inch_wood-fsc-slim_ver_wood_w14xt42-mm_canvas_4-0,Framed canvas — 300x300-mm-12x12-inch — ver,framed-canvas,framed-canvas,"{""CanvasMaterial"":""canvas"",""CanvasThicknessType"":""wood-fsc-slim"",""ColorType"":""4-0"",""FrameColor"":""dark-wood"",""FrameMaterial"":""wood"",""FrameProperties"":""w14xt42-mm"",""Orientation"":""ver"",""ProductStatus"":""activated"",""State"":""published"",""UnifiedCanvasFormat"":""300x300-mm-12x12-inch"",""UnifiedFrameSize"":""352x352-mm-14x14-inch""}"
framed_canvas_geo_simplified_300x300-mm-12x12-inch_natural-wood_352x352-mm-14x14-inch_wood-fsc-slim_hor_wood_w14xt42-mm_canvas_4-0,Framed canvas — 300x300-mm-12x12-inch — hor,framed-canvas,framed-canvas,"{""CanvasMaterial"":""canvas"",""CanvasThicknessType"":""wood-fsc-slim"",""ColorType"":""4-0"",""FrameColor"":""natural-wood"",""FrameMaterial"":""wood"",""FrameProperties"":""w14xt42-mm"",""Orientation"":""hor"",""ProductStatus"":""activated"",""State"":""published"",""UnifiedCanvasFormat"":""300x300-mm-12x12-inch"",""UnifiedFrameSize"":""352x352-mm-14x14-inch""}"
framed_canvas_geo_simplified_300x300-mm-12x12-inch_natural-wood_352x352-mm-14x14-inch_wood-fsc-slim_ver_wood_w14xt42-mm_canvas_4-0,Framed canvas — 300x300-mm-12x12-inch — ver,framed-canvas,framed-canvas,"{""CanvasMaterial"":""canvas"",""CanvasThicknessType"":""wood-fsc-slim"",""ColorType"":""4-0"",""FrameColor"":""natural-wood"",""FrameMaterial"":""wood"",""FrameProperties"":""w14xt42-mm"",""Orientation"":""ver"",""ProductStatus"":""activated"",""State"":""published"",""UnifiedCanvasFormat"":""300x300-mm-12x12-inch"",""UnifiedFrameSize"":""352x352-mm-14x14-inch""}"
framed_canvas_geo_simplified_300x400-mm-12x16-inch_black_352x452-mm-14x18-inch_wood-fsc-slim_hor_wood_w14xt42-mm_canvas_4-0,Framed canvas — 300x400-mm-12x16-inch — hor,framed-canvas,framed-canvas,"{""CanvasMaterial"":""canvas"",""CanvasThicknessType"":""wood-fsc-slim"",""ColorType"":""4-0"",""FrameColor"":""black"",""FrameMaterial"":""wood"",""FrameProperties"":""w14xt42-mm"",""Orientation"":""hor"",""ProductStatus"":""activated"",""State"":""published"",""UnifiedCanvasFormat"":""300x400-mm-12x16-inch"",""UnifiedFrameSize"":""352x452-mm-14x18-inch""}"
framed_canvas_geo_simplified_300x400-mm-12x16-inch_black_352x452-mm-14x18-inch_wood-fsc-slim_ver_wood_w14xt42-mm_canvas_4-0,Framed canvas — 300x400-mm-12x16-inch — ver,framed-canvas,framed-canvas,"{""CanvasMaterial"":""canvas"",""CanvasThicknessType"":""wood-fsc-slim"",""ColorType"":""4-0"",""FrameColor"":""black"",""FrameMaterial"":""wood"",""FrameProperties"":""w14xt42-mm"",""Orientation"":""ver"",""ProductStatus"":""activated"",""State"":""published"",""UnifiedCanvasFormat"":""300x400-mm-12x16-inch"",""UnifiedFrameSize"":""352x452-mm-14x18-inch""}"
framed_canvas_geo_simplified_300x400-mm-12x16-inch_dark-wood_352x452-mm-14x18-inch_wood-fsc-slim_hor_wood_w14xt42-mm_canvas_4-0,Framed canvas — 300x400-mm-12x16-inch — hor,framed-canvas,framed-canvas,"{""CanvasMaterial"":""canvas"",""CanvasThicknessType"":""wood-fsc-slim"",""ColorType"":""4-0"",""FrameColor"":""dark-wood"",""FrameMaterial"":""wood"",""FrameProperties"":""w14xt42-mm"",""Orientation"":""hor"",""ProductStatus"":""activated"",""State"":""published"",""UnifiedCanvasFormat"":""300x400-mm-12x16-inch"",""UnifiedFrameSize"":""352x452-mm-14x18-inch""}"
framed_canvas_geo_simplified_300x400-mm-12x16-inch_dark-wood_352x452-mm-14x18-inch_wood-fsc-slim_ver_wood_w14xt42-mm_canvas_4-0,Framed canvas — 300x400-mm-12x16-inch — ver,framed-canvas,framed-canvas,"{""CanvasMaterial"":""canvas"",""CanvasThicknessType"":""wood-fsc-slim"",""ColorType"":""4-0"",""FrameColor"":""dark-wood"",""FrameMaterial"":""wood"",""FrameProperties"":""w14xt42-mm"",""Orientation"":""ver"",""ProductStatus"":""activated"",""State"":""published"",""UnifiedCanvasFormat"":""300x400-mm-12x16-inch"",""UnifiedFrameSize"":""352x452-mm-14x18-inch""}"
framed_canvas_geo_simplified_300x400-mm-12x16-inch_natural-wood_352x452-mm-14x18-inch_wood-fsc-slim_hor_wood_w14xt42-mm_canvas_4-0,Framed canvas — 300x400-mm-12x16-inch — hor,framed-canvas,framed-canvas,"{""CanvasMaterial"":""canvas"",""CanvasThicknessType"":""wood-fsc-slim"",""ColorType"":""4-0"",""FrameColor"":""natural-wood"",""FrameMaterial"":""wood"",""FrameProperties"":""w14xt42-mm"",""Orientation"":""hor"",""ProductStatus"":""activated"",""State"":""published"",""UnifiedCanvasFormat"":""300x400-mm-12x16-inch"",""UnifiedFrameSize"":""352x452-mm-14x18-inch""}"
framed_canvas_geo_simplified_300x400-mm-12x16-inch_natural-wood_352x452-mm-14x18-inch_wood-fsc-slim_ver_wood_w14xt42-mm_canvas_4-0,Framed canvas — 300x400-mm-12x16-inch — ver,framed-canvas,framed-canvas,"{""CanvasMaterial"":""canvas"",""CanvasThicknessType"":""wood-fsc-slim"",""ColorType"":""4-0"",""FrameColor"":""natural-wood"",""FrameMaterial"":""wood"",""FrameProperties"":""w14xt42-mm"",""Orientation"":""ver"",""ProductStatus"":""activated"",""State"":""published"",""UnifiedCanvasFormat"":""300x400-mm-12x16-inch"",""UnifiedFrameSize"":""352x452-mm-14x18-inch""}"
framed_canvas_geo_simplified_300x450-mm-12x18-inch_black_352x502-mm-14x20-inch_wood-fsc-slim_hor_wood_w14xt42-mm_canvas_4-0,Framed canvas — 300x450-mm-12x18-inch — hor,framed-canvas,framed-canvas,"{""CanvasMaterial"":""canvas"",""CanvasThicknessType"":""wood-fsc-slim"",""ColorType"":""4-0"",""FrameColor"":""black"",""FrameMaterial"":""wood"",""FrameProperties"":""w14xt42-mm"",""Orientation"":""hor"",""ProductStatus"":""activated"",""State"":""published"",""UnifiedCanvasFormat"":""300x450-mm-12x18-inch"",""UnifiedFrameSize"":""352x502-mm-14x20-inch""}"
framed_canvas_geo_simplified_300x450-mm-12x18-inch_black_352x502-mm-14x20-inch_wood-fsc-slim_ver_wood_w14xt42-mm_canvas_4-0,Framed canvas — 300x450-mm-12x18-inch — ver,framed-canvas,framed-canvas,"{""CanvasMaterial"":""canvas"",""CanvasThicknessType"":""wood-fsc-slim"",""ColorType"":""4-0"",""FrameColor"":""black"",""FrameMaterial"":""wood"",""FrameProperties"":""w14xt42-mm"",""Orientation"":""ver"",""ProductStatus"":""activated"",""State"":""published"",""UnifiedCanvasFormat"":""300x450-mm-12x18-inch"",""UnifiedFrameSize"":""352x502-mm-14x20-inch""}"
framed_canvas_geo_simplified_300x450-mm-12x18-inch_dark-wood_352x502-mm-14x20-inch_wood-fsc-slim_hor_wood_w14xt42-mm_canvas_4-0,Framed canvas — 300x450-mm-12x18-inch — hor,framed-canvas,framed-canvas,"{""CanvasMaterial"":""canvas"",""CanvasThicknessType"":""wood-fsc-slim"",""ColorType"":""4-0"",""FrameColor"":""dark-wood"",""FrameMaterial"":""wood"",""FrameProperties"":""w14xt42-mm"",""Orientation"":""hor"",""ProductStatus"":""activated"",""State"":""published"",""UnifiedCanvasFormat"":""300x450-mm-12x18-inch"",""UnifiedFrameSize"":""352x502-mm-14x20-inch""}"
framed_canvas_geo_simplified_300x450-mm-12x18-inch_dark-wood_352x502-mm-14x20-inch_wood-fsc-slim_ver_wood_w14xt42-mm_canvas_4-0,Framed canvas — 300x450-mm-12x18-inch — ver,framed-canvas,framed-canvas,"{""CanvasMaterial"":""canvas"",""CanvasThicknessType"":""wood-fsc-slim"",""ColorType"":""4-0"",""FrameColor"":""dark-wood"",""FrameMaterial"":""wood"",""FrameProperties"":""w14xt42-mm"",""Orientation"":""ver"",""ProductStatus"":""activated"",""State"":""published"",""UnifiedCanvasFormat"":""300x450-mm-12x18-inch"",""UnifiedFrameSize"":""352x502-mm-14x20-inch""}"
framed_canvas_geo_simplified_300x450-mm-12x18-inch_natural-wood_352x502-mm-14x20-inch_wood-fsc-slim_hor_wood_w14xt42-mm_canvas_4-0,Framed canvas — 300x450-mm-12x18-inch — hor,framed-canvas,framed-canvas,"{""CanvasMaterial"":""canvas"",""CanvasThicknessType"":""wood-fsc-slim"",""ColorType"":""4-0"",""FrameColor"":""natural-wood"",""FrameMaterial"":""wood"",""FrameProperties"":""w14xt42-mm"",""Orientation"":""hor"",""ProductStatus"":""activated"",""State"":""published"",""UnifiedCanvasFormat"":""300x450-mm-12x18-inch"",""UnifiedFrameSize"":""352x502-mm-14x20-inch""}"
framed_canvas_geo_simplified_300x450-mm-12x18-inch_natural-wood_352x502-mm-14x20-inch_wood-fsc-slim_ver_wood_w14xt42-mm_canvas_4-0,Framed canvas — 300x450-mm-12x18-inch — ver,framed-canvas,framed-canvas,"{""CanvasMaterial"":""canvas"",""CanvasThicknessType"":""wood-fsc-slim"",""ColorType"":""4-0"",""FrameColor"":""natural-wood"",""FrameMaterial"":""wood"",""FrameProperties"":""w14xt42-mm"",""Orientation"":""ver"",""ProductStatus"":""activated"",""State"":""published"",""UnifiedCanvasFormat"":""300x450-mm-12x18-inch"",""UnifiedFrameSize"":""352x502-mm-14x20-inch""}"
framed_canvas_geo_simplified_400x500-mm-16x20-inch_black_452x552-mm-18x22-inch_wood-fsc-slim_hor_wood_w14xt42-mm_canvas_4-0,Framed canvas — 400x500-mm-16x20-inch — hor,framed-canvas,framed-canvas,"{""CanvasMaterial"":""canvas"",""CanvasThicknessType"":""wood-fsc-slim"",""ColorType"":""4-0"",""FrameColor"":""black"",""FrameMaterial"":""wood"",""FrameProperties"":""w14xt42-mm"",""Orientation"":""hor"",""ProductStatus"":""activated"",""State"":""published"",""UnifiedCanvasFormat"":""400x500-mm-16x20-inch"",""UnifiedFrameSize"":""452x552-mm-18x22-inch""}"
framed_canvas_geo_simplified_400x500-mm-16x20-inch_black_452x552-mm-18x22-inch_wood-fsc-slim_ver_wood_w14xt42-mm_canvas_4-0,Framed canvas — 400x500-mm-16x20-inch — ver,framed-canvas,framed-canvas,"{""CanvasMaterial"":""canvas"",""CanvasThicknessType"":""wood-fsc-slim"",""ColorType"":""4-0"",""FrameColor"":""black"",""FrameMaterial"":""wood"",""FrameProperties"":""w14xt42-mm"",""Orientation"":""ver"",""ProductStatus"":""activated"",""State"":""published"",""UnifiedCanvasFormat"":""400x500-mm-16x20-inch"",""UnifiedFrameSize"":""452x552-mm-18x22-inch""}"
framed_canvas_geo_simplified_400x500-mm-16x20-inch_dark-wood_452x552-mm-18x22-inch_wood-fsc-slim_hor_wood_w14xt42-mm_canvas_4-0,Framed canvas — 400x500-mm-16x20-inch — hor,framed-canvas,framed-canvas,"{""CanvasMaterial"":""canvas"",""CanvasThicknessType"":""wood-fsc-slim"",""ColorType"":""4-0"",""FrameColor"":""dark-wood"",""FrameMaterial"":""wood"",""FrameProperties"":""w14xt42-mm"",""Orientation"":""hor"",""ProductStatus"":""activated"",""State"":""published"",""UnifiedCanvasFormat"":""400x500-mm-16x20-inch"",""UnifiedFrameSize"":""452x552-mm-18x22-inch""}"
framed_canvas_geo_simplified_400x500-mm-16x20-inch_dark-wood_452x552-mm-18x22-inch_wood-fsc-slim_ver_wood_w14xt42-mm_canvas_4-0,Framed canvas — 400x500-mm-16x20-inch — ver,framed-canvas,framed-canvas,"{""CanvasMaterial"":""canvas"",""CanvasThicknessType"":""wood-fsc-slim"",""ColorType"":""4-0"",""FrameColor"":""dark-wood"",""FrameMaterial"":""wood"",""FrameProperties"":""w14xt42-mm"",""Orientation"":""ver"",""ProductStatus"":""activated"",""State"":""published"",""UnifiedCanvasFormat"":""400x500-mm-16x20-inch"",""UnifiedFrameSize"":""452x552-mm-18x22-inch""}"
framed_canvas_geo_simplified_400x500-mm-16x20-inch_natural-wood_452x552-mm-18x22-inch_wood-fsc-slim_hor_wood_w14xt42-mm_canvas_4-0,Framed canvas — 400x500-mm-16x20-inch — hor,framed-canvas,framed-canvas,"{""CanvasMaterial"":""canvas"",""CanvasThicknessType"":""wood-fsc-slim"",""ColorType"":""4-0"",""FrameColor"":""natural-wood"",""FrameMaterial"":""wood"",""FrameProperties"":""w14xt42-mm"",""Orientation"":""hor"",""ProductStatus"":""activated"",""State"":""published"",""UnifiedCanvasFormat"":""400x500-mm-16x20-inch"",""UnifiedFrameSize"":""452x552-mm-18x22-inch""}"
framed_canvas_geo_simplified_400x500-mm-16x20-inch_natural-wood_452x552-mm-18x22-inch_wood-fsc-slim_ver_wood_w14xt42-mm_canvas_4-0,Framed canvas — 400x500-mm-16x20-inch — ver,framed-canvas,framed-canvas,"{""CanvasMaterial"":""canvas"",""CanvasThicknessType"":""wood-fsc-slim"",""ColorType"":""4-0"",""FrameColor"":""natural-wood"",""FrameMaterial"":""wood"",""FrameProperties"":""w14xt42-mm"",""Orientation"":""ver"",""ProductStatus"":""activated"",""State"":""published"",""UnifiedCanvasFormat"":""400x500-mm-16x20-inch"",""UnifiedFrameSize"":""452x552-mm-18x22-inch""}"
framed_canvas_geo_simplified_400x600-mm-16x24-inch_black_452x652-mm-18x26-inch_wood-fsc-slim_hor_wood_w14xt42-mm_canvas_4-0,Framed canvas — 400x600-mm-16x24-inch — hor,framed-canvas,framed-canvas,"{""CanvasMaterial"":""canvas"",""CanvasThicknessType"":""wood-fsc-slim"",""ColorType"":""4-0"",""FrameColor"":""black"",""FrameMaterial"":""wood"",""FrameProperties"":""w14xt42-mm"",""Orientation"":""hor"",""ProductStatus"":""activated"",""State"":""published"",""UnifiedCanvasFormat"":""400x600-mm-16x24-inch"",""UnifiedFrameSize"":""452x652-mm-18x26-inch""}"
framed_canvas_geo_simplified_400x600-mm-16x24-inch_black_452x652-mm-18x26-inch_wood-fsc-slim_ver_wood_w14xt42-mm_canvas_4-0,Framed canvas — 400x600-mm-16x24-inch — ver,framed-canvas,framed-canvas,"{""CanvasMaterial"":""canvas"",""CanvasThicknessType"":""wood-fsc-slim"",""ColorType"":""4-0"",""FrameColor"":""black"",""FrameMaterial"":""wood"",""FrameProperties"":""w14xt42-mm"",""Orientation"":""ver"",""ProductStatus"":""activated"",""State"":""published"",""UnifiedCanvasFormat"":""400x600-mm-16x24-inch"",""UnifiedFrameSize"":""452x652-mm-18x26-inch""}"
framed_canvas_geo_simplified_400x600-mm-16x24-inch_dark-wood_452x652-mm-18x26-inch_wood-fsc-slim_hor_wood_w14xt42-mm_canvas_4-0,Framed canvas — 400x600-mm-16x24-inch — hor,framed-canvas,framed-canvas,"{""CanvasMaterial"":""canvas"",""CanvasThicknessType"":""wood-fsc-slim"",""ColorType"":""4-0"",""FrameColor"":""dark-wood"",""FrameMaterial"":""wood"",""FrameProperties"":""w14xt42-mm"",""Orientation"":""hor"",""ProductStatus"":""activated"",""State"":""published"",""UnifiedCanvasFormat"":""400x600-mm-16x24-inch"",""UnifiedFrameSize"":""452x652-mm-18x26-inch""}"
framed_canvas_geo_simplified_400x600-mm-16x24-inch_dark-wood_452x652-mm-18x26-inch_wood-fsc-slim_ver_wood_w14xt42-mm_canvas_4-0,Framed canvas — 400x600-mm-16x24-inch — ver,framed-canvas,framed-canvas,"{""CanvasMaterial"":""canvas"",""CanvasThicknessType"":""wood-fsc-slim"",""ColorType"":""4-0"",""FrameColor"":""dark-wood"",""FrameMaterial"":""wood"",""FrameProperties"":""w14xt42-mm"",""Orientation"":""ver"",""ProductStatus"":""activated"",""State"":""published"",""UnifiedCanvasFormat"":""400x600-mm-16x24-inch"",""UnifiedFrameSize"":""452x652-mm-18x26-inch""}"
framed_canvas_geo_simplified_400x600-mm-16x24-inch_natural-wood_452x652-mm-18x26-inch_wood-fsc-slim_hor_wood_w14xt42-mm_canvas_4-0,Framed canvas — 400x600-mm-16x24-inch — hor,framed-canvas,framed-canvas,"{""CanvasMaterial"":""canvas"",""CanvasThicknessType"":""wood-fsc-slim"",""ColorType"":""4-0"",""FrameColor"":""natural-wood"",""FrameMaterial"":""wood"",""FrameProperties"":""w14xt42-mm"",""Orientation"":""hor"",""ProductStatus"":""activated"",""State"":""published"",""UnifiedCanvasFormat"":""400x600-mm-16x24-inch"",""UnifiedFrameSize"":""452x652-mm-18x26-inch""}"
framed_canvas_geo_simplified_400x600-mm-16x24-inch_natural-wood_452x652-mm-18x26-inch_wood-fsc-slim_ver_wood_w14xt42-mm_canvas_4-0,Framed canvas — 400x600-mm-16x24-inch — ver,framed-canvas,framed-canvas,"{""CanvasMaterial"":""canvas"",""CanvasThicknessType"":""wood-fsc-slim"",""ColorType"":""4-0"",""FrameColor"":""natural-wood"",""FrameMaterial"":""wood"",""FrameProperties"":""w14xt42-mm"",""Orientation"":""ver"",""ProductStatus"":""activated"",""State"":""published"",""UnifiedCanvasFormat"":""400x600-mm-16x24-inch"",""UnifiedFrameSize"":""452x652-mm-18x26-inch""}"
framed_canvas_geo_simplified_450x600-mm-18x24-inch_black_502x652-mm-20x26-inch_wood-fsc-slim_hor_wood_w14xt42-mm_canvas_4-0,Framed canvas — 450x600-mm-18x24-inch — hor,framed-canvas,framed-canvas,"{""CanvasMaterial"":""canvas"",""CanvasThicknessType"":""wood-fsc-slim"",""ColorType"":""4-0"",""FrameColor"":""black"",""FrameMaterial"":""wood"",""FrameProperties"":""w14xt42-mm"",""Orientation"":""hor"",""ProductStatus"":""activated"",""State"":""published"",""UnifiedCanvasFormat"":""450x600-mm-18x24-inch"",""UnifiedFrameSize"":""502x652-mm-20x26-inch""}"
framed_canvas_geo_simplified_450x600-mm-18x24-inch_black_502x652-mm-20x26-inch_wood-fsc-slim_ver_wood_w14xt42-mm_canvas_4-0,Framed canvas — 450x600-mm-18x24-inch — ver,framed-canvas,framed-canvas,"{""CanvasMaterial"":""canvas"",""CanvasThicknessType"":""wood-fsc-slim"",""ColorType"":""4-0"",""FrameColor"":""black"",""FrameMaterial"":""wood"",""FrameProperties"":""w14xt42-mm"",""Orientation"":""ver"",""ProductStatus"":""activated"",""State"":""published"",""UnifiedCanvasFormat"":""450x600-mm-18x24-inch"",""UnifiedFrameSize"":""502x652-mm-20x26-inch""}"
framed_canvas_geo_simplified_450x600-mm-18x24-inch_dark-wood_502x652-mm-20x26-inch_wood-fsc-slim_hor_wood_w14xt42-mm_canvas_4-0,Framed canvas — 450x600-mm-18x24-inch — hor,framed-canvas,framed-canvas,"{""CanvasMaterial"":""canvas"",""CanvasThicknessType"":""wood-fsc-slim"",""ColorType"":""4-0"",""FrameColor"":""dark-wood"",""FrameMaterial"":""wood"",""FrameProperties"":""w14xt42-mm"",""Orientation"":""hor"",""ProductStatus"":""activated"",""State"":""published"",""UnifiedCanvasFormat"":""450x600-mm-18x24-inch"",""UnifiedFrameSize"":""502x652-mm-20x26-inch""}"
framed_canvas_geo_simplified_450x600-mm-18x24-inch_dark-wood_502x652-mm-20x26-inch_wood-fsc-slim_ver_wood_w14xt42-mm_canvas_4-0,Framed canvas — 450x600-mm-18x24-inch — ver,framed-canvas,framed-canvas,"{""CanvasMaterial"":""canvas"",""CanvasThicknessType"":""wood-fsc-slim"",""ColorType"":""4-0"",""FrameColor"":""dark-wood"",""FrameMaterial"":""wood"",""FrameProperties"":""w14xt42-mm"",""Orientation"":""ver"",""ProductStatus"":""activated"",""State"":""published"",""UnifiedCanvasFormat"":""450x600-mm-18x24-inch"",""UnifiedFrameSize"":""502x652-mm-20x26-inch""}"
framed_canvas_geo_simplified_450x600-mm-18x24-inch_natural-wood_502x652-mm-20x26-inch_wood-fsc-slim_hor_wood_w14xt42-mm_canvas_4-0,Framed canvas — 450x600-mm-18x24-inch — hor,framed-canvas,framed-canvas,"{""CanvasMaterial"":""canvas"",""CanvasThicknessType"":""wood-fsc-slim"",""ColorType"":""4-0"",""FrameColor"":""natural-wood"",""FrameMaterial"":""wood"",""FrameProperties"":""w14xt42-mm"",""Orientation"":""hor"",""ProductStatus"":""activated"",""State"":""published"",""UnifiedCanvasFormat"":""450x600-mm-18x24-inch"",""UnifiedFrameSize"":""502x652-mm-20x26-inch""}"
framed_canvas_geo_simplified_450x600-mm-18x24-inch_natural-wood_502x652-mm-20x26-inch_wood-fsc-slim_ver_wood_w14xt42-mm_canvas_4-0,Framed canvas — 450x600-mm-18x24-inch — ver,framed-canvas,framed-canvas,"{""CanvasMaterial"":""canvas"",""CanvasThicknessType"":""wood-fsc-slim"",""ColorType"":""4-0"",""FrameColor"":""natural-wood"",""FrameMaterial"":""wood"",""FrameProperties"":""w14xt42-mm"",""Orientation"":""ver"",""ProductStatus"":""activated"",""State"":""published"",""UnifiedCanvasFormat"":""450x600-mm-18x24-inch"",""UnifiedFrameSize"":""502x652-mm-20x26-inch""}"
framed_canvas_geo_simplified_500x700-mm-20x28-inch_black_552x752-mm-22x30-inch_wood-fsc-slim_hor_wood_w14xt42-mm_canvas_4-0,Framed canvas — 500x700-mm-20x28-inch — hor,framed-canvas,framed-canvas,"{""CanvasMaterial"":""canvas"",""CanvasThicknessType"":""wood-fsc-slim"",""ColorType"":""4-0"",""FrameColor"":""black"",""FrameMaterial"":""wood"",""FrameProperties"":""w14xt42-mm"",""Orientation"":""hor"",""ProductStatus"":""activated"",""State"":""published"",""UnifiedCanvasFormat"":""500x700-mm-20x28-inch"",""UnifiedFrameSize"":""552x752-mm-22x30-inch""}"
framed_canvas_geo_simplified_500x700-mm-20x28-inch_black_552x752-mm-22x30-inch_wood-fsc-slim_ver_wood_w14xt42-mm_canvas_4-0,Framed canvas — 500x700-mm-20x28-inch — ver,framed-canvas,framed-canvas,"{""CanvasMaterial"":""canvas"",""CanvasThicknessType"":""wood-fsc-slim"",""ColorType"":""4-0"",""FrameColor"":""black"",""FrameMaterial"":""wood"",""FrameProperties"":""w14xt42-mm"",""Orientation"":""ver"",""ProductStatus"":""activated"",""State"":""published"",""UnifiedCanvasFormat"":""500x700-mm-20x28-inch"",""UnifiedFrameSize"":""552x752-mm-22x30-inch""}"
framed_canvas_geo_simplified_500x700-mm-20x28-inch_dark-wood_552x752-mm-22x30-inch_wood-fsc-slim_hor_wood_w14xt42-mm_canvas_4-0,Framed canvas — 500x700-mm-20x28-inch — hor,framed-canvas,framed-canvas,"{""CanvasMaterial"":""canvas"",""CanvasThicknessType"":""wood-fsc-slim"",""ColorType"":""4-0"",""FrameColor"":""dark-wood"",""FrameMaterial"":""wood"",""FrameProperties"":""w14xt42-mm"",""Orientation"":""hor"",""ProductStatus"":""activated"",""State"":""published"",""UnifiedCanvasFormat"":""500x700-mm-20x28-inch"",""UnifiedFrameSize"":""552x752-mm-22x30-inch""}"
framed_canvas_geo_simplified_500x700-mm-20x28-inch_dark-wood_552x752-mm-22x30-inch_wood-fsc-slim_ver_wood_w14xt42-mm_canvas_4-0,Framed canvas — 500x700-mm-20x28-inch — ver,framed-canvas,framed-canvas,"{""CanvasMaterial"":""canvas"",""CanvasThicknessType"":""wood-fsc-slim"",""ColorType"":""4-0"",""FrameColor"":""dark-wood"",""FrameMaterial"":""wood"",""FrameProperties"":""w14xt42-mm"",""Orientation"":""ver"",""ProductStatus"":""activated"",""State"":""published"",""UnifiedCanvasFormat"":""500x700-mm-20x28-inch"",""UnifiedFrameSize"":""552x752-mm-22x30-inch""}"
framed_canvas_geo_simplified_500x700-mm-20x28-inch_natural-wood_552x752-mm-22x30-inch_wood-fsc-slim_hor_wood_w14xt42-mm_canvas_4-0,Framed canvas — 500x700-mm-20x28-inch — hor,framed-canvas,framed-canvas,"{""CanvasMaterial"":""canvas"",""CanvasThicknessType"":""wood-fsc-slim"",""ColorType"":""4-0"",""FrameColor"":""natural-wood"",""FrameMaterial"":""wood"",""FrameProperties"":""w14xt42-mm"",""Orientation"":""hor"",""ProductStatus"":""activated"",""State"":""published"",""UnifiedCanvasFormat"":""500x700-mm-20x28-inch"",""UnifiedFrameSize"":""552x752-mm-22x30-inch""}"
framed_canvas_geo_simplified_500x700-mm-20x28-inch_natural-wood_552x752-mm-22x30-inch_wood-fsc-slim_ver_wood_w14xt42-mm_canvas_4-0,Framed canvas — 500x700-mm-20x28-inch — ver,framed-canvas,framed-canvas,"{""CanvasMaterial"":""canvas"",""CanvasThicknessType"":""wood-fsc-slim"",""ColorType"":""4-0"",""FrameColor"":""natural-wood"",""FrameMaterial"":""wood"",""FrameProperties"":""w14xt42-mm"",""Orientation"":""ver"",""ProductStatus"":""activated"",""State"":""published"",""UnifiedCanvasFormat"":""500x700-mm-20x28-inch"",""UnifiedFrameSize"":""552x752-mm-22x30-inch""}"
framed_canvas_geo_simplified_500x750-mm-20x30-inch_black_552x802-mm-22x32-inch_wood-fsc-slim_hor_wood_w14xt42-mm_canvas_4-0,Framed canvas — 500x750-mm-20x30-inch — hor,framed-canvas,framed-canvas,"{""CanvasMaterial"":""canvas"",""CanvasThicknessType"":""wood-fsc-slim"",""ColorType"":""4-0"",""FrameColor"":""black"",""FrameMaterial"":""wood"",""FrameProperties"":""w14xt42-mm"",""Orientation"":""hor"",""ProductStatus"":""activated"",""State"":""published"",""UnifiedCanvasFormat"":""500x750-mm-20x30-inch"",""UnifiedFrameSize"":""552x802-mm-22x32-inch""}"
framed_canvas_geo_simplified_500x750-mm-20x30-inch_black_552x802-mm-22x32-inch_wood-fsc-slim_ver_wood_w14xt42-mm_canvas_4-0,Framed canvas — 500x750-mm-20x30-inch — ver,framed-canvas,framed-canvas,"{""CanvasMaterial"":""canvas"",""CanvasThicknessType"":""wood-fsc-slim"",""ColorType"":""4-0"",""FrameColor"":""black"",""FrameMaterial"":""wood"",""FrameProperties"":""w14xt42-mm"",""Orientation"":""ver"",""ProductStatus"":""activated"",""State"":""published"",""UnifiedCanvasFormat"":""500x750-mm-20x30-inch"",""UnifiedFrameSize"":""552x802-mm-22x32-inch""}"
framed_canvas_geo_simplified_500x750-mm-20x30-inch_dark-wood_552x802-mm-22x32-inch_wood-fsc-slim_hor_wood_w14xt42-mm_canvas_4-0,Framed canvas — 500x750-mm-20x30-inch — hor,framed-canvas,framed-canvas,"{""CanvasMaterial"":""canvas"",""CanvasThicknessType"":""wood-fsc-slim"",""ColorType"":""4-0"",""FrameColor"":""dark-wood"",""FrameMaterial"":""wood"",""FrameProperties"":""w14xt42-mm"",""Orientation"":""hor"",""ProductStatus"":""activated"",""State"":""published"",""UnifiedCanvasFormat"":""500x750-mm-20x30-inch"",""UnifiedFrameSize"":""552x802-mm-22x32-inch""}"
framed_canvas_geo_simplified_500x750-mm-20x30-inch_dark-wood_552x802-mm-22x32-inch_wood-fsc-slim_ver_wood_w14xt42-mm_canvas_4-0,Framed canvas — 500x750-mm-20x30-inch — ver,framed-canvas,framed-canvas,"{""CanvasMaterial"":""canvas"",""CanvasThicknessType"":""wood-fsc-slim"",""ColorType"":""4-0"",""FrameColor"":""dark-wood"",""FrameMaterial"":""wood"",""FrameProperties"":""w14xt42-mm"",""Orientation"":""ver"",""ProductStatus"":""activated"",""State"":""published"",""UnifiedCanvasFormat"":""500x750-mm-20x30-inch"",""UnifiedFrameSize"":""552x802-mm-22x32-inch""}"
framed_canvas_geo_simplified_500x750-mm-20x30-inch_natural-wood_552x802-mm-22x32-inch_wood-fsc-slim_hor_wood_w14xt42-mm_canvas_4-0,Framed canvas — 500x750-mm-20x30-inch — hor,framed-canvas,framed-canvas,"{""CanvasMaterial"":""canvas"",""CanvasThicknessType"":""wood-fsc-slim"",""ColorType"":""4-0"",""FrameColor"":""natural-wood"",""FrameMaterial"":""wood"",""FrameProperties"":""w14xt42-mm"",""Orientation"":""hor"",""ProductStatus"":""activated"",""State"":""published"",""UnifiedCanvasFormat"":""500x750-mm-20x30-inch"",""UnifiedFrameSize"":""552x802-mm-22x32-inch""}"
framed_canvas_geo_simplified_500x750-mm-20x30-inch_natural-wood_552x802-mm-22x32-inch_wood-fsc-slim_ver_wood_w14xt42-mm_canvas_4-0,Framed canvas — 500x750-mm-20x30-inch — ver,framed-canvas,framed-canvas,"{""CanvasMaterial"":""canvas"",""CanvasThicknessType"":""wood-fsc-slim"",""ColorType"":""4-0"",""FrameColor"":""natural-wood"",""FrameMaterial"":""wood"",""FrameProperties"":""w14xt42-mm"",""Orientation"":""ver"",""ProductStatus"":""activated"",""State"":""published"",""UnifiedCanvasFormat"":""500x750-mm-20x30-inch"",""UnifiedFrameSize"":""552x802-mm-22x32-inch""}"
framed_canvas_geo_simplified_600x600-mm-24x24-inch_black_652x652-mm-26x26-inch_wood-fsc-slim_hor_wood_w14xt42-mm_canvas_4-0,Framed canvas — 600x600-mm-24x24-inch — hor,framed-canvas,framed-canvas,"{""CanvasMaterial"":""canvas"",""CanvasThicknessType"":""wood-fsc-slim"",""ColorType"":""4-0"",""FrameColor"":""black"",""FrameMaterial"":""wood"",""FrameProperties"":""w14xt42-mm"",""Orientation"":""hor"",""ProductStatus"":""activated"",""State"":""published"",""UnifiedCanvasFormat"":""600x600-mm-24x24-inch"",""UnifiedFrameSize"":""652x652-mm-26x26-inch""}"
framed_canvas_geo_simplified_600x600-mm-24x24-inch_black_652x652-mm-26x26-inch_wood-fsc-slim_ver_wood_w14xt42-mm_canvas_4-0,Framed canvas — 600x600-mm-24x24-inch — ver,framed-canvas,framed-canvas,"{""CanvasMaterial"":""canvas"",""CanvasThicknessType"":""wood-fsc-slim"",""ColorType"":""4-0"",""FrameColor"":""black"",""FrameMaterial"":""wood"",""FrameProperties"":""w14xt42-mm"",""Orientation"":""ver"",""ProductStatus"":""activated"",""State"":""published"",""UnifiedCanvasFormat"":""600x600-mm-24x24-inch"",""UnifiedFrameSize"":""652x652-mm-26x26-inch""}"
framed_canvas_geo_simplified_600x600-mm-24x24-inch_dark-wood_652x652-mm-26x26-inch_wood-fsc-slim_hor_wood_w14xt42-mm_canvas_4-0,Framed canvas — 600x600-mm-24x24-inch — hor,framed-canvas,framed-canvas,"{""CanvasMaterial"":""canvas"",""CanvasThicknessType"":""wood-fsc-slim"",""ColorType"":""4-0"",""FrameColor"":""dark-wood"",""FrameMaterial"":""wood"",""FrameProperties"":""w14xt42-mm"",""Orientation"":""hor"",""ProductStatus"":""activated"",""State"":""published"",""UnifiedCanvasFormat"":""600x600-mm-24x24-inch"",""UnifiedFrameSize"":""652x652-mm-26x26-inch""}"
framed_canvas_geo_simplified_600x600-mm-24x24-inch_dark-wood_652x652-mm-26x26-inch_wood-fsc-slim_ver_wood_w14xt42-mm_canvas_4-0,Framed canvas — 600x600-mm-24x24-inch — ver,framed-canvas,framed-canvas,"{""CanvasMaterial"":""canvas"",""CanvasThicknessType"":""wood-fsc-slim"",""ColorType"":""4-0"",""FrameColor"":""dark-wood"",""FrameMaterial"":""wood"",""FrameProperties"":""w14xt42-mm"",""Orientation"":""ver"",""ProductStatus"":""activated"",""State"":""published"",""UnifiedCanvasFormat"":""600x600-mm-24x24-inch"",""UnifiedFrameSize"":""652x652-mm-26x26-inch""}"
framed_canvas_geo_simplified_600x600-mm-24x24-inch_natural-wood_652x652-mm-26x26-inch_wood-fsc-slim_hor_wood_w14xt42-mm_canvas_4-0,Framed canvas — 600x600-mm-24x24-inch — hor,framed-canvas,framed-canvas,"{""CanvasMaterial"":""canvas"",""CanvasThicknessType"":""wood-fsc-slim"",""ColorType"":""4-0"",""FrameColor"":""natural-wood"",""FrameMaterial"":""wood"",""FrameProperties"":""w14xt42-mm"",""Orientation"":""hor"",""ProductStatus"":""activated"",""State"":""published"",""UnifiedCanvasFormat"":""600x600-mm-24x24-inch"",""UnifiedFrameSize"":""652x652-mm-26x26-inch""}"
framed_canvas_geo_simplified_600x600-mm-24x24-inch_natural-wood_652x652-mm-26x26-inch_wood-fsc-slim_ver_wood_w14xt42-mm_canvas_4-0,Framed canvas — 600x600-mm-24x24-inch — ver,framed-canvas,framed-canvas,"{""CanvasMaterial"":""canvas"",""CanvasThicknessType"":""wood-fsc-slim"",""ColorType"":""4-0"",""FrameColor"":""natural-wood"",""FrameMaterial"":""wood"",""FrameProperties"":""w14xt42-mm"",""Orientation"":""ver"",""ProductStatus"":""activated"",""State"":""published"",""UnifiedCanvasFormat"":""600x600-mm-24x24-inch"",""UnifiedFrameSize"":""652x652-mm-26x26-inch""}"
framed_canvas_geo_simplified_600x800-mm-24x32-inch_black_652x852-mm-26x34-inch_wood-fsc-slim_hor_wood_w14xt42-mm_canvas_4-0,Framed canvas — 600x800-mm-24x32-inch — hor,framed-canvas,framed-canvas,"{""CanvasMaterial"":""canvas"",""CanvasThicknessType"":""wood-fsc-slim"",""ColorType"":""4-0"",""FrameColor"":""black"",""FrameMaterial"":""wood"",""FrameProperties"":""w14xt42-mm"",""Orientation"":""hor"",""ProductStatus"":""activated"",""State"":""published"",""UnifiedCanvasFormat"":""600x800-mm-24x32-inch"",""UnifiedFrameSize"":""652x852-mm-26x34-inch""}"
framed_canvas_geo_simplified_600x800-mm-24x32-inch_black_652x852-mm-26x34-inch_wood-fsc-slim_ver_wood_w14xt42-mm_canvas_4-0,Framed canvas — 600x800-mm-24x32-inch — ver,framed-canvas,framed-canvas,"{""CanvasMaterial"":""canvas"",""CanvasThicknessType"":""wood-fsc-slim"",""ColorType"":""4-0"",""FrameColor"":""black"",""FrameMaterial"":""wood"",""FrameProperties"":""w14xt42-mm"",""Orientation"":""ver"",""ProductStatus"":""activated"",""State"":""published"",""UnifiedCanvasFormat"":""600x800-mm-24x32-inch"",""UnifiedFrameSize"":""652x852-mm-26x34-inch""}"
framed_canvas_geo_simplified_600x800-mm-24x32-inch_dark-wood_652x852-mm-26x34-inch_wood-fsc-slim_hor_wood_w14xt42-mm_canvas_4-0,Framed canvas — 600x800-mm-24x32-inch — hor,framed-canvas,framed-canvas,"{""CanvasMaterial"":""canvas"",""CanvasThicknessType"":""wood-fsc-slim"",""ColorType"":""4-0"",""FrameColor"":""dark-wood"",""FrameMaterial"":""wood"",""FrameProperties"":""w14xt42-mm"",""Orientation"":""hor"",""ProductStatus"":""activated"",""State"":""published"",""UnifiedCanvasFormat"":""600x800-mm-24x32-inch"",""UnifiedFrameSize"":""652x852-mm-26x34-inch""}"
framed_canvas_geo_simplified_600x800-mm-24x32-inch_dark-wood_652x852-mm-26x34-inch_wood-fsc-slim_ver_wood_w14xt42-mm_canvas_4-0,Framed canvas — 600x800-mm-24x32-inch — ver,framed-canvas,framed-canvas,"{""CanvasMaterial"":""canvas"",""CanvasThicknessType"":""wood-fsc-slim"",""ColorType"":""4-0"",""FrameColor"":""dark-wood"",""FrameMaterial"":""wood"",""FrameProperties"":""w14xt42-mm"",""Orientation"":""ver"",""ProductStatus"":""activated"",""State"":""published"",""UnifiedCanvasFormat"":""600x800-mm-24x32-inch"",""UnifiedFrameSize"":""652x852-mm-26x34-inch""}"
framed_canvas_geo_simplified_600x800-mm-24x32-inch_natural-wood_652x852-mm-26x34-inch_wood-fsc-slim_hor_wood_w14xt42-mm_canvas_4-0,Framed canvas — 600x800-mm-24x32-inch — hor,framed-canvas,framed-canvas,"{""CanvasMaterial"":""canvas"",""CanvasThicknessType"":""wood-fsc-slim"",""ColorType"":""4-0"",""FrameColor"":""natural-wood"",""FrameMaterial"":""wood"",""FrameProperties"":""w14xt42-mm"",""Orientation"":""hor"",""ProductStatus"":""activated"",""State"":""published"",""UnifiedCanvasFormat"":""600x800-mm-24x32-inch"",""UnifiedFrameSize"":""652x852-mm-26x34-inch""}"
framed_canvas_geo_simplified_600x800-mm-24x32-inch_natural-wood_652x852-mm-26x34-inch_wood-fsc-slim_ver_wood_w14xt42-mm_canvas_4-0,Framed canvas — 600x800-mm-24x32-inch — ver,framed-canvas,framed-canvas,"{""CanvasMaterial"":""canvas"",""CanvasThicknessType"":""wood-fsc-slim"",""ColorType"":""4-0"",""FrameColor"":""natural-wood"",""FrameMaterial"":""wood"",""FrameProperties"":""w14xt42-mm"",""Orientation"":""ver"",""ProductStatus"":""activated"",""State"":""published"",""UnifiedCanvasFormat"":""600x800-mm-24x32-inch"",""UnifiedFrameSize"":""652x852-mm-26x34-inch""}"
framed_canvas_geo_simplified_600x900-mm-24x36-inch_black_652x952-mm-26x38-inch_wood-fsc-slim_hor_wood_w14xt42-mm_canvas_4-0,Framed canvas — 600x900-mm-24x36-inch — hor,framed-canvas,framed-canvas,"{""CanvasMaterial"":""canvas"",""CanvasThicknessType"":""wood-fsc-slim"",""ColorType"":""4-0"",""FrameColor"":""black"",""FrameMaterial"":""wood"",""FrameProperties"":""w14xt42-mm"",""Orientation"":""hor"",""ProductStatus"":""activated"",""State"":""published"",""UnifiedCanvasFormat"":""600x900-mm-24x36-inch"",""UnifiedFrameSize"":""652x952-mm-26x38-inch""}"
framed_canvas_geo_simplified_600x900-mm-24x36-inch_black_652x952-mm-26x38-inch_wood-fsc-slim_ver_wood_w14xt42-mm_canvas_4-0,Framed canvas — 600x900-mm-24x36-inch — ver,framed-canvas,framed-canvas,"{""CanvasMaterial"":""canvas"",""CanvasThicknessType"":""wood-fsc-slim"",""ColorType"":""4-0"",""FrameColor"":""black"",""FrameMaterial"":""wood"",""FrameProperties"":""w14xt42-mm"",""Orientation"":""ver"",""ProductStatus"":""activated"",""State"":""published"",""UnifiedCanvasFormat"":""600x900-mm-24x36-inch"",""UnifiedFrameSize"":""652x952-mm-26x38-inch""}"
framed_canvas_geo_simplified_600x900-mm-24x36-inch_dark-wood_652x952-mm-26x38-inch_wood-fsc-slim_hor_wood_w14xt42-mm_canvas_4-0,Framed canvas — 600x900-mm-24x36-inch — hor,framed-canvas,framed-canvas,"{""CanvasMaterial"":""canvas"",""CanvasThicknessType"":""wood-fsc-slim"",""ColorType"":""4-0"",""FrameColor"":""dark-wood"",""FrameMaterial"":""wood"",""FrameProperties"":""w14xt42-mm"",""Orientation"":""hor"",""ProductStatus"":""activated"",""State"":""published"",""UnifiedCanvasFormat"":""600x900-mm-24x36-inch"",""UnifiedFrameSize"":""652x952-mm-26x38-inch""}"
framed_canvas_geo_simplified_600x900-mm-24x36-inch_dark-wood_652x952-mm-26x38-inch_wood-fsc-slim_ver_wood_w14xt42-mm_canvas_4-0,Framed canvas — 600x900-mm-24x36-inch — ver,framed-canvas,framed-canvas,"{""CanvasMaterial"":""canvas"",""CanvasThicknessType"":""wood-fsc-slim"",""ColorType"":""4-0"",""FrameColor"":""dark-wood"",""FrameMaterial"":""wood"",""FrameProperties"":""w14xt42-mm"",""Orientation"":""ver"",""ProductStatus"":""activated"",""State"":""published"",""UnifiedCanvasFormat"":""600x900-mm-24x36-inch"",""UnifiedFrameSize"":""652x952-mm-26x38-inch""}"
framed_canvas_geo_simplified_600x900-mm-24x36-inch_natural-wood_652x952-mm-26x38-inch_wood-fsc-slim_hor_wood_w14xt42-mm_canvas_4-0,Framed canvas — 600x900-mm-24x36-inch — hor,framed-canvas,framed-canvas,"{""CanvasMaterial"":""canvas"",""CanvasThicknessType"":""wood-fsc-slim"",""ColorType"":""4-0"",""FrameColor"":""natural-wood"",""FrameMaterial"":""wood"",""FrameProperties"":""w14xt42-mm"",""Orientation"":""hor"",""ProductStatus"":""activated"",""State"":""published"",""UnifiedCanvasFormat"":""600x900-mm-24x36-inch"",""UnifiedFrameSize"":""652x952-mm-26x38-inch""}"
framed_canvas_geo_simplified_600x900-mm-24x36-inch_natural-wood_652x952-mm-26x38-inch_wood-fsc-slim_ver_wood_w14xt42-mm_canvas_4-0,Framed canvas — 600x900-mm-24x36-inch — ver,framed-canvas,framed-canvas,"{""CanvasMaterial"":""canvas"",""CanvasThicknessType"":""wood-fsc-slim"",""ColorType"":""4-0"",""FrameColor"":""natural-wood"",""FrameMaterial"":""wood"",""FrameProperties"":""w14xt42-mm"",""Orientation"":""ver"",""ProductStatus"":""activated"",""State"":""published"",""UnifiedCanvasFormat"":""600x900-mm-24x36-inch"",""UnifiedFrameSize"":""652x952-mm-26x38-inch""}"
framed_canvas_wood_w14xt32-mm_11x14-inch_hor_black_13x16-inch_wood-fsc-2-cm_canvas_4-0_canvas-mounting,Framed canvas — hor,framed-canvas,framed-canvas,"{""CanvasFormat"":""11x14-inch"",""CanvasFrame"":""wood-fsc-2-cm"",""CanvasMaterial"":""canvas"",""ColorType"":""4-0"",""FrameColor"":""black"",""FrameMaterial"":""wood"",""FrameProperties"":""w14xt32-mm"",""FrameSize"":""13x16-inch"",""FulfillmentService"":""canvas-mounting"",""Orientation"":""hor"",""ProductStatus"":""activated"",""State"":""published""}"
framed_canvas_wood_w14xt32-mm_11x14-inch_hor_dark-wood_13x16-inch_wood-fsc-2-cm_canvas_4-0_canvas-mounting,Framed canvas — hor,framed-canvas,framed-canvas,"{""CanvasFormat"":""11x14-inch"",""CanvasFrame"":""wood-fsc-2-cm"",""CanvasMaterial"":""canvas"",""ColorType"":""4-0"",""FrameColor"":""dark-wood"",""FrameMaterial"":""wood"",""FrameProperties"":""w14xt32-mm"",""FrameSize"":""13x16-inch"",""FulfillmentService"":""canvas-mounting"",""Orientation"":""hor"",""ProductStatus"":""activated"",""State"":""published""}"
framed_canvas_wood_w14xt32-mm_11x14-inch_hor_natural-wood_13x16-inch_wood-fsc-2-cm_canvas_4-0_canvas-mounting,Framed canvas — hor,framed-canvas,framed-canvas,"{""CanvasFormat"":""11x14-inch"",""CanvasFrame"":""wood-fsc-2-cm"",""CanvasMaterial"":""canvas"",""ColorType"":""4-0"",""FrameColor"":""natural-wood"",""FrameMaterial"":""wood"",""FrameProperties"":""w14xt32-mm"",""FrameSize"":""13x16-inch"",""FulfillmentService"":""canvas-mounting"",""Orientation"":""hor"",""ProductStatus"":""activated"",""State"":""published""}"
framed_canvas_wood_w14xt32-mm_11x14-inch_ver_black_13x16-inch_wood-fsc-2-cm_canvas_4-0_canvas-mounting,Framed canvas — ver,framed-canvas,framed-canvas,"{""CanvasFormat"":""11x14-inch"",""CanvasFrame"":""wood-fsc-2-cm"",""CanvasMaterial"":""canvas"",""ColorType"":""4-0"",""FrameColor"":""black"",""FrameMaterial"":""wood"",""FrameProperties"":""w14xt32-mm"",""FrameSize"":""13x16-inch"",""FulfillmentService"":""canvas-mounting"",""Orientation"":""ver"",""ProductStatus"":""activated"",""State"":""published""}"
framed_canvas_wood_w14xt32-mm_11x14-inch_ver_dark-wood_13x16-inch_wood-fsc-2-cm_canvas_4-0_canvas-mounting,Framed canvas — ver,framed-canvas,framed-canvas,"{""CanvasFormat"":""11x14-inch"",""CanvasFrame"":""wood-fsc-2-cm"",""CanvasMaterial"":""canvas"",""ColorType"":""4-0"",""FrameColor"":""dark-wood"",""FrameMaterial"":""wood"",""FrameProperties"":""w14xt32-mm"",""FrameSize"":""13x16-inch"",""FulfillmentService"":""canvas-mounting"",""Orientation"":""ver"",""ProductStatus"":""activated"",""State"":""published""}"
framed_canvas_wood_w14xt32-mm_11x14-inch_ver_natural-wood_13x16-inch_wood-fsc-2-cm_canvas_4-0_canvas-mounting,Framed canvas — ver,framed-canvas,framed-canvas,"{""CanvasFormat"":""11x14-inch"",""CanvasFrame"":""wood-fsc-2-cm"",""CanvasMaterial"":""canvas"",""ColorType"":""4-0"",""FrameColor"":""natural-wood"",""FrameMaterial"":""wood"",""FrameProperties"":""w14xt32-mm"",""FrameSize"":""13x16-inch"",""FulfillmentService"":""canvas-mounting"",""Orientation"":""ver"",""ProductStatus"":""activated"",""State"":""published""}"
framed_canvas_wood_w14xt32-mm_12x12-inch_hor_black_14x14-inch_wood-fsc-2-cm_canvas_4-0_canvas-mounting,Framed canvas — hor,framed-canvas,framed-canvas,"{""CanvasFormat"":""12x12-inch"",""CanvasFrame"":""wood-fsc-2-cm"",""CanvasMaterial"":""canvas"",""ColorType"":""4-0"",""FrameColor"":""black"",""FrameMaterial"":""wood"",""FrameProperties"":""w14xt32-mm"",""FrameSize"":""14x14-inch"",""FulfillmentService"":""canvas-mounting"",""Orientation"":""hor"",""ProductStatus"":""activated"",""State"":""published""}"
framed_canvas_wood_w14xt32-mm_12x12-inch_hor_dark-wood_14x14-inch_wood-fsc-2-cm_canvas_4-0_canvas-mounting,Framed canvas — hor,framed-canvas,framed-canvas,"{""CanvasFormat"":""12x12-inch"",""CanvasFrame"":""wood-fsc-2-cm"",""CanvasMaterial"":""canvas"",""ColorType"":""4-0"",""FrameColor"":""dark-wood"",""FrameMaterial"":""wood"",""FrameProperties"":""w14xt32-mm"",""FrameSize"":""14x14-inch"",""FulfillmentService"":""canvas-mounting"",""Orientation"":""hor"",""ProductStatus"":""activated"",""State"":""published""}"
framed_canvas_wood_w14xt32-mm_12x12-inch_hor_natural-wood_14x14-inch_wood-fsc-2-cm_canvas_4-0_canvas-mounting,Framed canvas — hor,framed-canvas,framed-canvas,"{""CanvasFormat"":""12x12-inch"",""CanvasFrame"":""wood-fsc-2-cm"",""CanvasMaterial"":""canvas"",""ColorType"":""4-0"",""FrameColor"":""natural-wood"",""FrameMaterial"":""wood"",""FrameProperties"":""w14xt32-mm"",""FrameSize"":""14x14-inch"",""FulfillmentService"":""canvas-mounting"",""Orientation"":""hor"",""ProductStatus"":""activated"",""State"":""published""}"
framed_canvas_wood_w14xt32-mm_12x12-inch_ver_black_14x14-inch_wood-fsc-2-cm_canvas_4-0_canvas-mounting,Framed canvas — ver,framed-canvas,framed-canvas,"{""CanvasFormat"":""12x12-inch"",""CanvasFrame"":""wood-fsc-2-cm"",""CanvasMaterial"":""canvas"",""ColorType"":""4-0"",""FrameColor"":""black"",""FrameMaterial"":""wood"",""FrameProperties"":""w14xt32-mm"",""FrameSize"":""14x14-inch"",""FulfillmentService"":""canvas-mounting"",""Orientation"":""ver"",""ProductStatus"":""activated"",""State"":""published""}"
framed_canvas_wood_w14xt32-mm_12x12-inch_ver_dark-wood_14x14-inch_wood-fsc-2-cm_canvas_4-0_canvas-mounting,Framed canvas — ver,framed-canvas,framed-canvas,"{""CanvasFormat"":""12x12-inch"",""CanvasFrame"":""wood-fsc-2-cm"",""CanvasMaterial"":""canvas"",""ColorType"":""4-0"",""FrameColor"":""dark-wood"",""FrameMaterial"":""wood"",""FrameProperties"":""w14xt32-mm"",""FrameSize"":""14x14-inch"",""FulfillmentService"":""canvas-mounting"",""Orientation"":""ver"",""ProductStatus"":""activated"",""State"":""published""}"
framed_canvas_wood_w14xt32-mm_12x12-inch_ver_natural-wood_14x14-inch_wood-fsc-2-cm_canvas_4-0_canvas-mounting,Framed canvas — ver,framed-canvas,framed-canvas,"{""CanvasFormat"":""12x12-inch"",""CanvasFrame"":""wood-fsc-2-cm"",""CanvasMaterial"":""canvas"",""ColorType"":""4-0"",""FrameColor"":""natural-wood"",""FrameMaterial"":""wood"",""FrameProperties"":""w14xt32-mm"",""FrameSize"":""14x14-inch"",""FulfillmentService"":""canvas-mounting"",""Orientation"":""ver"",""ProductStatus"":""activated"",""State"":""published""}"
framed_canvas_wood_w14xt32-mm_12x16-inch_hor_black_14x18-inch_wood-fsc-2-cm_canvas_4-0_canvas-mounting,Framed canvas — hor,framed-canvas,framed-canvas,"{""CanvasFormat"":""12x16-inch"",""CanvasFrame"":""wood-fsc-2-cm"",""CanvasMaterial"":""canvas"",""ColorType"":""4-0"",""FrameColor"":""black"",""FrameMaterial"":""wood"",""FrameProperties"":""w14xt32-mm"",""FrameSize"":""14x18-inch"",""FulfillmentService"":""canvas-mounting"",""Orientation"":""hor"",""ProductStatus"":""activated"",""State"":""published""}"
framed_canvas_wood_w14xt32-mm_12x16-inch_hor_dark-wood_14x18-inch_wood-fsc-2-cm_canvas_4-0_canvas-mounting,Framed canvas — hor,framed-canvas,framed-canvas,"{""CanvasFormat"":""12x16-inch"",""CanvasFrame"":""wood-fsc-2-cm"",""CanvasMaterial"":""canvas"",""ColorType"":""4-0"",""FrameColor"":""dark-wood"",""FrameMaterial"":""wood"",""FrameProperties"":""w14xt32-mm"",""FrameSize"":""14x18-inch"",""FulfillmentService"":""canvas-mounting"",""Orientation"":""hor"",""ProductStatus"":""activated"",""State"":""published""}"
framed_canvas_wood_w14xt32-mm_12x16-inch_hor_natural-wood_14x18-inch_wood-fsc-2-cm_canvas_4-0_canvas-mounting,Framed canvas — hor,framed-canvas,framed-canvas,"{""CanvasFormat"":""12x16-inch"",""CanvasFrame"":""wood-fsc-2-cm"",""CanvasMaterial"":""canvas"",""ColorType"":""4-0"",""FrameColor"":""natural-wood"",""FrameMaterial"":""wood"",""FrameProperties"":""w14xt32-mm"",""FrameSize"":""14x18-inch"",""FulfillmentService"":""canvas-mounting"",""Orientation"":""hor"",""ProductStatus"":""activated"",""State"":""published""}"
framed_canvas_wood_w14xt32-mm_12x16-inch_ver_black_14x18-inch_wood-fsc-2-cm_canvas_4-0_canvas-mounting,Framed canvas — ver,framed-canvas,framed-canvas,"{""CanvasFormat"":""12x16-inch"",""CanvasFrame"":""wood-fsc-2-cm"",""CanvasMaterial"":""canvas"",""ColorType"":""4-0"",""FrameColor"":""black"",""FrameMaterial"":""wood"",""FrameProperties"":""w14xt32-mm"",""FrameSize"":""14x18-inch"",""FulfillmentService"":""canvas-mounting"",""Orientation"":""ver"",""ProductStatus"":""activated"",""State"":""published""}"
framed_canvas_wood_w14xt32-mm_12x16-inch_ver_dark-wood_14x18-inch_wood-fsc-2-cm_canvas_4-0_canvas-mounting,Framed canvas — ver,framed-canvas,framed-canvas,"{""CanvasFormat"":""12x16-inch"",""CanvasFrame"":""wood-fsc-2-cm"",""CanvasMaterial"":""canvas"",""ColorType"":""4-0"",""FrameColor"":""dark-wood"",""FrameMaterial"":""wood"",""FrameProperties"":""w14xt32-mm"",""FrameSize"":""14x18-inch"",""FulfillmentService"":""canvas-mounting"",""Orientation"":""ver"",""ProductStatus"":""activated"",""State"":""published""}"
framed_canvas_wood_w14xt32-mm_12x16-inch_ver_natural-wood_14x18-inch_wood-fsc-2-cm_canvas_4-0_canvas-mounting,Framed canvas — ver,framed-canvas,framed-canvas,"{""CanvasFormat"":""12x16-inch"",""CanvasFrame"":""wood-fsc-2-cm"",""CanvasMaterial"":""canvas"",""ColorType"":""4-0"",""FrameColor"":""natural-wood"",""FrameMaterial"":""wood"",""FrameProperties"":""w14xt32-mm"",""FrameSize"":""14x18-inch"",""FulfillmentService"":""canvas-mounting"",""Orientation"":""ver"",""ProductStatus"":""activated"",""State"":""published""}"
framed_canvas_wood_w14xt32-mm_12x18-inch_hor_black_14x20-inch_wood-fsc-2-cm_canvas_4-0_canvas-mounting,Framed canvas — hor,framed-canvas,framed-canvas,"{""CanvasFormat"":""12x18-inch"",""CanvasFrame"":""wood-fsc-2-cm"",""CanvasMaterial"":""canvas"",""ColorType"":""4-0"",""FrameColor"":""black"",""FrameMaterial"":""wood"",""FrameProperties"":""w14xt32-mm"",""FrameSize"":""14x20-inch"",""FulfillmentService"":""canvas-mounting"",""Orientation"":""hor"",""ProductStatus"":""activated"",""State"":""published""}"
framed_canvas_wood_w14xt32-mm_12x18-inch_hor_dark-wood_14x20-inch_wood-fsc-2-cm_canvas_4-0_canvas-mounting,Framed canvas — hor,framed-canvas,framed-canvas,"{""CanvasFormat"":""12x18-inch"",""CanvasFrame"":""wood-fsc-2-cm"",""CanvasMaterial"":""canvas"",""ColorType"":""4-0"",""FrameColor"":""dark-wood"",""FrameMaterial"":""wood"",""FrameProperties"":""w14xt32-mm"",""FrameSize"":""14x20-inch"",""FulfillmentService"":""canvas-mounting"",""Orientation"":""hor"",""ProductStatus"":""activated"",""State"":""published""}"
framed_canvas_wood_w14xt32-mm_12x18-inch_hor_natural-wood_14x20-inch_wood-fsc-2-cm_canvas_4-0_canvas-mounting,Framed canvas — hor,framed-canvas,framed-canvas,"{""CanvasFormat"":""12x18-inch"",""CanvasFrame"":""wood-fsc-2-cm"",""CanvasMaterial"":""canvas"",""ColorType"":""4-0"",""FrameColor"":""natural-wood"",""FrameMaterial"":""wood"",""FrameProperties"":""w14xt32-mm"",""FrameSize"":""14x20-inch"",""FulfillmentService"":""canvas-mounting"",""Orientation"":""hor"",""ProductStatus"":""activated"",""State"":""published""}"
framed_canvas_wood_w14xt32-mm_12x18-inch_ver_black_14x20-inch_wood-fsc-2-cm_canvas_4-0_canvas-mounting,Framed canvas — ver,framed-canvas,framed-canvas,"{""CanvasFormat"":""12x18-inch"",""CanvasFrame"":""wood-fsc-2-cm"",""CanvasMaterial"":""canvas"",""ColorType"":""4-0"",""FrameColor"":""black"",""FrameMaterial"":""wood"",""FrameProperties"":""w14xt32-mm"",""FrameSize"":""14x20-inch"",""FulfillmentService"":""canvas-mounting"",""Orientation"":""ver"",""ProductStatus"":""activated"",""State"":""published""}"
framed_canvas_wood_w14xt32-mm_12x18-inch_ver_dark-wood_14x20-inch_wood-fsc-2-cm_canvas_4-0_canvas-mounting,Framed canvas — ver,framed-canvas,framed-canvas,"{""CanvasFormat"":""12x18-inch"",""CanvasFrame"":""wood-fsc-2-cm"",""CanvasMaterial"":""canvas"",""ColorType"":""4-0"",""FrameColor"":""dark-wood"",""FrameMaterial"":""wood"",""FrameProperties"":""w14xt32-mm"",""FrameSize"":""14x20-inch"",""FulfillmentService"":""canvas-mounting"",""Orientation"":""ver"",""ProductStatus"":""activated"",""State"":""published""}"
framed_canvas_wood_w14xt32-mm_12x18-inch_ver_natural-wood_14x20-inch_wood-fsc-2-cm_canvas_4-0_canvas-mounting,Framed canvas — ver,framed-canvas,framed-canvas,"{""CanvasFormat"":""12x18-inch"",""CanvasFrame"":""wood-fsc-2-cm"",""CanvasMaterial"":""canvas"",""ColorType"":""4-0"",""FrameColor"":""natural-wood"",""FrameMaterial"":""wood"",""FrameProperties"":""w14xt32-mm"",""FrameSize"":""14x20-inch"",""FulfillmentService"":""canvas-mounting"",""Orientation"":""ver"",""ProductStatus"":""activated"",""State"":""published""}"
framed_canvas_wood_w14xt32-mm_12x24-inch_hor_black_14x26-inch_wood-fsc-2-cm_canvas_4-0_canvas-mounting,Framed canvas — hor,framed-canvas,framed-canvas,"{""CanvasFormat"":""12x24-inch"",""CanvasFrame"":""wood-fsc-2-cm"",""CanvasMaterial"":""canvas"",""ColorType"":""4-0"",""FrameColor"":""black"",""FrameMaterial"":""wood"",""FrameProperties"":""w14xt32-mm"",""FrameSize"":""14x26-inch"",""FulfillmentService"":""canvas-mounting"",""Orientation"":""hor"",""ProductStatus"":""activated"",""State"":""published""}"
framed_canvas_wood_w14xt32-mm_12x24-inch_hor_dark-wood_14x26-inch_wood-fsc-2-cm_canvas_4-0_canvas-mounting,Framed canvas — hor,framed-canvas,framed-canvas,"{""CanvasFormat"":""12x24-inch"",""CanvasFrame"":""wood-fsc-2-cm"",""CanvasMaterial"":""canvas"",""ColorType"":""4-0"",""FrameColor"":""dark-wood"",""FrameMaterial"":""wood"",""FrameProperties"":""w14xt32-mm"",""FrameSize"":""14x26-inch"",""FulfillmentService"":""canvas-mounting"",""Orientation"":""hor"",""ProductStatus"":""activated"",""State"":""published""}"
framed_canvas_wood_w14xt32-mm_12x24-inch_hor_natural-wood_14x26-inch_wood-fsc-2-cm_canvas_4-0_canvas-mounting,Framed canvas — hor,framed-canvas,framed-canvas,"{""CanvasFormat"":""12x24-inch"",""CanvasFrame"":""wood-fsc-2-cm"",""CanvasMaterial"":""canvas"",""ColorType"":""4-0"",""FrameColor"":""natural-wood"",""FrameMaterial"":""wood"",""FrameProperties"":""w14xt32-mm"",""FrameSize"":""14x26-inch"",""FulfillmentService"":""canvas-mounting"",""Orientation"":""hor"",""ProductStatus"":""activated"",""State"":""published""}"
framed_canvas_wood_w14xt32-mm_12x24-inch_ver_black_14x26-inch_wood-fsc-2-cm_canvas_4-0_canvas-mounting,Framed canvas — ver,framed-canvas,framed-canvas,"{""CanvasFormat"":""12x24-inch"",""CanvasFrame"":""wood-fsc-2-cm"",""CanvasMaterial"":""canvas"",""ColorType"":""4-0"",""FrameColor"":""black"",""FrameMaterial"":""wood"",""FrameProperties"":""w14xt32-mm"",""FrameSize"":""14x26-inch"",""FulfillmentService"":""canvas-mounting"",""Orientation"":""ver"",""ProductStatus"":""activated"",""State"":""published""}"
framed_canvas_wood_w14xt32-mm_12x24-inch_ver_dark-wood_14x26-inch_wood-fsc-2-cm_canvas_4-0_canvas-mounting,Framed canvas — ver,framed-canvas,framed-canvas,"{""CanvasFormat"":""12x24-inch"",""CanvasFrame"":""wood-fsc-2-cm"",""CanvasMaterial"":""canvas"",""ColorType"":""4-0"",""FrameColor"":""dark-wood"",""FrameMaterial"":""wood"",""FrameProperties"":""w14xt32-mm"",""FrameSize"":""14x26-inch"",""FulfillmentService"":""canvas-mounting"",""Orientation"":""ver"",""ProductStatus"":""activated"",""State"":""published""}"
framed_canvas_wood_w14xt32-mm_12x24-inch_ver_natural-wood_14x26-inch_wood-fsc-2-cm_canvas_4-0_canvas-mounting,Framed canvas — ver,framed-canvas,framed-canvas,"{""CanvasFormat"":""12x24-inch"",""CanvasFrame"":""wood-fsc-2-cm"",""CanvasMaterial"":""canvas"",""ColorType"":""4-0"",""FrameColor"":""natural-wood"",""FrameMaterial"":""wood"",""FrameProperties"":""w14xt32-mm"",""FrameSize"":""14x26-inch"",""FulfillmentService"":""canvas-mounting"",""Orientation"":""ver"",""ProductStatus"":""activated"",""State"":""published""}"
framed_canvas_wood_w14xt32-mm_12x36-inch_hor_black_14x38-inch_wood-fsc-2-cm_canvas_4-0_canvas-mounting,Framed canvas — hor,framed-canvas,framed-canvas,"{""CanvasFormat"":""12x36-inch"",""CanvasFrame"":""wood-fsc-2-cm"",""CanvasMaterial"":""canvas"",""ColorType"":""4-0"",""FrameColor"":""black"",""FrameMaterial"":""wood"",""FrameProperties"":""w14xt32-mm"",""FrameSize"":""14x38-inch"",""FulfillmentService"":""canvas-mounting"",""Orientation"":""hor"",""ProductStatus"":""activated"",""State"":""published""}"
framed_canvas_wood_w14xt32-mm_12x36-inch_hor_dark-wood_14x38-inch_wood-fsc-2-cm_canvas_4-0_canvas-mounting,Framed canvas — hor,framed-canvas,framed-canvas,"{""CanvasFormat"":""12x36-inch"",""CanvasFrame"":""wood-fsc-2-cm"",""CanvasMaterial"":""canvas"",""ColorType"":""4-0"",""FrameColor"":""dark-wood"",""FrameMaterial"":""wood"",""FrameProperties"":""w14xt32-mm"",""FrameSize"":""14x38-inch"",""FulfillmentService"":""canvas-mounting"",""Orientation"":""hor"",""ProductStatus"":""activated"",""State"":""published""}"
framed_canvas_wood_w14xt32-mm_12x36-inch_hor_natural-wood_14x38-inch_wood-fsc-2-cm_canvas_4-0_canvas-mounting,Framed canvas — hor,framed-canvas,framed-canvas,"{""CanvasFormat"":""12x36-inch"",""CanvasFrame"":""wood-fsc-2-cm"",""CanvasMaterial"":""canvas"",""ColorType"":""4-0"",""FrameColor"":""natural-wood"",""FrameMaterial"":""wood"",""FrameProperties"":""w14xt32-mm"",""FrameSize"":""14x38-inch"",""FulfillmentService"":""canvas-mounting"",""Orientation"":""hor"",""ProductStatus"":""activated"",""State"":""published""}"
framed_canvas_wood_w14xt32-mm_12x36-inch_ver_black_14x38-inch_wood-fsc-2-cm_canvas_4-0_canvas-mounting,Framed canvas — ver,framed-canvas,framed-canvas,"{""CanvasFormat"":""12x36-inch"",""CanvasFrame"":""wood-fsc-2-cm"",""CanvasMaterial"":""canvas"",""ColorType"":""4-0"",""FrameColor"":""black"",""FrameMaterial"":""wood"",""FrameProperties"":""w14xt32-mm"",""FrameSize"":""14x38-inch"",""FulfillmentService"":""canvas-mounting"",""Orientation"":""ver"",""ProductStatus"":""activated"",""State"":""published""}"
framed_canvas_wood_w14xt32-mm_12x36-inch_ver_dark-wood_14x38-inch_wood-fsc-2-cm_canvas_4-0_canvas-mounting,Framed canvas — ver,framed-canvas,framed-canvas,"{""CanvasFormat"":""12x36-inch"",""CanvasFrame"":""wood-fsc-2-cm"",""CanvasMaterial"":""canvas"",""ColorType"":""4-0"",""FrameColor"":""dark-wood"",""FrameMaterial"":""wood"",""FrameProperties"":""w14xt32-mm"",""FrameSize"":""14x38-inch"",""FulfillmentService"":""canvas-mounting"",""Orientation"":""ver"",""ProductStatus"":""activated"",""State"":""published""}"
framed_canvas_wood_w14xt32-mm_12x36-inch_ver_natural-wood_14x38-inch_wood-fsc-2-cm_canvas_4-0_canvas-mounting,Framed canvas — ver,framed-canvas,framed-canvas,"{""CanvasFormat"":""12x36-inch"",""CanvasFrame"":""wood-fsc-2-cm"",""CanvasMaterial"":""canvas"",""ColorType"":""4-0"",""FrameColor"":""natural-wood"",""FrameMaterial"":""wood"",""FrameProperties"":""w14xt32-mm"",""FrameSize"":""14x38-inch"",""FulfillmentService"":""canvas-mounting"",""Orientation"":""ver"",""ProductStatus"":""activated"",""State"":""published""}"
framed_canvas_wood_w14xt32-mm_12x40-inch_hor_black_14x42-inch_wood-fsc-2-cm_canvas_4-0_canvas-mounting,Framed canvas — hor,framed-canvas,framed-canvas,"{""CanvasFormat"":""12x40-inch"",""CanvasFrame"":""wood-fsc-2-cm"",""CanvasMaterial"":""canvas"",""ColorType"":""4-0"",""FrameColor"":""black"",""FrameMaterial"":""wood"",""FrameProperties"":""w14xt32-mm"",""FrameSize"":""14x42-inch"",""FulfillmentService"":""canvas-mounting"",""Orientation"":""hor"",""ProductStatus"":""activated"",""State"":""published""}"
framed_canvas_wood_w14xt32-mm_12x40-inch_hor_dark-wood_14x42-inch_wood-fsc-2-cm_canvas_4-0_canvas-mounting,Framed canvas — hor,framed-canvas,framed-canvas,"{""CanvasFormat"":""12x40-inch"",""CanvasFrame"":""wood-fsc-2-cm"",""CanvasMaterial"":""canvas"",""ColorType"":""4-0"",""FrameColor"":""dark-wood"",""FrameMaterial"":""wood"",""FrameProperties"":""w14xt32-mm"",""FrameSize"":""14x42-inch"",""FulfillmentService"":""canvas-mounting"",""Orientation"":""hor"",""ProductStatus"":""activated"",""State"":""published""}"
framed_canvas_wood_w14xt32-mm_12x40-inch_hor_natural-wood_14x42-inch_wood-fsc-2-cm_canvas_4-0_canvas-mounting,Framed canvas — hor,framed-canvas,framed-canvas,"{""CanvasFormat"":""12x40-inch"",""CanvasFrame"":""wood-fsc-2-cm"",""CanvasMaterial"":""canvas"",""ColorType"":""4-0"",""FrameColor"":""natural-wood"",""FrameMaterial"":""wood"",""FrameProperties"":""w14xt32-mm"",""FrameSize"":""14x42-inch"",""FulfillmentService"":""canvas-mounting"",""Orientation"":""hor"",""ProductStatus"":""activated"",""State"":""published""}"
framed_canvas_wood_w14xt32-mm_12x40-inch_ver_black_14x42-inch_wood-fsc-2-cm_canvas_4-0_canvas-mounting,Framed canvas — ver,framed-canvas,framed-canvas,"{""CanvasFormat"":""12x40-inch"",""CanvasFrame"":""wood-fsc-2-cm"",""CanvasMaterial"":""canvas"",""ColorType"":""4-0"",""FrameColor"":""black"",""FrameMaterial"":""wood"",""FrameProperties"":""w14xt32-mm"",""FrameSize"":""14x42-inch"",""FulfillmentService"":""canvas-mounting"",""Orientation"":""ver"",""ProductStatus"":""activated"",""State"":""published""}"
framed_canvas_wood_w14xt32-mm_12x40-inch_ver_dark-wood_14x42-inch_wood-fsc-2-cm_canvas_4-0_canvas-mounting,Framed canvas — ver,framed-canvas,framed-canvas,"{""CanvasFormat"":""12x40-inch"",""CanvasFrame"":""wood-fsc-2-cm"",""CanvasMaterial"":""canvas"",""ColorType"":""4-0"",""FrameColor"":""dark-wood"",""FrameMaterial"":""wood"",""FrameProperties"":""w14xt32-mm"",""FrameSize"":""14x42-inch"",""FulfillmentService"":""canvas-mounting"",""Orientation"":""ver"",""ProductStatus"":""activated"",""State"":""published""}"
framed_canvas_wood_w14xt32-mm_12x40-inch_ver_natural-wood_14x42-inch_wood-fsc-2-cm_canvas_4-0_canvas-mounting,Framed canvas — ver,framed-canvas,framed-canvas,"{""CanvasFormat"":""12x40-inch"",""CanvasFrame"":""wood-fsc-2-cm"",""CanvasMaterial"":""canvas"",""ColorType"":""4-0"",""FrameColor"":""natural-wood"",""FrameMaterial"":""wood"",""FrameProperties"":""w14xt32-mm"",""FrameSize"":""14x42-inch"",""FulfillmentService"":""canvas-mounting"",""Orientation"":""ver"",""ProductStatus"":""activated"",""State"":""published""}"
framed_canvas_wood_w14xt32-mm_16x16-inch_hor_black_18x18-inch_wood-fsc-2-cm_canvas_4-0_canvas-mounting,Framed canvas — hor,framed-canvas,framed-canvas,"{""CanvasFormat"":""16x16-inch"",""CanvasFrame"":""wood-fsc-2-cm"",""CanvasMaterial"":""canvas"",""ColorType"":""4-0"",""FrameColor"":""black"",""FrameMaterial"":""wood"",""FrameProperties"":""w14xt32-mm"",""FrameSize"":""18x18-inch"",""FulfillmentService"":""canvas-mounting"",""Orientation"":""hor"",""ProductStatus"":""activated"",""State"":""published""}"
framed_canvas_wood_w14xt32-mm_16x16-inch_hor_dark-wood_18x18-inch_wood-fsc-2-cm_canvas_4-0_canvas-mounting,Framed canvas — hor,framed-canvas,framed-canvas,"{""CanvasFormat"":""16x16-inch"",""CanvasFrame"":""wood-fsc-2-cm"",""CanvasMaterial"":""canvas"",""ColorType"":""4-0"",""FrameColor"":""dark-wood"",""FrameMaterial"":""wood"",""FrameProperties"":""w14xt32-mm"",""FrameSize"":""18x18-inch"",""FulfillmentService"":""canvas-mounting"",""Orientation"":""hor"",""ProductStatus"":""activated"",""State"":""published""}"
framed_canvas_wood_w14xt32-mm_16x16-inch_hor_natural-wood_18x18-inch_wood-fsc-2-cm_canvas_4-0_canvas-mounting,Framed canvas — hor,framed-canvas,framed-canvas,"{""CanvasFormat"":""16x16-inch"",""CanvasFrame"":""wood-fsc-2-cm"",""CanvasMaterial"":""canvas"",""ColorType"":""4-0"",""FrameColor"":""natural-wood"",""FrameMaterial"":""wood"",""FrameProperties"":""w14xt32-mm"",""FrameSize"":""18x18-inch"",""FulfillmentService"":""canvas-mounting"",""Orientation"":""hor"",""ProductStatus"":""activated"",""State"":""published""}"
framed_canvas_wood_w14xt32-mm_16x16-inch_ver_black_18x18-inch_wood-fsc-2-cm_canvas_4-0_canvas-mounting,Framed canvas — ver,framed-canvas,framed-canvas,"{""CanvasFormat"":""16x16-inch"",""CanvasFrame"":""wood-fsc-2-cm"",""CanvasMaterial"":""canvas"",""ColorType"":""4-0"",""FrameColor"":""black"",""FrameMaterial"":""wood"",""FrameProperties"":""w14xt32-mm"",""FrameSize"":""18x18-inch"",""FulfillmentService"":""canvas-mounting"",""Orientation"":""ver"",""ProductStatus"":""activated"",""State"":""published""}"
framed_canvas_wood_w14xt32-mm_16x16-inch_ver_dark-wood_18x18-inch_wood-fsc-2-cm_canvas_4-0_canvas-mounting,Framed canvas — ver,framed-canvas,framed-canvas,"{""CanvasFormat"":""16x16-inch"",""CanvasFrame"":""wood-fsc-2-cm"",""CanvasMaterial"":""canvas"",""ColorType"":""4-0"",""FrameColor"":""dark-wood"",""FrameMaterial"":""wood"",""FrameProperties"":""w14xt32-mm"",""FrameSize"":""18x18-inch"",""FulfillmentService"":""canvas-mounting"",""Orientation"":""ver"",""ProductStatus"":""activated"",""State"":""published""}"
framed_canvas_wood_w14xt32-mm_16x16-inch_ver_natural-wood_18x18-inch_wood-fsc-2-cm_canvas_4-0_canvas-mounting,Framed canvas — ver,framed-canvas,framed-canvas,"{""CanvasFormat"":""16x16-inch"",""CanvasFrame"":""wood-fsc-2-cm"",""CanvasMaterial"":""canvas"",""ColorType"":""4-0"",""FrameColor"":""natural-wood"",""FrameMaterial"":""wood"",""FrameProperties"":""w14xt32-mm"",""FrameSize"":""18x18-inch"",""FulfillmentService"":""canvas-mounting"",""Orientation"":""ver"",""ProductStatus"":""activated"",""State"":""published""}"
framed_canvas_wood_w14xt32-mm_16x20-inch_hor_black_18x22-inch_wood-fsc-2-cm_canvas_4-0_canvas-mounting,Framed canvas — hor,framed-canvas,framed-canvas,"{""CanvasFormat"":""16x20-inch"",""CanvasFrame"":""wood-fsc-2-cm"",""CanvasMaterial"":""canvas"",""ColorType"":""4-0"",""FrameColor"":""black"",""FrameMaterial"":""wood"",""FrameProperties"":""w14xt32-mm"",""FrameSize"":""18x22-inch"",""FulfillmentService"":""canvas-mounting"",""Orientation"":""hor"",""ProductStatus"":""activated"",""State"":""published""}"
framed_canvas_wood_w14xt32-mm_16x20-inch_hor_dark-wood_18x22-inch_wood-fsc-2-cm_canvas_4-0_canvas-mounting,Framed canvas — hor,framed-canvas,framed-canvas,"{""CanvasFormat"":""16x20-inch"",""CanvasFrame"":""wood-fsc-2-cm"",""CanvasMaterial"":""canvas"",""ColorType"":""4-0"",""FrameColor"":""dark-wood"",""FrameMaterial"":""wood"",""FrameProperties"":""w14xt32-mm"",""FrameSize"":""18x22-inch"",""FulfillmentService"":""canvas-mounting"",""Orientation"":""hor"",""ProductStatus"":""activated"",""State"":""published""}"
framed_canvas_wood_w14xt32-mm_16x20-inch_hor_natural-wood_18x22-inch_wood-fsc-2-cm_canvas_4-0_canvas-mounting,Framed canvas — hor,framed-canvas,framed-canvas,"{""CanvasFormat"":""16x20-inch"",""CanvasFrame"":""wood-fsc-2-cm"",""CanvasMaterial"":""canvas"",""ColorType"":""4-0"",""FrameColor"":""natural-wood"",""FrameMaterial"":""wood"",""FrameProperties"":""w14xt32-mm"",""FrameSize"":""18x22-inch"",""FulfillmentService"":""canvas-mounting"",""Orientation"":""hor"",""ProductStatus"":""activated"",""State"":""published""}"
framed_canvas_wood_w14xt32-mm_16x20-inch_ver_black_18x22-inch_wood-fsc-2-cm_canvas_4-0_canvas-mounting,Framed canvas — ver,framed-canvas,framed-canvas,"{""CanvasFormat"":""16x20-inch"",""CanvasFrame"":""wood-fsc-2-cm"",""CanvasMaterial"":""canvas"",""ColorType"":""4-0"",""FrameColor"":""black"",""FrameMaterial"":""wood"",""FrameProperties"":""w14xt32-mm"",""FrameSize"":""18x22-inch"",""FulfillmentService"":""canvas-mounting"",""Orientation"":""ver"",""ProductStatus"":""activated"",""State"":""published""}"
framed_canvas_wood_w14xt32-mm_16x20-inch_ver_dark-wood_18x22-inch_wood-fsc-2-cm_canvas_4-0_canvas-mounting,Framed canvas — ver,framed-canvas,framed-canvas,"{""CanvasFormat"":""16x20-inch"",""CanvasFrame"":""wood-fsc-2-cm"",""CanvasMaterial"":""canvas"",""ColorType"":""4-0"",""FrameColor"":""dark-wood"",""FrameMaterial"":""wood"",""FrameProperties"":""w14xt32-mm"",""FrameSize"":""18x22-inch"",""FulfillmentService"":""canvas-mounting"",""Orientation"":""ver"",""ProductStatus"":""activated"",""State"":""published""}"
framed_canvas_wood_w14xt32-mm_16x20-inch_ver_natural-wood_18x22-inch_wood-fsc-2-cm_canvas_4-0_canvas-mounting,Framed canvas — ver,framed-canvas,framed-canvas,"{""CanvasFormat"":""16x20-inch"",""CanvasFrame"":""wood-fsc-2-cm"",""CanvasMaterial"":""canvas"",""ColorType"":""4-0"",""FrameColor"":""natural-wood"",""FrameMaterial"":""wood"",""FrameProperties"":""w14xt32-mm"",""FrameSize"":""18x22-inch"",""FulfillmentService"":""canvas-mounting"",""Orientation"":""ver"",""ProductStatus"":""activated"",""State"":""published""}"
framed_canvas_wood_w14xt32-mm_16x24-inch_hor_black_18x26-inch_wood-fsc-2-cm_canvas_4-0_canvas-mounting,Framed canvas — hor,framed-canvas,framed-canvas,"{""CanvasFormat"":""16x24-inch"",""CanvasFrame"":""wood-fsc-2-cm"",""CanvasMaterial"":""canvas"",""ColorType"":""4-0"",""FrameColor"":""black"",""FrameMaterial"":""wood"",""FrameProperties"":""w14xt32-mm"",""FrameSize"":""18x26-inch"",""FulfillmentService"":""canvas-mounting"",""Orientation"":""hor"",""ProductStatus"":""activated"",""State"":""published""}"
framed_canvas_wood_w14xt32-mm_16x24-inch_hor_dark-wood_18x26-inch_wood-fsc-2-cm_canvas_4-0_canvas-mounting,Framed canvas — hor,framed-canvas,framed-canvas,"{""CanvasFormat"":""16x24-inch"",""CanvasFrame"":""wood-fsc-2-cm"",""CanvasMaterial"":""canvas"",""ColorType"":""4-0"",""FrameColor"":""dark-wood"",""FrameMaterial"":""wood"",""FrameProperties"":""w14xt32-mm"",""FrameSize"":""18x26-inch"",""FulfillmentService"":""canvas-mounting"",""Orientation"":""hor"",""ProductStatus"":""activated"",""State"":""published""}"
framed_canvas_wood_w14xt32-mm_16x24-inch_hor_natural-wood_18x26-inch_wood-fsc-2-cm_canvas_4-0_canvas-mounting,Framed canvas — hor,framed-canvas,framed-canvas,"{""CanvasFormat"":""16x24-inch"",""CanvasFrame"":""wood-fsc-2-cm"",""CanvasMaterial"":""canvas"",""ColorType"":""4-0"",""FrameColor"":""natural-wood"",""FrameMaterial"":""wood"",""FrameProperties"":""w14xt32-mm"",""FrameSize"":""18x26-inch"",""FulfillmentService"":""canvas-mounting"",""Orientation"":""hor"",""ProductStatus"":""activated"",""State"":""published""}"
framed_canvas_wood_w14xt32-mm_16x24-inch_ver_black_18x26-inch_wood-fsc-2-cm_canvas_4-0_canvas-mounting,Framed canvas — ver,framed-canvas,framed-canvas,"{""CanvasFormat"":""16x24-inch"",""CanvasFrame"":""wood-fsc-2-cm"",""CanvasMaterial"":""canvas"",""ColorType"":""4-0"",""FrameColor"":""black"",""FrameMaterial"":""wood"",""FrameProperties"":""w14xt32-mm"",""FrameSize"":""18x26-inch"",""FulfillmentService"":""canvas-mounting"",""Orientation"":""ver"",""ProductStatus"":""activated"",""State"":""published""}"
framed_canvas_wood_w14xt32-mm_16x24-inch_ver_dark-wood_18x26-inch_wood-fsc-2-cm_canvas_4-0_canvas-mounting,Framed canvas — ver,framed-canvas,framed-canvas,"{""CanvasFormat"":""16x24-inch"",""CanvasFrame"":""wood-fsc-2-cm"",""CanvasMaterial"":""canvas"",""ColorType"":""4-0"",""FrameColor"":""dark-wood"",""FrameMaterial"":""wood"",""FrameProperties"":""w14xt32-mm"",""FrameSize"":""18x26-inch"",""FulfillmentService"":""canvas-mounting"",""Orientation"":""ver"",""ProductStatus"":""activated"",""State"":""published""}"
framed_canvas_wood_w14xt32-mm_16x24-inch_ver_natural-wood_18x26-inch_wood-fsc-2-cm_canvas_4-0_canvas-mounting,Framed canvas — ver,framed-canvas,framed-canvas,"{""CanvasFormat"":""16x24-inch"",""CanvasFrame"":""wood-fsc-2-cm"",""CanvasMaterial"":""canvas"",""ColorType"":""4-0"",""FrameColor"":""natural-wood"",""FrameMaterial"":""wood"",""FrameProperties"":""w14xt32-mm"",""FrameSize"":""18x26-inch"",""FulfillmentService"":""canvas-mounting"",""Orientation"":""ver"",""ProductStatus"":""activated"",""State"":""published""}"
framed_canvas_wood_w14xt32-mm_16x32-inch_hor_black_18x34-inch_wood-fsc-2-cm_canvas_4-0_canvas-mounting,Framed canvas — hor,framed-canvas,framed-canvas,"{""CanvasFormat"":""16x32-inch"",""CanvasFrame"":""wood-fsc-2-cm"",""CanvasMaterial"":""canvas"",""ColorType"":""4-0"",""FrameColor"":""black"",""FrameMaterial"":""wood"",""FrameProperties"":""w14xt32-mm"",""FrameSize"":""18x34-inch"",""FulfillmentService"":""canvas-mounting"",""Orientation"":""hor"",""ProductStatus"":""activated"",""State"":""published""}"
framed_canvas_wood_w14xt32-mm_16x32-inch_hor_dark-wood_18x34-inch_wood-fsc-2-cm_canvas_4-0_canvas-mounting,Framed canvas — hor,framed-canvas,framed-canvas,"{""CanvasFormat"":""16x32-inch"",""CanvasFrame"":""wood-fsc-2-cm"",""CanvasMaterial"":""canvas"",""ColorType"":""4-0"",""FrameColor"":""dark-wood"",""FrameMaterial"":""wood"",""FrameProperties"":""w14xt32-mm"",""FrameSize"":""18x34-inch"",""FulfillmentService"":""canvas-mounting"",""Orientation"":""hor"",""ProductStatus"":""activated"",""State"":""published""}"
framed_canvas_wood_w14xt32-mm_16x32-inch_hor_natural-wood_18x34-inch_wood-fsc-2-cm_canvas_4-0_canvas-mounting,Framed canvas — hor,framed-canvas,framed-canvas,"{""CanvasFormat"":""16x32-inch"",""CanvasFrame"":""wood-fsc-2-cm"",""CanvasMaterial"":""canvas"",""ColorType"":""4-0"",""FrameColor"":""natural-wood"",""FrameMaterial"":""wood"",""FrameProperties"":""w14xt32-mm"",""FrameSize"":""18x34-inch"",""FulfillmentService"":""canvas-mounting"",""Orientation"":""hor"",""ProductStatus"":""activated"",""State"":""published""}"
framed_canvas_wood_w14xt32-mm_16x32-inch_ver_black_18x34-inch_wood-fsc-2-cm_canvas_4-0_canvas-mounting,Framed canvas — ver,framed-canvas,framed-canvas,"{""CanvasFormat"":""16x32-inch"",""CanvasFrame"":""wood-fsc-2-cm"",""CanvasMaterial"":""canvas"",""ColorType"":""4-0"",""FrameColor"":""black"",""FrameMaterial"":""wood"",""FrameProperties"":""w14xt32-mm"",""FrameSize"":""18x34-inch"",""FulfillmentService"":""canvas-mounting"",""Orientation"":""ver"",""ProductStatus"":""activated"",""State"":""published""}"
framed_canvas_wood_w14xt32-mm_16x32-inch_ver_dark-wood_18x34-inch_wood-fsc-2-cm_canvas_4-0_canvas-mounting,Framed canvas — ver,framed-canvas,framed-canvas,"{""CanvasFormat"":""16x32-inch"",""CanvasFrame"":""wood-fsc-2-cm"",""CanvasMaterial"":""canvas"",""ColorType"":""4-0"",""FrameColor"":""dark-wood"",""FrameMaterial"":""wood"",""FrameProperties"":""w14xt32-mm"",""FrameSize"":""18x34-inch"",""FulfillmentService"":""canvas-mounting"",""Orientation"":""ver"",""ProductStatus"":""activated"",""State"":""published""}"
framed_canvas_wood_w14xt32-mm_16x32-inch_ver_natural-wood_18x34-inch_wood-fsc-2-cm_canvas_4-0_canvas-mounting,Framed canvas — ver,framed-canvas,framed-canvas,"{""CanvasFormat"":""16x32-inch"",""CanvasFrame"":""wood-fsc-2-cm"",""CanvasMaterial"":""canvas"",""ColorType"":""4-0"",""FrameColor"":""natural-wood"",""FrameMaterial"":""wood"",""FrameProperties"":""w14xt32-mm"",""FrameSize"":""18x34-inch"",""FulfillmentService"":""canvas-mounting"",""Orientation"":""ver"",""ProductStatus"":""activated"",""State"":""published""}"
framed_canvas_wood_w14xt32-mm_18x24-inch_hor_black_20x26-inch_wood-fsc-2-cm_canvas_4-0_canvas-mounting,Framed canvas — hor,framed-canvas,framed-canvas,"{""CanvasFormat"":""18x24-inch"",""CanvasFrame"":""wood-fsc-2-cm"",""CanvasMaterial"":""canvas"",""ColorType"":""4-0"",""FrameColor"":""black"",""FrameMaterial"":""wood"",""FrameProperties"":""w14xt32-mm"",""FrameSize"":""20x26-inch"",""FulfillmentService"":""canvas-mounting"",""Orientation"":""hor"",""ProductStatus"":""activated"",""State"":""published""}"
framed_canvas_wood_w14xt32-mm_18x24-inch_hor_dark-wood_20x26-inch_wood-fsc-2-cm_canvas_4-0_canvas-mounting,Framed canvas — hor,framed-canvas,framed-canvas,"{""CanvasFormat"":""18x24-inch"",""CanvasFrame"":""wood-fsc-2-cm"",""CanvasMaterial"":""canvas"",""ColorType"":""4-0"",""FrameColor"":""dark-wood"",""FrameMaterial"":""wood"",""FrameProperties"":""w14xt32-mm"",""FrameSize"":""20x26-inch"",""FulfillmentService"":""canvas-mounting"",""Orientation"":""hor"",""ProductStatus"":""activated"",""State"":""published""}"
framed_canvas_wood_w14xt32-mm_18x24-inch_hor_natural-wood_20x26-inch_wood-fsc-2-cm_canvas_4-0_canvas-mounting,Framed canvas — hor,framed-canvas,framed-canvas,"{""CanvasFormat"":""18x24-inch"",""CanvasFrame"":""wood-fsc-2-cm"",""CanvasMaterial"":""canvas"",""ColorType"":""4-0"",""FrameColor"":""natural-wood"",""FrameMaterial"":""wood"",""FrameProperties"":""w14xt32-mm"",""FrameSize"":""20x26-inch"",""FulfillmentService"":""canvas-mounting"",""Orientation"":""hor"",""ProductStatus"":""activated"",""State"":""published""}"
framed_canvas_wood_w14xt32-mm_18x24-inch_ver_black_20x26-inch_wood-fsc-2-cm_canvas_4-0_canvas-mounting,Framed canvas — ver,framed-canvas,framed-canvas,"{""CanvasFormat"":""18x24-inch"",""CanvasFrame"":""wood-fsc-2-cm"",""CanvasMaterial"":""canvas"",""ColorType"":""4-0"",""FrameColor"":""black"",""FrameMaterial"":""wood"",""FrameProperties"":""w14xt32-mm"",""FrameSize"":""20x26-inch"",""FulfillmentService"":""canvas-mounting"",""Orientation"":""ver"",""ProductStatus"":""activated"",""State"":""published""}"
framed_canvas_wood_w14xt32-mm_18x24-inch_ver_dark-wood_20x26-inch_wood-fsc-2-cm_canvas_4-0_canvas-mounting,Framed canvas — ver,framed-canvas,framed-canvas,"{""CanvasFormat"":""18x24-inch"",""CanvasFrame"":""wood-fsc-2-cm"",""CanvasMaterial"":""canvas"",""ColorType"":""4-0"",""FrameColor"":""dark-wood"",""FrameMaterial"":""wood"",""FrameProperties"":""w14xt32-mm"",""FrameSize"":""20x26-inch"",""FulfillmentService"":""canvas-mounting"",""Orientation"":""ver"",""ProductStatus"":""activated"",""State"":""published""}"
framed_canvas_wood_w14xt32-mm_18x24-inch_ver_natural-wood_20x26-inch_wood-fsc-2-cm_canvas_4-0_canvas-mounting,Framed canvas — ver,framed-canvas,framed-canvas,"{""CanvasFormat"":""18x24-inch"",""CanvasFrame"":""wood-fsc-2-cm"",""CanvasMaterial"":""canvas"",""ColorType"":""4-0"",""FrameColor"":""natural-wood"",""FrameMaterial"":""wood"",""FrameProperties"":""w14xt32-mm"",""FrameSize"":""20x26-inch"",""FulfillmentService"":""canvas-mounting"",""Orientation"":""ver"",""ProductStatus"":""activated"",""State"":""published""}"
framed_canvas_wood_w14xt32-mm_200x200-mm_hor_black_252x252-mm_wood-fsc-2-cm_canvas_4-0_canvas-mounting,Framed canvas — hor,framed-canvas,framed-canvas,"{""CanvasFormat"":""200x200-mm"",""CanvasFrame"":""wood-fsc-2-cm"",""CanvasMaterial"":""canvas"",""ColorType"":""4-0"",""FrameColor"":""black"",""FrameMaterial"":""wood"",""FrameProperties"":""w14xt32-mm"",""FrameSize"":""252x252-mm"",""FulfillmentService"":""canvas-mounting"",""Orientation"":""hor"",""ProductStatus"":""activated"",""State"":""published""}"
framed_canvas_wood_w14xt32-mm_200x200-mm_hor_dark-wood_252x252-mm_wood-fsc-2-cm_canvas_4-0_canvas-mounting,Framed canvas — hor,framed-canvas,framed-canvas,"{""CanvasFormat"":""200x200-mm"",""CanvasFrame"":""wood-fsc-2-cm"",""CanvasMaterial"":""canvas"",""ColorType"":""4-0"",""FrameColor"":""dark-wood"",""FrameMaterial"":""wood"",""FrameProperties"":""w14xt32-mm"",""FrameSize"":""252x252-mm"",""FulfillmentService"":""canvas-mounting"",""Orientation"":""hor"",""ProductStatus"":""activated"",""State"":""published""}"
framed_canvas_wood_w14xt32-mm_200x200-mm_hor_natural-wood_252x252-mm_wood-fsc-2-cm_canvas_4-0_canvas-mounting,Framed canvas — hor,framed-canvas,framed-canvas,"{""CanvasFormat"":""200x200-mm"",""CanvasFrame"":""wood-fsc-2-cm"",""CanvasMaterial"":""canvas"",""ColorType"":""4-0"",""FrameColor"":""natural-wood"",""FrameMaterial"":""wood"",""FrameProperties"":""w14xt32-mm"",""FrameSize"":""252x252-mm"",""FulfillmentService"":""canvas-mounting"",""Orientation"":""hor"",""ProductStatus"":""activated"",""State"":""published""}"
framed_canvas_wood_w14xt32-mm_200x200-mm_ver_black_252x252-mm_wood-fsc-2-cm_canvas_4-0_canvas-mounting,Framed canvas — ver,framed-canvas,framed-canvas,"{""CanvasFormat"":""200x200-mm"",""CanvasFrame"":""wood-fsc-2-cm"",""CanvasMaterial"":""canvas"",""ColorType"":""4-0"",""FrameColor"":""black"",""FrameMaterial"":""wood"",""FrameProperties"":""w14xt32-mm"",""FrameSize"":""252x252-mm"",""FulfillmentService"":""canvas-mounting"",""Orientation"":""ver"",""ProductStatus"":""activated"",""State"":""published""}"
framed_canvas_wood_w14xt32-mm_200x200-mm_ver_dark-wood_252x252-mm_wood-fsc-2-cm_canvas_4-0_canvas-mounting,Framed canvas — ver,framed-canvas,framed-canvas,"{""CanvasFormat"":""200x200-mm"",""CanvasFrame"":""wood-fsc-2-cm"",""CanvasMaterial"":""canvas"",""ColorType"":""4-0"",""FrameColor"":""dark-wood"",""FrameMaterial"":""wood"",""FrameProperties"":""w14xt32-mm"",""FrameSize"":""252x252-mm"",""FulfillmentService"":""canvas-mounting"",""Orientation"":""ver"",""ProductStatus"":""activated"",""State"":""published""}"
framed_canvas_wood_w14xt32-mm_200x200-mm_ver_natural-wood_252x252-mm_wood-fsc-2-cm_canvas_4-0_canvas-mounting,Framed canvas — ver,framed-canvas,framed-canvas,"{""CanvasFormat"":""200x200-mm"",""CanvasFrame"":""wood-fsc-2-cm"",""CanvasMaterial"":""canvas"",""ColorType"":""4-0"",""FrameColor"":""natural-wood"",""FrameMaterial"":""wood"",""FrameProperties"":""w14xt32-mm"",""FrameSize"":""252x252-mm"",""FulfillmentService"":""canvas-mounting"",""Orientation"":""ver"",""ProductStatus"":""activated"",""State"":""published""}"
framed_canvas_wood_w14xt32-mm_200x250-mm_hor_black_252x302-mm_wood-fsc-2-cm_canvas_4-0_canvas-mounting,Framed canvas — hor,framed-canvas,framed-canvas,"{""CanvasFormat"":""200x250-mm"",""CanvasFrame"":""wood-fsc-2-cm"",""CanvasMaterial"":""canvas"",""ColorType"":""4-0"",""FrameColor"":""black"",""FrameMaterial"":""wood"",""FrameProperties"":""w14xt32-mm"",""FrameSize"":""252x302-mm"",""FulfillmentService"":""canvas-mounting"",""Orientation"":""hor"",""ProductStatus"":""activated"",""State"":""published""}"
framed_canvas_wood_w14xt32-mm_200x250-mm_hor_dark-wood_252x302-mm_wood-fsc-2-cm_canvas_4-0_canvas-mounting,Framed canvas — hor,framed-canvas,framed-canvas,"{""CanvasFormat"":""200x250-mm"",""CanvasFrame"":""wood-fsc-2-cm"",""CanvasMaterial"":""canvas"",""ColorType"":""4-0"",""FrameColor"":""dark-wood"",""FrameMaterial"":""wood"",""FrameProperties"":""w14xt32-mm"",""FrameSize"":""252x302-mm"",""FulfillmentService"":""canvas-mounting"",""Orientation"":""hor"",""ProductStatus"":""activated"",""State"":""published""}"
framed_canvas_wood_w14xt32-mm_200x250-mm_hor_natural-wood_252x302-mm_wood-fsc-2-cm_canvas_4-0_canvas-mounting,Framed canvas — hor,framed-canvas,framed-canvas,"{""CanvasFormat"":""200x250-mm"",""CanvasFrame"":""wood-fsc-2-cm"",""CanvasMaterial"":""canvas"",""ColorType"":""4-0"",""FrameColor"":""natural-wood"",""FrameMaterial"":""wood"",""FrameProperties"":""w14xt32-mm"",""FrameSize"":""252x302-mm"",""FulfillmentService"":""canvas-mounting"",""Orientation"":""hor"",""ProductStatus"":""activated"",""State"":""published""}"
framed_canvas_wood_w14xt32-mm_200x250-mm_ver_black_252x302-mm_wood-fsc-2-cm_canvas_4-0_canvas-mounting,Framed canvas — ver,framed-canvas,framed-canvas,"{""CanvasFormat"":""200x250-mm"",""CanvasFrame"":""wood-fsc-2-cm"",""CanvasMaterial"":""canvas"",""ColorType"":""4-0"",""FrameColor"":""black"",""FrameMaterial"":""wood"",""FrameProperties"":""w14xt32-mm"",""FrameSize"":""252x302-mm"",""FulfillmentService"":""canvas-mounting"",""Orientation"":""ver"",""ProductStatus"":""activated"",""State"":""published""}"
framed_canvas_wood_w14xt32-mm_200x250-mm_ver_dark-wood_252x302-mm_wood-fsc-2-cm_canvas_4-0_canvas-mounting,Framed canvas — ver,framed-canvas,framed-canvas,"{""CanvasFormat"":""200x250-mm"",""CanvasFrame"":""wood-fsc-2-cm"",""CanvasMaterial"":""canvas"",""ColorType"":""4-0"",""FrameColor"":""dark-wood"",""FrameMaterial"":""wood"",""FrameProperties"":""w14xt32-mm"",""FrameSize"":""252x302-mm"",""FulfillmentService"":""canvas-mounting"",""Orientation"":""ver"",""ProductStatus"":""activated"",""State"":""published""}"
framed_canvas_wood_w14xt32-mm_200x250-mm_ver_natural-wood_252x302-mm_wood-fsc-2-cm_canvas_4-0_canvas-mounting,Framed canvas — ver,framed-canvas,framed-canvas,"{""CanvasFormat"":""200x250-mm"",""CanvasFrame"":""wood-fsc-2-cm"",""CanvasMaterial"":""canvas"",""ColorType"":""4-0"",""FrameColor"":""natural-wood"",""FrameMaterial"":""wood"",""FrameProperties"":""w14xt32-mm"",""FrameSize"":""252x302-mm"",""FulfillmentService"":""canvas-mounting"",""Orientation"":""ver"",""ProductStatus"":""activated"",""State"":""published""}"
framed_canvas_wood_w14xt32-mm_200x300-mm_hor_black_252x352-mm_wood-fsc-2-cm_canvas_4-0_canvas-mounting,Framed canvas — hor,framed-canvas,framed-canvas,"{""CanvasFormat"":""200x300-mm"",""CanvasFrame"":""wood-fsc-2-cm"",""CanvasMaterial"":""canvas"",""ColorType"":""4-0"",""FrameColor"":""black"",""FrameMaterial"":""wood"",""FrameProperties"":""w14xt32-mm"",""FrameSize"":""252x352-mm"",""FulfillmentService"":""canvas-mounting"",""Orientation"":""hor"",""ProductStatus"":""activated"",""State"":""published""}"
framed_canvas_wood_w14xt32-mm_200x300-mm_hor_dark-wood_252x352-mm_wood-fsc-2-cm_canvas_4-0_canvas-mounting,Framed canvas — hor,framed-canvas,framed-canvas,"{""CanvasFormat"":""200x300-mm"",""CanvasFrame"":""wood-fsc-2-cm"",""CanvasMaterial"":""canvas"",""ColorType"":""4-0"",""FrameColor"":""dark-wood"",""FrameMaterial"":""wood"",""FrameProperties"":""w14xt32-mm"",""FrameSize"":""252x352-mm"",""FulfillmentService"":""canvas-mounting"",""Orientation"":""hor"",""ProductStatus"":""activated"",""State"":""published""}"
framed_canvas_wood_w14xt32-mm_200x300-mm_hor_natural-wood_252x352-mm_wood-fsc-2-cm_canvas_4-0_canvas-mounting,Framed canvas — hor,framed-canvas,framed-canvas,"{""CanvasFormat"":""200x300-mm"",""CanvasFrame"":""wood-fsc-2-cm"",""CanvasMaterial"":""canvas"",""ColorType"":""4-0"",""FrameColor"":""natural-wood"",""FrameMaterial"":""wood"",""FrameProperties"":""w14xt32-mm"",""FrameSize"":""252x352-mm"",""FulfillmentService"":""canvas-mounting"",""Orientation"":""hor"",""ProductStatus"":""activated"",""State"":""published""}"
framed_canvas_wood_w14xt32-mm_200x300-mm_ver_black_252x352-mm_wood-fsc-2-cm_canvas_4-0_canvas-mounting,Framed canvas — ver,framed-canvas,framed-canvas,"{""CanvasFormat"":""200x300-mm"",""CanvasFrame"":""wood-fsc-2-cm"",""CanvasMaterial"":""canvas"",""ColorType"":""4-0"",""FrameColor"":""black"",""FrameMaterial"":""wood"",""FrameProperties"":""w14xt32-mm"",""FrameSize"":""252x352-mm"",""FulfillmentService"":""canvas-mounting"",""Orientation"":""ver"",""ProductStatus"":""activated"",""State"":""published""}"
framed_canvas_wood_w14xt32-mm_200x300-mm_ver_dark-wood_252x352-mm_wood-fsc-2-cm_canvas_4-0_canvas-mounting,Framed canvas — ver,framed-canvas,framed-canvas,"{""CanvasFormat"":""200x300-mm"",""CanvasFrame"":""wood-fsc-2-cm"",""CanvasMaterial"":""canvas"",""ColorType"":""4-0"",""FrameColor"":""dark-wood"",""FrameMaterial"":""wood"",""FrameProperties"":""w14xt32-mm"",""FrameSize"":""252x352-mm"",""FulfillmentService"":""canvas-mounting"",""Orientation"":""ver"",""ProductStatus"":""activated"",""State"":""published""}"
framed_canvas_wood_w14xt32-mm_200x300-mm_ver_natural-wood_252x352-mm_wood-fsc-2-cm_canvas_4-0_canvas-mounting,Framed canvas — ver,framed-canvas,framed-canvas,"{""CanvasFormat"":""200x300-mm"",""CanvasFrame"":""wood-fsc-2-cm"",""CanvasMaterial"":""canvas"",""ColorType"":""4-0"",""FrameColor"":""natural-wood"",""FrameMaterial"":""wood"",""FrameProperties"":""w14xt32-mm"",""FrameSize"":""252x352-mm"",""FulfillmentService"":""canvas-mounting"",""Orientation"":""ver"",""ProductStatus"":""activated"",""State"":""published""}"
framed_canvas_wood_w14xt32-mm_200x600-mm_hor_black_252x652-mm_wood-fsc-2-cm_canvas_4-0_canvas-mounting,Framed canvas — hor,framed-canvas,framed-canvas,"{""CanvasFormat"":""200x600-mm"",""CanvasFrame"":""wood-fsc-2-cm"",""CanvasMaterial"":""canvas"",""ColorType"":""4-0"",""FrameColor"":""black"",""FrameMaterial"":""wood"",""FrameProperties"":""w14xt32-mm"",""FrameSize"":""252x652-mm"",""FulfillmentService"":""canvas-mounting"",""Orientation"":""hor"",""ProductStatus"":""activated"",""State"":""published""}"
framed_canvas_wood_w14xt32-mm_200x600-mm_hor_dark-wood_252x652-mm_wood-fsc-2-cm_canvas_4-0_canvas-mounting,Framed canvas — hor,framed-canvas,framed-canvas,"{""CanvasFormat"":""200x600-mm"",""CanvasFrame"":""wood-fsc-2-cm"",""CanvasMaterial"":""canvas"",""ColorType"":""4-0"",""FrameColor"":""dark-wood"",""FrameMaterial"":""wood"",""FrameProperties"":""w14xt32-mm"",""FrameSize"":""252x652-mm"",""FulfillmentService"":""canvas-mounting"",""Orientation"":""hor"",""ProductStatus"":""activated"",""State"":""published""}"
framed_canvas_wood_w14xt32-mm_200x600-mm_hor_natural-wood_252x652-mm_wood-fsc-2-cm_canvas_4-0_canvas-mounting,Framed canvas — hor,framed-canvas,framed-canvas,"{""CanvasFormat"":""200x600-mm"",""CanvasFrame"":""wood-fsc-2-cm"",""CanvasMaterial"":""canvas"",""ColorType"":""4-0"",""FrameColor"":""natural-wood"",""FrameMaterial"":""wood"",""FrameProperties"":""w14xt32-mm"",""FrameSize"":""252x652-mm"",""FulfillmentService"":""canvas-mounting"",""Orientation"":""hor"",""ProductStatus"":""activated"",""State"":""published""}"
framed_canvas_wood_w14xt32-mm_200x600-mm_ver_black_252x652-mm_wood-fsc-2-cm_canvas_4-0_canvas-mounting,Framed canvas — ver,framed-canvas,framed-canvas,"{""CanvasFormat"":""200x600-mm"",""CanvasFrame"":""wood-fsc-2-cm"",""CanvasMaterial"":""canvas"",""ColorType"":""4-0"",""FrameColor"":""black"",""FrameMaterial"":""wood"",""FrameProperties"":""w14xt32-mm"",""FrameSize"":""252x652-mm"",""FulfillmentService"":""canvas-mounting"",""Orientation"":""ver"",""ProductStatus"":""activated"",""State"":""published""}"
framed_canvas_wood_w14xt32-mm_200x600-mm_ver_dark-wood_252x652-mm_wood-fsc-2-cm_canvas_4-0_canvas-mounting,Framed canvas — ver,framed-canvas,framed-canvas,"{""CanvasFormat"":""200x600-mm"",""CanvasFrame"":""wood-fsc-2-cm"",""CanvasMaterial"":""canvas"",""ColorType"":""4-0"",""FrameColor"":""dark-wood"",""FrameMaterial"":""wood"",""FrameProperties"":""w14xt32-mm"",""FrameSize"":""252x652-mm"",""FulfillmentService"":""canvas-mounting"",""Orientation"":""ver"",""ProductStatus"":""activated"",""State"":""published""}"
framed_canvas_wood_w14xt32-mm_200x600-mm_ver_natural-wood_252x652-mm_wood-fsc-2-cm_canvas_4-0_canvas-mounting,Framed canvas — ver,framed-canvas,framed-canvas,"{""CanvasFormat"":""200x600-mm"",""CanvasFrame"":""wood-fsc-2-cm"",""CanvasMaterial"":""canvas"",""ColorType"":""4-0"",""FrameColor"":""natural-wood"",""FrameMaterial"":""wood"",""FrameProperties"":""w14xt32-mm"",""FrameSize"":""252x652-mm"",""FulfillmentService"":""canvas-mounting"",""Orientation"":""ver"",""ProductStatus"":""activated"",""State"":""published""}"
framed_canvas_wood_w14xt32-mm_20x20-inch_hor_black_22x22-inch_wood-fsc-2-cm_canvas_4-0_canvas-mounting,Framed canvas — hor,framed-canvas,framed-canvas,"{""CanvasFormat"":""20x20-inch"",""CanvasFrame"":""wood-fsc-2-cm"",""CanvasMaterial"":""canvas"",""ColorType"":""4-0"",""FrameColor"":""black"",""FrameMaterial"":""wood"",""FrameProperties"":""w14xt32-mm"",""FrameSize"":""22x22-inch"",""FulfillmentService"":""canvas-mounting"",""Orientation"":""hor"",""ProductStatus"":""activated"",""State"":""published""}"
framed_canvas_wood_w14xt32-mm_20x20-inch_hor_dark-wood_22x22-inch_wood-fsc-2-cm_canvas_4-0_canvas-mounting,Framed canvas — hor,framed-canvas,framed-canvas,"{""CanvasFormat"":""20x20-inch"",""CanvasFrame"":""wood-fsc-2-cm"",""CanvasMaterial"":""canvas"",""ColorType"":""4-0"",""FrameColor"":""dark-wood"",""FrameMaterial"":""wood"",""FrameProperties"":""w14xt32-mm"",""FrameSize"":""22x22-inch"",""FulfillmentService"":""canvas-mounting"",""Orientation"":""hor"",""ProductStatus"":""activated"",""State"":""published""}"
framed_canvas_wood_w14xt32-mm_20x20-inch_hor_natural-wood_22x22-inch_wood-fsc-2-cm_canvas_4-0_canvas-mounting,Framed canvas — hor,framed-canvas,framed-canvas,"{""CanvasFormat"":""20x20-inch"",""CanvasFrame"":""wood-fsc-2-cm"",""CanvasMaterial"":""canvas"",""ColorType"":""4-0"",""FrameColor"":""natural-wood"",""FrameMaterial"":""wood"",""FrameProperties"":""w14xt32-mm"",""FrameSize"":""22x22-inch"",""FulfillmentService"":""canvas-mounting"",""Orientation"":""hor"",""ProductStatus"":""activated"",""State"":""published""}"
framed_canvas_wood_w14xt32-mm_20x20-inch_ver_black_22x22-inch_wood-fsc-2-cm_canvas_4-0_canvas-mounting,Framed canvas — ver,framed-canvas,framed-canvas,"{""CanvasFormat"":""20x20-inch"",""CanvasFrame"":""wood-fsc-2-cm"",""CanvasMaterial"":""canvas"",""ColorType"":""4-0"",""FrameColor"":""black"",""FrameMaterial"":""wood"",""FrameProperties"":""w14xt32-mm"",""FrameSize"":""22x22-inch"",""FulfillmentService"":""canvas-mounting"",""Orientation"":""ver"",""ProductStatus"":""activated"",""State"":""published""}"
framed_canvas_wood_w14xt32-mm_20x20-inch_ver_dark-wood_22x22-inch_wood-fsc-2-cm_canvas_4-0_canvas-mounting,Framed canvas — ver,framed-canvas,framed-canvas,"{""CanvasFormat"":""20x20-inch"",""CanvasFrame"":""wood-fsc-2-cm"",""CanvasMaterial"":""canvas"",""ColorType"":""4-0"",""FrameColor"":""dark-wood"",""FrameMaterial"":""wood"",""FrameProperties"":""w14xt32-mm"",""FrameSize"":""22x22-inch"",""FulfillmentService"":""canvas-mounting"",""Orientation"":""ver"",""ProductStatus"":""activated"",""State"":""published""}"
framed_canvas_wood_w14xt32-mm_20x20-inch_ver_natural-wood_22x22-inch_wood-fsc-2-cm_canvas_4-0_canvas-mounting,Framed canvas — ver,framed-canvas,framed-canvas,"{""CanvasFormat"":""20x20-inch"",""CanvasFrame"":""wood-fsc-2-cm"",""CanvasMaterial"":""canvas"",""ColorType"":""4-0"",""FrameColor"":""natural-wood"",""FrameMaterial"":""wood"",""FrameProperties"":""w14xt32-mm"",""FrameSize"":""22x22-inch"",""FulfillmentService"":""canvas-mounting"",""Orientation"":""ver"",""ProductStatus"":""activated"",""State"":""published""}"
framed_canvas_wood_w14xt32-mm_20x24-inch_hor_black_22x26-inch_wood-fsc-2-cm_canvas_4-0_canvas-mounting,Framed canvas — hor,framed-canvas,framed-canvas,"{""CanvasFormat"":""20x24-inch"",""CanvasFrame"":""wood-fsc-2-cm"",""CanvasMaterial"":""canvas"",""ColorType"":""4-0"",""FrameColor"":""black"",""FrameMaterial"":""wood"",""FrameProperties"":""w14xt32-mm"",""FrameSize"":""22x26-inch"",""FulfillmentService"":""canvas-mounting"",""Orientation"":""hor"",""ProductStatus"":""activated"",""State"":""published""}"
framed_canvas_wood_w14xt32-mm_20x24-inch_hor_dark-wood_22x26-inch_wood-fsc-2-cm_canvas_4-0_canvas-mounting,Framed canvas — hor,framed-canvas,framed-canvas,"{""CanvasFormat"":""20x24-inch"",""CanvasFrame"":""wood-fsc-2-cm"",""CanvasMaterial"":""canvas"",""ColorType"":""4-0"",""FrameColor"":""dark-wood"",""FrameMaterial"":""wood"",""FrameProperties"":""w14xt32-mm"",""FrameSize"":""22x26-inch"",""FulfillmentService"":""canvas-mounting"",""Orientation"":""hor"",""ProductStatus"":""activated"",""State"":""published""}"
framed_canvas_wood_w14xt32-mm_20x24-inch_hor_natural-wood_22x26-inch_wood-fsc-2-cm_canvas_4-0_canvas-mounting,Framed canvas — hor,framed-canvas,framed-canvas,"{""CanvasFormat"":""20x24-inch"",""CanvasFrame"":""wood-fsc-2-cm"",""CanvasMaterial"":""canvas"",""ColorType"":""4-0"",""FrameColor"":""natural-wood"",""FrameMaterial"":""wood"",""FrameProperties"":""w14xt32-mm"",""FrameSize"":""22x26-inch"",""FulfillmentService"":""canvas-mounting"",""Orientation"":""hor"",""ProductStatus"":""activated"",""State"":""published""}"
framed_canvas_wood_w14xt32-mm_20x24-inch_ver_black_22x26-inch_wood-fsc-2-cm_canvas_4-0_canvas-mounting,Framed canvas — ver,framed-canvas,framed-canvas,"{""CanvasFormat"":""20x24-inch"",""CanvasFrame"":""wood-fsc-2-cm"",""CanvasMaterial"":""canvas"",""ColorType"":""4-0"",""FrameColor"":""black"",""FrameMaterial"":""wood"",""FrameProperties"":""w14xt32-mm"",""FrameSize"":""22x26-inch"",""FulfillmentService"":""canvas-mounting"",""Orientation"":""ver"",""ProductStatus"":""activated"",""State"":""published""}"
framed_canvas_wood_w14xt32-mm_20x24-inch_ver_dark-wood_22x26-inch_wood-fsc-2-cm_canvas_4-0_canvas-mounting,Framed canvas — ver,framed-canvas,framed-canvas,"{""CanvasFormat"":""20x24-inch"",""CanvasFrame"":""wood-fsc-2-cm"",""CanvasMaterial"":""canvas"",""ColorType"":""4-0"",""FrameColor"":""dark-wood"",""FrameMaterial"":""wood"",""FrameProperties"":""w14xt32-mm"",""FrameSize"":""22x26-inch"",""FulfillmentService"":""canvas-mounting"",""Orientation"":""ver"",""ProductStatus"":""activated"",""State"":""published""}"
framed_canvas_wood_w14xt32-mm_20x24-inch_ver_natural-wood_22x26-inch_wood-fsc-2-cm_canvas_4-0_canvas-mounting,Framed canvas — ver,framed-canvas,framed-canvas,"{""CanvasFormat"":""20x24-inch"",""CanvasFrame"":""wood-fsc-2-cm"",""CanvasMaterial"":""canvas"",""ColorType"":""4-0"",""FrameColor"":""natural-wood"",""FrameMaterial"":""wood"",""FrameProperties"":""w14xt32-mm"",""FrameSize"":""22x26-inch"",""FulfillmentService"":""canvas-mounting"",""Orientation"":""ver"",""ProductStatus"":""activated"",""State"":""published""}"
framed_canvas_wood_w14xt32-mm_20x28-inch_hor_black_22x30-inch_wood-fsc-2-cm_canvas_4-0_canvas-mounting,Framed canvas — hor,framed-canvas,framed-canvas,"{""CanvasFormat"":""20x28-inch"",""CanvasFrame"":""wood-fsc-2-cm"",""CanvasMaterial"":""canvas"",""ColorType"":""4-0"",""FrameColor"":""black"",""FrameMaterial"":""wood"",""FrameProperties"":""w14xt32-mm"",""FrameSize"":""22x30-inch"",""FulfillmentService"":""canvas-mounting"",""Orientation"":""hor"",""ProductStatus"":""activated"",""State"":""published""}"
framed_canvas_wood_w14xt32-mm_20x28-inch_hor_dark-wood_22x30-inch_wood-fsc-2-cm_canvas_4-0_canvas-mounting,Framed canvas — hor,framed-canvas,framed-canvas,"{""CanvasFormat"":""20x28-inch"",""CanvasFrame"":""wood-fsc-2-cm"",""CanvasMaterial"":""canvas"",""ColorType"":""4-0"",""FrameColor"":""dark-wood"",""FrameMaterial"":""wood"",""FrameProperties"":""w14xt32-mm"",""FrameSize"":""22x30-inch"",""FulfillmentService"":""canvas-mounting"",""Orientation"":""hor"",""ProductStatus"":""activated"",""State"":""published""}"
framed_canvas_wood_w14xt32-mm_20x28-inch_hor_natural-wood_22x30-inch_wood-fsc-2-cm_canvas_4-0_canvas-mounting,Framed canvas — hor,framed-canvas,framed-canvas,"{""CanvasFormat"":""20x28-inch"",""CanvasFrame"":""wood-fsc-2-cm"",""CanvasMaterial"":""canvas"",""ColorType"":""4-0"",""FrameColor"":""natural-wood"",""FrameMaterial"":""wood"",""FrameProperties"":""w14xt32-mm"",""FrameSize"":""22x30-inch"",""FulfillmentService"":""canvas-mounting"",""Orientation"":""hor"",""ProductStatus"":""activated"",""State"":""published""}"
framed_canvas_wood_w14xt32-mm_20x28-inch_ver_black_22x30-inch_wood-fsc-2-cm_canvas_4-0_canvas-mounting,Framed canvas — ver,framed-canvas,framed-canvas,"{""CanvasFormat"":""20x28-inch"",""CanvasFrame"":""wood-fsc-2-cm"",""CanvasMaterial"":""canvas"",""ColorType"":""4-0"",""FrameColor"":""black"",""FrameMaterial"":""wood"",""FrameProperties"":""w14xt32-mm"",""FrameSize"":""22x30-inch"",""FulfillmentService"":""canvas-mounting"",""Orientation"":""ver"",""ProductStatus"":""activated"",""State"":""published""}"
framed_canvas_wood_w14xt32-mm_20x28-inch_ver_dark-wood_22x30-inch_wood-fsc-2-cm_canvas_4-0_canvas-mounting,Framed canvas — ver,framed-canvas,framed-canvas,"{""CanvasFormat"":""20x28-inch"",""CanvasFrame"":""wood-fsc-2-cm"",""CanvasMaterial"":""canvas"",""ColorType"":""4-0"",""FrameColor"":""dark-wood"",""FrameMaterial"":""wood"",""FrameProperties"":""w14xt32-mm"",""FrameSize"":""22x30-inch"",""FulfillmentService"":""canvas-mounting"",""Orientation"":""ver"",""ProductStatus"":""activated"",""State"":""published""}"
framed_canvas_wood_w14xt32-mm_20x28-inch_ver_natural-wood_22x30-inch_wood-fsc-2-cm_canvas_4-0_canvas-mounting,Framed canvas — ver,framed-canvas,framed-canvas,"{""CanvasFormat"":""20x28-inch"",""CanvasFrame"":""wood-fsc-2-cm"",""CanvasMaterial"":""canvas"",""ColorType"":""4-0"",""FrameColor"":""natural-wood"",""FrameMaterial"":""wood"",""FrameProperties"":""w14xt32-mm"",""FrameSize"":""22x30-inch"",""FulfillmentService"":""canvas-mounting"",""Orientation"":""ver"",""ProductStatus"":""activated"",""State"":""published""}"
framed_canvas_wood_w14xt32-mm_20x30-inch_hor_black_22x32-inch_wood-fsc-2-cm_canvas_4-0_canvas-mounting,Framed canvas — hor,framed-canvas,framed-canvas,"{""CanvasFormat"":""20x30-inch"",""CanvasFrame"":""wood-fsc-2-cm"",""CanvasMaterial"":""canvas"",""ColorType"":""4-0"",""FrameColor"":""black"",""FrameMaterial"":""wood"",""FrameProperties"":""w14xt32-mm"",""FrameSize"":""22x32-inch"",""FulfillmentService"":""canvas-mounting"",""Orientation"":""hor"",""ProductStatus"":""activated"",""State"":""published""}"
framed_canvas_wood_w14xt32-mm_20x30-inch_hor_dark-wood_22x32-inch_wood-fsc-2-cm_canvas_4-0_canvas-mounting,Framed canvas — hor,framed-canvas,framed-canvas,"{""CanvasFormat"":""20x30-inch"",""CanvasFrame"":""wood-fsc-2-cm"",""CanvasMaterial"":""canvas"",""ColorType"":""4-0"",""FrameColor"":""dark-wood"",""FrameMaterial"":""wood"",""FrameProperties"":""w14xt32-mm"",""FrameSize"":""22x32-inch"",""FulfillmentService"":""canvas-mounting"",""Orientation"":""hor"",""ProductStatus"":""activated"",""State"":""published""}"
framed_canvas_wood_w14xt32-mm_20x30-inch_hor_natural-wood_22x32-inch_wood-fsc-2-cm_canvas_4-0_canvas-mounting,Framed canvas — hor,framed-canvas,framed-canvas,"{""CanvasFormat"":""20x30-inch"",""CanvasFrame"":""wood-fsc-2-cm"",""CanvasMaterial"":""canvas"",""ColorType"":""4-0"",""FrameColor"":""natural-wood"",""FrameMaterial"":""wood"",""FrameProperties"":""w14xt32-mm"",""FrameSize"":""22x32-inch"",""FulfillmentService"":""canvas-mounting"",""Orientation"":""hor"",""ProductStatus"":""activated"",""State"":""published""}"
framed_canvas_wood_w14xt32-mm_20x30-inch_ver_black_22x32-inch_wood-fsc-2-cm_canvas_4-0_canvas-mounting,Framed canvas — ver,framed-canvas,framed-canvas,"{""CanvasFormat"":""20x30-inch"",""CanvasFrame"":""wood-fsc-2-cm"",""CanvasMaterial"":""canvas"",""ColorType"":""4-0"",""FrameColor"":""black"",""FrameMaterial"":""wood"",""FrameProperties"":""w14xt32-mm"",""FrameSize"":""22x32-inch"",""FulfillmentService"":""canvas-mounting"",""Orientation"":""ver"",""ProductStatus"":""activated"",""State"":""published""}"
framed_canvas_wood_w14xt32-mm_20x30-inch_ver_dark-wood_22x32-inch_wood-fsc-2-cm_canvas_4-0_canvas-mounting,Framed canvas — ver,framed-canvas,framed-canvas,"{""CanvasFormat"":""20x30-inch"",""CanvasFrame"":""wood-fsc-2-cm"",""CanvasMaterial"":""canvas"",""ColorType"":""4-0"",""FrameColor"":""dark-wood"",""FrameMaterial"":""wood"",""FrameProperties"":""w14xt32-mm"",""FrameSize"":""22x32-inch"",""FulfillmentService"":""canvas-mounting"",""Orientation"":""ver"",""ProductStatus"":""activated"",""State"":""published""}"
framed_canvas_wood_w14xt32-mm_20x30-inch_ver_natural-wood_22x32-inch_wood-fsc-2-cm_canvas_4-0_canvas-mounting,Framed canvas — ver,framed-canvas,framed-canvas,"{""CanvasFormat"":""20x30-inch"",""CanvasFrame"":""wood-fsc-2-cm"",""CanvasMaterial"":""canvas"",""ColorType"":""4-0"",""FrameColor"":""natural-wood"",""FrameMaterial"":""wood"",""FrameProperties"":""w14xt32-mm"",""FrameSize"":""22x32-inch"",""FulfillmentService"":""canvas-mounting"",""Orientation"":""ver"",""ProductStatus"":""activated"",""State"":""published""}"
framed_canvas_wood_w14xt32-mm_20x40-inch_hor_black_22x42-inch_wood-fsc-2-cm_canvas_4-0_canvas-mounting,Framed canvas — hor,framed-canvas,framed-canvas,"{""CanvasFormat"":""20x40-inch"",""CanvasFrame"":""wood-fsc-2-cm"",""CanvasMaterial"":""canvas"",""ColorType"":""4-0"",""FrameColor"":""black"",""FrameMaterial"":""wood"",""FrameProperties"":""w14xt32-mm"",""FrameSize"":""22x42-inch"",""FulfillmentService"":""canvas-mounting"",""Orientation"":""hor"",""ProductStatus"":""activated"",""State"":""published""}"
framed_canvas_wood_w14xt32-mm_20x40-inch_hor_dark-wood_22x42-inch_wood-fsc-2-cm_canvas_4-0_canvas-mounting,Framed canvas — hor,framed-canvas,framed-canvas,"{""CanvasFormat"":""20x40-inch"",""CanvasFrame"":""wood-fsc-2-cm"",""CanvasMaterial"":""canvas"",""ColorType"":""4-0"",""FrameColor"":""dark-wood"",""FrameMaterial"":""wood"",""FrameProperties"":""w14xt32-mm"",""FrameSize"":""22x42-inch"",""FulfillmentService"":""canvas-mounting"",""Orientation"":""hor"",""ProductStatus"":""activated"",""State"":""published""}"
framed_canvas_wood_w14xt32-mm_20x40-inch_hor_natural-wood_22x42-inch_wood-fsc-2-cm_canvas_4-0_canvas-mounting,Framed canvas — hor,framed-canvas,framed-canvas,"{""CanvasFormat"":""20x40-inch"",""CanvasFrame"":""wood-fsc-2-cm"",""CanvasMaterial"":""canvas"",""ColorType"":""4-0"",""FrameColor"":""natural-wood"",""FrameMaterial"":""wood"",""FrameProperties"":""w14xt32-mm"",""FrameSize"":""22x42-inch"",""FulfillmentService"":""canvas-mounting"",""Orientation"":""hor"",""ProductStatus"":""activated"",""State"":""published""}"
framed_canvas_wood_w14xt32-mm_20x40-inch_ver_black_22x42-inch_wood-fsc-2-cm_canvas_4-0_canvas-mounting,Framed canvas — ver,framed-canvas,framed-canvas,"{""CanvasFormat"":""20x40-inch"",""CanvasFrame"":""wood-fsc-2-cm"",""CanvasMaterial"":""canvas"",""ColorType"":""4-0"",""FrameColor"":""black"",""FrameMaterial"":""wood"",""FrameProperties"":""w14xt32-mm"",""FrameSize"":""22x42-inch"",""FulfillmentService"":""canvas-mounting"",""Orientation"":""ver"",""ProductStatus"":""activated"",""State"":""published""}"
framed_canvas_wood_w14xt32-mm_20x40-inch_ver_dark-wood_22x42-inch_wood-fsc-2-cm_canvas_4-0_canvas-mounting,Framed canvas — ver,framed-canvas,framed-canvas,"{""CanvasFormat"":""20x40-inch"",""CanvasFrame"":""wood-fsc-2-cm"",""CanvasMaterial"":""canvas"",""ColorType"":""4-0"",""FrameColor"":""dark-wood"",""FrameMaterial"":""wood"",""FrameProperties"":""w14xt32-mm"",""FrameSize"":""22x42-inch"",""FulfillmentService"":""canvas-mounting"",""Orientation"":""ver"",""ProductStatus"":""activated"",""State"":""published""}"
framed_canvas_wood_w14xt32-mm_20x40-inch_ver_natural-wood_22x42-inch_wood-fsc-2-cm_canvas_4-0_canvas-mounting,Framed canvas — ver,framed-canvas,framed-canvas,"{""CanvasFormat"":""20x40-inch"",""CanvasFrame"":""wood-fsc-2-cm"",""CanvasMaterial"":""canvas"",""ColorType"":""4-0"",""FrameColor"":""natural-wood"",""FrameMaterial"":""wood"",""FrameProperties"":""w14xt32-mm"",""FrameSize"":""22x42-inch"",""FulfillmentService"":""canvas-mounting"",""Orientation"":""ver"",""ProductStatus"":""activated"",""State"":""published""}"
framed_canvas_wood_w14xt32-mm_24x24-inch_hor_black_26x26-inch_wood-fsc-2-cm_canvas_4-0_canvas-mounting,Framed canvas — hor,framed-canvas,framed-canvas,"{""CanvasFormat"":""24x24-inch"",""CanvasFrame"":""wood-fsc-2-cm"",""CanvasMaterial"":""canvas"",""ColorType"":""4-0"",""FrameColor"":""black"",""FrameMaterial"":""wood"",""FrameProperties"":""w14xt32-mm"",""FrameSize"":""26x26-inch"",""FulfillmentService"":""canvas-mounting"",""Orientation"":""hor"",""ProductStatus"":""activated"",""State"":""published""}"
framed_canvas_wood_w14xt32-mm_24x24-inch_hor_dark-wood_26x26-inch_wood-fsc-2-cm_canvas_4-0_canvas-mounting,Framed canvas — hor,framed-canvas,framed-canvas,"{""CanvasFormat"":""24x24-inch"",""CanvasFrame"":""wood-fsc-2-cm"",""CanvasMaterial"":""canvas"",""ColorType"":""4-0"",""FrameColor"":""dark-wood"",""FrameMaterial"":""wood"",""FrameProperties"":""w14xt32-mm"",""FrameSize"":""26x26-inch"",""FulfillmentService"":""canvas-mounting"",""Orientation"":""hor"",""ProductStatus"":""activated"",""State"":""published""}"
framed_canvas_wood_w14xt32-mm_24x24-inch_hor_natural-wood_26x26-inch_wood-fsc-2-cm_canvas_4-0_canvas-mounting,Framed canvas — hor,framed-canvas,framed-canvas,"{""CanvasFormat"":""24x24-inch"",""CanvasFrame"":""wood-fsc-2-cm"",""CanvasMaterial"":""canvas"",""ColorType"":""4-0"",""FrameColor"":""natural-wood"",""FrameMaterial"":""wood"",""FrameProperties"":""w14xt32-mm"",""FrameSize"":""26x26-inch"",""FulfillmentService"":""canvas-mounting"",""Orientation"":""hor"",""ProductStatus"":""activated"",""State"":""published""}"
framed_canvas_wood_w14xt32-mm_24x24-inch_ver_black_26x26-inch_wood-fsc-2-cm_canvas_4-0_canvas-mounting,Framed canvas — ver,framed-canvas,framed-canvas,"{""CanvasFormat"":""24x24-inch"",""CanvasFrame"":""wood-fsc-2-cm"",""CanvasMaterial"":""canvas"",""ColorType"":""4-0"",""FrameColor"":""black"",""FrameMaterial"":""wood"",""FrameProperties"":""w14xt32-mm"",""FrameSize"":""26x26-inch"",""FulfillmentService"":""canvas-mounting"",""Orientation"":""ver"",""ProductStatus"":""activated"",""State"":""published""}"
framed_canvas_wood_w14xt32-mm_24x24-inch_ver_dark-wood_26x26-inch_wood-fsc-2-cm_canvas_4-0_canvas-mounting,Framed canvas — ver,framed-canvas,framed-canvas,"{""CanvasFormat"":""24x24-inch"",""CanvasFrame"":""wood-fsc-2-cm"",""CanvasMaterial"":""canvas"",""ColorType"":""4-0"",""FrameColor"":""dark-wood"",""FrameMaterial"":""wood"",""FrameProperties"":""w14xt32-mm"",""FrameSize"":""26x26-inch"",""FulfillmentService"":""canvas-mounting"",""Orientation"":""ver"",""ProductStatus"":""activated"",""State"":""published""}"
framed_canvas_wood_w14xt32-mm_24x24-inch_ver_natural-wood_26x26-inch_wood-fsc-2-cm_canvas_4-0_canvas-mounting,Framed canvas — ver,framed-canvas,framed-canvas,"{""CanvasFormat"":""24x24-inch"",""CanvasFrame"":""wood-fsc-2-cm"",""CanvasMaterial"":""canvas"",""ColorType"":""4-0"",""FrameColor"":""natural-wood"",""FrameMaterial"":""wood"",""FrameProperties"":""w14xt32-mm"",""FrameSize"":""26x26-inch"",""FulfillmentService"":""canvas-mounting"",""Orientation"":""ver"",""ProductStatus"":""activated"",""State"":""published""}"
framed_canvas_wood_w14xt32-mm_24x30-inch_hor_black_26x32-inch_wood-fsc-2-cm_canvas_4-0_canvas-mounting,Framed canvas — hor,framed-canvas,framed-canvas,"{""CanvasFormat"":""24x30-inch"",""CanvasFrame"":""wood-fsc-2-cm"",""CanvasMaterial"":""canvas"",""ColorType"":""4-0"",""FrameColor"":""black"",""FrameMaterial"":""wood"",""FrameProperties"":""w14xt32-mm"",""FrameSize"":""26x32-inch"",""FulfillmentService"":""canvas-mounting"",""Orientation"":""hor"",""ProductStatus"":""activated"",""State"":""published""}"
framed_canvas_wood_w14xt32-mm_24x30-inch_hor_dark-wood_26x32-inch_wood-fsc-2-cm_canvas_4-0_canvas-mounting,Framed canvas — hor,framed-canvas,framed-canvas,"{""CanvasFormat"":""24x30-inch"",""CanvasFrame"":""wood-fsc-2-cm"",""CanvasMaterial"":""canvas"",""ColorType"":""4-0"",""FrameColor"":""dark-wood"",""FrameMaterial"":""wood"",""FrameProperties"":""w14xt32-mm"",""FrameSize"":""26x32-inch"",""FulfillmentService"":""canvas-mounting"",""Orientation"":""hor"",""ProductStatus"":""activated"",""State"":""published""}"
framed_canvas_wood_w14xt32-mm_24x30-inch_hor_natural-wood_26x32-inch_wood-fsc-2-cm_canvas_4-0_canvas-mounting,Framed canvas — hor,framed-canvas,framed-canvas,"{""CanvasFormat"":""24x30-inch"",""CanvasFrame"":""wood-fsc-2-cm"",""CanvasMaterial"":""canvas"",""ColorType"":""4-0"",""FrameColor"":""natural-wood"",""FrameMaterial"":""wood"",""FrameProperties"":""w14xt32-mm"",""FrameSize"":""26x32-inch"",""FulfillmentService"":""canvas-mounting"",""Orientation"":""hor"",""ProductStatus"":""activated"",""State"":""published""}"
framed_canvas_wood_w14xt32-mm_24x30-inch_ver_black_26x32-inch_wood-fsc-2-cm_canvas_4-0_canvas-mounting,Framed canvas — ver,framed-canvas,framed-canvas,"{""CanvasFormat"":""24x30-inch"",""CanvasFrame"":""wood-fsc-2-cm"",""CanvasMaterial"":""canvas"",""ColorType"":""4-0"",""FrameColor"":""black"",""FrameMaterial"":""wood"",""FrameProperties"":""w14xt32-mm"",""FrameSize"":""26x32-inch"",""FulfillmentService"":""canvas-mounting"",""Orientation"":""ver"",""ProductStatus"":""activated"",""State"":""published""}"
framed_canvas_wood_w14xt32-mm_24x30-inch_ver_dark-wood_26x32-inch_wood-fsc-2-cm_canvas_4-0_canvas-mounting,Framed canvas — ver,framed-canvas,framed-canvas,"{""CanvasFormat"":""24x30-inch"",""CanvasFrame"":""wood-fsc-2-cm"",""CanvasMaterial"":""canvas"",""ColorType"":""4-0"",""FrameColor"":""dark-wood"",""FrameMaterial"":""wood"",""FrameProperties"":""w14xt32-mm"",""FrameSize"":""26x32-inch"",""FulfillmentService"":""canvas-mounting"",""Orientation"":""ver"",""ProductStatus"":""activated"",""State"":""published""}"
framed_canvas_wood_w14xt32-mm_24x30-inch_ver_natural-wood_26x32-inch_wood-fsc-2-cm_canvas_4-0_canvas-mounting,Framed canvas — ver,framed-canvas,framed-canvas,"{""CanvasFormat"":""24x30-inch"",""CanvasFrame"":""wood-fsc-2-cm"",""CanvasMaterial"":""canvas"",""ColorType"":""4-0"",""FrameColor"":""natural-wood"",""FrameMaterial"":""wood"",""FrameProperties"":""w14xt32-mm"",""FrameSize"":""26x32-inch"",""FulfillmentService"":""canvas-mounting"",""Orientation"":""ver"",""ProductStatus"":""activated"",""State"":""published""}"
framed_canvas_wood_w14xt32-mm_24x32-inch_hor_black_26x34-inch_wood-fsc-2-cm_canvas_4-0_canvas-mounting,Framed canvas — hor,framed-canvas,framed-canvas,"{""CanvasFormat"":""24x32-inch"",""CanvasFrame"":""wood-fsc-2-cm"",""CanvasMaterial"":""canvas"",""ColorType"":""4-0"",""FrameColor"":""black"",""FrameMaterial"":""wood"",""FrameProperties"":""w14xt32-mm"",""FrameSize"":""26x34-inch"",""FulfillmentService"":""canvas-mounting"",""Orientation"":""hor"",""ProductStatus"":""activated"",""State"":""published""}"
framed_canvas_wood_w14xt32-mm_24x32-inch_hor_dark-wood_26x34-inch_wood-fsc-2-cm_canvas_4-0_canvas-mounting,Framed canvas — hor,framed-canvas,framed-canvas,"{""CanvasFormat"":""24x32-inch"",""CanvasFrame"":""wood-fsc-2-cm"",""CanvasMaterial"":""canvas"",""ColorType"":""4-0"",""FrameColor"":""dark-wood"",""FrameMaterial"":""wood"",""FrameProperties"":""w14xt32-mm"",""FrameSize"":""26x34-inch"",""FulfillmentService"":""canvas-mounting"",""Orientation"":""hor"",""ProductStatus"":""activated"",""State"":""published""}"
framed_canvas_wood_w14xt32-mm_24x32-inch_hor_natural-wood_26x34-inch_wood-fsc-2-cm_canvas_4-0_canvas-mounting,Framed canvas — hor,framed-canvas,framed-canvas,"{""CanvasFormat"":""24x32-inch"",""CanvasFrame"":""wood-fsc-2-cm"",""CanvasMaterial"":""canvas"",""ColorType"":""4-0"",""FrameColor"":""natural-wood"",""FrameMaterial"":""wood"",""FrameProperties"":""w14xt32-mm"",""FrameSize"":""26x34-inch"",""FulfillmentService"":""canvas-mounting"",""Orientation"":""hor"",""ProductStatus"":""activated"",""State"":""published""}"
framed_canvas_wood_w14xt32-mm_24x32-inch_ver_black_26x34-inch_wood-fsc-2-cm_canvas_4-0_canvas-mounting,Framed canvas — ver,framed-canvas,framed-canvas,"{""CanvasFormat"":""24x32-inch"",""CanvasFrame"":""wood-fsc-2-cm"",""CanvasMaterial"":""canvas"",""ColorType"":""4-0"",""FrameColor"":""black"",""FrameMaterial"":""wood"",""FrameProperties"":""w14xt32-mm"",""FrameSize"":""26x34-inch"",""FulfillmentService"":""canvas-mounting"",""Orientation"":""ver"",""ProductStatus"":""activated"",""State"":""published""}"
framed_canvas_wood_w14xt32-mm_24x32-inch_ver_dark-wood_26x34-inch_wood-fsc-2-cm_canvas_4-0_canvas-mounting,Framed canvas — ver,framed-canvas,framed-canvas,"{""CanvasFormat"":""24x32-inch"",""CanvasFrame"":""wood-fsc-2-cm"",""CanvasMaterial"":""canvas"",""ColorType"":""4-0"",""FrameColor"":""dark-wood"",""FrameMaterial"":""wood"",""FrameProperties"":""w14xt32-mm"",""FrameSize"":""26x34-inch"",""FulfillmentService"":""canvas-mounting"",""Orientation"":""ver"",""ProductStatus"":""activated"",""State"":""published""}"
framed_canvas_wood_w14xt32-mm_24x32-inch_ver_natural-wood_26x34-inch_wood-fsc-2-cm_canvas_4-0_canvas-mounting,Framed canvas — ver,framed-canvas,framed-canvas,"{""CanvasFormat"":""24x32-inch"",""CanvasFrame"":""wood-fsc-2-cm"",""CanvasMaterial"":""canvas"",""ColorType"":""4-0"",""FrameColor"":""natural-wood"",""FrameMaterial"":""wood"",""FrameProperties"":""w14xt32-mm"",""FrameSize"":""26x34-inch"",""FulfillmentService"":""canvas-mounting"",""Orientation"":""ver"",""ProductStatus"":""activated"",""State"":""published""}"
framed_canvas_wood_w14xt32-mm_24x36-inch_hor_black_26x38-inch_wood-fsc-2-cm_canvas_4-0_canvas-mounting,Framed canvas — hor,framed-canvas,framed-canvas,"{""CanvasFormat"":""24x36-inch"",""CanvasFrame"":""wood-fsc-2-cm"",""CanvasMaterial"":""canvas"",""ColorType"":""4-0"",""FrameColor"":""black"",""FrameMaterial"":""wood"",""FrameProperties"":""w14xt32-mm"",""FrameSize"":""26x38-inch"",""FulfillmentService"":""canvas-mounting"",""Orientation"":""hor"",""ProductStatus"":""activated"",""State"":""published""}"
framed_canvas_wood_w14xt32-mm_24x36-inch_hor_dark-wood_26x38-inch_wood-fsc-2-cm_canvas_4-0_canvas-mounting,Framed canvas — hor,framed-canvas,framed-canvas,"{""CanvasFormat"":""24x36-inch"",""CanvasFrame"":""wood-fsc-2-cm"",""CanvasMaterial"":""canvas"",""ColorType"":""4-0"",""FrameColor"":""dark-wood"",""FrameMaterial"":""wood"",""FrameProperties"":""w14xt32-mm"",""FrameSize"":""26x38-inch"",""FulfillmentService"":""canvas-mounting"",""Orientation"":""hor"",""ProductStatus"":""activated"",""State"":""published""}"
framed_canvas_wood_w14xt32-mm_24x36-inch_hor_natural-wood_26x38-inch_wood-fsc-2-cm_canvas_4-0_canvas-mounting,Framed canvas — hor,framed-canvas,framed-canvas,"{""CanvasFormat"":""24x36-inch"",""CanvasFrame"":""wood-fsc-2-cm"",""CanvasMaterial"":""canvas"",""ColorType"":""4-0"",""FrameColor"":""natural-wood"",""FrameMaterial"":""wood"",""FrameProperties"":""w14xt32-mm"",""FrameSize"":""26x38-inch"",""FulfillmentService"":""canvas-mounting"",""Orientation"":""hor"",""ProductStatus"":""activated"",""State"":""published""}"
framed_canvas_wood_w14xt32-mm_24x36-inch_ver_black_26x38-inch_wood-fsc-2-cm_canvas_4-0_canvas-mounting,Framed canvas — ver,framed-canvas,framed-canvas,"{""CanvasFormat"":""24x36-inch"",""CanvasFrame"":""wood-fsc-2-cm"",""CanvasMaterial"":""canvas"",""ColorType"":""4-0"",""FrameColor"":""black"",""FrameMaterial"":""wood"",""FrameProperties"":""w14xt32-mm"",""FrameSize"":""26x38-inch"",""FulfillmentService"":""canvas-mounting"",""Orientation"":""ver"",""ProductStatus"":""activated"",""State"":""published""}"
framed_canvas_wood_w14xt32-mm_24x36-inch_ver_dark-wood_26x38-inch_wood-fsc-2-cm_canvas_4-0_canvas-mounting,Framed canvas — ver,framed-canvas,framed-canvas,"{""CanvasFormat"":""24x36-inch"",""CanvasFrame"":""wood-fsc-2-cm"",""CanvasMaterial"":""canvas"",""ColorType"":""4-0"",""FrameColor"":""dark-wood"",""FrameMaterial"":""wood"",""FrameProperties"":""w14xt32-mm"",""FrameSize"":""26x38-inch"",""FulfillmentService"":""canvas-mounting"",""Orientation"":""ver"",""ProductStatus"":""activated"",""State"":""published""}"
framed_canvas_wood_w14xt32-mm_24x36-inch_ver_natural-wood_26x38-inch_wood-fsc-2-cm_canvas_4-0_canvas-mounting,Framed canvas — ver,framed-canvas,framed-canvas,"{""CanvasFormat"":""24x36-inch"",""CanvasFrame"":""wood-fsc-2-cm"",""CanvasMaterial"":""canvas"",""ColorType"":""4-0"",""FrameColor"":""natural-wood"",""FrameMaterial"":""wood"",""FrameProperties"":""w14xt32-mm"",""FrameSize"":""26x38-inch"",""FulfillmentService"":""canvas-mounting"",""Orientation"":""ver"",""ProductStatus"":""activated"",""State"":""published""}"
framed_canvas_wood_w14xt32-mm_270x350-mm_hor_black_322x402-mm_wood-fsc-2-cm_canvas_4-0_canvas-mounting,Framed canvas — hor,framed-canvas,framed-canvas,"{""CanvasFormat"":""270x350-mm"",""CanvasFrame"":""wood-fsc-2-cm"",""CanvasMaterial"":""canvas"",""ColorType"":""4-0"",""FrameColor"":""black"",""FrameMaterial"":""wood"",""FrameProperties"":""w14xt32-mm"",""FrameSize"":""322x402-mm"",""FulfillmentService"":""canvas-mounting"",""Orientation"":""hor"",""ProductStatus"":""activated"",""State"":""published""}"
framed_canvas_wood_w14xt32-mm_270x350-mm_hor_dark-wood_322x402-mm_wood-fsc-2-cm_canvas_4-0_canvas-mounting,Framed canvas — hor,framed-canvas,framed-canvas,"{""CanvasFormat"":""270x350-mm"",""CanvasFrame"":""wood-fsc-2-cm"",""CanvasMaterial"":""canvas"",""ColorType"":""4-0"",""FrameColor"":""dark-wood"",""FrameMaterial"":""wood"",""FrameProperties"":""w14xt32-mm"",""FrameSize"":""322x402-mm"",""FulfillmentService"":""canvas-mounting"",""Orientation"":""hor"",""ProductStatus"":""activated"",""State"":""published""}"
framed_canvas_wood_w14xt32-mm_270x350-mm_hor_natural-wood_322x402-mm_wood-fsc-2-cm_canvas_4-0_canvas-mounting,Framed canvas — hor,framed-canvas,framed-canvas,"{""CanvasFormat"":""270x350-mm"",""CanvasFrame"":""wood-fsc-2-cm"",""CanvasMaterial"":""canvas"",""ColorType"":""4-0"",""FrameColor"":""natural-wood"",""FrameMaterial"":""wood"",""FrameProperties"":""w14xt32-mm"",""FrameSize"":""322x402-mm"",""FulfillmentService"":""canvas-mounting"",""Orientation"":""hor"",""ProductStatus"":""activated"",""State"":""published""}"
framed_canvas_wood_w14xt32-mm_270x350-mm_ver_black_322x402-mm_wood-fsc-2-cm_canvas_4-0_canvas-mounting,Framed canvas — ver,framed-canvas,framed-canvas,"{""CanvasFormat"":""270x350-mm"",""CanvasFrame"":""wood-fsc-2-cm"",""CanvasMaterial"":""canvas"",""ColorType"":""4-0"",""FrameColor"":""black"",""FrameMaterial"":""wood"",""FrameProperties"":""w14xt32-mm"",""FrameSize"":""322x402-mm"",""FulfillmentService"":""canvas-mounting"",""Orientation"":""ver"",""ProductStatus"":""activated"",""State"":""published""}"
framed_canvas_wood_w14xt32-mm_270x350-mm_ver_dark-wood_322x402-mm_wood-fsc-2-cm_canvas_4-0_canvas-mounting,Framed canvas — ver,framed-canvas,framed-canvas,"{""CanvasFormat"":""270x350-mm"",""CanvasFrame"":""wood-fsc-2-cm"",""CanvasMaterial"":""canvas"",""ColorType"":""4-0"",""FrameColor"":""dark-wood"",""FrameMaterial"":""wood"",""FrameProperties"":""w14xt32-mm"",""FrameSize"":""322x402-mm"",""FulfillmentService"":""canvas-mounting"",""Orientation"":""ver"",""ProductStatus"":""activated"",""State"":""published""}"
framed_canvas_wood_w14xt32-mm_270x350-mm_ver_natural-wood_322x402-mm_wood-fsc-2-cm_canvas_4-0_canvas-mounting,Framed canvas — ver,framed-canvas,framed-canvas,"{""CanvasFormat"":""270x350-mm"",""CanvasFrame"":""wood-fsc-2-cm"",""CanvasMaterial"":""canvas"",""ColorType"":""4-0"",""FrameColor"":""natural-wood"",""FrameMaterial"":""wood"",""FrameProperties"":""w14xt32-mm"",""FrameSize"":""322x402-mm"",""FulfillmentService"":""canvas-mounting"",""Orientation"":""ver"",""ProductStatus"":""activated"",""State"":""published""}"
framed_canvas_wood_w14xt32-mm_28x40-inch_hor_black_30x42-inch_wood-fsc-2-cm_canvas_4-0_canvas-mounting,Framed canvas — hor,framed-canvas,framed-canvas,"{""CanvasFormat"":""28x40-inch"",""CanvasFrame"":""wood-fsc-2-cm"",""CanvasMaterial"":""canvas"",""ColorType"":""4-0"",""FrameColor"":""black"",""FrameMaterial"":""wood"",""FrameProperties"":""w14xt32-mm"",""FrameSize"":""30x42-inch"",""FulfillmentService"":""canvas-mounting"",""Orientation"":""hor"",""ProductStatus"":""activated"",""State"":""published""}"
framed_canvas_wood_w14xt32-mm_28x40-inch_hor_dark-wood_30x42-inch_wood-fsc-2-cm_canvas_4-0_canvas-mounting,Framed canvas — hor,framed-canvas,framed-canvas,"{""CanvasFormat"":""28x40-inch"",""CanvasFrame"":""wood-fsc-2-cm"",""CanvasMaterial"":""canvas"",""ColorType"":""4-0"",""FrameColor"":""dark-wood"",""FrameMaterial"":""wood"",""FrameProperties"":""w14xt32-mm"",""FrameSize"":""30x42-inch"",""FulfillmentService"":""canvas-mounting"",""Orientation"":""hor"",""ProductStatus"":""activated"",""State"":""published""}"
framed_canvas_wood_w14xt32-mm_28x40-inch_hor_natural-wood_30x42-inch_wood-fsc-2-cm_canvas_4-0_canvas-mounting,Framed canvas — hor,framed-canvas,framed-canvas,"{""CanvasFormat"":""28x40-inch"",""CanvasFrame"":""wood-fsc-2-cm"",""CanvasMaterial"":""canvas"",""ColorType"":""4-0"",""FrameColor"":""natural-wood"",""FrameMaterial"":""wood"",""FrameProperties"":""w14xt32-mm"",""FrameSize"":""30x42-inch"",""FulfillmentService"":""canvas-mounting"",""Orientation"":""hor"",""ProductStatus"":""activated"",""State"":""published""}"
framed_canvas_wood_w14xt32-mm_28x40-inch_ver_black_30x42-inch_wood-fsc-2-cm_canvas_4-0_canvas-mounting,Framed canvas — ver,framed-canvas,framed-canvas,"{""CanvasFormat"":""28x40-inch"",""CanvasFrame"":""wood-fsc-2-cm"",""CanvasMaterial"":""canvas"",""ColorType"":""4-0"",""FrameColor"":""black"",""FrameMaterial"":""wood"",""FrameProperties"":""w14xt32-mm"",""FrameSize"":""30x42-inch"",""FulfillmentService"":""canvas-mounting"",""Orientation"":""ver"",""ProductStatus"":""activated"",""State"":""published""}"
framed_canvas_wood_w14xt32-mm_28x40-inch_ver_dark-wood_30x42-inch_wood-fsc-2-cm_canvas_4-0_canvas-mounting,Framed canvas — ver,framed-canvas,framed-canvas,"{""CanvasFormat"":""28x40-inch"",""CanvasFrame"":""wood-fsc-2-cm"",""CanvasMaterial"":""canvas"",""ColorType"":""4-0"",""FrameColor"":""dark-wood"",""FrameMaterial"":""wood"",""FrameProperties"":""w14xt32-mm"",""FrameSize"":""30x42-inch"",""FulfillmentService"":""canvas-mounting"",""Orientation"":""ver"",""ProductStatus"":""activated"",""State"":""published""}"
framed_canvas_wood_w14xt32-mm_28x40-inch_ver_natural-wood_30x42-inch_wood-fsc-2-cm_canvas_4-0_canvas-mounting,Framed canvas — ver,framed-canvas,framed-canvas,"{""CanvasFormat"":""28x40-inch"",""CanvasFrame"":""wood-fsc-2-cm"",""CanvasMaterial"":""canvas"",""ColorType"":""4-0"",""FrameColor"":""natural-wood"",""FrameMaterial"":""wood"",""FrameProperties"":""w14xt32-mm"",""FrameSize"":""30x42-inch"",""FulfillmentService"":""canvas-mounting"",""Orientation"":""ver"",""ProductStatus"":""activated"",""State"":""published""}"
framed_canvas_wood_w14xt32-mm_300x1000-mm_hor_black_352x1052-mm_wood-fsc-2-cm_canvas_4-0_canvas-mounting,Framed canvas — hor,framed-canvas,framed-canvas,"{""CanvasFormat"":""300x1000-mm"",""CanvasFrame"":""wood-fsc-2-cm"",""CanvasMaterial"":""canvas"",""ColorType"":""4-0"",""FrameColor"":""black"",""FrameMaterial"":""wood"",""FrameProperties"":""w14xt32-mm"",""FrameSize"":""352x1052-mm"",""FulfillmentService"":""canvas-mounting"",""Orientation"":""hor"",""ProductStatus"":""activated"",""State"":""published""}"
framed_canvas_wood_w14xt32-mm_300x1000-mm_hor_dark-wood_352x1052-mm_wood-fsc-2-cm_canvas_4-0_canvas-mounting,Framed canvas — hor,framed-canvas,framed-canvas,"{""CanvasFormat"":""300x1000-mm"",""CanvasFrame"":""wood-fsc-2-cm"",""CanvasMaterial"":""canvas"",""ColorType"":""4-0"",""FrameColor"":""dark-wood"",""FrameMaterial"":""wood"",""FrameProperties"":""w14xt32-mm"",""FrameSize"":""352x1052-mm"",""FulfillmentService"":""canvas-mounting"",""Orientation"":""hor"",""ProductStatus"":""activated"",""State"":""published""}"
framed_canvas_wood_w14xt32-mm_300x1000-mm_hor_natural-wood_352x1052-mm_wood-fsc-2-cm_canvas_4-0_canvas-mounting,Framed canvas — hor,framed-canvas,framed-canvas,"{""CanvasFormat"":""300x1000-mm"",""CanvasFrame"":""wood-fsc-2-cm"",""CanvasMaterial"":""canvas"",""ColorType"":""4-0"",""FrameColor"":""natural-wood"",""FrameMaterial"":""wood"",""FrameProperties"":""w14xt32-mm"",""FrameSize"":""352x1052-mm"",""FulfillmentService"":""canvas-mounting"",""Orientation"":""hor"",""ProductStatus"":""activated"",""State"":""published""}"
framed_canvas_wood_w14xt32-mm_300x1000-mm_ver_black_352x1052-mm_wood-fsc-2-cm_canvas_4-0_canvas-mounting,Framed canvas — ver,framed-canvas,framed-canvas,"{""CanvasFormat"":""300x1000-mm"",""CanvasFrame"":""wood-fsc-2-cm"",""CanvasMaterial"":""canvas"",""ColorType"":""4-0"",""FrameColor"":""black"",""FrameMaterial"":""wood"",""FrameProperties"":""w14xt32-mm"",""FrameSize"":""352x1052-mm"",""FulfillmentService"":""canvas-mounting"",""Orientation"":""ver"",""ProductStatus"":""activated"",""State"":""published""}"
framed_canvas_wood_w14xt32-mm_300x1000-mm_ver_dark-wood_352x1052-mm_wood-fsc-2-cm_canvas_4-0_canvas-mounting,Framed canvas — ver,framed-canvas,framed-canvas,"{""CanvasFormat"":""300x1000-mm"",""CanvasFrame"":""wood-fsc-2-cm"",""CanvasMaterial"":""canvas"",""ColorType"":""4-0"",""FrameColor"":""dark-wood"",""FrameMaterial"":""wood"",""FrameProperties"":""w14xt32-mm"",""FrameSize"":""352x1052-mm"",""FulfillmentService"":""canvas-mounting"",""Orientation"":""ver"",""ProductStatus"":""activated"",""State"":""published""}"
framed_canvas_wood_w14xt32-mm_300x1000-mm_ver_natural-wood_352x1052-mm_wood-fsc-2-cm_canvas_4-0_canvas-mounting,Framed canvas — ver,framed-canvas,framed-canvas,"{""CanvasFormat"":""300x1000-mm"",""CanvasFrame"":""wood-fsc-2-cm"",""CanvasMaterial"":""canvas"",""ColorType"":""4-0"",""FrameColor"":""natural-wood"",""FrameMaterial"":""wood"",""FrameProperties"":""w14xt32-mm"",""FrameSize"":""352x1052-mm"",""FulfillmentService"":""canvas-mounting"",""Orientation"":""ver"",""ProductStatus"":""activated"",""State"":""published""}"
framed_canvas_wood_w14xt32-mm_300x300-mm_hor_black_352x352-mm_wood-fsc-2-cm_canvas_4-0_canvas-mounting,Framed canvas — hor,framed-canvas,framed-canvas,"{""CanvasFormat"":""300x300-mm"",""CanvasFrame"":""wood-fsc-2-cm"",""CanvasMaterial"":""canvas"",""ColorType"":""4-0"",""FrameColor"":""black"",""FrameMaterial"":""wood"",""FrameProperties"":""w14xt32-mm"",""FrameSize"":""352x352-mm"",""FulfillmentService"":""canvas-mounting"",""Orientation"":""hor"",""ProductStatus"":""activated"",""State"":""published""}"
framed_canvas_wood_w14xt32-mm_300x300-mm_hor_dark-wood_352x352-mm_wood-fsc-2-cm_canvas_4-0_canvas-mounting,Framed canvas — hor,framed-canvas,framed-canvas,"{""CanvasFormat"":""300x300-mm"",""CanvasFrame"":""wood-fsc-2-cm"",""CanvasMaterial"":""canvas"",""ColorType"":""4-0"",""FrameColor"":""dark-wood"",""FrameMaterial"":""wood"",""FrameProperties"":""w14xt32-mm"",""FrameSize"":""352x352-mm"",""FulfillmentService"":""canvas-mounting"",""Orientation"":""hor"",""ProductStatus"":""activated"",""State"":""published""}"
framed_canvas_wood_w14xt32-mm_300x300-mm_hor_natural-wood_352x352-mm_wood-fsc-2-cm_canvas_4-0_canvas-mounting,Framed canvas — hor,framed-canvas,framed-canvas,"{""CanvasFormat"":""300x300-mm"",""CanvasFrame"":""wood-fsc-2-cm"",""CanvasMaterial"":""canvas"",""ColorType"":""4-0"",""FrameColor"":""natural-wood"",""FrameMaterial"":""wood"",""FrameProperties"":""w14xt32-mm"",""FrameSize"":""352x352-mm"",""FulfillmentService"":""canvas-mounting"",""Orientation"":""hor"",""ProductStatus"":""activated"",""State"":""published""}"
framed_canvas_wood_w14xt32-mm_300x300-mm_ver_black_352x352-mm_wood-fsc-2-cm_canvas_4-0_canvas-mounting,Framed canvas — ver,framed-canvas,framed-canvas,"{""CanvasFormat"":""300x300-mm"",""CanvasFrame"":""wood-fsc-2-cm"",""CanvasMaterial"":""canvas"",""ColorType"":""4-0"",""FrameColor"":""black"",""FrameMaterial"":""wood"",""FrameProperties"":""w14xt32-mm"",""FrameSize"":""352x352-mm"",""FulfillmentService"":""canvas-mounting"",""Orientation"":""ver"",""ProductStatus"":""activated"",""State"":""published""}"
framed_canvas_wood_w14xt32-mm_300x300-mm_ver_dark-wood_352x352-mm_wood-fsc-2-cm_canvas_4-0_canvas-mounting,Framed canvas — ver,framed-canvas,framed-canvas,"{""CanvasFormat"":""300x300-mm"",""CanvasFrame"":""wood-fsc-2-cm"",""CanvasMaterial"":""canvas"",""ColorType"":""4-0"",""FrameColor"":""dark-wood"",""FrameMaterial"":""wood"",""FrameProperties"":""w14xt32-mm"",""FrameSize"":""352x352-mm"",""FulfillmentService"":""canvas-mounting"",""Orientation"":""ver"",""ProductStatus"":""activated"",""State"":""published""}"
framed_canvas_wood_w14xt32-mm_300x300-mm_ver_natural-wood_352x352-mm_wood-fsc-2-cm_canvas_4-0_canvas-mounting,Framed canvas — ver,framed-canvas,framed-canvas,"{""CanvasFormat"":""300x300-mm"",""CanvasFrame"":""wood-fsc-2-cm"",""CanvasMaterial"":""canvas"",""ColorType"":""4-0"",""FrameColor"":""natural-wood"",""FrameMaterial"":""wood"",""FrameProperties"":""w14xt32-mm"",""FrameSize"":""352x352-mm"",""FulfillmentService"":""canvas-mounting"",""Orientation"":""ver"",""ProductStatus"":""activated"",""State"":""published""}"
framed_canvas_wood_w14xt32-mm_300x400-mm_hor_black_352x452-mm_wood-fsc-2-cm_canvas_4-0_canvas-mounting,Framed canvas — hor,framed-canvas,framed-canvas,"{""CanvasFormat"":""300x400-mm"",""CanvasFrame"":""wood-fsc-2-cm"",""CanvasMaterial"":""canvas"",""ColorType"":""4-0"",""FrameColor"":""black"",""FrameMaterial"":""wood"",""FrameProperties"":""w14xt32-mm"",""FrameSize"":""352x452-mm"",""FulfillmentService"":""canvas-mounting"",""Orientation"":""hor"",""ProductStatus"":""activated"",""State"":""published""}"
framed_canvas_wood_w14xt32-mm_300x400-mm_hor_dark-wood_352x452-mm_wood-fsc-2-cm_canvas_4-0_canvas-mounting,Framed canvas — hor,framed-canvas,framed-canvas,"{""CanvasFormat"":""300x400-mm"",""CanvasFrame"":""wood-fsc-2-cm"",""CanvasMaterial"":""canvas"",""ColorType"":""4-0"",""FrameColor"":""dark-wood"",""FrameMaterial"":""wood"",""FrameProperties"":""w14xt32-mm"",""FrameSize"":""352x452-mm"",""FulfillmentService"":""canvas-mounting"",""Orientation"":""hor"",""ProductStatus"":""activated"",""State"":""published""}"
framed_canvas_wood_w14xt32-mm_300x400-mm_hor_natural-wood_352x452-mm_wood-fsc-2-cm_canvas_4-0_canvas-mounting,Framed canvas — hor,framed-canvas,framed-canvas,"{""CanvasFormat"":""300x400-mm"",""CanvasFrame"":""wood-fsc-2-cm"",""CanvasMaterial"":""canvas"",""ColorType"":""4-0"",""FrameColor"":""natural-wood"",""FrameMaterial"":""wood"",""FrameProperties"":""w14xt32-mm"",""FrameSize"":""352x452-mm"",""FulfillmentService"":""canvas-mounting"",""Orientation"":""hor"",""ProductStatus"":""activated"",""State"":""published""}"
framed_canvas_wood_w14xt32-mm_300x400-mm_ver_black_352x452-mm_wood-fsc-2-cm_canvas_4-0_canvas-mounting,Framed canvas — ver,framed-canvas,framed-canvas,"{""CanvasFormat"":""300x400-mm"",""CanvasFrame"":""wood-fsc-2-cm"",""CanvasMaterial"":""canvas"",""ColorType"":""4-0"",""FrameColor"":""black"",""FrameMaterial"":""wood"",""FrameProperties"":""w14xt32-mm"",""FrameSize"":""352x452-mm"",""FulfillmentService"":""canvas-mounting"",""Orientation"":""ver"",""ProductStatus"":""activated"",""State"":""published""}"
framed_canvas_wood_w14xt32-mm_300x400-mm_ver_dark-wood_352x452-mm_wood-fsc-2-cm_canvas_4-0_canvas-mounting,Framed canvas — ver,framed-canvas,framed-canvas,"{""CanvasFormat"":""300x400-mm"",""CanvasFrame"":""wood-fsc-2-cm"",""CanvasMaterial"":""canvas"",""ColorType"":""4-0"",""FrameColor"":""dark-wood"",""FrameMaterial"":""wood"",""FrameProperties"":""w14xt32-mm"",""FrameSize"":""352x452-mm"",""FulfillmentService"":""canvas-mounting"",""Orientation"":""ver"",""ProductStatus"":""activated"",""State"":""published""}"
framed_canvas_wood_w14xt32-mm_300x400-mm_ver_natural-wood_352x452-mm_wood-fsc-2-cm_canvas_4-0_canvas-mounting,Framed canvas — ver,framed-canvas,framed-canvas,"{""CanvasFormat"":""300x400-mm"",""CanvasFrame"":""wood-fsc-2-cm"",""CanvasMaterial"":""canvas"",""ColorType"":""4-0"",""FrameColor"":""natural-wood"",""FrameMaterial"":""wood"",""FrameProperties"":""w14xt32-mm"",""FrameSize"":""352x452-mm"",""FulfillmentService"":""canvas-mounting"",""Orientation"":""ver"",""ProductStatus"":""activated"",""State"":""published""}"
framed_canvas_wood_w14xt32-mm_300x450-mm_hor_black_352x502-mm_wood-fsc-2-cm_canvas_4-0_canvas-mounting,Framed canvas — hor,framed-canvas,framed-canvas,"{""CanvasFormat"":""300x450-mm"",""CanvasFrame"":""wood-fsc-2-cm"",""CanvasMaterial"":""canvas"",""ColorType"":""4-0"",""FrameColor"":""black"",""FrameMaterial"":""wood"",""FrameProperties"":""w14xt32-mm"",""FrameSize"":""352x502-mm"",""FulfillmentService"":""canvas-mounting"",""Orientation"":""hor"",""ProductStatus"":""activated"",""State"":""published""}"
framed_canvas_wood_w14xt32-mm_300x450-mm_hor_dark-wood_352x502-mm_wood-fsc-2-cm_canvas_4-0_canvas-mounting,Framed canvas — hor,framed-canvas,framed-canvas,"{""CanvasFormat"":""300x450-mm"",""CanvasFrame"":""wood-fsc-2-cm"",""CanvasMaterial"":""canvas"",""ColorType"":""4-0"",""FrameColor"":""dark-wood"",""FrameMaterial"":""wood"",""FrameProperties"":""w14xt32-mm"",""FrameSize"":""352x502-mm"",""FulfillmentService"":""canvas-mounting"",""Orientation"":""hor"",""ProductStatus"":""activated"",""State"":""published""}"
framed_canvas_wood_w14xt32-mm_300x450-mm_hor_natural-wood_352x502-mm_wood-fsc-2-cm_canvas_4-0_canvas-mounting,Framed canvas — hor,framed-canvas,framed-canvas,"{""CanvasFormat"":""300x450-mm"",""CanvasFrame"":""wood-fsc-2-cm"",""CanvasMaterial"":""canvas"",""ColorType"":""4-0"",""FrameColor"":""natural-wood"",""FrameMaterial"":""wood"",""FrameProperties"":""w14xt32-mm"",""FrameSize"":""352x502-mm"",""FulfillmentService"":""canvas-mounting"",""Orientation"":""hor"",""ProductStatus"":""activated"",""State"":""published""}"
framed_canvas_wood_w14xt32-mm_300x450-mm_ver_black_352x502-mm_wood-fsc-2-cm_canvas_4-0_canvas-mounting,Framed canvas — ver,framed-canvas,framed-canvas,"{""CanvasFormat"":""300x450-mm"",""CanvasFrame"":""wood-fsc-2-cm"",""CanvasMaterial"":""canvas"",""ColorType"":""4-0"",""FrameColor"":""black"",""FrameMaterial"":""wood"",""FrameProperties"":""w14xt32-mm"",""FrameSize"":""352x502-mm"",""FulfillmentService"":""canvas-mounting"",""Orientation"":""ver"",""ProductStatus"":""activated"",""State"":""published""}"
framed_canvas_wood_w14xt32-mm_300x450-mm_ver_dark-wood_352x502-mm_wood-fsc-2-cm_canvas_4-0_canvas-mounting,Framed canvas — ver,framed-canvas,framed-canvas,"{""CanvasFormat"":""300x450-mm"",""CanvasFrame"":""wood-fsc-2-cm"",""CanvasMaterial"":""canvas"",""ColorType"":""4-0"",""FrameColor"":""dark-wood"",""FrameMaterial"":""wood"",""FrameProperties"":""w14xt32-mm"",""FrameSize"":""352x502-mm"",""FulfillmentService"":""canvas-mounting"",""Orientation"":""ver"",""ProductStatus"":""activated"",""State"":""published""}"
framed_canvas_wood_w14xt32-mm_300x450-mm_ver_natural-wood_352x502-mm_wood-fsc-2-cm_canvas_4-0_canvas-mounting,Framed canvas — ver,framed-canvas,framed-canvas,"{""CanvasFormat"":""300x450-mm"",""CanvasFrame"":""wood-fsc-2-cm"",""CanvasMaterial"":""canvas"",""ColorType"":""4-0"",""FrameColor"":""natural-wood"",""FrameMaterial"":""wood"",""FrameProperties"":""w14xt32-mm"",""FrameSize"":""352x502-mm"",""FulfillmentService"":""canvas-mounting"",""Orientation"":""ver"",""ProductStatus"":""activated"",""State"":""published""}"
framed_canvas_wood_w14xt32-mm_300x600-mm_hor_black_352x652-mm_wood-fsc-2-cm_canvas_4-0_canvas-mounting,Framed canvas — hor,framed-canvas,framed-canvas,"{""CanvasFormat"":""300x600-mm"",""CanvasFrame"":""wood-fsc-2-cm"",""CanvasMaterial"":""canvas"",""ColorType"":""4-0"",""FrameColor"":""black"",""FrameMaterial"":""wood"",""FrameProperties"":""w14xt32-mm"",""FrameSize"":""352x652-mm"",""FulfillmentService"":""canvas-mounting"",""Orientation"":""hor"",""ProductStatus"":""activated"",""State"":""published""}"
framed_canvas_wood_w14xt32-mm_300x600-mm_hor_dark-wood_352x652-mm_wood-fsc-2-cm_canvas_4-0_canvas-mounting,Framed canvas — hor,framed-canvas,framed-canvas,"{""CanvasFormat"":""300x600-mm"",""CanvasFrame"":""wood-fsc-2-cm"",""CanvasMaterial"":""canvas"",""ColorType"":""4-0"",""FrameColor"":""dark-wood"",""FrameMaterial"":""wood"",""FrameProperties"":""w14xt32-mm"",""FrameSize"":""352x652-mm"",""FulfillmentService"":""canvas-mounting"",""Orientation"":""hor"",""ProductStatus"":""activated"",""State"":""published""}"
framed_canvas_wood_w14xt32-mm_300x600-mm_hor_natural-wood_352x652-mm_wood-fsc-2-cm_canvas_4-0_canvas-mounting,Framed canvas — hor,framed-canvas,framed-canvas,"{""CanvasFormat"":""300x600-mm"",""CanvasFrame"":""wood-fsc-2-cm"",""CanvasMaterial"":""canvas"",""ColorType"":""4-0"",""FrameColor"":""natural-wood"",""FrameMaterial"":""wood"",""FrameProperties"":""w14xt32-mm"",""FrameSize"":""352x652-mm"",""FulfillmentService"":""canvas-mounting"",""Orientation"":""hor"",""ProductStatus"":""activated"",""State"":""published""}"
framed_canvas_wood_w14xt32-mm_300x600-mm_ver_black_352x652-mm_wood-fsc-2-cm_canvas_4-0_canvas-mounting,Framed canvas — ver,framed-canvas,framed-canvas,"{""CanvasFormat"":""300x600-mm"",""CanvasFrame"":""wood-fsc-2-cm"",""CanvasMaterial"":""canvas"",""ColorType"":""4-0"",""FrameColor"":""black"",""FrameMaterial"":""wood"",""FrameProperties"":""w14xt32-mm"",""FrameSize"":""352x652-mm"",""FulfillmentService"":""canvas-mounting"",""Orientation"":""ver"",""ProductStatus"":""activated"",""State"":""published""}"
framed_canvas_wood_w14xt32-mm_300x600-mm_ver_dark-wood_352x652-mm_wood-fsc-2-cm_canvas_4-0_canvas-mounting,Framed canvas — ver,framed-canvas,framed-canvas,"{""CanvasFormat"":""300x600-mm"",""CanvasFrame"":""wood-fsc-2-cm"",""CanvasMaterial"":""canvas"",""ColorType"":""4-0"",""FrameColor"":""dark-wood"",""FrameMaterial"":""wood"",""FrameProperties"":""w14xt32-mm"",""FrameSize"":""352x652-mm"",""FulfillmentService"":""canvas-mounting"",""Orientation"":""ver"",""ProductStatus"":""activated"",""State"":""published""}"
framed_canvas_wood_w14xt32-mm_300x600-mm_ver_natural-wood_352x652-mm_wood-fsc-2-cm_canvas_4-0_canvas-mounting,Framed canvas — ver,framed-canvas,framed-canvas,"{""CanvasFormat"":""300x600-mm"",""CanvasFrame"":""wood-fsc-2-cm"",""CanvasMaterial"":""canvas"",""ColorType"":""4-0"",""FrameColor"":""natural-wood"",""FrameMaterial"":""wood"",""FrameProperties"":""w14xt32-mm"",""FrameSize"":""352x652-mm"",""FulfillmentService"":""canvas-mounting"",""Orientation"":""ver"",""ProductStatus"":""activated"",""State"":""published""}"
framed_canvas_wood_w14xt32-mm_300x900-mm_hor_black_352x952-mm_wood-fsc-2-cm_canvas_4-0_canvas-mounting,Framed canvas — hor,framed-canvas,framed-canvas,"{""CanvasFormat"":""300x900-mm"",""CanvasFrame"":""wood-fsc-2-cm"",""CanvasMaterial"":""canvas"",""ColorType"":""4-0"",""FrameColor"":""black"",""FrameMaterial"":""wood"",""FrameProperties"":""w14xt32-mm"",""FrameSize"":""352x952-mm"",""FulfillmentService"":""canvas-mounting"",""Orientation"":""hor"",""ProductStatus"":""activated"",""State"":""published""}"
framed_canvas_wood_w14xt32-mm_300x900-mm_hor_dark-wood_352x952-mm_wood-fsc-2-cm_canvas_4-0_canvas-mounting,Framed canvas — hor,framed-canvas,framed-canvas,"{""CanvasFormat"":""300x900-mm"",""CanvasFrame"":""wood-fsc-2-cm"",""CanvasMaterial"":""canvas"",""ColorType"":""4-0"",""FrameColor"":""dark-wood"",""FrameMaterial"":""wood"",""FrameProperties"":""w14xt32-mm"",""FrameSize"":""352x952-mm"",""FulfillmentService"":""canvas-mounting"",""Orientation"":""hor"",""ProductStatus"":""activated"",""State"":""published""}"
framed_canvas_wood_w14xt32-mm_300x900-mm_hor_natural-wood_352x952-mm_wood-fsc-2-cm_canvas_4-0_canvas-mounting,Framed canvas — hor,framed-canvas,framed-canvas,"{""CanvasFormat"":""300x900-mm"",""CanvasFrame"":""wood-fsc-2-cm"",""CanvasMaterial"":""canvas"",""ColorType"":""4-0"",""FrameColor"":""natural-wood"",""FrameMaterial"":""wood"",""FrameProperties"":""w14xt32-mm"",""FrameSize"":""352x952-mm"",""FulfillmentService"":""canvas-mounting"",""Orientation"":""hor"",""ProductStatus"":""activated"",""State"":""published""}"
framed_canvas_wood_w14xt32-mm_300x900-mm_ver_black_352x952-mm_wood-fsc-2-cm_canvas_4-0_canvas-mounting,Framed canvas — ver,framed-canvas,framed-canvas,"{""CanvasFormat"":""300x900-mm"",""CanvasFrame"":""wood-fsc-2-cm"",""CanvasMaterial"":""canvas"",""ColorType"":""4-0"",""FrameColor"":""black"",""FrameMaterial"":""wood"",""FrameProperties"":""w14xt32-mm"",""FrameSize"":""352x952-mm"",""FulfillmentService"":""canvas-mounting"",""Orientation"":""ver"",""ProductStatus"":""activated"",""State"":""published""}"
framed_canvas_wood_w14xt32-mm_300x900-mm_ver_dark-wood_352x952-mm_wood-fsc-2-cm_canvas_4-0_canvas-mounting,Framed canvas — ver,framed-canvas,framed-canvas,"{""CanvasFormat"":""300x900-mm"",""CanvasFrame"":""wood-fsc-2-cm"",""CanvasMaterial"":""canvas"",""ColorType"":""4-0"",""FrameColor"":""dark-wood"",""FrameMaterial"":""wood"",""FrameProperties"":""w14xt32-mm"",""FrameSize"":""352x952-mm"",""FulfillmentService"":""canvas-mounting"",""Orientation"":""ver"",""ProductStatus"":""activated"",""State"":""published""}"
framed_canvas_wood_w14xt32-mm_300x900-mm_ver_natural-wood_352x952-mm_wood-fsc-2-cm_canvas_4-0_canvas-mounting,Framed canvas — ver,framed-canvas,framed-canvas,"{""CanvasFormat"":""300x900-mm"",""CanvasFrame"":""wood-fsc-2-cm"",""CanvasMaterial"":""canvas"",""ColorType"":""4-0"",""FrameColor"":""natural-wood"",""FrameMaterial"":""wood"",""FrameProperties"":""w14xt32-mm"",""FrameSize"":""352x952-mm"",""FulfillmentService"":""canvas-mounting"",""Orientation"":""ver"",""ProductStatus"":""activated"",""State"":""published""}"
framed_canvas_wood_w14xt32-mm_400x400-mm_hor_black_452x452-mm_wood-fsc-2-cm_canvas_4-0_canvas-mounting,Framed canvas — hor,framed-canvas,framed-canvas,"{""CanvasFormat"":""400x400-mm"",""CanvasFrame"":""wood-fsc-2-cm"",""CanvasMaterial"":""canvas"",""ColorType"":""4-0"",""FrameColor"":""black"",""FrameMaterial"":""wood"",""FrameProperties"":""w14xt32-mm"",""FrameSize"":""452x452-mm"",""FulfillmentService"":""canvas-mounting"",""Orientation"":""hor"",""ProductStatus"":""activated"",""State"":""published""}"
framed_canvas_wood_w14xt32-mm_400x400-mm_hor_dark-wood_452x452-mm_wood-fsc-2-cm_canvas_4-0_canvas-mounting,Framed canvas — hor,framed-canvas,framed-canvas,"{""CanvasFormat"":""400x400-mm"",""CanvasFrame"":""wood-fsc-2-cm"",""CanvasMaterial"":""canvas"",""ColorType"":""4-0"",""FrameColor"":""dark-wood"",""FrameMaterial"":""wood"",""FrameProperties"":""w14xt32-mm"",""FrameSize"":""452x452-mm"",""FulfillmentService"":""canvas-mounting"",""Orientation"":""hor"",""ProductStatus"":""activated"",""State"":""published""}"
framed_canvas_wood_w14xt32-mm_400x400-mm_hor_natural-wood_452x452-mm_wood-fsc-2-cm_canvas_4-0_canvas-mounting,Framed canvas — hor,framed-canvas,framed-canvas,"{""CanvasFormat"":""400x400-mm"",""CanvasFrame"":""wood-fsc-2-cm"",""CanvasMaterial"":""canvas"",""ColorType"":""4-0"",""FrameColor"":""natural-wood"",""FrameMaterial"":""wood"",""FrameProperties"":""w14xt32-mm"",""FrameSize"":""452x452-mm"",""FulfillmentService"":""canvas-mounting"",""Orientation"":""hor"",""ProductStatus"":""activated"",""State"":""published""}"
framed_canvas_wood_w14xt32-mm_400x400-mm_ver_black_452x452-mm_wood-fsc-2-cm_canvas_4-0_canvas-mounting,Framed canvas — ver,framed-canvas,framed-canvas,"{""CanvasFormat"":""400x400-mm"",""CanvasFrame"":""wood-fsc-2-cm"",""CanvasMaterial"":""canvas"",""ColorType"":""4-0"",""FrameColor"":""black"",""FrameMaterial"":""wood"",""FrameProperties"":""w14xt32-mm"",""FrameSize"":""452x452-mm"",""FulfillmentService"":""canvas-mounting"",""Orientation"":""ver"",""ProductStatus"":""activated"",""State"":""published""}"
framed_canvas_wood_w14xt32-mm_400x400-mm_ver_dark-wood_452x452-mm_wood-fsc-2-cm_canvas_4-0_canvas-mounting,Framed canvas — ver,framed-canvas,framed-canvas,"{""CanvasFormat"":""400x400-mm"",""CanvasFrame"":""wood-fsc-2-cm"",""CanvasMaterial"":""canvas"",""ColorType"":""4-0"",""FrameColor"":""dark-wood"",""FrameMaterial"":""wood"",""FrameProperties"":""w14xt32-mm"",""FrameSize"":""452x452-mm"",""FulfillmentService"":""canvas-mounting"",""Orientation"":""ver"",""ProductStatus"":""activated"",""State"":""published""}"
framed_canvas_wood_w14xt32-mm_400x400-mm_ver_natural-wood_452x452-mm_wood-fsc-2-cm_canvas_4-0_canvas-mounting,Framed canvas — ver,framed-canvas,framed-canvas,"{""CanvasFormat"":""400x400-mm"",""CanvasFrame"":""wood-fsc-2-cm"",""CanvasMaterial"":""canvas"",""ColorType"":""4-0"",""FrameColor"":""natural-wood"",""FrameMaterial"":""wood"",""FrameProperties"":""w14xt32-mm"",""FrameSize"":""452x452-mm"",""FulfillmentService"":""canvas-mounting"",""Orientation"":""ver"",""ProductStatus"":""activated"",""State"":""published""}"
framed_canvas_wood_w14xt32-mm_400x500-mm_hor_black_452x552-mm_wood-fsc-2-cm_canvas_4-0_canvas-mounting,Framed canvas — hor,framed-canvas,framed-canvas,"{""CanvasFormat"":""400x500-mm"",""CanvasFrame"":""wood-fsc-2-cm"",""CanvasMaterial"":""canvas"",""ColorType"":""4-0"",""FrameColor"":""black"",""FrameMaterial"":""wood"",""FrameProperties"":""w14xt32-mm"",""FrameSize"":""452x552-mm"",""FulfillmentService"":""canvas-mounting"",""Orientation"":""hor"",""ProductStatus"":""activated"",""State"":""published""}"
framed_canvas_wood_w14xt32-mm_400x500-mm_hor_dark-wood_452x552-mm_wood-fsc-2-cm_canvas_4-0_canvas-mounting,Framed canvas — hor,framed-canvas,framed-canvas,"{""CanvasFormat"":""400x500-mm"",""CanvasFrame"":""wood-fsc-2-cm"",""CanvasMaterial"":""canvas"",""ColorType"":""4-0"",""FrameColor"":""dark-wood"",""FrameMaterial"":""wood"",""FrameProperties"":""w14xt32-mm"",""FrameSize"":""452x552-mm"",""FulfillmentService"":""canvas-mounting"",""Orientation"":""hor"",""ProductStatus"":""activated"",""State"":""published""}"
framed_canvas_wood_w14xt32-mm_400x500-mm_hor_natural-wood_452x552-mm_wood-fsc-2-cm_canvas_4-0_canvas-mounting,Framed canvas — hor,framed-canvas,framed-canvas,"{""CanvasFormat"":""400x500-mm"",""CanvasFrame"":""wood-fsc-2-cm"",""CanvasMaterial"":""canvas"",""ColorType"":""4-0"",""FrameColor"":""natural-wood"",""FrameMaterial"":""wood"",""FrameProperties"":""w14xt32-mm"",""FrameSize"":""452x552-mm"",""FulfillmentService"":""canvas-mounting"",""Orientation"":""hor"",""ProductStatus"":""activated"",""State"":""published""}"
framed_canvas_wood_w14xt32-mm_400x500-mm_ver_black_452x552-mm_wood-fsc-2-cm_canvas_4-0_canvas-mounting,Framed canvas — ver,framed-canvas,framed-canvas,"{""CanvasFormat"":""400x500-mm"",""CanvasFrame"":""wood-fsc-2-cm"",""CanvasMaterial"":""canvas"",""ColorType"":""4-0"",""FrameColor"":""black"",""FrameMaterial"":""wood"",""FrameProperties"":""w14xt32-mm"",""FrameSize"":""452x552-mm"",""FulfillmentService"":""canvas-mounting"",""Orientation"":""ver"",""ProductStatus"":""activated"",""State"":""published""}"
framed_canvas_wood_w14xt32-mm_400x500-mm_ver_dark-wood_452x552-mm_wood-fsc-2-cm_canvas_4-0_canvas-mounting,Framed canvas — ver,framed-canvas,framed-canvas,"{""CanvasFormat"":""400x500-mm"",""CanvasFrame"":""wood-fsc-2-cm"",""CanvasMaterial"":""canvas"",""ColorType"":""4-0"",""FrameColor"":""dark-wood"",""FrameMaterial"":""wood"",""FrameProperties"":""w14xt32-mm"",""FrameSize"":""452x552-mm"",""FulfillmentService"":""canvas-mounting"",""Orientation"":""ver"",""ProductStatus"":""activated"",""State"":""published""}"
framed_canvas_wood_w14xt32-mm_400x500-mm_ver_natural-wood_452x552-mm_wood-fsc-2-cm_canvas_4-0_canvas-mounting,Framed canvas — ver,framed-canvas,framed-canvas,"{""CanvasFormat"":""400x500-mm"",""CanvasFrame"":""wood-fsc-2-cm"",""CanvasMaterial"":""canvas"",""ColorType"":""4-0"",""FrameColor"":""natural-wood"",""FrameMaterial"":""wood"",""FrameProperties"":""w14xt32-mm"",""FrameSize"":""452x552-mm"",""FulfillmentService"":""canvas-mounting"",""Orientation"":""ver"",""ProductStatus"":""activated"",""State"":""published""}"
framed_canvas_wood_w14xt32-mm_400x600-mm_hor_black_452x652-mm_wood-fsc-2-cm_canvas_4-0_canvas-mounting,Framed canvas — hor,framed-canvas,framed-canvas,"{""CanvasFormat"":""400x600-mm"",""CanvasFrame"":""wood-fsc-2-cm"",""CanvasMaterial"":""canvas"",""ColorType"":""4-0"",""FrameColor"":""black"",""FrameMaterial"":""wood"",""FrameProperties"":""w14xt32-mm"",""FrameSize"":""452x652-mm"",""FulfillmentService"":""canvas-mounting"",""Orientation"":""hor"",""ProductStatus"":""activated"",""State"":""published""}"
framed_canvas_wood_w14xt32-mm_400x600-mm_hor_dark-wood_452x652-mm_wood-fsc-2-cm_canvas_4-0_canvas-mounting,Framed canvas — hor,framed-canvas,framed-canvas,"{""CanvasFormat"":""400x600-mm"",""CanvasFrame"":""wood-fsc-2-cm"",""CanvasMaterial"":""canvas"",""ColorType"":""4-0"",""FrameColor"":""dark-wood"",""FrameMaterial"":""wood"",""FrameProperties"":""w14xt32-mm"",""FrameSize"":""452x652-mm"",""FulfillmentService"":""canvas-mounting"",""Orientation"":""hor"",""ProductStatus"":""activated"",""State"":""published""}"
framed_canvas_wood_w14xt32-mm_400x600-mm_hor_natural-wood_452x652-mm_wood-fsc-2-cm_canvas_4-0_canvas-mounting,Framed canvas — hor,framed-canvas,framed-canvas,"{""CanvasFormat"":""400x600-mm"",""CanvasFrame"":""wood-fsc-2-cm"",""CanvasMaterial"":""canvas"",""ColorType"":""4-0"",""FrameColor"":""natural-wood"",""FrameMaterial"":""wood"",""FrameProperties"":""w14xt32-mm"",""FrameSize"":""452x652-mm"",""FulfillmentService"":""canvas-mounting"",""Orientation"":""hor"",""ProductStatus"":""activated"",""State"":""published""}"
framed_canvas_wood_w14xt32-mm_400x600-mm_ver_black_452x652-mm_wood-fsc-2-cm_canvas_4-0_canvas-mounting,Framed canvas — ver,framed-canvas,framed-canvas,"{""CanvasFormat"":""400x600-mm"",""CanvasFrame"":""wood-fsc-2-cm"",""CanvasMaterial"":""canvas"",""ColorType"":""4-0"",""FrameColor"":""black"",""FrameMaterial"":""wood"",""FrameProperties"":""w14xt32-mm"",""FrameSize"":""452x652-mm"",""FulfillmentService"":""canvas-mounting"",""Orientation"":""ver"",""ProductStatus"":""activated"",""State"":""published""}"
framed_canvas_wood_w14xt32-mm_400x600-mm_ver_dark-wood_452x652-mm_wood-fsc-2-cm_canvas_4-0_canvas-mounting,Framed canvas — ver,framed-canvas,framed-canvas,"{""CanvasFormat"":""400x600-mm"",""CanvasFrame"":""wood-fsc-2-cm"",""CanvasMaterial"":""canvas"",""ColorType"":""4-0"",""FrameColor"":""dark-wood"",""FrameMaterial"":""wood"",""FrameProperties"":""w14xt32-mm"",""FrameSize"":""452x652-mm"",""FulfillmentService"":""canvas-mounting"",""Orientation"":""ver"",""ProductStatus"":""activated"",""State"":""published""}"
framed_canvas_wood_w14xt32-mm_400x600-mm_ver_natural-wood_452x652-mm_wood-fsc-2-cm_canvas_4-0_canvas-mounting,Framed canvas — ver,framed-canvas,framed-canvas,"{""CanvasFormat"":""400x600-mm"",""CanvasFrame"":""wood-fsc-2-cm"",""CanvasMaterial"":""canvas"",""ColorType"":""4-0"",""FrameColor"":""natural-wood"",""FrameMaterial"":""wood"",""FrameProperties"":""w14xt32-mm"",""FrameSize"":""452x652-mm"",""FulfillmentService"":""canvas-mounting"",""Orientation"":""ver"",""ProductStatus"":""activated"",""State"":""published""}"
framed_canvas_wood_w14xt32-mm_400x800-mm_hor_black_452x852-mm_wood-fsc-2-cm_canvas_4-0_canvas-mounting,Framed canvas — hor,framed-canvas,framed-canvas,"{""CanvasFormat"":""400x800-mm"",""CanvasFrame"":""wood-fsc-2-cm"",""CanvasMaterial"":""canvas"",""ColorType"":""4-0"",""FrameColor"":""black"",""FrameMaterial"":""wood"",""FrameProperties"":""w14xt32-mm"",""FrameSize"":""452x852-mm"",""FulfillmentService"":""canvas-mounting"",""Orientation"":""hor"",""ProductStatus"":""activated"",""State"":""published""}"
framed_canvas_wood_w14xt32-mm_400x800-mm_hor_dark-wood_452x852-mm_wood-fsc-2-cm_canvas_4-0_canvas-mounting,Framed canvas — hor,framed-canvas,framed-canvas,"{""CanvasFormat"":""400x800-mm"",""CanvasFrame"":""wood-fsc-2-cm"",""CanvasMaterial"":""canvas"",""ColorType"":""4-0"",""FrameColor"":""dark-wood"",""FrameMaterial"":""wood"",""FrameProperties"":""w14xt32-mm"",""FrameSize"":""452x852-mm"",""FulfillmentService"":""canvas-mounting"",""Orientation"":""hor"",""ProductStatus"":""activated"",""State"":""published""}"
framed_canvas_wood_w14xt32-mm_400x800-mm_hor_natural-wood_452x852-mm_wood-fsc-2-cm_canvas_4-0_canvas-mounting,Framed canvas — hor,framed-canvas,framed-canvas,"{""CanvasFormat"":""400x800-mm"",""CanvasFrame"":""wood-fsc-2-cm"",""CanvasMaterial"":""canvas"",""ColorType"":""4-0"",""FrameColor"":""natural-wood"",""FrameMaterial"":""wood"",""FrameProperties"":""w14xt32-mm"",""FrameSize"":""452x852-mm"",""FulfillmentService"":""canvas-mounting"",""Orientation"":""hor"",""ProductStatus"":""activated"",""State"":""published""}"
framed_canvas_wood_w14xt32-mm_400x800-mm_ver_black_452x852-mm_wood-fsc-2-cm_canvas_4-0_canvas-mounting,Framed canvas — ver,framed-canvas,framed-canvas,"{""CanvasFormat"":""400x800-mm"",""CanvasFrame"":""wood-fsc-2-cm"",""CanvasMaterial"":""canvas"",""ColorType"":""4-0"",""FrameColor"":""black"",""FrameMaterial"":""wood"",""FrameProperties"":""w14xt32-mm"",""FrameSize"":""452x852-mm"",""FulfillmentService"":""canvas-mounting"",""Orientation"":""ver"",""ProductStatus"":""activated"",""State"":""published""}"
framed_canvas_wood_w14xt32-mm_400x800-mm_ver_dark-wood_452x852-mm_wood-fsc-2-cm_canvas_4-0_canvas-mounting,Framed canvas — ver,framed-canvas,framed-canvas,"{""CanvasFormat"":""400x800-mm"",""CanvasFrame"":""wood-fsc-2-cm"",""CanvasMaterial"":""canvas"",""ColorType"":""4-0"",""FrameColor"":""dark-wood"",""FrameMaterial"":""wood"",""FrameProperties"":""w14xt32-mm"",""FrameSize"":""452x852-mm"",""FulfillmentService"":""canvas-mounting"",""Orientation"":""ver"",""ProductStatus"":""activated"",""State"":""published""}"
framed_canvas_wood_w14xt32-mm_400x800-mm_ver_natural-wood_452x852-mm_wood-fsc-2-cm_canvas_4-0_canvas-mounting,Framed canvas — ver,framed-canvas,framed-canvas,"{""CanvasFormat"":""400x800-mm"",""CanvasFrame"":""wood-fsc-2-cm"",""CanvasMaterial"":""canvas"",""ColorType"":""4-0"",""FrameColor"":""natural-wood"",""FrameMaterial"":""wood"",""FrameProperties"":""w14xt32-mm"",""FrameSize"":""452x852-mm"",""FulfillmentService"":""canvas-mounting"",""Orientation"":""ver"",""ProductStatus"":""activated"",""State"":""published""}"
framed_canvas_wood_w14xt32-mm_450x600-mm_hor_black_502x652-mm_wood-fsc-2-cm_canvas_4-0_canvas-mounting,Framed canvas — hor,framed-canvas,framed-canvas,"{""CanvasFormat"":""450x600-mm"",""CanvasFrame"":""wood-fsc-2-cm"",""CanvasMaterial"":""canvas"",""ColorType"":""4-0"",""FrameColor"":""black"",""FrameMaterial"":""wood"",""FrameProperties"":""w14xt32-mm"",""FrameSize"":""502x652-mm"",""FulfillmentService"":""canvas-mounting"",""Orientation"":""hor"",""ProductStatus"":""activated"",""State"":""published""}"
framed_canvas_wood_w14xt32-mm_450x600-mm_hor_dark-wood_502x652-mm_wood-fsc-2-cm_canvas_4-0_canvas-mounting,Framed canvas — hor,framed-canvas,framed-canvas,"{""CanvasFormat"":""450x600-mm"",""CanvasFrame"":""wood-fsc-2-cm"",""CanvasMaterial"":""canvas"",""ColorType"":""4-0"",""FrameColor"":""dark-wood"",""FrameMaterial"":""wood"",""FrameProperties"":""w14xt32-mm"",""FrameSize"":""502x652-mm"",""FulfillmentService"":""canvas-mounting"",""Orientation"":""hor"",""ProductStatus"":""activated"",""State"":""published""}"
framed_canvas_wood_w14xt32-mm_450x600-mm_hor_natural-wood_502x652-mm_wood-fsc-2-cm_canvas_4-0_canvas-mounting,Framed canvas — hor,framed-canvas,framed-canvas,"{""CanvasFormat"":""450x600-mm"",""CanvasFrame"":""wood-fsc-2-cm"",""CanvasMaterial"":""canvas"",""ColorType"":""4-0"",""FrameColor"":""natural-wood"",""FrameMaterial"":""wood"",""FrameProperties"":""w14xt32-mm"",""FrameSize"":""502x652-mm"",""FulfillmentService"":""canvas-mounting"",""Orientation"":""hor"",""ProductStatus"":""activated"",""State"":""published""}"
framed_canvas_wood_w14xt32-mm_450x600-mm_ver_black_502x652-mm_wood-fsc-2-cm_canvas_4-0_canvas-mounting,Framed canvas — ver,framed-canvas,framed-canvas,"{""CanvasFormat"":""450x600-mm"",""CanvasFrame"":""wood-fsc-2-cm"",""CanvasMaterial"":""canvas"",""ColorType"":""4-0"",""FrameColor"":""black"",""FrameMaterial"":""wood"",""FrameProperties"":""w14xt32-mm"",""FrameSize"":""502x652-mm"",""FulfillmentService"":""canvas-mounting"",""Orientation"":""ver"",""ProductStatus"":""activated"",""State"":""published""}"
framed_canvas_wood_w14xt32-mm_450x600-mm_ver_dark-wood_502x652-mm_wood-fsc-2-cm_canvas_4-0_canvas-mounting,Framed canvas — ver,framed-canvas,framed-canvas,"{""CanvasFormat"":""450x600-mm"",""CanvasFrame"":""wood-fsc-2-cm"",""CanvasMaterial"":""canvas"",""ColorType"":""4-0"",""FrameColor"":""dark-wood"",""FrameMaterial"":""wood"",""FrameProperties"":""w14xt32-mm"",""FrameSize"":""502x652-mm"",""FulfillmentService"":""canvas-mounting"",""Orientation"":""ver"",""ProductStatus"":""activated"",""State"":""published""}"
framed_canvas_wood_w14xt32-mm_450x600-mm_ver_natural-wood_502x652-mm_wood-fsc-2-cm_canvas_4-0_canvas-mounting,Framed canvas — ver,framed-canvas,framed-canvas,"{""CanvasFormat"":""450x600-mm"",""CanvasFrame"":""wood-fsc-2-cm"",""CanvasMaterial"":""canvas"",""ColorType"":""4-0"",""FrameColor"":""natural-wood"",""FrameMaterial"":""wood"",""FrameProperties"":""w14xt32-mm"",""FrameSize"":""502x652-mm"",""FulfillmentService"":""canvas-mounting"",""Orientation"":""ver"",""ProductStatus"":""activated"",""State"":""published""}"
framed_canvas_wood_w14xt32-mm_500x1000-mm_hor_black_552x1052-mm_wood-fsc-2-cm_canvas_4-0_canvas-mounting,Framed canvas — hor,framed-canvas,framed-canvas,"{""CanvasFormat"":""500x1000-mm"",""CanvasFrame"":""wood-fsc-2-cm"",""CanvasMaterial"":""canvas"",""ColorType"":""4-0"",""FrameColor"":""black"",""FrameMaterial"":""wood"",""FrameProperties"":""w14xt32-mm"",""FrameSize"":""552x1052-mm"",""FulfillmentService"":""canvas-mounting"",""Orientation"":""hor"",""ProductStatus"":""activated"",""State"":""published""}"
framed_canvas_wood_w14xt32-mm_500x1000-mm_hor_dark-wood_552x1052-mm_wood-fsc-2-cm_canvas_4-0_canvas-mounting,Framed canvas — hor,framed-canvas,framed-canvas,"{""CanvasFormat"":""500x1000-mm"",""CanvasFrame"":""wood-fsc-2-cm"",""CanvasMaterial"":""canvas"",""ColorType"":""4-0"",""FrameColor"":""dark-wood"",""FrameMaterial"":""wood"",""FrameProperties"":""w14xt32-mm"",""FrameSize"":""552x1052-mm"",""FulfillmentService"":""canvas-mounting"",""Orientation"":""hor"",""ProductStatus"":""activated"",""State"":""published""}"
framed_canvas_wood_w14xt32-mm_500x1000-mm_hor_natural-wood_552x1052-mm_wood-fsc-2-cm_canvas_4-0_canvas-mounting,Framed canvas — hor,framed-canvas,framed-canvas,"{""CanvasFormat"":""500x1000-mm"",""CanvasFrame"":""wood-fsc-2-cm"",""CanvasMaterial"":""canvas"",""ColorType"":""4-0"",""FrameColor"":""natural-wood"",""FrameMaterial"":""wood"",""FrameProperties"":""w14xt32-mm"",""FrameSize"":""552x1052-mm"",""FulfillmentService"":""canvas-mounting"",""Orientation"":""hor"",""ProductStatus"":""activated"",""State"":""published""}"
framed_canvas_wood_w14xt32-mm_500x1000-mm_ver_black_552x1052-mm_wood-fsc-2-cm_canvas_4-0_canvas-mounting,Framed canvas — ver,framed-canvas,framed-canvas,"{""CanvasFormat"":""500x1000-mm"",""CanvasFrame"":""wood-fsc-2-cm"",""CanvasMaterial"":""canvas"",""ColorType"":""4-0"",""FrameColor"":""black"",""FrameMaterial"":""wood"",""FrameProperties"":""w14xt32-mm"",""FrameSize"":""552x1052-mm"",""FulfillmentService"":""canvas-mounting"",""Orientation"":""ver"",""ProductStatus"":""activated"",""State"":""published""}"
framed_canvas_wood_w14xt32-mm_500x1000-mm_ver_dark-wood_552x1052-mm_wood-fsc-2-cm_canvas_4-0_canvas-mounting,Framed canvas — ver,framed-canvas,framed-canvas,"{""CanvasFormat"":""500x1000-mm"",""CanvasFrame"":""wood-fsc-2-cm"",""CanvasMaterial"":""canvas"",""ColorType"":""4-0"",""FrameColor"":""dark-wood"",""FrameMaterial"":""wood"",""FrameProperties"":""w14xt32-mm"",""FrameSize"":""552x1052-mm"",""FulfillmentService"":""canvas-mounting"",""Orientation"":""ver"",""ProductStatus"":""activated"",""State"":""published""}"
framed_canvas_wood_w14xt32-mm_500x1000-mm_ver_natural-wood_552x1052-mm_wood-fsc-2-cm_canvas_4-0_canvas-mounting,Framed canvas — ver,framed-canvas,framed-canvas,"{""CanvasFormat"":""500x1000-mm"",""CanvasFrame"":""wood-fsc-2-cm"",""CanvasMaterial"":""canvas"",""ColorType"":""4-0"",""FrameColor"":""natural-wood"",""FrameMaterial"":""wood"",""FrameProperties"":""w14xt32-mm"",""FrameSize"":""552x1052-mm"",""FulfillmentService"":""canvas-mounting"",""Orientation"":""ver"",""ProductStatus"":""activated"",""State"":""published""}"
framed_canvas_wood_w14xt32-mm_500x500-mm_hor_black_552x552-mm_wood-fsc-2-cm_canvas_4-0_canvas-mounting,Framed canvas — hor,framed-canvas,framed-canvas,"{""CanvasFormat"":""500x500-mm"",""CanvasFrame"":""wood-fsc-2-cm"",""CanvasMaterial"":""canvas"",""ColorType"":""4-0"",""FrameColor"":""black"",""FrameMaterial"":""wood"",""FrameProperties"":""w14xt32-mm"",""FrameSize"":""552x552-mm"",""FulfillmentService"":""canvas-mounting"",""Orientation"":""hor"",""ProductStatus"":""activated"",""State"":""published""}"
framed_canvas_wood_w14xt32-mm_500x500-mm_hor_dark-wood_552x552-mm_wood-fsc-2-cm_canvas_4-0_canvas-mounting,Framed canvas — hor,framed-canvas,framed-canvas,"{""CanvasFormat"":""500x500-mm"",""CanvasFrame"":""wood-fsc-2-cm"",""CanvasMaterial"":""canvas"",""ColorType"":""4-0"",""FrameColor"":""dark-wood"",""FrameMaterial"":""wood"",""FrameProperties"":""w14xt32-mm"",""FrameSize"":""552x552-mm"",""FulfillmentService"":""canvas-mounting"",""Orientation"":""hor"",""ProductStatus"":""activated"",""State"":""published""}"
framed_canvas_wood_w14xt32-mm_500x500-mm_hor_natural-wood_552x552-mm_wood-fsc-2-cm_canvas_4-0_canvas-mounting,Framed canvas — hor,framed-canvas,framed-canvas,"{""CanvasFormat"":""500x500-mm"",""CanvasFrame"":""wood-fsc-2-cm"",""CanvasMaterial"":""canvas"",""ColorType"":""4-0"",""FrameColor"":""natural-wood"",""FrameMaterial"":""wood"",""FrameProperties"":""w14xt32-mm"",""FrameSize"":""552x552-mm"",""FulfillmentService"":""canvas-mounting"",""Orientation"":""hor"",""ProductStatus"":""activated"",""State"":""published""}"
framed_canvas_wood_w14xt32-mm_500x500-mm_ver_black_552x552-mm_wood-fsc-2-cm_canvas_4-0_canvas-mounting,Framed canvas — ver,framed-canvas,framed-canvas,"{""CanvasFormat"":""500x500-mm"",""CanvasFrame"":""wood-fsc-2-cm"",""CanvasMaterial"":""canvas"",""ColorType"":""4-0"",""FrameColor"":""black"",""FrameMaterial"":""wood"",""FrameProperties"":""w14xt32-mm"",""FrameSize"":""552x552-mm"",""FulfillmentService"":""canvas-mounting"",""Orientation"":""ver"",""ProductStatus"":""activated"",""State"":""published""}"
framed_canvas_wood_w14xt32-mm_500x500-mm_ver_dark-wood_552x552-mm_wood-fsc-2-cm_canvas_4-0_canvas-mounting,Framed canvas — ver,framed-canvas,framed-canvas,"{""CanvasFormat"":""500x500-mm"",""CanvasFrame"":""wood-fsc-2-cm"",""CanvasMaterial"":""canvas"",""ColorType"":""4-0"",""FrameColor"":""dark-wood"",""FrameMaterial"":""wood"",""FrameProperties"":""w14xt32-mm"",""FrameSize"":""552x552-mm"",""FulfillmentService"":""canvas-mounting"",""Orientation"":""ver"",""ProductStatus"":""activated"",""State"":""published""}"
framed_canvas_wood_w14xt32-mm_500x500-mm_ver_natural-wood_552x552-mm_wood-fsc-2-cm_canvas_4-0_canvas-mounting,Framed canvas — ver,framed-canvas,framed-canvas,"{""CanvasFormat"":""500x500-mm"",""CanvasFrame"":""wood-fsc-2-cm"",""CanvasMaterial"":""canvas"",""ColorType"":""4-0"",""FrameColor"":""natural-wood"",""FrameMaterial"":""wood"",""FrameProperties"":""w14xt32-mm"",""FrameSize"":""552x552-mm"",""FulfillmentService"":""canvas-mounting"",""Orientation"":""ver"",""ProductStatus"":""activated"",""State"":""published""}"
framed_canvas_wood_w14xt32-mm_500x600-mm_hor_black_552x652-mm_wood-fsc-2-cm_canvas_4-0_canvas-mounting,Framed canvas — hor,framed-canvas,framed-canvas,"{""CanvasFormat"":""500x600-mm"",""CanvasFrame"":""wood-fsc-2-cm"",""CanvasMaterial"":""canvas"",""ColorType"":""4-0"",""FrameColor"":""black"",""FrameMaterial"":""wood"",""FrameProperties"":""w14xt32-mm"",""FrameSize"":""552x652-mm"",""FulfillmentService"":""canvas-mounting"",""Orientation"":""hor"",""ProductStatus"":""activated"",""State"":""published""}"
framed_canvas_wood_w14xt32-mm_500x600-mm_hor_dark-wood_552x652-mm_wood-fsc-2-cm_canvas_4-0_canvas-mounting,Framed canvas — hor,framed-canvas,framed-canvas,"{""CanvasFormat"":""500x600-mm"",""CanvasFrame"":""wood-fsc-2-cm"",""CanvasMaterial"":""canvas"",""ColorType"":""4-0"",""FrameColor"":""dark-wood"",""FrameMaterial"":""wood"",""FrameProperties"":""w14xt32-mm"",""FrameSize"":""552x652-mm"",""FulfillmentService"":""canvas-mounting"",""Orientation"":""hor"",""ProductStatus"":""activated"",""State"":""published""}"
framed_canvas_wood_w14xt32-mm_500x600-mm_hor_natural-wood_552x652-mm_wood-fsc-2-cm_canvas_4-0_canvas-mounting,Framed canvas — hor,framed-canvas,framed-canvas,"{""CanvasFormat"":""500x600-mm"",""CanvasFrame"":""wood-fsc-2-cm"",""CanvasMaterial"":""canvas"",""ColorType"":""4-0"",""FrameColor"":""natural-wood"",""FrameMaterial"":""wood"",""FrameProperties"":""w14xt32-mm"",""FrameSize"":""552x652-mm"",""FulfillmentService"":""canvas-mounting"",""Orientation"":""hor"",""ProductStatus"":""activated"",""State"":""published""}"
framed_canvas_wood_w14xt32-mm_500x600-mm_ver_black_552x652-mm_wood-fsc-2-cm_canvas_4-0_canvas-mounting,Framed canvas — ver,framed-canvas,framed-canvas,"{""CanvasFormat"":""500x600-mm"",""CanvasFrame"":""wood-fsc-2-cm"",""CanvasMaterial"":""canvas"",""ColorType"":""4-0"",""FrameColor"":""black"",""FrameMaterial"":""wood"",""FrameProperties"":""w14xt32-mm"",""FrameSize"":""552x652-mm"",""FulfillmentService"":""canvas-mounting"",""Orientation"":""ver"",""ProductStatus"":""activated"",""State"":""published""}"
framed_canvas_wood_w14xt32-mm_500x600-mm_ver_dark-wood_552x652-mm_wood-fsc-2-cm_canvas_4-0_canvas-mounting,Framed canvas — ver,framed-canvas,framed-canvas,"{""CanvasFormat"":""500x600-mm"",""CanvasFrame"":""wood-fsc-2-cm"",""CanvasMaterial"":""canvas"",""ColorType"":""4-0"",""FrameColor"":""dark-wood"",""FrameMaterial"":""wood"",""FrameProperties"":""w14xt32-mm"",""FrameSize"":""552x652-mm"",""FulfillmentService"":""canvas-mounting"",""Orientation"":""ver"",""ProductStatus"":""activated"",""State"":""published""}"
framed_canvas_wood_w14xt32-mm_500x600-mm_ver_natural-wood_552x652-mm_wood-fsc-2-cm_canvas_4-0_canvas-mounting,Framed canvas — ver,framed-canvas,framed-canvas,"{""CanvasFormat"":""500x600-mm"",""CanvasFrame"":""wood-fsc-2-cm"",""CanvasMaterial"":""canvas"",""ColorType"":""4-0"",""FrameColor"":""natural-wood"",""FrameMaterial"":""wood"",""FrameProperties"":""w14xt32-mm"",""FrameSize"":""552x652-mm"",""FulfillmentService"":""canvas-mounting"",""Orientation"":""ver"",""ProductStatus"":""activated"",""State"":""published""}"
framed_canvas_wood_w14xt32-mm_500x700-mm_hor_black_552x752-mm_wood-fsc-2-cm_canvas_4-0_canvas-mounting,Framed canvas — hor,framed-canvas,framed-canvas,"{""CanvasFormat"":""500x700-mm"",""CanvasFrame"":""wood-fsc-2-cm"",""CanvasMaterial"":""canvas"",""ColorType"":""4-0"",""FrameColor"":""black"",""FrameMaterial"":""wood"",""FrameProperties"":""w14xt32-mm"",""FrameSize"":""552x752-mm"",""FulfillmentService"":""canvas-mounting"",""Orientation"":""hor"",""ProductStatus"":""activated"",""State"":""published""}"
framed_canvas_wood_w14xt32-mm_500x700-mm_hor_dark-wood_552x752-mm_wood-fsc-2-cm_canvas_4-0_canvas-mounting,Framed canvas — hor,framed-canvas,framed-canvas,"{""CanvasFormat"":""500x700-mm"",""CanvasFrame"":""wood-fsc-2-cm"",""CanvasMaterial"":""canvas"",""ColorType"":""4-0"",""FrameColor"":""dark-wood"",""FrameMaterial"":""wood"",""FrameProperties"":""w14xt32-mm"",""FrameSize"":""552x752-mm"",""FulfillmentService"":""canvas-mounting"",""Orientation"":""hor"",""ProductStatus"":""activated"",""State"":""published""}"
framed_canvas_wood_w14xt32-mm_500x700-mm_hor_natural-wood_552x752-mm_wood-fsc-2-cm_canvas_4-0_canvas-mounting,Framed canvas — hor,framed-canvas,framed-canvas,"{""CanvasFormat"":""500x700-mm"",""CanvasFrame"":""wood-fsc-2-cm"",""CanvasMaterial"":""canvas"",""ColorType"":""4-0"",""FrameColor"":""natural-wood"",""FrameMaterial"":""wood"",""FrameProperties"":""w14xt32-mm"",""FrameSize"":""552x752-mm"",""FulfillmentService"":""canvas-mounting"",""Orientation"":""hor"",""ProductStatus"":""activated"",""State"":""published""}"
framed_canvas_wood_w14xt32-mm_500x700-mm_ver_black_552x752-mm_wood-fsc-2-cm_canvas_4-0_canvas-mounting,Framed canvas — ver,framed-canvas,framed-canvas,"{""CanvasFormat"":""500x700-mm"",""CanvasFrame"":""wood-fsc-2-cm"",""CanvasMaterial"":""canvas"",""ColorType"":""4-0"",""FrameColor"":""black"",""FrameMaterial"":""wood"",""FrameProperties"":""w14xt32-mm"",""FrameSize"":""552x752-mm"",""FulfillmentService"":""canvas-mounting"",""Orientation"":""ver"",""ProductStatus"":""activated"",""State"":""published""}"
framed_canvas_wood_w14xt32-mm_500x700-mm_ver_dark-wood_552x752-mm_wood-fsc-2-cm_canvas_4-0_canvas-mounting,Framed canvas — ver,framed-canvas,framed-canvas,"{""CanvasFormat"":""500x700-mm"",""CanvasFrame"":""wood-fsc-2-cm"",""CanvasMaterial"":""canvas"",""ColorType"":""4-0"",""FrameColor"":""dark-wood"",""FrameMaterial"":""wood"",""FrameProperties"":""w14xt32-mm"",""FrameSize"":""552x752-mm"",""FulfillmentService"":""canvas-mounting"",""Orientation"":""ver"",""ProductStatus"":""activated"",""State"":""published""}"
framed_canvas_wood_w14xt32-mm_500x700-mm_ver_natural-wood_552x752-mm_wood-fsc-2-cm_canvas_4-0_canvas-mounting,Framed canvas — ver,framed-canvas,framed-canvas,"{""CanvasFormat"":""500x700-mm"",""CanvasFrame"":""wood-fsc-2-cm"",""CanvasMaterial"":""canvas"",""ColorType"":""4-0"",""FrameColor"":""natural-wood"",""FrameMaterial"":""wood"",""FrameProperties"":""w14xt32-mm"",""FrameSize"":""552x752-mm"",""FulfillmentService"":""canvas-mounting"",""Orientation"":""ver"",""ProductStatus"":""activated"",""State"":""published""}"
framed_canvas_wood_w14xt32-mm_500x750-mm_hor_black_552x802-mm_wood-fsc-2-cm_canvas_4-0_canvas-mounting,Framed canvas — hor,framed-canvas,framed-canvas,"{""CanvasFormat"":""500x750-mm"",""CanvasFrame"":""wood-fsc-2-cm"",""CanvasMaterial"":""canvas"",""ColorType"":""4-0"",""FrameColor"":""black"",""FrameMaterial"":""wood"",""FrameProperties"":""w14xt32-mm"",""FrameSize"":""552x802-mm"",""FulfillmentService"":""canvas-mounting"",""Orientation"":""hor"",""ProductStatus"":""activated"",""State"":""published""}"
framed_canvas_wood_w14xt32-mm_500x750-mm_hor_dark-wood_552x802-mm_wood-fsc-2-cm_canvas_4-0_canvas-mounting,Framed canvas — hor,framed-canvas,framed-canvas,"{""CanvasFormat"":""500x750-mm"",""CanvasFrame"":""wood-fsc-2-cm"",""CanvasMaterial"":""canvas"",""ColorType"":""4-0"",""FrameColor"":""dark-wood"",""FrameMaterial"":""wood"",""FrameProperties"":""w14xt32-mm"",""FrameSize"":""552x802-mm"",""FulfillmentService"":""canvas-mounting"",""Orientation"":""hor"",""ProductStatus"":""activated"",""State"":""published""}"
framed_canvas_wood_w14xt32-mm_500x750-mm_hor_natural-wood_552x802-mm_wood-fsc-2-cm_canvas_4-0_canvas-mounting,Framed canvas — hor,framed-canvas,framed-canvas,"{""CanvasFormat"":""500x750-mm"",""CanvasFrame"":""wood-fsc-2-cm"",""CanvasMaterial"":""canvas"",""ColorType"":""4-0"",""FrameColor"":""natural-wood"",""FrameMaterial"":""wood"",""FrameProperties"":""w14xt32-mm"",""FrameSize"":""552x802-mm"",""FulfillmentService"":""canvas-mounting"",""Orientation"":""hor"",""ProductStatus"":""activated"",""State"":""published""}"
framed_canvas_wood_w14xt32-mm_500x750-mm_ver_black_552x802-mm_wood-fsc-2-cm_canvas_4-0_canvas-mounting,Framed canvas — ver,framed-canvas,framed-canvas,"{""CanvasFormat"":""500x750-mm"",""CanvasFrame"":""wood-fsc-2-cm"",""CanvasMaterial"":""canvas"",""ColorType"":""4-0"",""FrameColor"":""black"",""FrameMaterial"":""wood"",""FrameProperties"":""w14xt32-mm"",""FrameSize"":""552x802-mm"",""FulfillmentService"":""canvas-mounting"",""Orientation"":""ver"",""ProductStatus"":""activated"",""State"":""published""}"
framed_canvas_wood_w14xt32-mm_500x750-mm_ver_dark-wood_552x802-mm_wood-fsc-2-cm_canvas_4-0_canvas-mounting,Framed canvas — ver,framed-canvas,framed-canvas,"{""CanvasFormat"":""500x750-mm"",""CanvasFrame"":""wood-fsc-2-cm"",""CanvasMaterial"":""canvas"",""ColorType"":""4-0"",""FrameColor"":""dark-wood"",""FrameMaterial"":""wood"",""FrameProperties"":""w14xt32-mm"",""FrameSize"":""552x802-mm"",""FulfillmentService"":""canvas-mounting"",""Orientation"":""ver"",""ProductStatus"":""activated"",""State"":""published""}"
framed_canvas_wood_w14xt32-mm_500x750-mm_ver_natural-wood_552x802-mm_wood-fsc-2-cm_canvas_4-0_canvas-mounting,Framed canvas — ver,framed-canvas,framed-canvas,"{""CanvasFormat"":""500x750-mm"",""CanvasFrame"":""wood-fsc-2-cm"",""CanvasMaterial"":""canvas"",""ColorType"":""4-0"",""FrameColor"":""natural-wood"",""FrameMaterial"":""wood"",""FrameProperties"":""w14xt32-mm"",""FrameSize"":""552x802-mm"",""FulfillmentService"":""canvas-mounting"",""Orientation"":""ver"",""ProductStatus"":""activated"",""State"":""published""}"
framed_canvas_wood_w14xt32-mm_600x600-mm_hor_black_652x652-mm_wood-fsc-2-cm_canvas_4-0_canvas-mounting,Framed canvas — hor,framed-canvas,framed-canvas,"{""CanvasFormat"":""600x600-mm"",""CanvasFrame"":""wood-fsc-2-cm"",""CanvasMaterial"":""canvas"",""ColorType"":""4-0"",""FrameColor"":""black"",""FrameMaterial"":""wood"",""FrameProperties"":""w14xt32-mm"",""FrameSize"":""652x652-mm"",""FulfillmentService"":""canvas-mounting"",""Orientation"":""hor"",""ProductStatus"":""activated"",""State"":""published""}"
framed_canvas_wood_w14xt32-mm_600x600-mm_hor_dark-wood_652x652-mm_wood-fsc-2-cm_canvas_4-0_canvas-mounting,Framed canvas — hor,framed-canvas,framed-canvas,"{""CanvasFormat"":""600x600-mm"",""CanvasFrame"":""wood-fsc-2-cm"",""CanvasMaterial"":""canvas"",""ColorType"":""4-0"",""FrameColor"":""dark-wood"",""FrameMaterial"":""wood"",""FrameProperties"":""w14xt32-mm"",""FrameSize"":""652x652-mm"",""FulfillmentService"":""canvas-mounting"",""Orientation"":""hor"",""ProductStatus"":""activated"",""State"":""published""}"
framed_canvas_wood_w14xt32-mm_600x600-mm_hor_natural-wood_652x652-mm_wood-fsc-2-cm_canvas_4-0_canvas-mounting,Framed canvas — hor,framed-canvas,framed-canvas,"{""CanvasFormat"":""600x600-mm"",""CanvasFrame"":""wood-fsc-2-cm"",""CanvasMaterial"":""canvas"",""ColorType"":""4-0"",""FrameColor"":""natural-wood"",""FrameMaterial"":""wood"",""FrameProperties"":""w14xt32-mm"",""FrameSize"":""652x652-mm"",""FulfillmentService"":""canvas-mounting"",""Orientation"":""hor"",""ProductStatus"":""activated"",""State"":""published""}"
framed_canvas_wood_w14xt32-mm_600x600-mm_ver_black_652x652-mm_wood-fsc-2-cm_canvas_4-0_canvas-mounting,Framed canvas — ver,framed-canvas,framed-canvas,"{""CanvasFormat"":""600x600-mm"",""CanvasFrame"":""wood-fsc-2-cm"",""CanvasMaterial"":""canvas"",""ColorType"":""4-0"",""FrameColor"":""black"",""FrameMaterial"":""wood"",""FrameProperties"":""w14xt32-mm"",""FrameSize"":""652x652-mm"",""FulfillmentService"":""canvas-mounting"",""Orientation"":""ver"",""ProductStatus"":""activated"",""State"":""published""}"
framed_canvas_wood_w14xt32-mm_600x600-mm_ver_dark-wood_652x652-mm_wood-fsc-2-cm_canvas_4-0_canvas-mounting,Framed canvas — ver,framed-canvas,framed-canvas,"{""CanvasFormat"":""600x600-mm"",""CanvasFrame"":""wood-fsc-2-cm"",""CanvasMaterial"":""canvas"",""ColorType"":""4-0"",""FrameColor"":""dark-wood"",""FrameMaterial"":""wood"",""FrameProperties"":""w14xt32-mm"",""FrameSize"":""652x652-mm"",""FulfillmentService"":""canvas-mounting"",""Orientation"":""ver"",""ProductStatus"":""activated"",""State"":""published""}"
framed_canvas_wood_w14xt32-mm_600x600-mm_ver_natural-wood_652x652-mm_wood-fsc-2-cm_canvas_4-0_canvas-mounting,Framed canvas — ver,framed-canvas,framed-canvas,"{""CanvasFormat"":""600x600-mm"",""CanvasFrame"":""wood-fsc-2-cm"",""CanvasMaterial"":""canvas"",""ColorType"":""4-0"",""FrameColor"":""natural-wood"",""FrameMaterial"":""wood"",""FrameProperties"":""w14xt32-mm"",""FrameSize"":""652x652-mm"",""FulfillmentService"":""canvas-mounting"",""Orientation"":""ver"",""ProductStatus"":""activated"",""State"":""published""}"
framed_canvas_wood_w14xt32-mm_600x750-mm_hor_black_652x802-mm_wood-fsc-2-cm_canvas_4-0_canvas-mounting,Framed canvas — hor,framed-canvas,framed-canvas,"{""CanvasFormat"":""600x750-mm"",""CanvasFrame"":""wood-fsc-2-cm"",""CanvasMaterial"":""canvas"",""ColorType"":""4-0"",""FrameColor"":""black"",""FrameMaterial"":""wood"",""FrameProperties"":""w14xt32-mm"",""FrameSize"":""652x802-mm"",""FulfillmentService"":""canvas-mounting"",""Orientation"":""hor"",""ProductStatus"":""activated"",""State"":""published""}"
framed_canvas_wood_w14xt32-mm_600x750-mm_hor_dark-wood_652x802-mm_wood-fsc-2-cm_canvas_4-0_canvas-mounting,Framed canvas — hor,framed-canvas,framed-canvas,"{""CanvasFormat"":""600x750-mm"",""CanvasFrame"":""wood-fsc-2-cm"",""CanvasMaterial"":""canvas"",""ColorType"":""4-0"",""FrameColor"":""dark-wood"",""FrameMaterial"":""wood"",""FrameProperties"":""w14xt32-mm"",""FrameSize"":""652x802-mm"",""FulfillmentService"":""canvas-mounting"",""Orientation"":""hor"",""ProductStatus"":""activated"",""State"":""published""}"
framed_canvas_wood_w14xt32-mm_600x750-mm_hor_natural-wood_652x802-mm_wood-fsc-2-cm_canvas_4-0_canvas-mounting,Framed canvas — hor,framed-canvas,framed-canvas,"{""CanvasFormat"":""600x750-mm"",""CanvasFrame"":""wood-fsc-2-cm"",""CanvasMaterial"":""canvas"",""ColorType"":""4-0"",""FrameColor"":""natural-wood"",""FrameMaterial"":""wood"",""FrameProperties"":""w14xt32-mm"",""FrameSize"":""652x802-mm"",""FulfillmentService"":""canvas-mounting"",""Orientation"":""hor"",""ProductStatus"":""activated"",""State"":""published""}"
framed_canvas_wood_w14xt32-mm_600x750-mm_ver_black_652x802-mm_wood-fsc-2-cm_canvas_4-0_canvas-mounting,Framed canvas — ver,framed-canvas,framed-canvas,"{""CanvasFormat"":""600x750-mm"",""CanvasFrame"":""wood-fsc-2-cm"",""CanvasMaterial"":""canvas"",""ColorType"":""4-0"",""FrameColor"":""black"",""FrameMaterial"":""wood"",""FrameProperties"":""w14xt32-mm"",""FrameSize"":""652x802-mm"",""FulfillmentService"":""canvas-mounting"",""Orientation"":""ver"",""ProductStatus"":""activated"",""State"":""published""}"
framed_canvas_wood_w14xt32-mm_600x750-mm_ver_dark-wood_652x802-mm_wood-fsc-2-cm_canvas_4-0_canvas-mounting,Framed canvas — ver,framed-canvas,framed-canvas,"{""CanvasFormat"":""600x750-mm"",""CanvasFrame"":""wood-fsc-2-cm"",""CanvasMaterial"":""canvas"",""ColorType"":""4-0"",""FrameColor"":""dark-wood"",""FrameMaterial"":""wood"",""FrameProperties"":""w14xt32-mm"",""FrameSize"":""652x802-mm"",""FulfillmentService"":""canvas-mounting"",""Orientation"":""ver"",""ProductStatus"":""activated"",""State"":""published""}"
framed_canvas_wood_w14xt32-mm_600x750-mm_ver_natural-wood_652x802-mm_wood-fsc-2-cm_canvas_4-0_canvas-mounting,Framed canvas — ver,framed-canvas,framed-canvas,"{""CanvasFormat"":""600x750-mm"",""CanvasFrame"":""wood-fsc-2-cm"",""CanvasMaterial"":""canvas"",""ColorType"":""4-0"",""FrameColor"":""natural-wood"",""FrameMaterial"":""wood"",""FrameProperties"":""w14xt32-mm"",""FrameSize"":""652x802-mm"",""FulfillmentService"":""canvas-mounting"",""Orientation"":""ver"",""ProductStatus"":""activated"",""State"":""published""}"
framed_canvas_wood_w14xt32-mm_600x800-mm_hor_black_652x852-mm_wood-fsc-2-cm_canvas_4-0_canvas-mounting,Framed canvas — hor,framed-canvas,framed-canvas,"{""CanvasFormat"":""600x800-mm"",""CanvasFrame"":""wood-fsc-2-cm"",""CanvasMaterial"":""canvas"",""ColorType"":""4-0"",""FrameColor"":""black"",""FrameMaterial"":""wood"",""FrameProperties"":""w14xt32-mm"",""FrameSize"":""652x852-mm"",""FulfillmentService"":""canvas-mounting"",""Orientation"":""hor"",""ProductStatus"":""activated"",""State"":""published""}"
framed_canvas_wood_w14xt32-mm_600x800-mm_hor_dark-wood_652x852-mm_wood-fsc-2-cm_canvas_4-0_canvas-mounting,Framed canvas — hor,framed-canvas,framed-canvas,"{""CanvasFormat"":""600x800-mm"",""CanvasFrame"":""wood-fsc-2-cm"",""CanvasMaterial"":""canvas"",""ColorType"":""4-0"",""FrameColor"":""dark-wood"",""FrameMaterial"":""wood"",""FrameProperties"":""w14xt32-mm"",""FrameSize"":""652x852-mm"",""FulfillmentService"":""canvas-mounting"",""Orientation"":""hor"",""ProductStatus"":""activated"",""State"":""published""}"
framed_canvas_wood_w14xt32-mm_600x800-mm_hor_natural-wood_652x852-mm_wood-fsc-2-cm_canvas_4-0_canvas-mounting,Framed canvas — hor,framed-canvas,framed-canvas,"{""CanvasFormat"":""600x800-mm"",""CanvasFrame"":""wood-fsc-2-cm"",""CanvasMaterial"":""canvas"",""ColorType"":""4-0"",""FrameColor"":""natural-wood"",""FrameMaterial"":""wood"",""FrameProperties"":""w14xt32-mm"",""FrameSize"":""652x852-mm"",""FulfillmentService"":""canvas-mounting"",""Orientation"":""hor"",""ProductStatus"":""activated"",""State"":""published""}"
framed_canvas_wood_w14xt32-mm_600x800-mm_ver_black_652x852-mm_wood-fsc-2-cm_canvas_4-0_canvas-mounting,Framed canvas — ver,framed-canvas,framed-canvas,"{""CanvasFormat"":""600x800-mm"",""CanvasFrame"":""wood-fsc-2-cm"",""CanvasMaterial"":""canvas"",""ColorType"":""4-0"",""FrameColor"":""black"",""FrameMaterial"":""wood"",""FrameProperties"":""w14xt32-mm"",""FrameSize"":""652x852-mm"",""FulfillmentService"":""canvas-mounting"",""Orientation"":""ver"",""ProductStatus"":""activated"",""State"":""published""}"
framed_canvas_wood_w14xt32-mm_600x800-mm_ver_dark-wood_652x852-mm_wood-fsc-2-cm_canvas_4-0_canvas-mounting,Framed canvas — ver,framed-canvas,framed-canvas,"{""CanvasFormat"":""600x800-mm"",""CanvasFrame"":""wood-fsc-2-cm"",""CanvasMaterial"":""canvas"",""ColorType"":""4-0"",""FrameColor"":""dark-wood"",""FrameMaterial"":""wood"",""FrameProperties"":""w14xt32-mm"",""FrameSize"":""652x852-mm"",""FulfillmentService"":""canvas-mounting"",""Orientation"":""ver"",""ProductStatus"":""activated"",""State"":""published""}"
framed_canvas_wood_w14xt32-mm_600x800-mm_ver_natural-wood_652x852-mm_wood-fsc-2-cm_canvas_4-0_canvas-mounting,Framed canvas — ver,framed-canvas,framed-canvas,"{""CanvasFormat"":""600x800-mm"",""CanvasFrame"":""wood-fsc-2-cm"",""CanvasMaterial"":""canvas"",""ColorType"":""4-0"",""FrameColor"":""natural-wood"",""FrameMaterial"":""wood"",""FrameProperties"":""w14xt32-mm"",""FrameSize"":""652x852-mm"",""FulfillmentService"":""canvas-mounting"",""Orientation"":""ver"",""ProductStatus"":""activated"",""State"":""published""}"
framed_canvas_wood_w14xt32-mm_600x900-mm_hor_black_652x952-mm_wood-fsc-2-cm_canvas_4-0_canvas-mounting,Framed canvas — hor,framed-canvas,framed-canvas,"{""CanvasFormat"":""600x900-mm"",""CanvasFrame"":""wood-fsc-2-cm"",""CanvasMaterial"":""canvas"",""ColorType"":""4-0"",""FrameColor"":""black"",""FrameMaterial"":""wood"",""FrameProperties"":""w14xt32-mm"",""FrameSize"":""652x952-mm"",""FulfillmentService"":""canvas-mounting"",""Orientation"":""hor"",""ProductStatus"":""activated"",""State"":""published""}"
framed_canvas_wood_w14xt32-mm_600x900-mm_hor_dark-wood_652x952-mm_wood-fsc-2-cm_canvas_4-0_canvas-mounting,Framed canvas — hor,framed-canvas,framed-canvas,"{""CanvasFormat"":""600x900-mm"",""CanvasFrame"":""wood-fsc-2-cm"",""CanvasMaterial"":""canvas"",""ColorType"":""4-0"",""FrameColor"":""dark-wood"",""FrameMaterial"":""wood"",""FrameProperties"":""w14xt32-mm"",""FrameSize"":""652x952-mm"",""FulfillmentService"":""canvas-mounting"",""Orientation"":""hor"",""ProductStatus"":""activated"",""State"":""published""}"
framed_canvas_wood_w14xt32-mm_600x900-mm_hor_natural-wood_652x952-mm_wood-fsc-2-cm_canvas_4-0_canvas-mounting,Framed canvas — hor,framed-canvas,framed-canvas,"{""CanvasFormat"":""600x900-mm"",""CanvasFrame"":""wood-fsc-2-cm"",""CanvasMaterial"":""canvas"",""ColorType"":""4-0"",""FrameColor"":""natural-wood"",""FrameMaterial"":""wood"",""FrameProperties"":""w14xt32-mm"",""FrameSize"":""652x952-mm"",""FulfillmentService"":""canvas-mounting"",""Orientation"":""hor"",""ProductStatus"":""activated"",""State"":""published""}"
framed_canvas_wood_w14xt32-mm_600x900-mm_ver_black_652x952-mm_wood-fsc-2-cm_canvas_4-0_canvas-mounting,Framed canvas — ver,framed-canvas,framed-canvas,"{""CanvasFormat"":""600x900-mm"",""CanvasFrame"":""wood-fsc-2-cm"",""CanvasMaterial"":""canvas"",""ColorType"":""4-0"",""FrameColor"":""black"",""FrameMaterial"":""wood"",""FrameProperties"":""w14xt32-mm"",""FrameSize"":""652x952-mm"",""FulfillmentService"":""canvas-mounting"",""Orientation"":""ver"",""ProductStatus"":""activated"",""State"":""published""}"
framed_canvas_wood_w14xt32-mm_600x900-mm_ver_dark-wood_652x952-mm_wood-fsc-2-cm_canvas_4-0_canvas-mounting,Framed canvas — ver,framed-canvas,framed-canvas,"{""CanvasFormat"":""600x900-mm"",""CanvasFrame"":""wood-fsc-2-cm"",""CanvasMaterial"":""canvas"",""ColorType"":""4-0"",""FrameColor"":""dark-wood"",""FrameMaterial"":""wood"",""FrameProperties"":""w14xt32-mm"",""FrameSize"":""652x952-mm"",""FulfillmentService"":""canvas-mounting"",""Orientation"":""ver"",""ProductStatus"":""activated"",""State"":""published""}"
framed_canvas_wood_w14xt32-mm_600x900-mm_ver_natural-wood_652x952-mm_wood-fsc-2-cm_canvas_4-0_canvas-mounting,Framed canvas — ver,framed-canvas,framed-canvas,"{""CanvasFormat"":""600x900-mm"",""CanvasFrame"":""wood-fsc-2-cm"",""CanvasMaterial"":""canvas"",""ColorType"":""4-0"",""FrameColor"":""natural-wood"",""FrameMaterial"":""wood"",""FrameProperties"":""w14xt32-mm"",""FrameSize"":""652x952-mm"",""FulfillmentService"":""canvas-mounting"",""Orientation"":""ver"",""ProductStatus"":""activated"",""State"":""published""}"
framed_canvas_wood_w14xt32-mm_700x1000-mm_hor_black_752x1052-mm_wood-fsc-2-cm_canvas_4-0_canvas-mounting,Framed canvas — hor,framed-canvas,framed-canvas,"{""CanvasFormat"":""700x1000-mm"",""CanvasFrame"":""wood-fsc-2-cm"",""CanvasMaterial"":""canvas"",""ColorType"":""4-0"",""FrameColor"":""black"",""FrameMaterial"":""wood"",""FrameProperties"":""w14xt32-mm"",""FrameSize"":""752x1052-mm"",""FulfillmentService"":""canvas-mounting"",""Orientation"":""hor"",""ProductStatus"":""activated"",""State"":""published""}"
framed_canvas_wood_w14xt32-mm_700x1000-mm_hor_dark-wood_752x1052-mm_wood-fsc-2-cm_canvas_4-0_canvas-mounting,Framed canvas — hor,framed-canvas,framed-canvas,"{""CanvasFormat"":""700x1000-mm"",""CanvasFrame"":""wood-fsc-2-cm"",""CanvasMaterial"":""canvas"",""ColorType"":""4-0"",""FrameColor"":""dark-wood"",""FrameMaterial"":""wood"",""FrameProperties"":""w14xt32-mm"",""FrameSize"":""752x1052-mm"",""FulfillmentService"":""canvas-mounting"",""Orientation"":""hor"",""ProductStatus"":""activated"",""State"":""published""}"
framed_canvas_wood_w14xt32-mm_700x1000-mm_hor_natural-wood_752x1052-mm_wood-fsc-2-cm_canvas_4-0_canvas-mounting,Framed canvas — hor,framed-canvas,framed-canvas,"{""CanvasFormat"":""700x1000-mm"",""CanvasFrame"":""wood-fsc-2-cm"",""CanvasMaterial"":""canvas"",""ColorType"":""4-0"",""FrameColor"":""natural-wood"",""FrameMaterial"":""wood"",""FrameProperties"":""w14xt32-mm"",""FrameSize"":""752x1052-mm"",""FulfillmentService"":""canvas-mounting"",""Orientation"":""hor"",""ProductStatus"":""activated"",""State"":""published""}"
framed_canvas_wood_w14xt32-mm_700x1000-mm_ver_black_752x1052-mm_wood-fsc-2-cm_canvas_4-0_canvas-mounting,Framed canvas — ver,framed-canvas,framed-canvas,"{""CanvasFormat"":""700x1000-mm"",""CanvasFrame"":""wood-fsc-2-cm"",""CanvasMaterial"":""canvas"",""ColorType"":""4-0"",""FrameColor"":""black"",""FrameMaterial"":""wood"",""FrameProperties"":""w14xt32-mm"",""FrameSize"":""752x1052-mm"",""FulfillmentService"":""canvas-mounting"",""Orientation"":""ver"",""ProductStatus"":""activated"",""State"":""published""}"
framed_canvas_wood_w14xt32-mm_700x1000-mm_ver_dark-wood_752x1052-mm_wood-fsc-2-cm_canvas_4-0_canvas-mounting,Framed canvas — ver,framed-canvas,framed-canvas,"{""CanvasFormat"":""700x1000-mm"",""CanvasFrame"":""wood-fsc-2-cm"",""CanvasMaterial"":""canvas"",""ColorType"":""4-0"",""FrameColor"":""dark-wood"",""FrameMaterial"":""wood"",""FrameProperties"":""w14xt32-mm"",""FrameSize"":""752x1052-mm"",""FulfillmentService"":""canvas-mounting"",""Orientation"":""ver"",""ProductStatus"":""activated"",""State"":""published""}"
framed_canvas_wood_w14xt32-mm_700x1000-mm_ver_natural-wood_752x1052-mm_wood-fsc-2-cm_canvas_4-0_canvas-mounting,Framed canvas — ver,framed-canvas,framed-canvas,"{""CanvasFormat"":""700x1000-mm"",""CanvasFrame"":""wood-fsc-2-cm"",""CanvasMaterial"":""canvas"",""ColorType"":""4-0"",""FrameColor"":""natural-wood"",""FrameMaterial"":""wood"",""FrameProperties"":""w14xt32-mm"",""FrameSize"":""752x1052-mm"",""FulfillmentService"":""canvas-mounting"",""Orientation"":""ver"",""ProductStatus"":""activated"",""State"":""published""}"
framed_canvas_wood_w14xt32-mm_8x10-inch_hor_black_10x12-inch_wood-fsc-2-cm_canvas_4-0_canvas-mounting,Framed canvas — hor,framed-canvas,framed-canvas,"{""CanvasFormat"":""8x10-inch"",""CanvasFrame"":""wood-fsc-2-cm"",""CanvasMaterial"":""canvas"",""ColorType"":""4-0"",""FrameColor"":""black"",""FrameMaterial"":""wood"",""FrameProperties"":""w14xt32-mm"",""FrameSize"":""10x12-inch"",""FulfillmentService"":""canvas-mounting"",""Orientation"":""hor"",""ProductStatus"":""activated"",""State"":""published""}"
framed_canvas_wood_w14xt32-mm_8x10-inch_hor_dark-wood_10x12-inch_wood-fsc-2-cm_canvas_4-0_canvas-mounting,Framed canvas — hor,framed-canvas,framed-canvas,"{""CanvasFormat"":""8x10-inch"",""CanvasFrame"":""wood-fsc-2-cm"",""CanvasMaterial"":""canvas"",""ColorType"":""4-0"",""FrameColor"":""dark-wood"",""FrameMaterial"":""wood"",""FrameProperties"":""w14xt32-mm"",""FrameSize"":""10x12-inch"",""FulfillmentService"":""canvas-mounting"",""Orientation"":""hor"",""ProductStatus"":""activated"",""State"":""published""}"
framed_canvas_wood_w14xt32-mm_8x10-inch_hor_natural-wood_10x12-inch_wood-fsc-2-cm_canvas_4-0_canvas-mounting,Framed canvas — hor,framed-canvas,framed-canvas,"{""CanvasFormat"":""8x10-inch"",""CanvasFrame"":""wood-fsc-2-cm"",""CanvasMaterial"":""canvas"",""ColorType"":""4-0"",""FrameColor"":""natural-wood"",""FrameMaterial"":""wood"",""FrameProperties"":""w14xt32-mm"",""FrameSize"":""10x12-inch"",""FulfillmentService"":""canvas-mounting"",""Orientation"":""hor"",""ProductStatus"":""activated"",""State"":""published""}"
framed_canvas_wood_w14xt32-mm_8x10-inch_ver_black_10x12-inch_wood-fsc-2-cm_canvas_4-0_canvas-mounting,Framed canvas — ver,framed-canvas,framed-canvas,"{""CanvasFormat"":""8x10-inch"",""CanvasFrame"":""wood-fsc-2-cm"",""CanvasMaterial"":""canvas"",""ColorType"":""4-0"",""FrameColor"":""black"",""FrameMaterial"":""wood"",""FrameProperties"":""w14xt32-mm"",""FrameSize"":""10x12-inch"",""FulfillmentService"":""canvas-mounting"",""Orientation"":""ver"",""ProductStatus"":""activated"",""State"":""published""}"
framed_canvas_wood_w14xt32-mm_8x10-inch_ver_dark-wood_10x12-inch_wood-fsc-2-cm_canvas_4-0_canvas-mounting,Framed canvas — ver,framed-canvas,framed-canvas,"{""CanvasFormat"":""8x10-inch"",""CanvasFrame"":""wood-fsc-2-cm"",""CanvasMaterial"":""canvas"",""ColorType"":""4-0"",""FrameColor"":""dark-wood"",""FrameMaterial"":""wood"",""FrameProperties"":""w14xt32-mm"",""FrameSize"":""10x12-inch"",""FulfillmentService"":""canvas-mounting"",""Orientation"":""ver"",""ProductStatus"":""activated"",""State"":""published""}"
framed_canvas_wood_w14xt32-mm_8x10-inch_ver_natural-wood_10x12-inch_wood-fsc-2-cm_canvas_4-0_canvas-mounting,Framed canvas — ver,framed-canvas,framed-canvas,"{""CanvasFormat"":""8x10-inch"",""CanvasFrame"":""wood-fsc-2-cm"",""CanvasMaterial"":""canvas"",""ColorType"":""4-0"",""FrameColor"":""natural-wood"",""FrameMaterial"":""wood"",""FrameProperties"":""w14xt32-mm"",""FrameSize"":""10x12-inch"",""FulfillmentService"":""canvas-mounting"",""Orientation"":""ver"",""ProductStatus"":""activated"",""State"":""published""}"
framed_canvas_wood_w14xt32-mm_8x12-inch_hor_black_10x14-inch_wood-fsc-2-cm_canvas_4-0_canvas-mounting,Framed canvas — hor,framed-canvas,framed-canvas,"{""CanvasFormat"":""8x12-inch"",""CanvasFrame"":""wood-fsc-2-cm"",""CanvasMaterial"":""canvas"",""ColorType"":""4-0"",""FrameColor"":""black"",""FrameMaterial"":""wood"",""FrameProperties"":""w14xt32-mm"",""FrameSize"":""10x14-inch"",""FulfillmentService"":""canvas-mounting"",""Orientation"":""hor"",""ProductStatus"":""activated"",""State"":""published""}"
framed_canvas_wood_w14xt32-mm_8x12-inch_hor_dark-wood_10x14-inch_wood-fsc-2-cm_canvas_4-0_canvas-mounting,Framed canvas — hor,framed-canvas,framed-canvas,"{""CanvasFormat"":""8x12-inch"",""CanvasFrame"":""wood-fsc-2-cm"",""CanvasMaterial"":""canvas"",""ColorType"":""4-0"",""FrameColor"":""dark-wood"",""FrameMaterial"":""wood"",""FrameProperties"":""w14xt32-mm"",""FrameSize"":""10x14-inch"",""FulfillmentService"":""canvas-mounting"",""Orientation"":""hor"",""ProductStatus"":""activated"",""State"":""published""}"
framed_canvas_wood_w14xt32-mm_8x12-inch_hor_natural-wood_10x14-inch_wood-fsc-2-cm_canvas_4-0_canvas-mounting,Framed canvas — hor,framed-canvas,framed-canvas,"{""CanvasFormat"":""8x12-inch"",""CanvasFrame"":""wood-fsc-2-cm"",""CanvasMaterial"":""canvas"",""ColorType"":""4-0"",""FrameColor"":""natural-wood"",""FrameMaterial"":""wood"",""FrameProperties"":""w14xt32-mm"",""FrameSize"":""10x14-inch"",""FulfillmentService"":""canvas-mounting"",""Orientation"":""hor"",""ProductStatus"":""activated"",""State"":""published""}"
framed_canvas_wood_w14xt32-mm_8x12-inch_ver_black_10x14-inch_wood-fsc-2-cm_canvas_4-0_canvas-mounting,Framed canvas — ver,framed-canvas,framed-canvas,"{""CanvasFormat"":""8x12-inch"",""CanvasFrame"":""wood-fsc-2-cm"",""CanvasMaterial"":""canvas"",""ColorType"":""4-0"",""FrameColor"":""black"",""FrameMaterial"":""wood"",""FrameProperties"":""w14xt32-mm"",""FrameSize"":""10x14-inch"",""FulfillmentService"":""canvas-mounting"",""Orientation"":""ver"",""ProductStatus"":""activated"",""State"":""published""}"
framed_canvas_wood_w14xt32-mm_8x12-inch_ver_dark-wood_10x14-inch_wood-fsc-2-cm_canvas_4-0_canvas-mounting,Framed canvas — ver,framed-canvas,framed-canvas,"{""CanvasFormat"":""8x12-inch"",""CanvasFrame"":""wood-fsc-2-cm"",""CanvasMaterial"":""canvas"",""ColorType"":""4-0"",""FrameColor"":""dark-wood"",""FrameMaterial"":""wood"",""FrameProperties"":""w14xt32-mm"",""FrameSize"":""10x14-inch"",""FulfillmentService"":""canvas-mounting"",""Orientation"":""ver"",""ProductStatus"":""activated"",""State"":""published""}"
framed_canvas_wood_w14xt32-mm_8x12-inch_ver_natural-wood_10x14-inch_wood-fsc-2-cm_canvas_4-0_canvas-mounting,Framed canvas — ver,framed-canvas,framed-canvas,"{""CanvasFormat"":""8x12-inch"",""CanvasFrame"":""wood-fsc-2-cm"",""CanvasMaterial"":""canvas"",""ColorType"":""4-0"",""FrameColor"":""natural-wood"",""FrameMaterial"":""wood"",""FrameProperties"":""w14xt32-mm"",""FrameSize"":""10x14-inch"",""FulfillmentService"":""canvas-mounting"",""Orientation"":""ver"",""ProductStatus"":""activated"",""State"":""published""}"
framed_canvas_wood_w14xt32-mm_8x24-inch_hor_black_10x26-inch_wood-fsc-2-cm_canvas_4-0_canvas-mounting,Framed canvas — hor,framed-canvas,framed-canvas,"{""CanvasFormat"":""8x24-inch"",""CanvasFrame"":""wood-fsc-2-cm"",""CanvasMaterial"":""canvas"",""ColorType"":""4-0"",""FrameColor"":""black"",""FrameMaterial"":""wood"",""FrameProperties"":""w14xt32-mm"",""FrameSize"":""10x26-inch"",""FulfillmentService"":""canvas-mounting"",""Orientation"":""hor"",""ProductStatus"":""activated"",""State"":""published""}"
framed_canvas_wood_w14xt32-mm_8x24-inch_hor_dark-wood_10x26-inch_wood-fsc-2-cm_canvas_4-0_canvas-mounting,Framed canvas — hor,framed-canvas,framed-canvas,"{""CanvasFormat"":""8x24-inch"",""CanvasFrame"":""wood-fsc-2-cm"",""CanvasMaterial"":""canvas"",""ColorType"":""4-0"",""FrameColor"":""dark-wood"",""FrameMaterial"":""wood"",""FrameProperties"":""w14xt32-mm"",""FrameSize"":""10x26-inch"",""FulfillmentService"":""canvas-mounting"",""Orientation"":""hor"",""ProductStatus"":""activated"",""State"":""published""}"
framed_canvas_wood_w14xt32-mm_8x24-inch_hor_natural-wood_10x26-inch_wood-fsc-2-cm_canvas_4-0_canvas-mounting,Framed canvas — hor,framed-canvas,framed-canvas,"{""CanvasFormat"":""8x24-inch"",""CanvasFrame"":""wood-fsc-2-cm"",""CanvasMaterial"":""canvas"",""ColorType"":""4-0"",""FrameColor"":""natural-wood"",""FrameMaterial"":""wood"",""FrameProperties"":""w14xt32-mm"",""FrameSize"":""10x26-inch"",""FulfillmentService"":""canvas-mounting"",""Orientation"":""hor"",""ProductStatus"":""activated"",""State"":""published""}"
framed_canvas_wood_w14xt32-mm_8x24-inch_ver_black_10x26-inch_wood-fsc-2-cm_canvas_4-0_canvas-mounting,Framed canvas — ver,framed-canvas,framed-canvas,"{""CanvasFormat"":""8x24-inch"",""CanvasFrame"":""wood-fsc-2-cm"",""CanvasMaterial"":""canvas"",""ColorType"":""4-0"",""FrameColor"":""black"",""FrameMaterial"":""wood"",""FrameProperties"":""w14xt32-mm"",""FrameSize"":""10x26-inch"",""FulfillmentService"":""canvas-mounting"",""Orientation"":""ver"",""ProductStatus"":""activated"",""State"":""published""}"
framed_canvas_wood_w14xt32-mm_8x24-inch_ver_dark-wood_10x26-inch_wood-fsc-2-cm_canvas_4-0_canvas-mounting,Framed canvas — ver,framed-canvas,framed-canvas,"{""CanvasFormat"":""8x24-inch"",""CanvasFrame"":""wood-fsc-2-cm"",""CanvasMaterial"":""canvas"",""ColorType"":""4-0"",""FrameColor"":""dark-wood"",""FrameMaterial"":""wood"",""FrameProperties"":""w14xt32-mm"",""FrameSize"":""10x26-inch"",""FulfillmentService"":""canvas-mounting"",""Orientation"":""ver"",""ProductStatus"":""activated"",""State"":""published""}"
framed_canvas_wood_w14xt32-mm_8x24-inch_ver_natural-wood_10x26-inch_wood-fsc-2-cm_canvas_4-0_canvas-mounting,Framed canvas — ver,framed-canvas,framed-canvas,"{""CanvasFormat"":""8x24-inch"",""CanvasFrame"":""wood-fsc-2-cm"",""CanvasMaterial"":""canvas"",""ColorType"":""4-0"",""FrameColor"":""natural-wood"",""FrameMaterial"":""wood"",""FrameProperties"":""w14xt32-mm"",""FrameSize"":""10x26-inch"",""FulfillmentService"":""canvas-mounting"",""Orientation"":""ver"",""ProductStatus"":""activated"",""State"":""published""}"
framed_canvas_wood_w14xt32-mm_8x8-inch_hor_black_10x10-inch_wood-fsc-2-cm_canvas_4-0_canvas-mounting,Framed canvas — hor,framed-canvas,framed-canvas,"{""CanvasFormat"":""8x8-inch"",""CanvasFrame"":""wood-fsc-2-cm"",""CanvasMaterial"":""canvas"",""ColorType"":""4-0"",""FrameColor"":""black"",""FrameMaterial"":""wood"",""FrameProperties"":""w14xt32-mm"",""FrameSize"":""10x10-inch"",""FulfillmentService"":""canvas-mounting"",""Orientation"":""hor"",""ProductStatus"":""activated"",""State"":""published""}"
framed_canvas_wood_w14xt32-mm_8x8-inch_hor_dark-wood_10x10-inch_wood-fsc-2-cm_canvas_4-0_canvas-mounting,Framed canvas — hor,framed-canvas,framed-canvas,"{""CanvasFormat"":""8x8-inch"",""CanvasFrame"":""wood-fsc-2-cm"",""CanvasMaterial"":""canvas"",""ColorType"":""4-0"",""FrameColor"":""dark-wood"",""FrameMaterial"":""wood"",""FrameProperties"":""w14xt32-mm"",""FrameSize"":""10x10-inch"",""FulfillmentService"":""canvas-mounting"",""Orientation"":""hor"",""ProductStatus"":""activated"",""State"":""published""}"
framed_canvas_wood_w14xt32-mm_8x8-inch_hor_natural-wood_10x10-inch_wood-fsc-2-cm_canvas_4-0_canvas-mounting,Framed canvas — hor,framed-canvas,framed-canvas,"{""CanvasFormat"":""8x8-inch"",""CanvasFrame"":""wood-fsc-2-cm"",""CanvasMaterial"":""canvas"",""ColorType"":""4-0"",""FrameColor"":""natural-wood"",""FrameMaterial"":""wood"",""FrameProperties"":""w14xt32-mm"",""FrameSize"":""10x10-inch"",""FulfillmentService"":""canvas-mounting"",""Orientation"":""hor"",""ProductStatus"":""activated"",""State"":""published""}"
framed_canvas_wood_w14xt32-mm_8x8-inch_ver_black_10x10-inch_wood-fsc-2-cm_canvas_4-0_canvas-mounting,Framed canvas — ver,framed-canvas,framed-canvas,"{""CanvasFormat"":""8x8-inch"",""CanvasFrame"":""wood-fsc-2-cm"",""CanvasMaterial"":""canvas"",""ColorType"":""4-0"",""FrameColor"":""black"",""FrameMaterial"":""wood"",""FrameProperties"":""w14xt32-mm"",""FrameSize"":""10x10-inch"",""FulfillmentService"":""canvas-mounting"",""Orientation"":""ver"",""ProductStatus"":""activated"",""State"":""published""}"
framed_canvas_wood_w14xt32-mm_8x8-inch_ver_dark-wood_10x10-inch_wood-fsc-2-cm_canvas_4-0_canvas-mounting,Framed canvas — ver,framed-canvas,framed-canvas,"{""CanvasFormat"":""8x8-inch"",""CanvasFrame"":""wood-fsc-2-cm"",""CanvasMaterial"":""canvas"",""ColorType"":""4-0"",""FrameColor"":""dark-wood"",""FrameMaterial"":""wood"",""FrameProperties"":""w14xt32-mm"",""FrameSize"":""10x10-inch"",""FulfillmentService"":""canvas-mounting"",""Orientation"":""ver"",""ProductStatus"":""activated"",""State"":""published""}"
framed_canvas_wood_w14xt32-mm_8x8-inch_ver_natural-wood_10x10-inch_wood-fsc-2-cm_canvas_4-0_canvas-mounting,Framed canvas — ver,framed-canvas,framed-canvas,"{""CanvasFormat"":""8x8-inch"",""CanvasFrame"":""wood-fsc-2-cm"",""CanvasMaterial"":""canvas"",""ColorType"":""4-0"",""FrameColor"":""natural-wood"",""FrameMaterial"":""wood"",""FrameProperties"":""w14xt32-mm"",""FrameSize"":""10x10-inch"",""FulfillmentService"":""canvas-mounting"",""Orientation"":""ver"",""ProductStatus"":""activated"",""State"":""published""}"
framed_canvas_wood_w14xt42-mm_11x14-inch_hor_black_13x16-inch_wood-fsc-3-cm_canvas_4-0_canvas-mounting,Framed canvas — hor,framed-canvas,framed-canvas,"{""CanvasFormat"":""11x14-inch"",""CanvasFrame"":""wood-fsc-3-cm"",""CanvasMaterial"":""canvas"",""ColorType"":""4-0"",""FrameColor"":""black"",""FrameMaterial"":""wood"",""FrameProperties"":""w14xt42-mm"",""FrameSize"":""13x16-inch"",""FulfillmentService"":""canvas-mounting"",""Orientation"":""hor"",""ProductStatus"":""activated"",""State"":""published""}"
framed_canvas_wood_w14xt42-mm_11x14-inch_hor_dark-wood_13x16-inch_wood-fsc-3-cm_canvas_4-0_canvas-mounting,Framed canvas — hor,framed-canvas,framed-canvas,"{""CanvasFormat"":""11x14-inch"",""CanvasFrame"":""wood-fsc-3-cm"",""CanvasMaterial"":""canvas"",""ColorType"":""4-0"",""FrameColor"":""dark-wood"",""FrameMaterial"":""wood"",""FrameProperties"":""w14xt42-mm"",""FrameSize"":""13x16-inch"",""FulfillmentService"":""canvas-mounting"",""Orientation"":""hor"",""ProductStatus"":""activated"",""State"":""published""}"
framed_canvas_wood_w14xt42-mm_11x14-inch_hor_natural-wood_13x16-inch_wood-fsc-3-cm_canvas_4-0_canvas-mounting,Framed canvas — hor,framed-canvas,framed-canvas,"{""CanvasFormat"":""11x14-inch"",""CanvasFrame"":""wood-fsc-3-cm"",""CanvasMaterial"":""canvas"",""ColorType"":""4-0"",""FrameColor"":""natural-wood"",""FrameMaterial"":""wood"",""FrameProperties"":""w14xt42-mm"",""FrameSize"":""13x16-inch"",""FulfillmentService"":""canvas-mounting"",""Orientation"":""hor"",""ProductStatus"":""activated"",""State"":""published""}"
framed_canvas_wood_w14xt42-mm_11x14-inch_ver_black_13x16-inch_wood-fsc-3-cm_canvas_4-0_canvas-mounting,Framed canvas — ver,framed-canvas,framed-canvas,"{""CanvasFormat"":""11x14-inch"",""CanvasFrame"":""wood-fsc-3-cm"",""CanvasMaterial"":""canvas"",""ColorType"":""4-0"",""FrameColor"":""black"",""FrameMaterial"":""wood"",""FrameProperties"":""w14xt42-mm"",""FrameSize"":""13x16-inch"",""FulfillmentService"":""canvas-mounting"",""Orientation"":""ver"",""ProductStatus"":""activated"",""State"":""published""}"
framed_canvas_wood_w14xt42-mm_11x14-inch_ver_dark-wood_13x16-inch_wood-fsc-3-cm_canvas_4-0_canvas-mounting,Framed canvas — ver,framed-canvas,framed-canvas,"{""CanvasFormat"":""11x14-inch"",""CanvasFrame"":""wood-fsc-3-cm"",""CanvasMaterial"":""canvas"",""ColorType"":""4-0"",""FrameColor"":""dark-wood"",""FrameMaterial"":""wood"",""FrameProperties"":""w14xt42-mm"",""FrameSize"":""13x16-inch"",""FulfillmentService"":""canvas-mounting"",""Orientation"":""ver"",""ProductStatus"":""activated"",""State"":""published""}"
framed_canvas_wood_w14xt42-mm_11x14-inch_ver_natural-wood_13x16-inch_wood-fsc-3-cm_canvas_4-0_canvas-mounting,Framed canvas — ver,framed-canvas,framed-canvas,"{""CanvasFormat"":""11x14-inch"",""CanvasFrame"":""wood-fsc-3-cm"",""CanvasMaterial"":""canvas"",""ColorType"":""4-0"",""FrameColor"":""natural-wood"",""FrameMaterial"":""wood"",""FrameProperties"":""w14xt42-mm"",""FrameSize"":""13x16-inch"",""FulfillmentService"":""canvas-mounting"",""Orientation"":""ver"",""ProductStatus"":""activated"",""State"":""published""}"
framed_canvas_wood_w14xt42-mm_12x12-inch_hor_black_14x14-inch_wood-fsc-3-cm_canvas_4-0_canvas-mounting,Framed canvas — hor,framed-canvas,framed-canvas,"{""CanvasFormat"":""12x12-inch"",""CanvasFrame"":""wood-fsc-3-cm"",""CanvasMaterial"":""canvas"",""ColorType"":""4-0"",""FrameColor"":""black"",""FrameMaterial"":""wood"",""FrameProperties"":""w14xt42-mm"",""FrameSize"":""14x14-inch"",""FulfillmentService"":""canvas-mounting"",""Orientation"":""hor"",""ProductStatus"":""activated"",""State"":""published""}"
framed_canvas_wood_w14xt42-mm_12x12-inch_hor_dark-wood_14x14-inch_wood-fsc-3-cm_canvas_4-0_canvas-mounting,Framed canvas — hor,framed-canvas,framed-canvas,"{""CanvasFormat"":""12x12-inch"",""CanvasFrame"":""wood-fsc-3-cm"",""CanvasMaterial"":""canvas"",""ColorType"":""4-0"",""FrameColor"":""dark-wood"",""FrameMaterial"":""wood"",""FrameProperties"":""w14xt42-mm"",""FrameSize"":""14x14-inch"",""FulfillmentService"":""canvas-mounting"",""Orientation"":""hor"",""ProductStatus"":""activated"",""State"":""published""}"
framed_canvas_wood_w14xt42-mm_12x12-inch_hor_natural-wood_14x14-inch_wood-fsc-3-cm_canvas_4-0_canvas-mounting,Framed canvas — hor,framed-canvas,framed-canvas,"{""CanvasFormat"":""12x12-inch"",""CanvasFrame"":""wood-fsc-3-cm"",""CanvasMaterial"":""canvas"",""ColorType"":""4-0"",""FrameColor"":""natural-wood"",""FrameMaterial"":""wood"",""FrameProperties"":""w14xt42-mm"",""FrameSize"":""14x14-inch"",""FulfillmentService"":""canvas-mounting"",""Orientation"":""hor"",""ProductStatus"":""activated"",""State"":""published""}"
framed_canvas_wood_w14xt42-mm_12x12-inch_ver_black_14x14-inch_wood-fsc-3-cm_canvas_4-0_canvas-mounting,Framed canvas — ver,framed-canvas,framed-canvas,"{""CanvasFormat"":""12x12-inch"",""CanvasFrame"":""wood-fsc-3-cm"",""CanvasMaterial"":""canvas"",""ColorType"":""4-0"",""FrameColor"":""black"",""FrameMaterial"":""wood"",""FrameProperties"":""w14xt42-mm"",""FrameSize"":""14x14-inch"",""FulfillmentService"":""canvas-mounting"",""Orientation"":""ver"",""ProductStatus"":""activated"",""State"":""published""}"
framed_canvas_wood_w14xt42-mm_12x12-inch_ver_dark-wood_14x14-inch_wood-fsc-3-cm_canvas_4-0_canvas-mounting,Framed canvas — ver,framed-canvas,framed-canvas,"{""CanvasFormat"":""12x12-inch"",""CanvasFrame"":""wood-fsc-3-cm"",""CanvasMaterial"":""canvas"",""ColorType"":""4-0"",""FrameColor"":""dark-wood"",""FrameMaterial"":""wood"",""FrameProperties"":""w14xt42-mm"",""FrameSize"":""14x14-inch"",""FulfillmentService"":""canvas-mounting"",""Orientation"":""ver"",""ProductStatus"":""activated"",""State"":""published""}"
framed_canvas_wood_w14xt42-mm_12x12-inch_ver_natural-wood_14x14-inch_wood-fsc-3-cm_canvas_4-0_canvas-mounting,Framed canvas — ver,framed-canvas,framed-canvas,"{""CanvasFormat"":""12x12-inch"",""CanvasFrame"":""wood-fsc-3-cm"",""CanvasMaterial"":""canvas"",""ColorType"":""4-0"",""FrameColor"":""natural-wood"",""FrameMaterial"":""wood"",""FrameProperties"":""w14xt42-mm"",""FrameSize"":""14x14-inch"",""FulfillmentService"":""canvas-mounting"",""Orientation"":""ver"",""ProductStatus"":""activated"",""State"":""published""}"
framed_canvas_wood_w14xt42-mm_12x16-inch_hor_black_14x18-inch_wood-fsc-3-cm_canvas_4-0_canvas-mounting,Framed canvas — hor,framed-canvas,framed-canvas,"{""CanvasFormat"":""12x16-inch"",""CanvasFrame"":""wood-fsc-3-cm"",""CanvasMaterial"":""canvas"",""ColorType"":""4-0"",""FrameColor"":""black"",""FrameMaterial"":""wood"",""FrameProperties"":""w14xt42-mm"",""FrameSize"":""14x18-inch"",""FulfillmentService"":""canvas-mounting"",""Orientation"":""hor"",""ProductStatus"":""activated"",""State"":""published""}"
framed_canvas_wood_w14xt42-mm_12x16-inch_hor_dark-wood_14x18-inch_wood-fsc-3-cm_canvas_4-0_canvas-mounting,Framed canvas — hor,framed-canvas,framed-canvas,"{""CanvasFormat"":""12x16-inch"",""CanvasFrame"":""wood-fsc-3-cm"",""CanvasMaterial"":""canvas"",""ColorType"":""4-0"",""FrameColor"":""dark-wood"",""FrameMaterial"":""wood"",""FrameProperties"":""w14xt42-mm"",""FrameSize"":""14x18-inch"",""FulfillmentService"":""canvas-mounting"",""Orientation"":""hor"",""ProductStatus"":""activated"",""State"":""published""}"
framed_canvas_wood_w14xt42-mm_12x16-inch_hor_natural-wood_14x18-inch_wood-fsc-3-cm_canvas_4-0_canvas-mounting,Framed canvas — hor,framed-canvas,framed-canvas,"{""CanvasFormat"":""12x16-inch"",""CanvasFrame"":""wood-fsc-3-cm"",""CanvasMaterial"":""canvas"",""ColorType"":""4-0"",""FrameColor"":""natural-wood"",""FrameMaterial"":""wood"",""FrameProperties"":""w14xt42-mm"",""FrameSize"":""14x18-inch"",""FulfillmentService"":""canvas-mounting"",""Orientation"":""hor"",""ProductStatus"":""activated"",""State"":""published""}"
framed_canvas_wood_w14xt42-mm_12x16-inch_ver_black_14x18-inch_wood-fsc-3-cm_canvas_4-0_canvas-mounting,Framed canvas — ver,framed-canvas,framed-canvas,"{""CanvasFormat"":""12x16-inch"",""CanvasFrame"":""wood-fsc-3-cm"",""CanvasMaterial"":""canvas"",""ColorType"":""4-0"",""FrameColor"":""black"",""FrameMaterial"":""wood"",""FrameProperties"":""w14xt42-mm"",""FrameSize"":""14x18-inch"",""FulfillmentService"":""canvas-mounting"",""Orientation"":""ver"",""ProductStatus"":""activated"",""State"":""published""}"
framed_canvas_wood_w14xt42-mm_12x16-inch_ver_dark-wood_14x18-inch_wood-fsc-3-cm_canvas_4-0_canvas-mounting,Framed canvas — ver,framed-canvas,framed-canvas,"{""CanvasFormat"":""12x16-inch"",""CanvasFrame"":""wood-fsc-3-cm"",""CanvasMaterial"":""canvas"",""ColorType"":""4-0"",""FrameColor"":""dark-wood"",""FrameMaterial"":""wood"",""FrameProperties"":""w14xt42-mm"",""FrameSize"":""14x18-inch"",""FulfillmentService"":""canvas-mounting"",""Orientation"":""ver"",""ProductStatus"":""activated"",""State"":""published""}"
framed_canvas_wood_w14xt42-mm_12x16-inch_ver_natural-wood_14x18-inch_wood-fsc-3-cm_canvas_4-0_canvas-mounting,Framed canvas — ver,framed-canvas,framed-canvas,"{""CanvasFormat"":""12x16-inch"",""CanvasFrame"":""wood-fsc-3-cm"",""CanvasMaterial"":""canvas"",""ColorType"":""4-0"",""FrameColor"":""natural-wood"",""FrameMaterial"":""wood"",""FrameProperties"":""w14xt42-mm"",""FrameSize"":""14x18-inch"",""FulfillmentService"":""canvas-mounting"",""Orientation"":""ver"",""ProductStatus"":""activated"",""State"":""published""}"
framed_canvas_wood_w14xt42-mm_12x18-inch_hor_black_14x20-inch_wood-fsc-3-cm_canvas_4-0_canvas-mounting,Framed canvas — hor,framed-canvas,framed-canvas,"{""CanvasFormat"":""12x18-inch"",""CanvasFrame"":""wood-fsc-3-cm"",""CanvasMaterial"":""canvas"",""ColorType"":""4-0"",""FrameColor"":""black"",""FrameMaterial"":""wood"",""FrameProperties"":""w14xt42-mm"",""FrameSize"":""14x20-inch"",""FulfillmentService"":""canvas-mounting"",""Orientation"":""hor"",""ProductStatus"":""activated"",""State"":""published""}"
framed_canvas_wood_w14xt42-mm_12x18-inch_hor_dark-wood_14x20-inch_wood-fsc-3-cm_canvas_4-0_canvas-mounting,Framed canvas — hor,framed-canvas,framed-canvas,"{""CanvasFormat"":""12x18-inch"",""CanvasFrame"":""wood-fsc-3-cm"",""CanvasMaterial"":""canvas"",""ColorType"":""4-0"",""FrameColor"":""dark-wood"",""FrameMaterial"":""wood"",""FrameProperties"":""w14xt42-mm"",""FrameSize"":""14x20-inch"",""FulfillmentService"":""canvas-mounting"",""Orientation"":""hor"",""ProductStatus"":""activated"",""State"":""published""}"
framed_canvas_wood_w14xt42-mm_12x18-inch_hor_natural-wood_14x20-inch_wood-fsc-3-cm_canvas_4-0_canvas-mounting,Framed canvas — hor,framed-canvas,framed-canvas,"{""CanvasFormat"":""12x18-inch"",""CanvasFrame"":""wood-fsc-3-cm"",""CanvasMaterial"":""canvas"",""ColorType"":""4-0"",""FrameColor"":""natural-wood"",""FrameMaterial"":""wood"",""FrameProperties"":""w14xt42-mm"",""FrameSize"":""14x20-inch"",""FulfillmentService"":""canvas-mounting"",""Orientation"":""hor"",""ProductStatus"":""activated"",""State"":""published""}"
framed_canvas_wood_w14xt42-mm_12x18-inch_ver_black_14x20-inch_wood-fsc-3-cm_canvas_4-0_canvas-mounting,Framed canvas — ver,framed-canvas,framed-canvas,"{""CanvasFormat"":""12x18-inch"",""CanvasFrame"":""wood-fsc-3-cm"",""CanvasMaterial"":""canvas"",""ColorType"":""4-0"",""FrameColor"":""black"",""FrameMaterial"":""wood"",""FrameProperties"":""w14xt42-mm"",""FrameSize"":""14x20-inch"",""FulfillmentService"":""canvas-mounting"",""Orientation"":""ver"",""ProductStatus"":""activated"",""State"":""published""}"
framed_canvas_wood_w14xt42-mm_12x18-inch_ver_dark-wood_14x20-inch_wood-fsc-3-cm_canvas_4-0_canvas-mounting,Framed canvas — ver,framed-canvas,framed-canvas,"{""CanvasFormat"":""12x18-inch"",""CanvasFrame"":""wood-fsc-3-cm"",""CanvasMaterial"":""canvas"",""ColorType"":""4-0"",""FrameColor"":""dark-wood"",""FrameMaterial"":""wood"",""FrameProperties"":""w14xt42-mm"",""FrameSize"":""14x20-inch"",""FulfillmentService"":""canvas-mounting"",""Orientation"":""ver"",""ProductStatus"":""activated"",""State"":""published""}"
framed_canvas_wood_w14xt42-mm_12x18-inch_ver_natural-wood_14x20-inch_wood-fsc-3-cm_canvas_4-0_canvas-mounting,Framed canvas — ver,framed-canvas,framed-canvas,"{""CanvasFormat"":""12x18-inch"",""CanvasFrame"":""wood-fsc-3-cm"",""CanvasMaterial"":""canvas"",""ColorType"":""4-0"",""FrameColor"":""natural-wood"",""FrameMaterial"":""wood"",""FrameProperties"":""w14xt42-mm"",""FrameSize"":""14x20-inch"",""FulfillmentService"":""canvas-mounting"",""Orientation"":""ver"",""ProductStatus"":""activated"",""State"":""published""}"
framed_canvas_wood_w14xt42-mm_12x24-inch_hor_black_14x26-inch_wood-fsc-3-cm_canvas_4-0_canvas-mounting,Framed canvas — hor,framed-canvas,framed-canvas,"{""CanvasFormat"":""12x24-inch"",""CanvasFrame"":""wood-fsc-3-cm"",""CanvasMaterial"":""canvas"",""ColorType"":""4-0"",""FrameColor"":""black"",""FrameMaterial"":""wood"",""FrameProperties"":""w14xt42-mm"",""FrameSize"":""14x26-inch"",""FulfillmentService"":""canvas-mounting"",""Orientation"":""hor"",""ProductStatus"":""activated"",""State"":""published""}"
framed_canvas_wood_w14xt42-mm_12x24-inch_hor_dark-wood_14x26-inch_wood-fsc-3-cm_canvas_4-0_canvas-mounting,Framed canvas — hor,framed-canvas,framed-canvas,"{""CanvasFormat"":""12x24-inch"",""CanvasFrame"":""wood-fsc-3-cm"",""CanvasMaterial"":""canvas"",""ColorType"":""4-0"",""FrameColor"":""dark-wood"",""FrameMaterial"":""wood"",""FrameProperties"":""w14xt42-mm"",""FrameSize"":""14x26-inch"",""FulfillmentService"":""canvas-mounting"",""Orientation"":""hor"",""ProductStatus"":""activated"",""State"":""published""}"
framed_canvas_wood_w14xt42-mm_12x24-inch_hor_natural-wood_14x26-inch_wood-fsc-3-cm_canvas_4-0_canvas-mounting,Framed canvas — hor,framed-canvas,framed-canvas,"{""CanvasFormat"":""12x24-inch"",""CanvasFrame"":""wood-fsc-3-cm"",""CanvasMaterial"":""canvas"",""ColorType"":""4-0"",""FrameColor"":""natural-wood"",""FrameMaterial"":""wood"",""FrameProperties"":""w14xt42-mm"",""FrameSize"":""14x26-inch"",""FulfillmentService"":""canvas-mounting"",""Orientation"":""hor"",""ProductStatus"":""activated"",""State"":""published""}"
framed_canvas_wood_w14xt42-mm_12x24-inch_ver_black_14x26-inch_wood-fsc-3-cm_canvas_4-0_canvas-mounting,Framed canvas — ver,framed-canvas,framed-canvas,"{""CanvasFormat"":""12x24-inch"",""CanvasFrame"":""wood-fsc-3-cm"",""CanvasMaterial"":""canvas"",""ColorType"":""4-0"",""FrameColor"":""black"",""FrameMaterial"":""wood"",""FrameProperties"":""w14xt42-mm"",""FrameSize"":""14x26-inch"",""FulfillmentService"":""canvas-mounting"",""Orientation"":""ver"",""ProductStatus"":""activated"",""State"":""published""}"
framed_canvas_wood_w14xt42-mm_12x24-inch_ver_dark-wood_14x26-inch_wood-fsc-3-cm_canvas_4-0_canvas-mounting,Framed canvas — ver,framed-canvas,framed-canvas,"{""CanvasFormat"":""12x24-inch"",""CanvasFrame"":""wood-fsc-3-cm"",""CanvasMaterial"":""canvas"",""ColorType"":""4-0"",""FrameColor"":""dark-wood"",""FrameMaterial"":""wood"",""FrameProperties"":""w14xt42-mm"",""FrameSize"":""14x26-inch"",""FulfillmentService"":""canvas-mounting"",""Orientation"":""ver"",""ProductStatus"":""activated"",""State"":""published""}"
framed_canvas_wood_w14xt42-mm_12x24-inch_ver_natural-wood_14x26-inch_wood-fsc-3-cm_canvas_4-0_canvas-mounting,Framed canvas — ver,framed-canvas,framed-canvas,"{""CanvasFormat"":""12x24-inch"",""CanvasFrame"":""wood-fsc-3-cm"",""CanvasMaterial"":""canvas"",""ColorType"":""4-0"",""FrameColor"":""natural-wood"",""FrameMaterial"":""wood"",""FrameProperties"":""w14xt42-mm"",""FrameSize"":""14x26-inch"",""FulfillmentService"":""canvas-mounting"",""Orientation"":""ver"",""ProductStatus"":""activated"",""State"":""published""}"
framed_canvas_wood_w14xt42-mm_12x36-inch_hor_black_14x38-inch_wood-fsc-3-cm_canvas_4-0_canvas-mounting,Framed canvas — hor,framed-canvas,framed-canvas,"{""CanvasFormat"":""12x36-inch"",""CanvasFrame"":""wood-fsc-3-cm"",""CanvasMaterial"":""canvas"",""ColorType"":""4-0"",""FrameColor"":""black"",""FrameMaterial"":""wood"",""FrameProperties"":""w14xt42-mm"",""FrameSize"":""14x38-inch"",""FulfillmentService"":""canvas-mounting"",""Orientation"":""hor"",""ProductStatus"":""activated"",""State"":""published""}"
framed_canvas_wood_w14xt42-mm_12x36-inch_hor_dark-wood_14x38-inch_wood-fsc-3-cm_canvas_4-0_canvas-mounting,Framed canvas — hor,framed-canvas,framed-canvas,"{""CanvasFormat"":""12x36-inch"",""CanvasFrame"":""wood-fsc-3-cm"",""CanvasMaterial"":""canvas"",""ColorType"":""4-0"",""FrameColor"":""dark-wood"",""FrameMaterial"":""wood"",""FrameProperties"":""w14xt42-mm"",""FrameSize"":""14x38-inch"",""FulfillmentService"":""canvas-mounting"",""Orientation"":""hor"",""ProductStatus"":""activated"",""State"":""published""}"
framed_canvas_wood_w14xt42-mm_12x36-inch_hor_natural-wood_14x38-inch_wood-fsc-3-cm_canvas_4-0_canvas-mounting,Framed canvas — hor,framed-canvas,framed-canvas,"{""CanvasFormat"":""12x36-inch"",""CanvasFrame"":""wood-fsc-3-cm"",""CanvasMaterial"":""canvas"",""ColorType"":""4-0"",""FrameColor"":""natural-wood"",""FrameMaterial"":""wood"",""FrameProperties"":""w14xt42-mm"",""FrameSize"":""14x38-inch"",""FulfillmentService"":""canvas-mounting"",""Orientation"":""hor"",""ProductStatus"":""activated"",""State"":""published""}"
framed_canvas_wood_w14xt42-mm_12x36-inch_ver_black_14x38-inch_wood-fsc-3-cm_canvas_4-0_canvas-mounting,Framed canvas — ver,framed-canvas,framed-canvas,"{""CanvasFormat"":""12x36-inch"",""CanvasFrame"":""wood-fsc-3-cm"",""CanvasMaterial"":""canvas"",""ColorType"":""4-0"",""FrameColor"":""black"",""FrameMaterial"":""wood"",""FrameProperties"":""w14xt42-mm"",""FrameSize"":""14x38-inch"",""FulfillmentService"":""canvas-mounting"",""Orientation"":""ver"",""ProductStatus"":""activated"",""State"":""published""}"
framed_canvas_wood_w14xt42-mm_12x36-inch_ver_dark-wood_14x38-inch_wood-fsc-3-cm_canvas_4-0_canvas-mounting,Framed canvas — ver,framed-canvas,framed-canvas,"{""CanvasFormat"":""12x36-inch"",""CanvasFrame"":""wood-fsc-3-cm"",""CanvasMaterial"":""canvas"",""ColorType"":""4-0"",""FrameColor"":""dark-wood"",""FrameMaterial"":""wood"",""FrameProperties"":""w14xt42-mm"",""FrameSize"":""14x38-inch"",""FulfillmentService"":""canvas-mounting"",""Orientation"":""ver"",""ProductStatus"":""activated"",""State"":""published""}"
framed_canvas_wood_w14xt42-mm_12x36-inch_ver_natural-wood_14x38-inch_wood-fsc-3-cm_canvas_4-0_canvas-mounting,Framed canvas — ver,framed-canvas,framed-canvas,"{""CanvasFormat"":""12x36-inch"",""CanvasFrame"":""wood-fsc-3-cm"",""CanvasMaterial"":""canvas"",""ColorType"":""4-0"",""FrameColor"":""natural-wood"",""FrameMaterial"":""wood"",""FrameProperties"":""w14xt42-mm"",""FrameSize"":""14x38-inch"",""FulfillmentService"":""canvas-mounting"",""Orientation"":""ver"",""ProductStatus"":""activated"",""State"":""published""}"
framed_canvas_wood_w14xt42-mm_12x40-inch_hor_black_14x42-inch_wood-fsc-3-cm_canvas_4-0_canvas-mounting,Framed canvas — hor,framed-canvas,framed-canvas,"{""CanvasFormat"":""12x40-inch"",""CanvasFrame"":""wood-fsc-3-cm"",""CanvasMaterial"":""canvas"",""ColorType"":""4-0"",""FrameColor"":""black"",""FrameMaterial"":""wood"",""FrameProperties"":""w14xt42-mm"",""FrameSize"":""14x42-inch"",""FulfillmentService"":""canvas-mounting"",""Orientation"":""hor"",""ProductStatus"":""activated"",""State"":""published""}"
framed_canvas_wood_w14xt42-mm_12x40-inch_hor_dark-wood_14x42-inch_wood-fsc-3-cm_canvas_4-0_canvas-mounting,Framed canvas — hor,framed-canvas,framed-canvas,"{""CanvasFormat"":""12x40-inch"",""CanvasFrame"":""wood-fsc-3-cm"",""CanvasMaterial"":""canvas"",""ColorType"":""4-0"",""FrameColor"":""dark-wood"",""FrameMaterial"":""wood"",""FrameProperties"":""w14xt42-mm"",""FrameSize"":""14x42-inch"",""FulfillmentService"":""canvas-mounting"",""Orientation"":""hor"",""ProductStatus"":""activated"",""State"":""published""}"
framed_canvas_wood_w14xt42-mm_12x40-inch_hor_natural-wood_14x42-inch_wood-fsc-3-cm_canvas_4-0_canvas-mounting,Framed canvas — hor,framed-canvas,framed-canvas,"{""CanvasFormat"":""12x40-inch"",""CanvasFrame"":""wood-fsc-3-cm"",""CanvasMaterial"":""canvas"",""ColorType"":""4-0"",""FrameColor"":""natural-wood"",""FrameMaterial"":""wood"",""FrameProperties"":""w14xt42-mm"",""FrameSize"":""14x42-inch"",""FulfillmentService"":""canvas-mounting"",""Orientation"":""hor"",""ProductStatus"":""activated"",""State"":""published""}"
framed_canvas_wood_w14xt42-mm_12x40-inch_ver_black_14x42-inch_wood-fsc-3-cm_canvas_4-0_canvas-mounting,Framed canvas — ver,framed-canvas,framed-canvas,"{""CanvasFormat"":""12x40-inch"",""CanvasFrame"":""wood-fsc-3-cm"",""CanvasMaterial"":""canvas"",""ColorType"":""4-0"",""FrameColor"":""black"",""FrameMaterial"":""wood"",""FrameProperties"":""w14xt42-mm"",""FrameSize"":""14x42-inch"",""FulfillmentService"":""canvas-mounting"",""Orientation"":""ver"",""ProductStatus"":""activated"",""State"":""published""}"
framed_canvas_wood_w14xt42-mm_12x40-inch_ver_dark-wood_14x42-inch_wood-fsc-3-cm_canvas_4-0_canvas-mounting,Framed canvas — ver,framed-canvas,framed-canvas,"{""CanvasFormat"":""12x40-inch"",""CanvasFrame"":""wood-fsc-3-cm"",""CanvasMaterial"":""canvas"",""ColorType"":""4-0"",""FrameColor"":""dark-wood"",""FrameMaterial"":""wood"",""FrameProperties"":""w14xt42-mm"",""FrameSize"":""14x42-inch"",""FulfillmentService"":""canvas-mounting"",""Orientation"":""ver"",""ProductStatus"":""activated"",""State"":""published""}"
framed_canvas_wood_w14xt42-mm_12x40-inch_ver_natural-wood_14x42-inch_wood-fsc-3-cm_canvas_4-0_canvas-mounting,Framed canvas — ver,framed-canvas,framed-canvas,"{""CanvasFormat"":""12x40-inch"",""CanvasFrame"":""wood-fsc-3-cm"",""CanvasMaterial"":""canvas"",""ColorType"":""4-0"",""FrameColor"":""natural-wood"",""FrameMaterial"":""wood"",""FrameProperties"":""w14xt42-mm"",""FrameSize"":""14x42-inch"",""FulfillmentService"":""canvas-mounting"",""Orientation"":""ver"",""ProductStatus"":""activated"",""State"":""published""}"
framed_canvas_wood_w14xt42-mm_16x16-inch_hor_black_18x18-inch_wood-fsc-3-cm_canvas_4-0_canvas-mounting,Framed canvas — hor,framed-canvas,framed-canvas,"{""CanvasFormat"":""16x16-inch"",""CanvasFrame"":""wood-fsc-3-cm"",""CanvasMaterial"":""canvas"",""ColorType"":""4-0"",""FrameColor"":""black"",""FrameMaterial"":""wood"",""FrameProperties"":""w14xt42-mm"",""FrameSize"":""18x18-inch"",""FulfillmentService"":""canvas-mounting"",""Orientation"":""hor"",""ProductStatus"":""activated"",""State"":""published""}"
framed_canvas_wood_w14xt42-mm_16x16-inch_hor_dark-wood_18x18-inch_wood-fsc-3-cm_canvas_4-0_canvas-mounting,Framed canvas — hor,framed-canvas,framed-canvas,"{""CanvasFormat"":""16x16-inch"",""CanvasFrame"":""wood-fsc-3-cm"",""CanvasMaterial"":""canvas"",""ColorType"":""4-0"",""FrameColor"":""dark-wood"",""FrameMaterial"":""wood"",""FrameProperties"":""w14xt42-mm"",""FrameSize"":""18x18-inch"",""FulfillmentService"":""canvas-mounting"",""Orientation"":""hor"",""ProductStatus"":""activated"",""State"":""published""}"
framed_canvas_wood_w14xt42-mm_16x16-inch_hor_natural-wood_18x18-inch_wood-fsc-3-cm_canvas_4-0_canvas-mounting,Framed canvas — hor,framed-canvas,framed-canvas,"{""CanvasFormat"":""16x16-inch"",""CanvasFrame"":""wood-fsc-3-cm"",""CanvasMaterial"":""canvas"",""ColorType"":""4-0"",""FrameColor"":""natural-wood"",""FrameMaterial"":""wood"",""FrameProperties"":""w14xt42-mm"",""FrameSize"":""18x18-inch"",""FulfillmentService"":""canvas-mounting"",""Orientation"":""hor"",""ProductStatus"":""activated"",""State"":""published""}"
framed_canvas_wood_w14xt42-mm_16x16-inch_ver_black_18x18-inch_wood-fsc-3-cm_canvas_4-0_canvas-mounting,Framed canvas — ver,framed-canvas,framed-canvas,"{""CanvasFormat"":""16x16-inch"",""CanvasFrame"":""wood-fsc-3-cm"",""CanvasMaterial"":""canvas"",""ColorType"":""4-0"",""FrameColor"":""black"",""FrameMaterial"":""wood"",""FrameProperties"":""w14xt42-mm"",""FrameSize"":""18x18-inch"",""FulfillmentService"":""canvas-mounting"",""Orientation"":""ver"",""ProductStatus"":""activated"",""State"":""published""}"
framed_canvas_wood_w14xt42-mm_16x16-inch_ver_dark-wood_18x18-inch_wood-fsc-3-cm_canvas_4-0_canvas-mounting,Framed canvas — ver,framed-canvas,framed-canvas,"{""CanvasFormat"":""16x16-inch"",""CanvasFrame"":""wood-fsc-3-cm"",""CanvasMaterial"":""canvas"",""ColorType"":""4-0"",""FrameColor"":""dark-wood"",""FrameMaterial"":""wood"",""FrameProperties"":""w14xt42-mm"",""FrameSize"":""18x18-inch"",""FulfillmentService"":""canvas-mounting"",""Orientation"":""ver"",""ProductStatus"":""activated"",""State"":""published""}"
framed_canvas_wood_w14xt42-mm_16x16-inch_ver_natural-wood_18x18-inch_wood-fsc-3-cm_canvas_4-0_canvas-mounting,Framed canvas — ver,framed-canvas,framed-canvas,"{""CanvasFormat"":""16x16-inch"",""CanvasFrame"":""wood-fsc-3-cm"",""CanvasMaterial"":""canvas"",""ColorType"":""4-0"",""FrameColor"":""natural-wood"",""FrameMaterial"":""wood"",""FrameProperties"":""w14xt42-mm"",""FrameSize"":""18x18-inch"",""FulfillmentService"":""canvas-mounting"",""Orientation"":""ver"",""ProductStatus"":""activated"",""State"":""published""}"
framed_canvas_wood_w14xt42-mm_16x20-inch_hor_black_18x22-inch_wood-fsc-3-cm_canvas_4-0_canvas-mounting,Framed canvas — hor,framed-canvas,framed-canvas,"{""CanvasFormat"":""16x20-inch"",""CanvasFrame"":""wood-fsc-3-cm"",""CanvasMaterial"":""canvas"",""ColorType"":""4-0"",""FrameColor"":""black"",""FrameMaterial"":""wood"",""FrameProperties"":""w14xt42-mm"",""FrameSize"":""18x22-inch"",""FulfillmentService"":""canvas-mounting"",""Orientation"":""hor"",""ProductStatus"":""activated"",""State"":""published""}"
framed_canvas_wood_w14xt42-mm_16x20-inch_hor_dark-wood_18x22-inch_wood-fsc-3-cm_canvas_4-0_canvas-mounting,Framed canvas — hor,framed-canvas,framed-canvas,"{""CanvasFormat"":""16x20-inch"",""CanvasFrame"":""wood-fsc-3-cm"",""CanvasMaterial"":""canvas"",""ColorType"":""4-0"",""FrameColor"":""dark-wood"",""FrameMaterial"":""wood"",""FrameProperties"":""w14xt42-mm"",""FrameSize"":""18x22-inch"",""FulfillmentService"":""canvas-mounting"",""Orientation"":""hor"",""ProductStatus"":""activated"",""State"":""published""}"
framed_canvas_wood_w14xt42-mm_16x20-inch_hor_natural-wood_18x22-inch_wood-fsc-3-cm_canvas_4-0_canvas-mounting,Framed canvas — hor,framed-canvas,framed-canvas,"{""CanvasFormat"":""16x20-inch"",""CanvasFrame"":""wood-fsc-3-cm"",""CanvasMaterial"":""canvas"",""ColorType"":""4-0"",""FrameColor"":""natural-wood"",""FrameMaterial"":""wood"",""FrameProperties"":""w14xt42-mm"",""FrameSize"":""18x22-inch"",""FulfillmentService"":""canvas-mounting"",""Orientation"":""hor"",""ProductStatus"":""activated"",""State"":""published""}"
framed_canvas_wood_w14xt42-mm_16x20-inch_ver_black_18x22-inch_wood-fsc-3-cm_canvas_4-0_canvas-mounting,Framed canvas — ver,framed-canvas,framed-canvas,"{""CanvasFormat"":""16x20-inch"",""CanvasFrame"":""wood-fsc-3-cm"",""CanvasMaterial"":""canvas"",""ColorType"":""4-0"",""FrameColor"":""black"",""FrameMaterial"":""wood"",""FrameProperties"":""w14xt42-mm"",""FrameSize"":""18x22-inch"",""FulfillmentService"":""canvas-mounting"",""Orientation"":""ver"",""ProductStatus"":""activated"",""State"":""published""}"
framed_canvas_wood_w14xt42-mm_16x20-inch_ver_dark-wood_18x22-inch_wood-fsc-3-cm_canvas_4-0_canvas-mounting,Framed canvas — ver,framed-canvas,framed-canvas,"{""CanvasFormat"":""16x20-inch"",""CanvasFrame"":""wood-fsc-3-cm"",""CanvasMaterial"":""canvas"",""ColorType"":""4-0"",""FrameColor"":""dark-wood"",""FrameMaterial"":""wood"",""FrameProperties"":""w14xt42-mm"",""FrameSize"":""18x22-inch"",""FulfillmentService"":""canvas-mounting"",""Orientation"":""ver"",""ProductStatus"":""activated"",""State"":""published""}"
framed_canvas_wood_w14xt42-mm_16x20-inch_ver_natural-wood_18x22-inch_wood-fsc-3-cm_canvas_4-0_canvas-mounting,Framed canvas — ver,framed-canvas,framed-canvas,"{""CanvasFormat"":""16x20-inch"",""CanvasFrame"":""wood-fsc-3-cm"",""CanvasMaterial"":""canvas"",""ColorType"":""4-0"",""FrameColor"":""natural-wood"",""FrameMaterial"":""wood"",""FrameProperties"":""w14xt42-mm"",""FrameSize"":""18x22-inch"",""FulfillmentService"":""canvas-mounting"",""Orientation"":""ver"",""ProductStatus"":""activated"",""State"":""published""}"
framed_canvas_wood_w14xt42-mm_16x24-inch_hor_black_18x26-inch_wood-fsc-3-cm_canvas_4-0_canvas-mounting,Framed canvas — hor,framed-canvas,framed-canvas,"{""CanvasFormat"":""16x24-inch"",""CanvasFrame"":""wood-fsc-3-cm"",""CanvasMaterial"":""canvas"",""ColorType"":""4-0"",""FrameColor"":""black"",""FrameMaterial"":""wood"",""FrameProperties"":""w14xt42-mm"",""FrameSize"":""18x26-inch"",""FulfillmentService"":""canvas-mounting"",""Orientation"":""hor"",""ProductStatus"":""activated"",""State"":""published""}"
framed_canvas_wood_w14xt42-mm_16x24-inch_hor_dark-wood_18x26-inch_wood-fsc-3-cm_canvas_4-0_canvas-mounting,Framed canvas — hor,framed-canvas,framed-canvas,"{""CanvasFormat"":""16x24-inch"",""CanvasFrame"":""wood-fsc-3-cm"",""CanvasMaterial"":""canvas"",""ColorType"":""4-0"",""FrameColor"":""dark-wood"",""FrameMaterial"":""wood"",""FrameProperties"":""w14xt42-mm"",""FrameSize"":""18x26-inch"",""FulfillmentService"":""canvas-mounting"",""Orientation"":""hor"",""ProductStatus"":""activated"",""State"":""published""}"
framed_canvas_wood_w14xt42-mm_16x24-inch_hor_natural-wood_18x26-inch_wood-fsc-3-cm_canvas_4-0_canvas-mounting,Framed canvas — hor,framed-canvas,framed-canvas,"{""CanvasFormat"":""16x24-inch"",""CanvasFrame"":""wood-fsc-3-cm"",""CanvasMaterial"":""canvas"",""ColorType"":""4-0"",""FrameColor"":""natural-wood"",""FrameMaterial"":""wood"",""FrameProperties"":""w14xt42-mm"",""FrameSize"":""18x26-inch"",""FulfillmentService"":""canvas-mounting"",""Orientation"":""hor"",""ProductStatus"":""activated"",""State"":""published""}"
framed_canvas_wood_w14xt42-mm_16x24-inch_ver_black_18x26-inch_wood-fsc-3-cm_canvas_4-0_canvas-mounting,Framed canvas — ver,framed-canvas,framed-canvas,"{""CanvasFormat"":""16x24-inch"",""CanvasFrame"":""wood-fsc-3-cm"",""CanvasMaterial"":""canvas"",""ColorType"":""4-0"",""FrameColor"":""black"",""FrameMaterial"":""wood"",""FrameProperties"":""w14xt42-mm"",""FrameSize"":""18x26-inch"",""FulfillmentService"":""canvas-mounting"",""Orientation"":""ver"",""ProductStatus"":""activated"",""State"":""published""}"
framed_canvas_wood_w14xt42-mm_16x24-inch_ver_dark-wood_18x26-inch_wood-fsc-3-cm_canvas_4-0_canvas-mounting,Framed canvas — ver,framed-canvas,framed-canvas,"{""CanvasFormat"":""16x24-inch"",""CanvasFrame"":""wood-fsc-3-cm"",""CanvasMaterial"":""canvas"",""ColorType"":""4-0"",""FrameColor"":""dark-wood"",""FrameMaterial"":""wood"",""FrameProperties"":""w14xt42-mm"",""FrameSize"":""18x26-inch"",""FulfillmentService"":""canvas-mounting"",""Orientation"":""ver"",""ProductStatus"":""activated"",""State"":""published""}"
framed_canvas_wood_w14xt42-mm_16x24-inch_ver_natural-wood_18x26-inch_wood-fsc-3-cm_canvas_4-0_canvas-mounting,Framed canvas — ver,framed-canvas,framed-canvas,"{""CanvasFormat"":""16x24-inch"",""CanvasFrame"":""wood-fsc-3-cm"",""CanvasMaterial"":""canvas"",""ColorType"":""4-0"",""FrameColor"":""natural-wood"",""FrameMaterial"":""wood"",""FrameProperties"":""w14xt42-mm"",""FrameSize"":""18x26-inch"",""FulfillmentService"":""canvas-mounting"",""Orientation"":""ver"",""ProductStatus"":""activated"",""State"":""published""}"
framed_canvas_wood_w14xt42-mm_16x32-inch_hor_black_18x34-inch_wood-fsc-3-cm_canvas_4-0_canvas-mounting,Framed canvas — hor,framed-canvas,framed-canvas,"{""CanvasFormat"":""16x32-inch"",""CanvasFrame"":""wood-fsc-3-cm"",""CanvasMaterial"":""canvas"",""ColorType"":""4-0"",""FrameColor"":""black"",""FrameMaterial"":""wood"",""FrameProperties"":""w14xt42-mm"",""FrameSize"":""18x34-inch"",""FulfillmentService"":""canvas-mounting"",""Orientation"":""hor"",""ProductStatus"":""activated"",""State"":""published""}"
framed_canvas_wood_w14xt42-mm_16x32-inch_hor_dark-wood_18x34-inch_wood-fsc-3-cm_canvas_4-0_canvas-mounting,Framed canvas — hor,framed-canvas,framed-canvas,"{""CanvasFormat"":""16x32-inch"",""CanvasFrame"":""wood-fsc-3-cm"",""CanvasMaterial"":""canvas"",""ColorType"":""4-0"",""FrameColor"":""dark-wood"",""FrameMaterial"":""wood"",""FrameProperties"":""w14xt42-mm"",""FrameSize"":""18x34-inch"",""FulfillmentService"":""canvas-mounting"",""Orientation"":""hor"",""ProductStatus"":""activated"",""State"":""published""}"
framed_canvas_wood_w14xt42-mm_16x32-inch_hor_natural-wood_18x34-inch_wood-fsc-3-cm_canvas_4-0_canvas-mounting,Framed canvas — hor,framed-canvas,framed-canvas,"{""CanvasFormat"":""16x32-inch"",""CanvasFrame"":""wood-fsc-3-cm"",""CanvasMaterial"":""canvas"",""ColorType"":""4-0"",""FrameColor"":""natural-wood"",""FrameMaterial"":""wood"",""FrameProperties"":""w14xt42-mm"",""FrameSize"":""18x34-inch"",""FulfillmentService"":""canvas-mounting"",""Orientation"":""hor"",""ProductStatus"":""activated"",""State"":""published""}"
framed_canvas_wood_w14xt42-mm_16x32-inch_ver_black_18x34-inch_wood-fsc-3-cm_canvas_4-0_canvas-mounting,Framed canvas — ver,framed-canvas,framed-canvas,"{""CanvasFormat"":""16x32-inch"",""CanvasFrame"":""wood-fsc-3-cm"",""CanvasMaterial"":""canvas"",""ColorType"":""4-0"",""FrameColor"":""black"",""FrameMaterial"":""wood"",""FrameProperties"":""w14xt42-mm"",""FrameSize"":""18x34-inch"",""FulfillmentService"":""canvas-mounting"",""Orientation"":""ver"",""ProductStatus"":""activated"",""State"":""published""}"
framed_canvas_wood_w14xt42-mm_16x32-inch_ver_dark-wood_18x34-inch_wood-fsc-3-cm_canvas_4-0_canvas-mounting,Framed canvas — ver,framed-canvas,framed-canvas,"{""CanvasFormat"":""16x32-inch"",""CanvasFrame"":""wood-fsc-3-cm"",""CanvasMaterial"":""canvas"",""ColorType"":""4-0"",""FrameColor"":""dark-wood"",""FrameMaterial"":""wood"",""FrameProperties"":""w14xt42-mm"",""FrameSize"":""18x34-inch"",""FulfillmentService"":""canvas-mounting"",""Orientation"":""ver"",""ProductStatus"":""activated"",""State"":""published""}"
framed_canvas_wood_w14xt42-mm_16x32-inch_ver_natural-wood_18x34-inch_wood-fsc-3-cm_canvas_4-0_canvas-mounting,Framed canvas — ver,framed-canvas,framed-canvas,"{""CanvasFormat"":""16x32-inch"",""CanvasFrame"":""wood-fsc-3-cm"",""CanvasMaterial"":""canvas"",""ColorType"":""4-0"",""FrameColor"":""natural-wood"",""FrameMaterial"":""wood"",""FrameProperties"":""w14xt42-mm"",""FrameSize"":""18x34-inch"",""FulfillmentService"":""canvas-mounting"",""Orientation"":""ver"",""ProductStatus"":""activated"",""State"":""published""}"
framed_canvas_wood_w14xt42-mm_18x24-inch_hor_black_20x26-inch_wood-fsc-3-cm_canvas_4-0_canvas-mounting,Framed canvas — hor,framed-canvas,framed-canvas,"{""CanvasFormat"":""18x24-inch"",""CanvasFrame"":""wood-fsc-3-cm"",""CanvasMaterial"":""canvas"",""ColorType"":""4-0"",""FrameColor"":""black"",""FrameMaterial"":""wood"",""FrameProperties"":""w14xt42-mm"",""FrameSize"":""20x26-inch"",""FulfillmentService"":""canvas-mounting"",""Orientation"":""hor"",""ProductStatus"":""activated"",""State"":""published""}"
framed_canvas_wood_w14xt42-mm_18x24-inch_hor_dark-wood_20x26-inch_wood-fsc-3-cm_canvas_4-0_canvas-mounting,Framed canvas — hor,framed-canvas,framed-canvas,"{""CanvasFormat"":""18x24-inch"",""CanvasFrame"":""wood-fsc-3-cm"",""CanvasMaterial"":""canvas"",""ColorType"":""4-0"",""FrameColor"":""dark-wood"",""FrameMaterial"":""wood"",""FrameProperties"":""w14xt42-mm"",""FrameSize"":""20x26-inch"",""FulfillmentService"":""canvas-mounting"",""Orientation"":""hor"",""ProductStatus"":""activated"",""State"":""published""}"
framed_canvas_wood_w14xt42-mm_18x24-inch_hor_natural-wood_20x26-inch_wood-fsc-3-cm_canvas_4-0_canvas-mounting,Framed canvas — hor,framed-canvas,framed-canvas,"{""CanvasFormat"":""18x24-inch"",""CanvasFrame"":""wood-fsc-3-cm"",""CanvasMaterial"":""canvas"",""ColorType"":""4-0"",""FrameColor"":""natural-wood"",""FrameMaterial"":""wood"",""FrameProperties"":""w14xt42-mm"",""FrameSize"":""20x26-inch"",""FulfillmentService"":""canvas-mounting"",""Orientation"":""hor"",""ProductStatus"":""activated"",""State"":""published""}"
framed_canvas_wood_w14xt42-mm_18x24-inch_ver_black_20x26-inch_wood-fsc-3-cm_canvas_4-0_canvas-mounting,Framed canvas — ver,framed-canvas,framed-canvas,"{""CanvasFormat"":""18x24-inch"",""CanvasFrame"":""wood-fsc-3-cm"",""CanvasMaterial"":""canvas"",""ColorType"":""4-0"",""FrameColor"":""black"",""FrameMaterial"":""wood"",""FrameProperties"":""w14xt42-mm"",""FrameSize"":""20x26-inch"",""FulfillmentService"":""canvas-mounting"",""Orientation"":""ver"",""ProductStatus"":""activated"",""State"":""published""}"
framed_canvas_wood_w14xt42-mm_18x24-inch_ver_dark-wood_20x26-inch_wood-fsc-3-cm_canvas_4-0_canvas-mounting,Framed canvas — ver,framed-canvas,framed-canvas,"{""CanvasFormat"":""18x24-inch"",""CanvasFrame"":""wood-fsc-3-cm"",""CanvasMaterial"":""canvas"",""ColorType"":""4-0"",""FrameColor"":""dark-wood"",""FrameMaterial"":""wood"",""FrameProperties"":""w14xt42-mm"",""FrameSize"":""20x26-inch"",""FulfillmentService"":""canvas-mounting"",""Orientation"":""ver"",""ProductStatus"":""activated"",""State"":""published""}"
framed_canvas_wood_w14xt42-mm_18x24-inch_ver_natural-wood_20x26-inch_wood-fsc-3-cm_canvas_4-0_canvas-mounting,Framed canvas — ver,framed-canvas,framed-canvas,"{""CanvasFormat"":""18x24-inch"",""CanvasFrame"":""wood-fsc-3-cm"",""CanvasMaterial"":""canvas"",""ColorType"":""4-0"",""FrameColor"":""natural-wood"",""FrameMaterial"":""wood"",""FrameProperties"":""w14xt42-mm"",""FrameSize"":""20x26-inch"",""FulfillmentService"":""canvas-mounting"",""Orientation"":""ver"",""ProductStatus"":""activated"",""State"":""published""}"
framed_canvas_wood_w14xt42-mm_200x200-mm_hor_black_252x252-mm_wood-fsc-3-cm_canvas_4-0_canvas-mounting,Framed canvas — hor,framed-canvas,framed-canvas,"{""CanvasFormat"":""200x200-mm"",""CanvasFrame"":""wood-fsc-3-cm"",""CanvasMaterial"":""canvas"",""ColorType"":""4-0"",""FrameColor"":""black"",""FrameMaterial"":""wood"",""FrameProperties"":""w14xt42-mm"",""FrameSize"":""252x252-mm"",""FulfillmentService"":""canvas-mounting"",""Orientation"":""hor"",""ProductStatus"":""activated"",""State"":""published""}"
framed_canvas_wood_w14xt42-mm_200x200-mm_hor_dark-wood_252x252-mm_wood-fsc-3-cm_canvas_4-0_canvas-mounting,Framed canvas — hor,framed-canvas,framed-canvas,"{""CanvasFormat"":""200x200-mm"",""CanvasFrame"":""wood-fsc-3-cm"",""CanvasMaterial"":""canvas"",""ColorType"":""4-0"",""FrameColor"":""dark-wood"",""FrameMaterial"":""wood"",""FrameProperties"":""w14xt42-mm"",""FrameSize"":""252x252-mm"",""FulfillmentService"":""canvas-mounting"",""Orientation"":""hor"",""ProductStatus"":""activated"",""State"":""published""}"
framed_canvas_wood_w14xt42-mm_200x200-mm_hor_natural-wood_252x252-mm_wood-fsc-3-cm_canvas_4-0_canvas-mounting,Framed canvas — hor,framed-canvas,framed-canvas,"{""CanvasFormat"":""200x200-mm"",""CanvasFrame"":""wood-fsc-3-cm"",""CanvasMaterial"":""canvas"",""ColorType"":""4-0"",""FrameColor"":""natural-wood"",""FrameMaterial"":""wood"",""FrameProperties"":""w14xt42-mm"",""FrameSize"":""252x252-mm"",""FulfillmentService"":""canvas-mounting"",""Orientation"":""hor"",""ProductStatus"":""activated"",""State"":""published""}"
framed_canvas_wood_w14xt42-mm_200x200-mm_ver_black_252x252-mm_wood-fsc-3-cm_canvas_4-0_canvas-mounting,Framed canvas — ver,framed-canvas,framed-canvas,"{""CanvasFormat"":""200x200-mm"",""CanvasFrame"":""wood-fsc-3-cm"",""CanvasMaterial"":""canvas"",""ColorType"":""4-0"",""FrameColor"":""black"",""FrameMaterial"":""wood"",""FrameProperties"":""w14xt42-mm"",""FrameSize"":""252x252-mm"",""FulfillmentService"":""canvas-mounting"",""Orientation"":""ver"",""ProductStatus"":""activated"",""State"":""published""}"
framed_canvas_wood_w14xt42-mm_200x200-mm_ver_dark-wood_252x252-mm_wood-fsc-3-cm_canvas_4-0_canvas-mounting,Framed canvas — ver,framed-canvas,framed-canvas,"{""CanvasFormat"":""200x200-mm"",""CanvasFrame"":""wood-fsc-3-cm"",""CanvasMaterial"":""canvas"",""ColorType"":""4-0"",""FrameColor"":""dark-wood"",""FrameMaterial"":""wood"",""FrameProperties"":""w14xt42-mm"",""FrameSize"":""252x252-mm"",""FulfillmentService"":""canvas-mounting"",""Orientation"":""ver"",""ProductStatus"":""activated"",""State"":""published""}"
framed_canvas_wood_w14xt42-mm_200x200-mm_ver_natural-wood_252x252-mm_wood-fsc-3-cm_canvas_4-0_canvas-mounting,Framed canvas — ver,framed-canvas,framed-canvas,"{""CanvasFormat"":""200x200-mm"",""CanvasFrame"":""wood-fsc-3-cm"",""CanvasMaterial"":""canvas"",""ColorType"":""4-0"",""FrameColor"":""natural-wood"",""FrameMaterial"":""wood"",""FrameProperties"":""w14xt42-mm"",""FrameSize"":""252x252-mm"",""FulfillmentService"":""canvas-mounting"",""Orientation"":""ver"",""ProductStatus"":""activated"",""State"":""published""}"
framed_canvas_wood_w14xt42-mm_200x250-mm_hor_black_252x302-mm_wood-fsc-3-cm_canvas_4-0_canvas-mounting,Framed canvas — hor,framed-canvas,framed-canvas,"{""CanvasFormat"":""200x250-mm"",""CanvasFrame"":""wood-fsc-3-cm"",""CanvasMaterial"":""canvas"",""ColorType"":""4-0"",""FrameColor"":""black"",""FrameMaterial"":""wood"",""FrameProperties"":""w14xt42-mm"",""FrameSize"":""252x302-mm"",""FulfillmentService"":""canvas-mounting"",""Orientation"":""hor"",""ProductStatus"":""activated"",""State"":""published""}"
framed_canvas_wood_w14xt42-mm_200x250-mm_hor_dark-wood_252x302-mm_wood-fsc-3-cm_canvas_4-0_canvas-mounting,Framed canvas — hor,framed-canvas,framed-canvas,"{""CanvasFormat"":""200x250-mm"",""CanvasFrame"":""wood-fsc-3-cm"",""CanvasMaterial"":""canvas"",""ColorType"":""4-0"",""FrameColor"":""dark-wood"",""FrameMaterial"":""wood"",""FrameProperties"":""w14xt42-mm"",""FrameSize"":""252x302-mm"",""FulfillmentService"":""canvas-mounting"",""Orientation"":""hor"",""ProductStatus"":""activated"",""State"":""published""}"
framed_canvas_wood_w14xt42-mm_200x250-mm_hor_natural-wood_252x302-mm_wood-fsc-3-cm_canvas_4-0_canvas-mounting,Framed canvas — hor,framed-canvas,framed-canvas,"{""CanvasFormat"":""200x250-mm"",""CanvasFrame"":""wood-fsc-3-cm"",""CanvasMaterial"":""canvas"",""ColorType"":""4-0"",""FrameColor"":""natural-wood"",""FrameMaterial"":""wood"",""FrameProperties"":""w14xt42-mm"",""FrameSize"":""252x302-mm"",""FulfillmentService"":""canvas-mounting"",""Orientation"":""hor"",""ProductStatus"":""activated"",""State"":""published""}"
framed_canvas_wood_w14xt42-mm_200x250-mm_ver_black_252x302-mm_wood-fsc-3-cm_canvas_4-0_canvas-mounting,Framed canvas — ver,framed-canvas,framed-canvas,"{""CanvasFormat"":""200x250-mm"",""CanvasFrame"":""wood-fsc-3-cm"",""CanvasMaterial"":""canvas"",""ColorType"":""4-0"",""FrameColor"":""black"",""FrameMaterial"":""wood"",""FrameProperties"":""w14xt42-mm"",""FrameSize"":""252x302-mm"",""FulfillmentService"":""canvas-mounting"",""Orientation"":""ver"",""ProductStatus"":""activated"",""State"":""published""}"
framed_canvas_wood_w14xt42-mm_200x250-mm_ver_dark-wood_252x302-mm_wood-fsc-3-cm_canvas_4-0_canvas-mounting,Framed canvas — ver,framed-canvas,framed-canvas,"{""CanvasFormat"":""200x250-mm"",""CanvasFrame"":""wood-fsc-3-cm"",""CanvasMaterial"":""canvas"",""ColorType"":""4-0"",""FrameColor"":""dark-wood"",""FrameMaterial"":""wood"",""FrameProperties"":""w14xt42-mm"",""FrameSize"":""252x302-mm"",""FulfillmentService"":""canvas-mounting"",""Orientation"":""ver"",""ProductStatus"":""activated"",""State"":""published""}"
framed_canvas_wood_w14xt42-mm_200x250-mm_ver_natural-wood_252x302-mm_wood-fsc-3-cm_canvas_4-0_canvas-mounting,Framed canvas — ver,framed-canvas,framed-canvas,"{""CanvasFormat"":""200x250-mm"",""CanvasFrame"":""wood-fsc-3-cm"",""CanvasMaterial"":""canvas"",""ColorType"":""4-0"",""FrameColor"":""natural-wood"",""FrameMaterial"":""wood"",""FrameProperties"":""w14xt42-mm"",""FrameSize"":""252x302-mm"",""FulfillmentService"":""canvas-mounting"",""Orientation"":""ver"",""ProductStatus"":""activated"",""State"":""published""}"
framed_canvas_wood_w14xt42-mm_200x300-mm_hor_black_252x352-mm_wood-fsc-3-cm_canvas_4-0_canvas-mounting,Framed canvas — hor,framed-canvas,framed-canvas,"{""CanvasFormat"":""200x300-mm"",""CanvasFrame"":""wood-fsc-3-cm"",""CanvasMaterial"":""canvas"",""ColorType"":""4-0"",""FrameColor"":""black"",""FrameMaterial"":""wood"",""FrameProperties"":""w14xt42-mm"",""FrameSize"":""252x352-mm"",""FulfillmentService"":""canvas-mounting"",""Orientation"":""hor"",""ProductStatus"":""activated"",""State"":""published""}"
framed_canvas_wood_w14xt42-mm_200x300-mm_hor_dark-wood_252x352-mm_wood-fsc-3-cm_canvas_4-0_canvas-mounting,Framed canvas — hor,framed-canvas,framed-canvas,"{""CanvasFormat"":""200x300-mm"",""CanvasFrame"":""wood-fsc-3-cm"",""CanvasMaterial"":""canvas"",""ColorType"":""4-0"",""FrameColor"":""dark-wood"",""FrameMaterial"":""wood"",""FrameProperties"":""w14xt42-mm"",""FrameSize"":""252x352-mm"",""FulfillmentService"":""canvas-mounting"",""Orientation"":""hor"",""ProductStatus"":""activated"",""State"":""published""}"
framed_canvas_wood_w14xt42-mm_200x300-mm_hor_natural-wood_252x352-mm_wood-fsc-3-cm_canvas_4-0_canvas-mounting,Framed canvas — hor,framed-canvas,framed-canvas,"{""CanvasFormat"":""200x300-mm"",""CanvasFrame"":""wood-fsc-3-cm"",""CanvasMaterial"":""canvas"",""ColorType"":""4-0"",""FrameColor"":""natural-wood"",""FrameMaterial"":""wood"",""FrameProperties"":""w14xt42-mm"",""FrameSize"":""252x352-mm"",""FulfillmentService"":""canvas-mounting"",""Orientation"":""hor"",""ProductStatus"":""activated"",""State"":""published""}"
framed_canvas_wood_w14xt42-mm_200x300-mm_ver_black_252x352-mm_wood-fsc-3-cm_canvas_4-0_canvas-mounting,Framed canvas — ver,framed-canvas,framed-canvas,"{""CanvasFormat"":""200x300-mm"",""CanvasFrame"":""wood-fsc-3-cm"",""CanvasMaterial"":""canvas"",""ColorType"":""4-0"",""FrameColor"":""black"",""FrameMaterial"":""wood"",""FrameProperties"":""w14xt42-mm"",""FrameSize"":""252x352-mm"",""FulfillmentService"":""canvas-mounting"",""Orientation"":""ver"",""ProductStatus"":""activated"",""State"":""published""}"
framed_canvas_wood_w14xt42-mm_200x300-mm_ver_dark-wood_252x352-mm_wood-fsc-3-cm_canvas_4-0_canvas-mounting,Framed canvas — ver,framed-canvas,framed-canvas,"{""CanvasFormat"":""200x300-mm"",""CanvasFrame"":""wood-fsc-3-cm"",""CanvasMaterial"":""canvas"",""ColorType"":""4-0"",""FrameColor"":""dark-wood"",""FrameMaterial"":""wood"",""FrameProperties"":""w14xt42-mm"",""FrameSize"":""252x352-mm"",""FulfillmentService"":""canvas-mounting"",""Orientation"":""ver"",""ProductStatus"":""activated"",""State"":""published""}"
framed_canvas_wood_w14xt42-mm_200x300-mm_ver_natural-wood_252x352-mm_wood-fsc-3-cm_canvas_4-0_canvas-mounting,Framed canvas — ver,framed-canvas,framed-canvas,"{""CanvasFormat"":""200x300-mm"",""CanvasFrame"":""wood-fsc-3-cm"",""CanvasMaterial"":""canvas"",""ColorType"":""4-0"",""FrameColor"":""natural-wood"",""FrameMaterial"":""wood"",""FrameProperties"":""w14xt42-mm"",""FrameSize"":""252x352-mm"",""FulfillmentService"":""canvas-mounting"",""Orientation"":""ver"",""ProductStatus"":""activated"",""State"":""published""}"
framed_canvas_wood_w14xt42-mm_200x600-mm_hor_black_252x652-mm_wood-fsc-3-cm_canvas_4-0_canvas-mounting,Framed canvas — hor,framed-canvas,framed-canvas,"{""CanvasFormat"":""200x600-mm"",""CanvasFrame"":""wood-fsc-3-cm"",""CanvasMaterial"":""canvas"",""ColorType"":""4-0"",""FrameColor"":""black"",""FrameMaterial"":""wood"",""FrameProperties"":""w14xt42-mm"",""FrameSize"":""252x652-mm"",""FulfillmentService"":""canvas-mounting"",""Orientation"":""hor"",""ProductStatus"":""activated"",""State"":""published""}"
framed_canvas_wood_w14xt42-mm_200x600-mm_hor_dark-wood_252x652-mm_wood-fsc-3-cm_canvas_4-0_canvas-mounting,Framed canvas — hor,framed-canvas,framed-canvas,"{""CanvasFormat"":""200x600-mm"",""CanvasFrame"":""wood-fsc-3-cm"",""CanvasMaterial"":""canvas"",""ColorType"":""4-0"",""FrameColor"":""dark-wood"",""FrameMaterial"":""wood"",""FrameProperties"":""w14xt42-mm"",""FrameSize"":""252x652-mm"",""FulfillmentService"":""canvas-mounting"",""Orientation"":""hor"",""ProductStatus"":""activated"",""State"":""published""}"
framed_canvas_wood_w14xt42-mm_200x600-mm_hor_natural-wood_252x652-mm_wood-fsc-3-cm_canvas_4-0_canvas-mounting,Framed canvas — hor,framed-canvas,framed-canvas,"{""CanvasFormat"":""200x600-mm"",""CanvasFrame"":""wood-fsc-3-cm"",""CanvasMaterial"":""canvas"",""ColorType"":""4-0"",""FrameColor"":""natural-wood"",""FrameMaterial"":""wood"",""FrameProperties"":""w14xt42-mm"",""FrameSize"":""252x652-mm"",""FulfillmentService"":""canvas-mounting"",""Orientation"":""hor"",""ProductStatus"":""activated"",""State"":""published""}"
framed_canvas_wood_w14xt42-mm_200x600-mm_ver_black_252x652-mm_wood-fsc-3-cm_canvas_4-0_canvas-mounting,Framed canvas — ver,framed-canvas,framed-canvas,"{""CanvasFormat"":""200x600-mm"",""CanvasFrame"":""wood-fsc-3-cm"",""CanvasMaterial"":""canvas"",""ColorType"":""4-0"",""FrameColor"":""black"",""FrameMaterial"":""wood"",""FrameProperties"":""w14xt42-mm"",""FrameSize"":""252x652-mm"",""FulfillmentService"":""canvas-mounting"",""Orientation"":""ver"",""ProductStatus"":""activated"",""State"":""published""}"
framed_canvas_wood_w14xt42-mm_200x600-mm_ver_dark-wood_252x652-mm_wood-fsc-3-cm_canvas_4-0_canvas-mounting,Framed canvas — ver,framed-canvas,framed-canvas,"{""CanvasFormat"":""200x600-mm"",""CanvasFrame"":""wood-fsc-3-cm"",""CanvasMaterial"":""canvas"",""ColorType"":""4-0"",""FrameColor"":""dark-wood"",""FrameMaterial"":""wood"",""FrameProperties"":""w14xt42-mm"",""FrameSize"":""252x652-mm"",""FulfillmentService"":""canvas-mounting"",""Orientation"":""ver"",""ProductStatus"":""activated"",""State"":""published""}"
framed_canvas_wood_w14xt42-mm_200x600-mm_ver_natural-wood_252x652-mm_wood-fsc-3-cm_canvas_4-0_canvas-mounting,Framed canvas — ver,framed-canvas,framed-canvas,"{""CanvasFormat"":""200x600-mm"",""CanvasFrame"":""wood-fsc-3-cm"",""CanvasMaterial"":""canvas"",""ColorType"":""4-0"",""FrameColor"":""natural-wood"",""FrameMaterial"":""wood"",""FrameProperties"":""w14xt42-mm"",""FrameSize"":""252x652-mm"",""FulfillmentService"":""canvas-mounting"",""Orientation"":""ver"",""ProductStatus"":""activated"",""State"":""published""}"
framed_canvas_wood_w14xt42-mm_20x20-inch_hor_black_22x22-inch_wood-fsc-3-cm_canvas_4-0_canvas-mounting,Framed canvas — hor,framed-canvas,framed-canvas,"{""CanvasFormat"":""20x20-inch"",""CanvasFrame"":""wood-fsc-3-cm"",""CanvasMaterial"":""canvas"",""ColorType"":""4-0"",""FrameColor"":""black"",""FrameMaterial"":""wood"",""FrameProperties"":""w14xt42-mm"",""FrameSize"":""22x22-inch"",""FulfillmentService"":""canvas-mounting"",""Orientation"":""hor"",""ProductStatus"":""activated"",""State"":""published""}"
framed_canvas_wood_w14xt42-mm_20x20-inch_hor_dark-wood_22x22-inch_wood-fsc-3-cm_canvas_4-0_canvas-mounting,Framed canvas — hor,framed-canvas,framed-canvas,"{""CanvasFormat"":""20x20-inch"",""CanvasFrame"":""wood-fsc-3-cm"",""CanvasMaterial"":""canvas"",""ColorType"":""4-0"",""FrameColor"":""dark-wood"",""FrameMaterial"":""wood"",""FrameProperties"":""w14xt42-mm"",""FrameSize"":""22x22-inch"",""FulfillmentService"":""canvas-mounting"",""Orientation"":""hor"",""ProductStatus"":""activated"",""State"":""published""}"
framed_canvas_wood_w14xt42-mm_20x20-inch_hor_natural-wood_22x22-inch_wood-fsc-3-cm_canvas_4-0_canvas-mounting,Framed canvas — hor,framed-canvas,framed-canvas,"{""CanvasFormat"":""20x20-inch"",""CanvasFrame"":""wood-fsc-3-cm"",""CanvasMaterial"":""canvas"",""ColorType"":""4-0"",""FrameColor"":""natural-wood"",""FrameMaterial"":""wood"",""FrameProperties"":""w14xt42-mm"",""FrameSize"":""22x22-inch"",""FulfillmentService"":""canvas-mounting"",""Orientation"":""hor"",""ProductStatus"":""activated"",""State"":""published""}"
framed_canvas_wood_w14xt42-mm_20x20-inch_ver_black_22x22-inch_wood-fsc-3-cm_canvas_4-0_canvas-mounting,Framed canvas — ver,framed-canvas,framed-canvas,"{""CanvasFormat"":""20x20-inch"",""CanvasFrame"":""wood-fsc-3-cm"",""CanvasMaterial"":""canvas"",""ColorType"":""4-0"",""FrameColor"":""black"",""FrameMaterial"":""wood"",""FrameProperties"":""w14xt42-mm"",""FrameSize"":""22x22-inch"",""FulfillmentService"":""canvas-mounting"",""Orientation"":""ver"",""ProductStatus"":""activated"",""State"":""published""}"
framed_canvas_wood_w14xt42-mm_20x20-inch_ver_dark-wood_22x22-inch_wood-fsc-3-cm_canvas_4-0_canvas-mounting,Framed canvas — ver,framed-canvas,framed-canvas,"{""CanvasFormat"":""20x20-inch"",""CanvasFrame"":""wood-fsc-3-cm"",""CanvasMaterial"":""canvas"",""ColorType"":""4-0"",""FrameColor"":""dark-wood"",""FrameMaterial"":""wood"",""FrameProperties"":""w14xt42-mm"",""FrameSize"":""22x22-inch"",""FulfillmentService"":""canvas-mounting"",""Orientation"":""ver"",""ProductStatus"":""activated"",""State"":""published""}"
framed_canvas_wood_w14xt42-mm_20x20-inch_ver_natural-wood_22x22-inch_wood-fsc-3-cm_canvas_4-0_canvas-mounting,Framed canvas — ver,framed-canvas,framed-canvas,"{""CanvasFormat"":""20x20-inch"",""CanvasFrame"":""wood-fsc-3-cm"",""CanvasMaterial"":""canvas"",""ColorType"":""4-0"",""FrameColor"":""natural-wood"",""FrameMaterial"":""wood"",""FrameProperties"":""w14xt42-mm"",""FrameSize"":""22x22-inch"",""FulfillmentService"":""canvas-mounting"",""Orientation"":""ver"",""ProductStatus"":""activated"",""State"":""published""}"
framed_canvas_wood_w14xt42-mm_20x24-inch_hor_black_22x26-inch_wood-fsc-3-cm_canvas_4-0_canvas-mounting,Framed canvas — hor,framed-canvas,framed-canvas,"{""CanvasFormat"":""20x24-inch"",""CanvasFrame"":""wood-fsc-3-cm"",""CanvasMaterial"":""canvas"",""ColorType"":""4-0"",""FrameColor"":""black"",""FrameMaterial"":""wood"",""FrameProperties"":""w14xt42-mm"",""FrameSize"":""22x26-inch"",""FulfillmentService"":""canvas-mounting"",""Orientation"":""hor"",""ProductStatus"":""activated"",""State"":""published""}"
framed_canvas_wood_w14xt42-mm_20x24-inch_hor_dark-wood_22x26-inch_wood-fsc-3-cm_canvas_4-0_canvas-mounting,Framed canvas — hor,framed-canvas,framed-canvas,"{""CanvasFormat"":""20x24-inch"",""CanvasFrame"":""wood-fsc-3-cm"",""CanvasMaterial"":""canvas"",""ColorType"":""4-0"",""FrameColor"":""dark-wood"",""FrameMaterial"":""wood"",""FrameProperties"":""w14xt42-mm"",""FrameSize"":""22x26-inch"",""FulfillmentService"":""canvas-mounting"",""Orientation"":""hor"",""ProductStatus"":""activated"",""State"":""published""}"
framed_canvas_wood_w14xt42-mm_20x24-inch_hor_natural-wood_22x26-inch_wood-fsc-3-cm_canvas_4-0_canvas-mounting,Framed canvas — hor,framed-canvas,framed-canvas,"{""CanvasFormat"":""20x24-inch"",""CanvasFrame"":""wood-fsc-3-cm"",""CanvasMaterial"":""canvas"",""ColorType"":""4-0"",""FrameColor"":""natural-wood"",""FrameMaterial"":""wood"",""FrameProperties"":""w14xt42-mm"",""FrameSize"":""22x26-inch"",""FulfillmentService"":""canvas-mounting"",""Orientation"":""hor"",""ProductStatus"":""activated"",""State"":""published""}"
framed_canvas_wood_w14xt42-mm_20x24-inch_ver_black_22x26-inch_wood-fsc-3-cm_canvas_4-0_canvas-mounting,Framed canvas — ver,framed-canvas,framed-canvas,"{""CanvasFormat"":""20x24-inch"",""CanvasFrame"":""wood-fsc-3-cm"",""CanvasMaterial"":""canvas"",""ColorType"":""4-0"",""FrameColor"":""black"",""FrameMaterial"":""wood"",""FrameProperties"":""w14xt42-mm"",""FrameSize"":""22x26-inch"",""FulfillmentService"":""canvas-mounting"",""Orientation"":""ver"",""ProductStatus"":""activated"",""State"":""published""}"
framed_canvas_wood_w14xt42-mm_20x24-inch_ver_dark-wood_22x26-inch_wood-fsc-3-cm_canvas_4-0_canvas-mounting,Framed canvas — ver,framed-canvas,framed-canvas,"{""CanvasFormat"":""20x24-inch"",""CanvasFrame"":""wood-fsc-3-cm"",""CanvasMaterial"":""canvas"",""ColorType"":""4-0"",""FrameColor"":""dark-wood"",""FrameMaterial"":""wood"",""FrameProperties"":""w14xt42-mm"",""FrameSize"":""22x26-inch"",""FulfillmentService"":""canvas-mounting"",""Orientation"":""ver"",""ProductStatus"":""activated"",""State"":""published""}"
framed_canvas_wood_w14xt42-mm_20x24-inch_ver_natural-wood_22x26-inch_wood-fsc-3-cm_canvas_4-0_canvas-mounting,Framed canvas — ver,framed-canvas,framed-canvas,"{""CanvasFormat"":""20x24-inch"",""CanvasFrame"":""wood-fsc-3-cm"",""CanvasMaterial"":""canvas"",""ColorType"":""4-0"",""FrameColor"":""natural-wood"",""FrameMaterial"":""wood"",""FrameProperties"":""w14xt42-mm"",""FrameSize"":""22x26-inch"",""FulfillmentService"":""canvas-mounting"",""Orientation"":""ver"",""ProductStatus"":""activated"",""State"":""published""}"
framed_canvas_wood_w14xt42-mm_20x28-inch_hor_black_22x30-inch_wood-fsc-3-cm_canvas_4-0_canvas-mounting,Framed canvas — hor,framed-canvas,framed-canvas,"{""CanvasFormat"":""20x28-inch"",""CanvasFrame"":""wood-fsc-3-cm"",""CanvasMaterial"":""canvas"",""ColorType"":""4-0"",""FrameColor"":""black"",""FrameMaterial"":""wood"",""FrameProperties"":""w14xt42-mm"",""FrameSize"":""22x30-inch"",""FulfillmentService"":""canvas-mounting"",""Orientation"":""hor"",""ProductStatus"":""activated"",""State"":""published""}"
framed_canvas_wood_w14xt42-mm_20x28-inch_hor_dark-wood_22x30-inch_wood-fsc-3-cm_canvas_4-0_canvas-mounting,Framed canvas — hor,framed-canvas,framed-canvas,"{""CanvasFormat"":""20x28-inch"",""CanvasFrame"":""wood-fsc-3-cm"",""CanvasMaterial"":""canvas"",""ColorType"":""4-0"",""FrameColor"":""dark-wood"",""FrameMaterial"":""wood"",""FrameProperties"":""w14xt42-mm"",""FrameSize"":""22x30-inch"",""FulfillmentService"":""canvas-mounting"",""Orientation"":""hor"",""ProductStatus"":""activated"",""State"":""published""}"
framed_canvas_wood_w14xt42-mm_20x28-inch_hor_natural-wood_22x30-inch_wood-fsc-3-cm_canvas_4-0_canvas-mounting,Framed canvas — hor,framed-canvas,framed-canvas,"{""CanvasFormat"":""20x28-inch"",""CanvasFrame"":""wood-fsc-3-cm"",""CanvasMaterial"":""canvas"",""ColorType"":""4-0"",""FrameColor"":""natural-wood"",""FrameMaterial"":""wood"",""FrameProperties"":""w14xt42-mm"",""FrameSize"":""22x30-inch"",""FulfillmentService"":""canvas-mounting"",""Orientation"":""hor"",""ProductStatus"":""activated"",""State"":""published""}"
framed_canvas_wood_w14xt42-mm_20x28-inch_ver_black_22x30-inch_wood-fsc-3-cm_canvas_4-0_canvas-mounting,Framed canvas — ver,framed-canvas,framed-canvas,"{""CanvasFormat"":""20x28-inch"",""CanvasFrame"":""wood-fsc-3-cm"",""CanvasMaterial"":""canvas"",""ColorType"":""4-0"",""FrameColor"":""black"",""FrameMaterial"":""wood"",""FrameProperties"":""w14xt42-mm"",""FrameSize"":""22x30-inch"",""FulfillmentService"":""canvas-mounting"",""Orientation"":""ver"",""ProductStatus"":""activated"",""State"":""published""}"
framed_canvas_wood_w14xt42-mm_20x28-inch_ver_dark-wood_22x30-inch_wood-fsc-3-cm_canvas_4-0_canvas-mounting,Framed canvas — ver,framed-canvas,framed-canvas,"{""CanvasFormat"":""20x28-inch"",""CanvasFrame"":""wood-fsc-3-cm"",""CanvasMaterial"":""canvas"",""ColorType"":""4-0"",""FrameColor"":""dark-wood"",""FrameMaterial"":""wood"",""FrameProperties"":""w14xt42-mm"",""FrameSize"":""22x30-inch"",""FulfillmentService"":""canvas-mounting"",""Orientation"":""ver"",""ProductStatus"":""activated"",""State"":""published""}"
framed_canvas_wood_w14xt42-mm_20x28-inch_ver_natural-wood_22x30-inch_wood-fsc-3-cm_canvas_4-0_canvas-mounting,Framed canvas — ver,framed-canvas,framed-canvas,"{""CanvasFormat"":""20x28-inch"",""CanvasFrame"":""wood-fsc-3-cm"",""CanvasMaterial"":""canvas"",""ColorType"":""4-0"",""FrameColor"":""natural-wood"",""FrameMaterial"":""wood"",""FrameProperties"":""w14xt42-mm"",""FrameSize"":""22x30-inch"",""FulfillmentService"":""canvas-mounting"",""Orientation"":""ver"",""ProductStatus"":""activated"",""State"":""published""}"
framed_canvas_wood_w14xt42-mm_20x30-inch_hor_black_22x32-inch_wood-fsc-3-cm_canvas_4-0_canvas-mounting,Framed canvas — hor,framed-canvas,framed-canvas,"{""CanvasFormat"":""20x30-inch"",""CanvasFrame"":""wood-fsc-3-cm"",""CanvasMaterial"":""canvas"",""ColorType"":""4-0"",""FrameColor"":""black"",""FrameMaterial"":""wood"",""FrameProperties"":""w14xt42-mm"",""FrameSize"":""22x32-inch"",""FulfillmentService"":""canvas-mounting"",""Orientation"":""hor"",""ProductStatus"":""activated"",""State"":""published""}"
framed_canvas_wood_w14xt42-mm_20x30-inch_hor_dark-wood_22x32-inch_wood-fsc-3-cm_canvas_4-0_canvas-mounting,Framed canvas — hor,framed-canvas,framed-canvas,"{""CanvasFormat"":""20x30-inch"",""CanvasFrame"":""wood-fsc-3-cm"",""CanvasMaterial"":""canvas"",""ColorType"":""4-0"",""FrameColor"":""dark-wood"",""FrameMaterial"":""wood"",""FrameProperties"":""w14xt42-mm"",""FrameSize"":""22x32-inch"",""FulfillmentService"":""canvas-mounting"",""Orientation"":""hor"",""ProductStatus"":""activated"",""State"":""published""}"
framed_canvas_wood_w14xt42-mm_20x30-inch_hor_natural-wood_22x32-inch_wood-fsc-3-cm_canvas_4-0_canvas-mounting,Framed canvas — hor,framed-canvas,framed-canvas,"{""CanvasFormat"":""20x30-inch"",""CanvasFrame"":""wood-fsc-3-cm"",""CanvasMaterial"":""canvas"",""ColorType"":""4-0"",""FrameColor"":""natural-wood"",""FrameMaterial"":""wood"",""FrameProperties"":""w14xt42-mm"",""FrameSize"":""22x32-inch"",""FulfillmentService"":""canvas-mounting"",""Orientation"":""hor"",""ProductStatus"":""activated"",""State"":""published""}"
framed_canvas_wood_w14xt42-mm_20x30-inch_ver_black_22x32-inch_wood-fsc-3-cm_canvas_4-0_canvas-mounting,Framed canvas — ver,framed-canvas,framed-canvas,"{""CanvasFormat"":""20x30-inch"",""CanvasFrame"":""wood-fsc-3-cm"",""CanvasMaterial"":""canvas"",""ColorType"":""4-0"",""FrameColor"":""black"",""FrameMaterial"":""wood"",""FrameProperties"":""w14xt42-mm"",""FrameSize"":""22x32-inch"",""FulfillmentService"":""canvas-mounting"",""Orientation"":""ver"",""ProductStatus"":""activated"",""State"":""published""}"
framed_canvas_wood_w14xt42-mm_20x30-inch_ver_dark-wood_22x32-inch_wood-fsc-3-cm_canvas_4-0_canvas-mounting,Framed canvas — ver,framed-canvas,framed-canvas,"{""CanvasFormat"":""20x30-inch"",""CanvasFrame"":""wood-fsc-3-cm"",""CanvasMaterial"":""canvas"",""ColorType"":""4-0"",""FrameColor"":""dark-wood"",""FrameMaterial"":""wood"",""FrameProperties"":""w14xt42-mm"",""FrameSize"":""22x32-inch"",""FulfillmentService"":""canvas-mounting"",""Orientation"":""ver"",""ProductStatus"":""activated"",""State"":""published""}"
framed_canvas_wood_w14xt42-mm_20x30-inch_ver_natural-wood_22x32-inch_wood-fsc-3-cm_canvas_4-0_canvas-mounting,Framed canvas — ver,framed-canvas,framed-canvas,"{""CanvasFormat"":""20x30-inch"",""CanvasFrame"":""wood-fsc-3-cm"",""CanvasMaterial"":""canvas"",""ColorType"":""4-0"",""FrameColor"":""natural-wood"",""FrameMaterial"":""wood"",""FrameProperties"":""w14xt42-mm"",""FrameSize"":""22x32-inch"",""FulfillmentService"":""canvas-mounting"",""Orientation"":""ver"",""ProductStatus"":""activated"",""State"":""published""}"
framed_canvas_wood_w14xt42-mm_20x40-inch_hor_black_22x42-inch_wood-fsc-3-cm_canvas_4-0_canvas-mounting,Framed canvas — hor,framed-canvas,framed-canvas,"{""CanvasFormat"":""20x40-inch"",""CanvasFrame"":""wood-fsc-3-cm"",""CanvasMaterial"":""canvas"",""ColorType"":""4-0"",""FrameColor"":""black"",""FrameMaterial"":""wood"",""FrameProperties"":""w14xt42-mm"",""FrameSize"":""22x42-inch"",""FulfillmentService"":""canvas-mounting"",""Orientation"":""hor"",""ProductStatus"":""activated"",""State"":""published""}"
framed_canvas_wood_w14xt42-mm_20x40-inch_hor_dark-wood_22x42-inch_wood-fsc-3-cm_canvas_4-0_canvas-mounting,Framed canvas — hor,framed-canvas,framed-canvas,"{""CanvasFormat"":""20x40-inch"",""CanvasFrame"":""wood-fsc-3-cm"",""CanvasMaterial"":""canvas"",""ColorType"":""4-0"",""FrameColor"":""dark-wood"",""FrameMaterial"":""wood"",""FrameProperties"":""w14xt42-mm"",""FrameSize"":""22x42-inch"",""FulfillmentService"":""canvas-mounting"",""Orientation"":""hor"",""ProductStatus"":""activated"",""State"":""published""}"
framed_canvas_wood_w14xt42-mm_20x40-inch_hor_natural-wood_22x42-inch_wood-fsc-3-cm_canvas_4-0_canvas-mounting,Framed canvas — hor,framed-canvas,framed-canvas,"{""CanvasFormat"":""20x40-inch"",""CanvasFrame"":""wood-fsc-3-cm"",""CanvasMaterial"":""canvas"",""ColorType"":""4-0"",""FrameColor"":""natural-wood"",""FrameMaterial"":""wood"",""FrameProperties"":""w14xt42-mm"",""FrameSize"":""22x42-inch"",""FulfillmentService"":""canvas-mounting"",""Orientation"":""hor"",""ProductStatus"":""activated"",""State"":""published""}"
framed_canvas_wood_w14xt42-mm_20x40-inch_ver_black_22x42-inch_wood-fsc-3-cm_canvas_4-0_canvas-mounting,Framed canvas — ver,framed-canvas,framed-canvas,"{""CanvasFormat"":""20x40-inch"",""CanvasFrame"":""wood-fsc-3-cm"",""CanvasMaterial"":""canvas"",""ColorType"":""4-0"",""FrameColor"":""black"",""FrameMaterial"":""wood"",""FrameProperties"":""w14xt42-mm"",""FrameSize"":""22x42-inch"",""FulfillmentService"":""canvas-mounting"",""Orientation"":""ver"",""ProductStatus"":""activated"",""State"":""published""}"
framed_canvas_wood_w14xt42-mm_20x40-inch_ver_dark-wood_22x42-inch_wood-fsc-3-cm_canvas_4-0_canvas-mounting,Framed canvas — ver,framed-canvas,framed-canvas,"{""CanvasFormat"":""20x40-inch"",""CanvasFrame"":""wood-fsc-3-cm"",""CanvasMaterial"":""canvas"",""ColorType"":""4-0"",""FrameColor"":""dark-wood"",""FrameMaterial"":""wood"",""FrameProperties"":""w14xt42-mm"",""FrameSize"":""22x42-inch"",""FulfillmentService"":""canvas-mounting"",""Orientation"":""ver"",""ProductStatus"":""activated"",""State"":""published""}"
framed_canvas_wood_w14xt42-mm_20x40-inch_ver_natural-wood_22x42-inch_wood-fsc-3-cm_canvas_4-0_canvas-mounting,Framed canvas — ver,framed-canvas,framed-canvas,"{""CanvasFormat"":""20x40-inch"",""CanvasFrame"":""wood-fsc-3-cm"",""CanvasMaterial"":""canvas"",""ColorType"":""4-0"",""FrameColor"":""natural-wood"",""FrameMaterial"":""wood"",""FrameProperties"":""w14xt42-mm"",""FrameSize"":""22x42-inch"",""FulfillmentService"":""canvas-mounting"",""Orientation"":""ver"",""ProductStatus"":""activated"",""State"":""published""}"
framed_canvas_wood_w14xt42-mm_24x24-inch_hor_black_26x26-inch_wood-fsc-3-cm_canvas_4-0_canvas-mounting,Framed canvas — hor,framed-canvas,framed-canvas,"{""CanvasFormat"":""24x24-inch"",""CanvasFrame"":""wood-fsc-3-cm"",""CanvasMaterial"":""canvas"",""ColorType"":""4-0"",""FrameColor"":""black"",""FrameMaterial"":""wood"",""FrameProperties"":""w14xt42-mm"",""FrameSize"":""26x26-inch"",""FulfillmentService"":""canvas-mounting"",""Orientation"":""hor"",""ProductStatus"":""activated"",""State"":""published""}"
framed_canvas_wood_w14xt42-mm_24x24-inch_hor_dark-wood_26x26-inch_wood-fsc-3-cm_canvas_4-0_canvas-mounting,Framed canvas — hor,framed-canvas,framed-canvas,"{""CanvasFormat"":""24x24-inch"",""CanvasFrame"":""wood-fsc-3-cm"",""CanvasMaterial"":""canvas"",""ColorType"":""4-0"",""FrameColor"":""dark-wood"",""FrameMaterial"":""wood"",""FrameProperties"":""w14xt42-mm"",""FrameSize"":""26x26-inch"",""FulfillmentService"":""canvas-mounting"",""Orientation"":""hor"",""ProductStatus"":""activated"",""State"":""published""}"
framed_canvas_wood_w14xt42-mm_24x24-inch_hor_natural-wood_26x26-inch_wood-fsc-3-cm_canvas_4-0_canvas-mounting,Framed canvas — hor,framed-canvas,framed-canvas,"{""CanvasFormat"":""24x24-inch"",""CanvasFrame"":""wood-fsc-3-cm"",""CanvasMaterial"":""canvas"",""ColorType"":""4-0"",""FrameColor"":""natural-wood"",""FrameMaterial"":""wood"",""FrameProperties"":""w14xt42-mm"",""FrameSize"":""26x26-inch"",""FulfillmentService"":""canvas-mounting"",""Orientation"":""hor"",""ProductStatus"":""activated"",""State"":""published""}"
framed_canvas_wood_w14xt42-mm_24x24-inch_ver_black_26x26-inch_wood-fsc-3-cm_canvas_4-0_canvas-mounting,Framed canvas — ver,framed-canvas,framed-canvas,"{""CanvasFormat"":""24x24-inch"",""CanvasFrame"":""wood-fsc-3-cm"",""CanvasMaterial"":""canvas"",""ColorType"":""4-0"",""FrameColor"":""black"",""FrameMaterial"":""wood"",""FrameProperties"":""w14xt42-mm"",""FrameSize"":""26x26-inch"",""FulfillmentService"":""canvas-mounting"",""Orientation"":""ver"",""ProductStatus"":""activated"",""State"":""published""}"
framed_canvas_wood_w14xt42-mm_24x24-inch_ver_dark-wood_26x26-inch_wood-fsc-3-cm_canvas_4-0_canvas-mounting,Framed canvas — ver,framed-canvas,framed-canvas,"{""CanvasFormat"":""24x24-inch"",""CanvasFrame"":""wood-fsc-3-cm"",""CanvasMaterial"":""canvas"",""ColorType"":""4-0"",""FrameColor"":""dark-wood"",""FrameMaterial"":""wood"",""FrameProperties"":""w14xt42-mm"",""FrameSize"":""26x26-inch"",""FulfillmentService"":""canvas-mounting"",""Orientation"":""ver"",""ProductStatus"":""activated"",""State"":""published""}"
framed_canvas_wood_w14xt42-mm_24x24-inch_ver_natural-wood_26x26-inch_wood-fsc-3-cm_canvas_4-0_canvas-mounting,Framed canvas — ver,framed-canvas,framed-canvas,"{""CanvasFormat"":""24x24-inch"",""CanvasFrame"":""wood-fsc-3-cm"",""CanvasMaterial"":""canvas"",""ColorType"":""4-0"",""FrameColor"":""natural-wood"",""FrameMaterial"":""wood"",""FrameProperties"":""w14xt42-mm"",""FrameSize"":""26x26-inch"",""FulfillmentService"":""canvas-mounting"",""Orientation"":""ver"",""ProductStatus"":""activated"",""State"":""published""}"
framed_canvas_wood_w14xt42-mm_24x30-inch_hor_black_26x32-inch_wood-fsc-3-cm_canvas_4-0_canvas-mounting,Framed canvas — hor,framed-canvas,framed-canvas,"{""CanvasFormat"":""24x30-inch"",""CanvasFrame"":""wood-fsc-3-cm"",""CanvasMaterial"":""canvas"",""ColorType"":""4-0"",""FrameColor"":""black"",""FrameMaterial"":""wood"",""FrameProperties"":""w14xt42-mm"",""FrameSize"":""26x32-inch"",""FulfillmentService"":""canvas-mounting"",""Orientation"":""hor"",""ProductStatus"":""activated"",""State"":""published""}"
framed_canvas_wood_w14xt42-mm_24x30-inch_hor_dark-wood_26x32-inch_wood-fsc-3-cm_canvas_4-0_canvas-mounting,Framed canvas — hor,framed-canvas,framed-canvas,"{""CanvasFormat"":""24x30-inch"",""CanvasFrame"":""wood-fsc-3-cm"",""CanvasMaterial"":""canvas"",""ColorType"":""4-0"",""FrameColor"":""dark-wood"",""FrameMaterial"":""wood"",""FrameProperties"":""w14xt42-mm"",""FrameSize"":""26x32-inch"",""FulfillmentService"":""canvas-mounting"",""Orientation"":""hor"",""ProductStatus"":""activated"",""State"":""published""}"
framed_canvas_wood_w14xt42-mm_24x30-inch_hor_natural-wood_26x32-inch_wood-fsc-3-cm_canvas_4-0_canvas-mounting,Framed canvas — hor,framed-canvas,framed-canvas,"{""CanvasFormat"":""24x30-inch"",""CanvasFrame"":""wood-fsc-3-cm"",""CanvasMaterial"":""canvas"",""ColorType"":""4-0"",""FrameColor"":""natural-wood"",""FrameMaterial"":""wood"",""FrameProperties"":""w14xt42-mm"",""FrameSize"":""26x32-inch"",""FulfillmentService"":""canvas-mounting"",""Orientation"":""hor"",""ProductStatus"":""activated"",""State"":""published""}"
framed_canvas_wood_w14xt42-mm_24x30-inch_ver_black_26x32-inch_wood-fsc-3-cm_canvas_4-0_canvas-mounting,Framed canvas — ver,framed-canvas,framed-canvas,"{""CanvasFormat"":""24x30-inch"",""CanvasFrame"":""wood-fsc-3-cm"",""CanvasMaterial"":""canvas"",""ColorType"":""4-0"",""FrameColor"":""black"",""FrameMaterial"":""wood"",""FrameProperties"":""w14xt42-mm"",""FrameSize"":""26x32-inch"",""FulfillmentService"":""canvas-mounting"",""Orientation"":""ver"",""ProductStatus"":""activated"",""State"":""published""}"
framed_canvas_wood_w14xt42-mm_24x30-inch_ver_dark-wood_26x32-inch_wood-fsc-3-cm_canvas_4-0_canvas-mounting,Framed canvas — ver,framed-canvas,framed-canvas,"{""CanvasFormat"":""24x30-inch"",""CanvasFrame"":""wood-fsc-3-cm"",""CanvasMaterial"":""canvas"",""ColorType"":""4-0"",""FrameColor"":""dark-wood"",""FrameMaterial"":""wood"",""FrameProperties"":""w14xt42-mm"",""FrameSize"":""26x32-inch"",""FulfillmentService"":""canvas-mounting"",""Orientation"":""ver"",""ProductStatus"":""activated"",""State"":""published""}"
framed_canvas_wood_w14xt42-mm_24x30-inch_ver_natural-wood_26x32-inch_wood-fsc-3-cm_canvas_4-0_canvas-mounting,Framed canvas — ver,framed-canvas,framed-canvas,"{""CanvasFormat"":""24x30-inch"",""CanvasFrame"":""wood-fsc-3-cm"",""CanvasMaterial"":""canvas"",""ColorType"":""4-0"",""FrameColor"":""natural-wood"",""FrameMaterial"":""wood"",""FrameProperties"":""w14xt42-mm"",""FrameSize"":""26x32-inch"",""FulfillmentService"":""canvas-mounting"",""Orientation"":""ver"",""ProductStatus"":""activated"",""State"":""published""}"
framed_canvas_wood_w14xt42-mm_24x32-inch_hor_black_26x34-inch_wood-fsc-3-cm_canvas_4-0_canvas-mounting,Framed canvas — hor,framed-canvas,framed-canvas,"{""CanvasFormat"":""24x32-inch"",""CanvasFrame"":""wood-fsc-3-cm"",""CanvasMaterial"":""canvas"",""ColorType"":""4-0"",""FrameColor"":""black"",""FrameMaterial"":""wood"",""FrameProperties"":""w14xt42-mm"",""FrameSize"":""26x34-inch"",""FulfillmentService"":""canvas-mounting"",""Orientation"":""hor"",""ProductStatus"":""activated"",""State"":""published""}"
framed_canvas_wood_w14xt42-mm_24x32-inch_hor_dark-wood_26x34-inch_wood-fsc-3-cm_canvas_4-0_canvas-mounting,Framed canvas — hor,framed-canvas,framed-canvas,"{""CanvasFormat"":""24x32-inch"",""CanvasFrame"":""wood-fsc-3-cm"",""CanvasMaterial"":""canvas"",""ColorType"":""4-0"",""FrameColor"":""dark-wood"",""FrameMaterial"":""wood"",""FrameProperties"":""w14xt42-mm"",""FrameSize"":""26x34-inch"",""FulfillmentService"":""canvas-mounting"",""Orientation"":""hor"",""ProductStatus"":""activated"",""State"":""published""}"
framed_canvas_wood_w14xt42-mm_24x32-inch_hor_natural-wood_26x34-inch_wood-fsc-3-cm_canvas_4-0_canvas-mounting,Framed canvas — hor,framed-canvas,framed-canvas,"{""CanvasFormat"":""24x32-inch"",""CanvasFrame"":""wood-fsc-3-cm"",""CanvasMaterial"":""canvas"",""ColorType"":""4-0"",""FrameColor"":""natural-wood"",""FrameMaterial"":""wood"",""FrameProperties"":""w14xt42-mm"",""FrameSize"":""26x34-inch"",""FulfillmentService"":""canvas-mounting"",""Orientation"":""hor"",""ProductStatus"":""activated"",""State"":""published""}"
framed_canvas_wood_w14xt42-mm_24x32-inch_ver_black_26x34-inch_wood-fsc-3-cm_canvas_4-0_canvas-mounting,Framed canvas — ver,framed-canvas,framed-canvas,"{""CanvasFormat"":""24x32-inch"",""CanvasFrame"":""wood-fsc-3-cm"",""CanvasMaterial"":""canvas"",""ColorType"":""4-0"",""FrameColor"":""black"",""FrameMaterial"":""wood"",""FrameProperties"":""w14xt42-mm"",""FrameSize"":""26x34-inch"",""FulfillmentService"":""canvas-mounting"",""Orientation"":""ver"",""ProductStatus"":""activated"",""State"":""published""}"
framed_canvas_wood_w14xt42-mm_24x32-inch_ver_dark-wood_26x34-inch_wood-fsc-3-cm_canvas_4-0_canvas-mounting,Framed canvas — ver,framed-canvas,framed-canvas,"{""CanvasFormat"":""24x32-inch"",""CanvasFrame"":""wood-fsc-3-cm"",""CanvasMaterial"":""canvas"",""ColorType"":""4-0"",""FrameColor"":""dark-wood"",""FrameMaterial"":""wood"",""FrameProperties"":""w14xt42-mm"",""FrameSize"":""26x34-inch"",""FulfillmentService"":""canvas-mounting"",""Orientation"":""ver"",""ProductStatus"":""activated"",""State"":""published""}"
framed_canvas_wood_w14xt42-mm_24x32-inch_ver_natural-wood_26x34-inch_wood-fsc-3-cm_canvas_4-0_canvas-mounting,Framed canvas — ver,framed-canvas,framed-canvas,"{""CanvasFormat"":""24x32-inch"",""CanvasFrame"":""wood-fsc-3-cm"",""CanvasMaterial"":""canvas"",""ColorType"":""4-0"",""FrameColor"":""natural-wood"",""FrameMaterial"":""wood"",""FrameProperties"":""w14xt42-mm"",""FrameSize"":""26x34-inch"",""FulfillmentService"":""canvas-mounting"",""Orientation"":""ver"",""ProductStatus"":""activated"",""State"":""published""}"
framed_canvas_wood_w14xt42-mm_24x36-inch_hor_black_26x38-inch_wood-fsc-3-cm_canvas_4-0_canvas-mounting,Framed canvas — hor,framed-canvas,framed-canvas,"{""CanvasFormat"":""24x36-inch"",""CanvasFrame"":""wood-fsc-3-cm"",""CanvasMaterial"":""canvas"",""ColorType"":""4-0"",""FrameColor"":""black"",""FrameMaterial"":""wood"",""FrameProperties"":""w14xt42-mm"",""FrameSize"":""26x38-inch"",""FulfillmentService"":""canvas-mounting"",""Orientation"":""hor"",""ProductStatus"":""activated"",""State"":""published""}"
framed_canvas_wood_w14xt42-mm_24x36-inch_hor_dark-wood_26x38-inch_wood-fsc-3-cm_canvas_4-0_canvas-mounting,Framed canvas — hor,framed-canvas,framed-canvas,"{""CanvasFormat"":""24x36-inch"",""CanvasFrame"":""wood-fsc-3-cm"",""CanvasMaterial"":""canvas"",""ColorType"":""4-0"",""FrameColor"":""dark-wood"",""FrameMaterial"":""wood"",""FrameProperties"":""w14xt42-mm"",""FrameSize"":""26x38-inch"",""FulfillmentService"":""canvas-mounting"",""Orientation"":""hor"",""ProductStatus"":""activated"",""State"":""published""}"
framed_canvas_wood_w14xt42-mm_24x36-inch_hor_natural-wood_26x38-inch_wood-fsc-3-cm_canvas_4-0_canvas-mounting,Framed canvas — hor,framed-canvas,framed-canvas,"{""CanvasFormat"":""24x36-inch"",""CanvasFrame"":""wood-fsc-3-cm"",""CanvasMaterial"":""canvas"",""ColorType"":""4-0"",""FrameColor"":""natural-wood"",""FrameMaterial"":""wood"",""FrameProperties"":""w14xt42-mm"",""FrameSize"":""26x38-inch"",""FulfillmentService"":""canvas-mounting"",""Orientation"":""hor"",""ProductStatus"":""activated"",""State"":""published""}"
framed_canvas_wood_w14xt42-mm_24x36-inch_ver_black_26x38-inch_wood-fsc-3-cm_canvas_4-0_canvas-mounting,Framed canvas — ver,framed-canvas,framed-canvas,"{""CanvasFormat"":""24x36-inch"",""CanvasFrame"":""wood-fsc-3-cm"",""CanvasMaterial"":""canvas"",""ColorType"":""4-0"",""FrameColor"":""black"",""FrameMaterial"":""wood"",""FrameProperties"":""w14xt42-mm"",""FrameSize"":""26x38-inch"",""FulfillmentService"":""canvas-mounting"",""Orientation"":""ver"",""ProductStatus"":""activated"",""State"":""published""}"
framed_canvas_wood_w14xt42-mm_24x36-inch_ver_dark-wood_26x38-inch_wood-fsc-3-cm_canvas_4-0_canvas-mounting,Framed canvas — ver,framed-canvas,framed-canvas,"{""CanvasFormat"":""24x36-inch"",""CanvasFrame"":""wood-fsc-3-cm"",""CanvasMaterial"":""canvas"",""ColorType"":""4-0"",""FrameColor"":""dark-wood"",""FrameMaterial"":""wood"",""FrameProperties"":""w14xt42-mm"",""FrameSize"":""26x38-inch"",""FulfillmentService"":""canvas-mounting"",""Orientation"":""ver"",""ProductStatus"":""activated"",""State"":""published""}"
framed_canvas_wood_w14xt42-mm_24x36-inch_ver_natural-wood_26x38-inch_wood-fsc-3-cm_canvas_4-0_canvas-mounting,Framed canvas — ver,framed-canvas,framed-canvas,"{""CanvasFormat"":""24x36-inch"",""CanvasFrame"":""wood-fsc-3-cm"",""CanvasMaterial"":""canvas"",""ColorType"":""4-0"",""FrameColor"":""natural-wood"",""FrameMaterial"":""wood"",""FrameProperties"":""w14xt42-mm"",""FrameSize"":""26x38-inch"",""FulfillmentService"":""canvas-mounting"",""Orientation"":""ver"",""ProductStatus"":""activated"",""State"":""published""}"
framed_canvas_wood_w14xt42-mm_270x350-mm_hor_black_322x402-mm_wood-fsc-3-cm_canvas_4-0_canvas-mounting,Framed canvas — hor,framed-canvas,framed-canvas,"{""CanvasFormat"":""270x350-mm"",""CanvasFrame"":""wood-fsc-3-cm"",""CanvasMaterial"":""canvas"",""ColorType"":""4-0"",""FrameColor"":""black"",""FrameMaterial"":""wood"",""FrameProperties"":""w14xt42-mm"",""FrameSize"":""322x402-mm"",""FulfillmentService"":""canvas-mounting"",""Orientation"":""hor"",""ProductStatus"":""activated"",""State"":""published""}"
framed_canvas_wood_w14xt42-mm_270x350-mm_hor_dark-wood_322x402-mm_wood-fsc-3-cm_canvas_4-0_canvas-mounting,Framed canvas — hor,framed-canvas,framed-canvas,"{""CanvasFormat"":""270x350-mm"",""CanvasFrame"":""wood-fsc-3-cm"",""CanvasMaterial"":""canvas"",""ColorType"":""4-0"",""FrameColor"":""dark-wood"",""FrameMaterial"":""wood"",""FrameProperties"":""w14xt42-mm"",""FrameSize"":""322x402-mm"",""FulfillmentService"":""canvas-mounting"",""Orientation"":""hor"",""ProductStatus"":""activated"",""State"":""published""}"
framed_canvas_wood_w14xt42-mm_270x350-mm_hor_natural-wood_322x402-mm_wood-fsc-3-cm_canvas_4-0_canvas-mounting,Framed canvas — hor,framed-canvas,framed-canvas,"{""CanvasFormat"":""270x350-mm"",""CanvasFrame"":""wood-fsc-3-cm"",""CanvasMaterial"":""canvas"",""ColorType"":""4-0"",""FrameColor"":""natural-wood"",""FrameMaterial"":""wood"",""FrameProperties"":""w14xt42-mm"",""FrameSize"":""322x402-mm"",""FulfillmentService"":""canvas-mounting"",""Orientation"":""hor"",""ProductStatus"":""activated"",""State"":""published""}"
framed_canvas_wood_w14xt42-mm_270x350-mm_ver_black_322x402-mm_wood-fsc-3-cm_canvas_4-0_canvas-mounting,Framed canvas — ver,framed-canvas,framed-canvas,"{""CanvasFormat"":""270x350-mm"",""CanvasFrame"":""wood-fsc-3-cm"",""CanvasMaterial"":""canvas"",""ColorType"":""4-0"",""FrameColor"":""black"",""FrameMaterial"":""wood"",""FrameProperties"":""w14xt42-mm"",""FrameSize"":""322x402-mm"",""FulfillmentService"":""canvas-mounting"",""Orientation"":""ver"",""ProductStatus"":""activated"",""State"":""published""}"
framed_canvas_wood_w14xt42-mm_270x350-mm_ver_dark-wood_322x402-mm_wood-fsc-3-cm_canvas_4-0_canvas-mounting,Framed canvas — ver,framed-canvas,framed-canvas,"{""CanvasFormat"":""270x350-mm"",""CanvasFrame"":""wood-fsc-3-cm"",""CanvasMaterial"":""canvas"",""ColorType"":""4-0"",""FrameColor"":""dark-wood"",""FrameMaterial"":""wood"",""FrameProperties"":""w14xt42-mm"",""FrameSize"":""322x402-mm"",""FulfillmentService"":""canvas-mounting"",""Orientation"":""ver"",""ProductStatus"":""activated"",""State"":""published""}"
framed_canvas_wood_w14xt42-mm_270x350-mm_ver_natural-wood_322x402-mm_wood-fsc-3-cm_canvas_4-0_canvas-mounting,Framed canvas — ver,framed-canvas,framed-canvas,"{""CanvasFormat"":""270x350-mm"",""CanvasFrame"":""wood-fsc-3-cm"",""CanvasMaterial"":""canvas"",""ColorType"":""4-0"",""FrameColor"":""natural-wood"",""FrameMaterial"":""wood"",""FrameProperties"":""w14xt42-mm"",""FrameSize"":""322x402-mm"",""FulfillmentService"":""canvas-mounting"",""Orientation"":""ver"",""ProductStatus"":""activated"",""State"":""published""}"
framed_canvas_wood_w14xt42-mm_28x40-inch_hor_black_30x42-inch_wood-fsc-3-cm_canvas_4-0_canvas-mounting,Framed canvas — hor,framed-canvas,framed-canvas,"{""CanvasFormat"":""28x40-inch"",""CanvasFrame"":""wood-fsc-3-cm"",""CanvasMaterial"":""canvas"",""ColorType"":""4-0"",""FrameColor"":""black"",""FrameMaterial"":""wood"",""FrameProperties"":""w14xt42-mm"",""FrameSize"":""30x42-inch"",""FulfillmentService"":""canvas-mounting"",""Orientation"":""hor"",""ProductStatus"":""activated"",""State"":""published""}"
framed_canvas_wood_w14xt42-mm_28x40-inch_hor_dark-wood_30x42-inch_wood-fsc-3-cm_canvas_4-0_canvas-mounting,Framed canvas — hor,framed-canvas,framed-canvas,"{""CanvasFormat"":""28x40-inch"",""CanvasFrame"":""wood-fsc-3-cm"",""CanvasMaterial"":""canvas"",""ColorType"":""4-0"",""FrameColor"":""dark-wood"",""FrameMaterial"":""wood"",""FrameProperties"":""w14xt42-mm"",""FrameSize"":""30x42-inch"",""FulfillmentService"":""canvas-mounting"",""Orientation"":""hor"",""ProductStatus"":""activated"",""State"":""published""}"
framed_canvas_wood_w14xt42-mm_28x40-inch_hor_natural-wood_30x42-inch_wood-fsc-3-cm_canvas_4-0_canvas-mounting,Framed canvas — hor,framed-canvas,framed-canvas,"{""CanvasFormat"":""28x40-inch"",""CanvasFrame"":""wood-fsc-3-cm"",""CanvasMaterial"":""canvas"",""ColorType"":""4-0"",""FrameColor"":""natural-wood"",""FrameMaterial"":""wood"",""FrameProperties"":""w14xt42-mm"",""FrameSize"":""30x42-inch"",""FulfillmentService"":""canvas-mounting"",""Orientation"":""hor"",""ProductStatus"":""activated"",""State"":""published""}"
framed_canvas_wood_w14xt42-mm_28x40-inch_ver_black_30x42-inch_wood-fsc-3-cm_canvas_4-0_canvas-mounting,Framed canvas — ver,framed-canvas,framed-canvas,"{""CanvasFormat"":""28x40-inch"",""CanvasFrame"":""wood-fsc-3-cm"",""CanvasMaterial"":""canvas"",""ColorType"":""4-0"",""FrameColor"":""black"",""FrameMaterial"":""wood"",""FrameProperties"":""w14xt42-mm"",""FrameSize"":""30x42-inch"",""FulfillmentService"":""canvas-mounting"",""Orientation"":""ver"",""ProductStatus"":""activated"",""State"":""published""}"
framed_canvas_wood_w14xt42-mm_28x40-inch_ver_dark-wood_30x42-inch_wood-fsc-3-cm_canvas_4-0_canvas-mounting,Framed canvas — ver,framed-canvas,framed-canvas,"{""CanvasFormat"":""28x40-inch"",""CanvasFrame"":""wood-fsc-3-cm"",""CanvasMaterial"":""canvas"",""ColorType"":""4-0"",""FrameColor"":""dark-wood"",""FrameMaterial"":""wood"",""FrameProperties"":""w14xt42-mm"",""FrameSize"":""30x42-inch"",""FulfillmentService"":""canvas-mounting"",""Orientation"":""ver"",""ProductStatus"":""activated"",""State"":""published""}"
framed_canvas_wood_w14xt42-mm_28x40-inch_ver_natural-wood_30x42-inch_wood-fsc-3-cm_canvas_4-0_canvas-mounting,Framed canvas — ver,framed-canvas,framed-canvas,"{""CanvasFormat"":""28x40-inch"",""CanvasFrame"":""wood-fsc-3-cm"",""CanvasMaterial"":""canvas"",""ColorType"":""4-0"",""FrameColor"":""natural-wood"",""FrameMaterial"":""wood"",""FrameProperties"":""w14xt42-mm"",""FrameSize"":""30x42-inch"",""FulfillmentService"":""canvas-mounting"",""Orientation"":""ver"",""ProductStatus"":""activated"",""State"":""published""}"
framed_canvas_wood_w14xt42-mm_300x1000-mm_hor_black_352x1052-mm_wood-fsc-3-cm_canvas_4-0_canvas-mounting,Framed canvas — hor,framed-canvas,framed-canvas,"{""CanvasFormat"":""300x1000-mm"",""CanvasFrame"":""wood-fsc-3-cm"",""CanvasMaterial"":""canvas"",""ColorType"":""4-0"",""FrameColor"":""black"",""FrameMaterial"":""wood"",""FrameProperties"":""w14xt42-mm"",""FrameSize"":""352x1052-mm"",""FulfillmentService"":""canvas-mounting"",""Orientation"":""hor"",""ProductStatus"":""activated"",""State"":""published""}"
framed_canvas_wood_w14xt42-mm_300x1000-mm_hor_dark-wood_352x1052-mm_wood-fsc-3-cm_canvas_4-0_canvas-mounting,Framed canvas — hor,framed-canvas,framed-canvas,"{""CanvasFormat"":""300x1000-mm"",""CanvasFrame"":""wood-fsc-3-cm"",""CanvasMaterial"":""canvas"",""ColorType"":""4-0"",""FrameColor"":""dark-wood"",""FrameMaterial"":""wood"",""FrameProperties"":""w14xt42-mm"",""FrameSize"":""352x1052-mm"",""FulfillmentService"":""canvas-mounting"",""Orientation"":""hor"",""ProductStatus"":""activated"",""State"":""published""}"
framed_canvas_wood_w14xt42-mm_300x1000-mm_hor_natural-wood_352x1052-mm_wood-fsc-3-cm_canvas_4-0_canvas-mounting,Framed canvas — hor,framed-canvas,framed-canvas,"{""CanvasFormat"":""300x1000-mm"",""CanvasFrame"":""wood-fsc-3-cm"",""CanvasMaterial"":""canvas"",""ColorType"":""4-0"",""FrameColor"":""natural-wood"",""FrameMaterial"":""wood"",""FrameProperties"":""w14xt42-mm"",""FrameSize"":""352x1052-mm"",""FulfillmentService"":""canvas-mounting"",""Orientation"":""hor"",""ProductStatus"":""activated"",""State"":""published""}"
framed_canvas_wood_w14xt42-mm_300x1000-mm_ver_black_352x1052-mm_wood-fsc-3-cm_canvas_4-0_canvas-mounting,Framed canvas — ver,framed-canvas,framed-canvas,"{""CanvasFormat"":""300x1000-mm"",""CanvasFrame"":""wood-fsc-3-cm"",""CanvasMaterial"":""canvas"",""ColorType"":""4-0"",""FrameColor"":""black"",""FrameMaterial"":""wood"",""FrameProperties"":""w14xt42-mm"",""FrameSize"":""352x1052-mm"",""FulfillmentService"":""canvas-mounting"",""Orientation"":""ver"",""ProductStatus"":""activated"",""State"":""published""}"
framed_canvas_wood_w14xt42-mm_300x1000-mm_ver_dark-wood_352x1052-mm_wood-fsc-3-cm_canvas_4-0_canvas-mounting,Framed canvas — ver,framed-canvas,framed-canvas,"{""CanvasFormat"":""300x1000-mm"",""CanvasFrame"":""wood-fsc-3-cm"",""CanvasMaterial"":""canvas"",""ColorType"":""4-0"",""FrameColor"":""dark-wood"",""FrameMaterial"":""wood"",""FrameProperties"":""w14xt42-mm"",""FrameSize"":""352x1052-mm"",""FulfillmentService"":""canvas-mounting"",""Orientation"":""ver"",""ProductStatus"":""activated"",""State"":""published""}"
framed_canvas_wood_w14xt42-mm_300x1000-mm_ver_natural-wood_352x1052-mm_wood-fsc-3-cm_canvas_4-0_canvas-mounting,Framed canvas — ver,framed-canvas,framed-canvas,"{""CanvasFormat"":""300x1000-mm"",""CanvasFrame"":""wood-fsc-3-cm"",""CanvasMaterial"":""canvas"",""ColorType"":""4-0"",""FrameColor"":""natural-wood"",""FrameMaterial"":""wood"",""FrameProperties"":""w14xt42-mm"",""FrameSize"":""352x1052-mm"",""FulfillmentService"":""canvas-mounting"",""Orientation"":""ver"",""ProductStatus"":""activated"",""State"":""published""}"
framed_canvas_wood_w14xt42-mm_300x300-mm_hor_black_352x352-mm_wood-fsc-3-cm_canvas_4-0_canvas-mounting,Framed canvas — hor,framed-canvas,framed-canvas,"{""CanvasFormat"":""300x300-mm"",""CanvasFrame"":""wood-fsc-3-cm"",""CanvasMaterial"":""canvas"",""ColorType"":""4-0"",""FrameColor"":""black"",""FrameMaterial"":""wood"",""FrameProperties"":""w14xt42-mm"",""FrameSize"":""352x352-mm"",""FulfillmentService"":""canvas-mounting"",""Orientation"":""hor"",""ProductStatus"":""activated"",""State"":""published""}"
framed_canvas_wood_w14xt42-mm_300x300-mm_hor_dark-wood_352x352-mm_wood-fsc-3-cm_canvas_4-0_canvas-mounting,Framed canvas — hor,framed-canvas,framed-canvas,"{""CanvasFormat"":""300x300-mm"",""CanvasFrame"":""wood-fsc-3-cm"",""CanvasMaterial"":""canvas"",""ColorType"":""4-0"",""FrameColor"":""dark-wood"",""FrameMaterial"":""wood"",""FrameProperties"":""w14xt42-mm"",""FrameSize"":""352x352-mm"",""FulfillmentService"":""canvas-mounting"",""Orientation"":""hor"",""ProductStatus"":""activated"",""State"":""published""}"
framed_canvas_wood_w14xt42-mm_300x300-mm_hor_natural-wood_352x352-mm_wood-fsc-3-cm_canvas_4-0_canvas-mounting,Framed canvas — hor,framed-canvas,framed-canvas,"{""CanvasFormat"":""300x300-mm"",""CanvasFrame"":""wood-fsc-3-cm"",""CanvasMaterial"":""canvas"",""ColorType"":""4-0"",""FrameColor"":""natural-wood"",""FrameMaterial"":""wood"",""FrameProperties"":""w14xt42-mm"",""FrameSize"":""352x352-mm"",""FulfillmentService"":""canvas-mounting"",""Orientation"":""hor"",""ProductStatus"":""activated"",""State"":""published""}"
framed_canvas_wood_w14xt42-mm_300x300-mm_ver_black_352x352-mm_wood-fsc-3-cm_canvas_4-0_canvas-mounting,Framed canvas — ver,framed-canvas,framed-canvas,"{""CanvasFormat"":""300x300-mm"",""CanvasFrame"":""wood-fsc-3-cm"",""CanvasMaterial"":""canvas"",""ColorType"":""4-0"",""FrameColor"":""black"",""FrameMaterial"":""wood"",""FrameProperties"":""w14xt42-mm"",""FrameSize"":""352x352-mm"",""FulfillmentService"":""canvas-mounting"",""Orientation"":""ver"",""ProductStatus"":""activated"",""State"":""published""}"
framed_canvas_wood_w14xt42-mm_300x300-mm_ver_dark-wood_352x352-mm_wood-fsc-3-cm_canvas_4-0_canvas-mounting,Framed canvas — ver,framed-canvas,framed-canvas,"{""CanvasFormat"":""300x300-mm"",""CanvasFrame"":""wood-fsc-3-cm"",""CanvasMaterial"":""canvas"",""ColorType"":""4-0"",""FrameColor"":""dark-wood"",""FrameMaterial"":""wood"",""FrameProperties"":""w14xt42-mm"",""FrameSize"":""352x352-mm"",""FulfillmentService"":""canvas-mounting"",""Orientation"":""ver"",""ProductStatus"":""activated"",""State"":""published""}"
framed_canvas_wood_w14xt42-mm_300x300-mm_ver_natural-wood_352x352-mm_wood-fsc-3-cm_canvas_4-0_canvas-mounting,Framed canvas — ver,framed-canvas,framed-canvas,"{""CanvasFormat"":""300x300-mm"",""CanvasFrame"":""wood-fsc-3-cm"",""CanvasMaterial"":""canvas"",""ColorType"":""4-0"",""FrameColor"":""natural-wood"",""FrameMaterial"":""wood"",""FrameProperties"":""w14xt42-mm"",""FrameSize"":""352x352-mm"",""FulfillmentService"":""canvas-mounting"",""Orientation"":""ver"",""ProductStatus"":""activated"",""State"":""published""}"
framed_canvas_wood_w14xt42-mm_300x400-mm_hor_black_352x452-mm_wood-fsc-3-cm_canvas_4-0_canvas-mounting,Framed canvas — hor,framed-canvas,framed-canvas,"{""CanvasFormat"":""300x400-mm"",""CanvasFrame"":""wood-fsc-3-cm"",""CanvasMaterial"":""canvas"",""ColorType"":""4-0"",""FrameColor"":""black"",""FrameMaterial"":""wood"",""FrameProperties"":""w14xt42-mm"",""FrameSize"":""352x452-mm"",""FulfillmentService"":""canvas-mounting"",""Orientation"":""hor"",""ProductStatus"":""activated"",""State"":""published""}"
framed_canvas_wood_w14xt42-mm_300x400-mm_hor_dark-wood_352x452-mm_wood-fsc-3-cm_canvas_4-0_canvas-mounting,Framed canvas — hor,framed-canvas,framed-canvas,"{""CanvasFormat"":""300x400-mm"",""CanvasFrame"":""wood-fsc-3-cm"",""CanvasMaterial"":""canvas"",""ColorType"":""4-0"",""FrameColor"":""dark-wood"",""FrameMaterial"":""wood"",""FrameProperties"":""w14xt42-mm"",""FrameSize"":""352x452-mm"",""FulfillmentService"":""canvas-mounting"",""Orientation"":""hor"",""ProductStatus"":""activated"",""State"":""published""}"
framed_canvas_wood_w14xt42-mm_300x400-mm_hor_natural-wood_352x452-mm_wood-fsc-3-cm_canvas_4-0_canvas-mounting,Framed canvas — hor,framed-canvas,framed-canvas,"{""CanvasFormat"":""300x400-mm"",""CanvasFrame"":""wood-fsc-3-cm"",""CanvasMaterial"":""canvas"",""ColorType"":""4-0"",""FrameColor"":""natural-wood"",""FrameMaterial"":""wood"",""FrameProperties"":""w14xt42-mm"",""FrameSize"":""352x452-mm"",""FulfillmentService"":""canvas-mounting"",""Orientation"":""hor"",""ProductStatus"":""activated"",""State"":""published""}"
framed_canvas_wood_w14xt42-mm_300x400-mm_ver_black_352x452-mm_wood-fsc-3-cm_canvas_4-0_canvas-mounting,Framed canvas — ver,framed-canvas,framed-canvas,"{""CanvasFormat"":""300x400-mm"",""CanvasFrame"":""wood-fsc-3-cm"",""CanvasMaterial"":""canvas"",""ColorType"":""4-0"",""FrameColor"":""black"",""FrameMaterial"":""wood"",""FrameProperties"":""w14xt42-mm"",""FrameSize"":""352x452-mm"",""FulfillmentService"":""canvas-mounting"",""Orientation"":""ver"",""ProductStatus"":""activated"",""State"":""published""}"
framed_canvas_wood_w14xt42-mm_300x400-mm_ver_dark-wood_352x452-mm_wood-fsc-3-cm_canvas_4-0_canvas-mounting,Framed canvas — ver,framed-canvas,framed-canvas,"{""CanvasFormat"":""300x400-mm"",""CanvasFrame"":""wood-fsc-3-cm"",""CanvasMaterial"":""canvas"",""ColorType"":""4-0"",""FrameColor"":""dark-wood"",""FrameMaterial"":""wood"",""FrameProperties"":""w14xt42-mm"",""FrameSize"":""352x452-mm"",""FulfillmentService"":""canvas-mounting"",""Orientation"":""ver"",""ProductStatus"":""activated"",""State"":""published""}"
framed_canvas_wood_w14xt42-mm_300x400-mm_ver_natural-wood_352x452-mm_wood-fsc-3-cm_canvas_4-0_canvas-mounting,Framed canvas — ver,framed-canvas,framed-canvas,"{""CanvasFormat"":""300x400-mm"",""CanvasFrame"":""wood-fsc-3-cm"",""CanvasMaterial"":""canvas"",""ColorType"":""4-0"",""FrameColor"":""natural-wood"",""FrameMaterial"":""wood"",""FrameProperties"":""w14xt42-mm"",""FrameSize"":""352x452-mm"",""FulfillmentService"":""canvas-mounting"",""Orientation"":""ver"",""ProductStatus"":""activated"",""State"":""published""}"
framed_canvas_wood_w14xt42-mm_300x450-mm_hor_black_352x502-mm_wood-fsc-3-cm_canvas_4-0_canvas-mounting,Framed canvas — hor,framed-canvas,framed-canvas,"{""CanvasFormat"":""300x450-mm"",""CanvasFrame"":""wood-fsc-3-cm"",""CanvasMaterial"":""canvas"",""ColorType"":""4-0"",""FrameColor"":""black"",""FrameMaterial"":""wood"",""FrameProperties"":""w14xt42-mm"",""FrameSize"":""352x502-mm"",""FulfillmentService"":""canvas-mounting"",""Orientation"":""hor"",""ProductStatus"":""activated"",""State"":""published""}"
framed_canvas_wood_w14xt42-mm_300x450-mm_hor_dark-wood_352x502-mm_wood-fsc-3-cm_canvas_4-0_canvas-mounting,Framed canvas — hor,framed-canvas,framed-canvas,"{""CanvasFormat"":""300x450-mm"",""CanvasFrame"":""wood-fsc-3-cm"",""CanvasMaterial"":""canvas"",""ColorType"":""4-0"",""FrameColor"":""dark-wood"",""FrameMaterial"":""wood"",""FrameProperties"":""w14xt42-mm"",""FrameSize"":""352x502-mm"",""FulfillmentService"":""canvas-mounting"",""Orientation"":""hor"",""ProductStatus"":""activated"",""State"":""published""}"
framed_canvas_wood_w14xt42-mm_300x450-mm_hor_natural-wood_352x502-mm_wood-fsc-3-cm_canvas_4-0_canvas-mounting,Framed canvas — hor,framed-canvas,framed-canvas,"{""CanvasFormat"":""300x450-mm"",""CanvasFrame"":""wood-fsc-3-cm"",""CanvasMaterial"":""canvas"",""ColorType"":""4-0"",""FrameColor"":""natural-wood"",""FrameMaterial"":""wood"",""FrameProperties"":""w14xt42-mm"",""FrameSize"":""352x502-mm"",""FulfillmentService"":""canvas-mounting"",""Orientation"":""hor"",""ProductStatus"":""activated"",""State"":""published""}"
framed_canvas_wood_w14xt42-mm_300x450-mm_ver_black_352x502-mm_wood-fsc-3-cm_canvas_4-0_canvas-mounting,Framed canvas — ver,framed-canvas,framed-canvas,"{""CanvasFormat"":""300x450-mm"",""CanvasFrame"":""wood-fsc-3-cm"",""CanvasMaterial"":""canvas"",""ColorType"":""4-0"",""FrameColor"":""black"",""FrameMaterial"":""wood"",""FrameProperties"":""w14xt42-mm"",""FrameSize"":""352x502-mm"",""FulfillmentService"":""canvas-mounting"",""Orientation"":""ver"",""ProductStatus"":""activated"",""State"":""published""}"
framed_canvas_wood_w14xt42-mm_300x450-mm_ver_dark-wood_352x502-mm_wood-fsc-3-cm_canvas_4-0_canvas-mounting,Framed canvas — ver,framed-canvas,framed-canvas,"{""CanvasFormat"":""300x450-mm"",""CanvasFrame"":""wood-fsc-3-cm"",""CanvasMaterial"":""canvas"",""ColorType"":""4-0"",""FrameColor"":""dark-wood"",""FrameMaterial"":""wood"",""FrameProperties"":""w14xt42-mm"",""FrameSize"":""352x502-mm"",""FulfillmentService"":""canvas-mounting"",""Orientation"":""ver"",""ProductStatus"":""activated"",""State"":""published""}"
framed_canvas_wood_w14xt42-mm_300x450-mm_ver_natural-wood_352x502-mm_wood-fsc-3-cm_canvas_4-0_canvas-mounting,Framed canvas — ver,framed-canvas,framed-canvas,"{""CanvasFormat"":""300x450-mm"",""CanvasFrame"":""wood-fsc-3-cm"",""CanvasMaterial"":""canvas"",""ColorType"":""4-0"",""FrameColor"":""natural-wood"",""FrameMaterial"":""wood"",""FrameProperties"":""w14xt42-mm"",""FrameSize"":""352x502-mm"",""FulfillmentService"":""canvas-mounting"",""Orientation"":""ver"",""ProductStatus"":""activated"",""State"":""published""}"
framed_canvas_wood_w14xt42-mm_300x600-mm_hor_black_352x652-mm_wood-fsc-3-cm_canvas_4-0_canvas-mounting,Framed canvas — hor,framed-canvas,framed-canvas,"{""CanvasFormat"":""300x600-mm"",""CanvasFrame"":""wood-fsc-3-cm"",""CanvasMaterial"":""canvas"",""ColorType"":""4-0"",""FrameColor"":""black"",""FrameMaterial"":""wood"",""FrameProperties"":""w14xt42-mm"",""FrameSize"":""352x652-mm"",""FulfillmentService"":""canvas-mounting"",""Orientation"":""hor"",""ProductStatus"":""activated"",""State"":""published""}"
framed_canvas_wood_w14xt42-mm_300x600-mm_hor_dark-wood_352x652-mm_wood-fsc-3-cm_canvas_4-0_canvas-mounting,Framed canvas — hor,framed-canvas,framed-canvas,"{""CanvasFormat"":""300x600-mm"",""CanvasFrame"":""wood-fsc-3-cm"",""CanvasMaterial"":""canvas"",""ColorType"":""4-0"",""FrameColor"":""dark-wood"",""FrameMaterial"":""wood"",""FrameProperties"":""w14xt42-mm"",""FrameSize"":""352x652-mm"",""FulfillmentService"":""canvas-mounting"",""Orientation"":""hor"",""ProductStatus"":""activated"",""State"":""published""}"
framed_canvas_wood_w14xt42-mm_300x600-mm_hor_natural-wood_352x652-mm_wood-fsc-3-cm_canvas_4-0_canvas-mounting,Framed canvas — hor,framed-canvas,framed-canvas,"{""CanvasFormat"":""300x600-mm"",""CanvasFrame"":""wood-fsc-3-cm"",""CanvasMaterial"":""canvas"",""ColorType"":""4-0"",""FrameColor"":""natural-wood"",""FrameMaterial"":""wood"",""FrameProperties"":""w14xt42-mm"",""FrameSize"":""352x652-mm"",""FulfillmentService"":""canvas-mounting"",""Orientation"":""hor"",""ProductStatus"":""activated"",""State"":""published""}"
framed_canvas_wood_w14xt42-mm_300x600-mm_ver_black_352x652-mm_wood-fsc-3-cm_canvas_4-0_canvas-mounting,Framed canvas — ver,framed-canvas,framed-canvas,"{""CanvasFormat"":""300x600-mm"",""CanvasFrame"":""wood-fsc-3-cm"",""CanvasMaterial"":""canvas"",""ColorType"":""4-0"",""FrameColor"":""black"",""FrameMaterial"":""wood"",""FrameProperties"":""w14xt42-mm"",""FrameSize"":""352x652-mm"",""FulfillmentService"":""canvas-mounting"",""Orientation"":""ver"",""ProductStatus"":""activated"",""State"":""published""}"
framed_canvas_wood_w14xt42-mm_300x600-mm_ver_dark-wood_352x652-mm_wood-fsc-3-cm_canvas_4-0_canvas-mounting,Framed canvas — ver,framed-canvas,framed-canvas,"{""CanvasFormat"":""300x600-mm"",""CanvasFrame"":""wood-fsc-3-cm"",""CanvasMaterial"":""canvas"",""ColorType"":""4-0"",""FrameColor"":""dark-wood"",""FrameMaterial"":""wood"",""FrameProperties"":""w14xt42-mm"",""FrameSize"":""352x652-mm"",""FulfillmentService"":""canvas-mounting"",""Orientation"":""ver"",""ProductStatus"":""activated"",""State"":""published""}"
framed_canvas_wood_w14xt42-mm_300x600-mm_ver_natural-wood_352x652-mm_wood-fsc-3-cm_canvas_4-0_canvas-mounting,Framed canvas — ver,framed-canvas,framed-canvas,"{""CanvasFormat"":""300x600-mm"",""CanvasFrame"":""wood-fsc-3-cm"",""CanvasMaterial"":""canvas"",""ColorType"":""4-0"",""FrameColor"":""natural-wood"",""FrameMaterial"":""wood"",""FrameProperties"":""w14xt42-mm"",""FrameSize"":""352x652-mm"",""FulfillmentService"":""canvas-mounting"",""Orientation"":""ver"",""ProductStatus"":""activated"",""State"":""published""}"
framed_canvas_wood_w14xt42-mm_300x900-mm_hor_black_352x952-mm_wood-fsc-3-cm_canvas_4-0_canvas-mounting,Framed canvas — hor,framed-canvas,framed-canvas,"{""CanvasFormat"":""300x900-mm"",""CanvasFrame"":""wood-fsc-3-cm"",""CanvasMaterial"":""canvas"",""ColorType"":""4-0"",""FrameColor"":""black"",""FrameMaterial"":""wood"",""FrameProperties"":""w14xt42-mm"",""FrameSize"":""352x952-mm"",""FulfillmentService"":""canvas-mounting"",""Orientation"":""hor"",""ProductStatus"":""activated"",""State"":""published""}"
framed_canvas_wood_w14xt42-mm_300x900-mm_hor_dark-wood_352x952-mm_wood-fsc-3-cm_canvas_4-0_canvas-mounting,Framed canvas — hor,framed-canvas,framed-canvas,"{""CanvasFormat"":""300x900-mm"",""CanvasFrame"":""wood-fsc-3-cm"",""CanvasMaterial"":""canvas"",""ColorType"":""4-0"",""FrameColor"":""dark-wood"",""FrameMaterial"":""wood"",""FrameProperties"":""w14xt42-mm"",""FrameSize"":""352x952-mm"",""FulfillmentService"":""canvas-mounting"",""Orientation"":""hor"",""ProductStatus"":""activated"",""State"":""published""}"
framed_canvas_wood_w14xt42-mm_300x900-mm_hor_natural-wood_352x952-mm_wood-fsc-3-cm_canvas_4-0_canvas-mounting,Framed canvas — hor,framed-canvas,framed-canvas,"{""CanvasFormat"":""300x900-mm"",""CanvasFrame"":""wood-fsc-3-cm"",""CanvasMaterial"":""canvas"",""ColorType"":""4-0"",""FrameColor"":""natural-wood"",""FrameMaterial"":""wood"",""FrameProperties"":""w14xt42-mm"",""FrameSize"":""352x952-mm"",""FulfillmentService"":""canvas-mounting"",""Orientation"":""hor"",""ProductStatus"":""activated"",""State"":""published""}"
framed_canvas_wood_w14xt42-mm_300x900-mm_ver_black_352x952-mm_wood-fsc-3-cm_canvas_4-0_canvas-mounting,Framed canvas — ver,framed-canvas,framed-canvas,"{""CanvasFormat"":""300x900-mm"",""CanvasFrame"":""wood-fsc-3-cm"",""CanvasMaterial"":""canvas"",""ColorType"":""4-0"",""FrameColor"":""black"",""FrameMaterial"":""wood"",""FrameProperties"":""w14xt42-mm"",""FrameSize"":""352x952-mm"",""FulfillmentService"":""canvas-mounting"",""Orientation"":""ver"",""ProductStatus"":""activated"",""State"":""published""}"
framed_canvas_wood_w14xt42-mm_300x900-mm_ver_dark-wood_352x952-mm_wood-fsc-3-cm_canvas_4-0_canvas-mounting,Framed canvas — ver,framed-canvas,framed-canvas,"{""CanvasFormat"":""300x900-mm"",""CanvasFrame"":""wood-fsc-3-cm"",""CanvasMaterial"":""canvas"",""ColorType"":""4-0"",""FrameColor"":""dark-wood"",""FrameMaterial"":""wood"",""FrameProperties"":""w14xt42-mm"",""FrameSize"":""352x952-mm"",""FulfillmentService"":""canvas-mounting"",""Orientation"":""ver"",""ProductStatus"":""activated"",""State"":""published""}"
framed_canvas_wood_w14xt42-mm_300x900-mm_ver_natural-wood_352x952-mm_wood-fsc-3-cm_canvas_4-0_canvas-mounting,Framed canvas — ver,framed-canvas,framed-canvas,"{""CanvasFormat"":""300x900-mm"",""CanvasFrame"":""wood-fsc-3-cm"",""CanvasMaterial"":""canvas"",""ColorType"":""4-0"",""FrameColor"":""natural-wood"",""FrameMaterial"":""wood"",""FrameProperties"":""w14xt42-mm"",""FrameSize"":""352x952-mm"",""FulfillmentService"":""canvas-mounting"",""Orientation"":""ver"",""ProductStatus"":""activated"",""State"":""published""}"
framed_canvas_wood_w14xt42-mm_400x400-mm_hor_black_452x452-mm_wood-fsc-3-cm_canvas_4-0_canvas-mounting,Framed canvas — hor,framed-canvas,framed-canvas,"{""CanvasFormat"":""400x400-mm"",""CanvasFrame"":""wood-fsc-3-cm"",""CanvasMaterial"":""canvas"",""ColorType"":""4-0"",""FrameColor"":""black"",""FrameMaterial"":""wood"",""FrameProperties"":""w14xt42-mm"",""FrameSize"":""452x452-mm"",""FulfillmentService"":""canvas-mounting"",""Orientation"":""hor"",""ProductStatus"":""activated"",""State"":""published""}"
framed_canvas_wood_w14xt42-mm_400x400-mm_hor_dark-wood_452x452-mm_wood-fsc-3-cm_canvas_4-0_canvas-mounting,Framed canvas — hor,framed-canvas,framed-canvas,"{""CanvasFormat"":""400x400-mm"",""CanvasFrame"":""wood-fsc-3-cm"",""CanvasMaterial"":""canvas"",""ColorType"":""4-0"",""FrameColor"":""dark-wood"",""FrameMaterial"":""wood"",""FrameProperties"":""w14xt42-mm"",""FrameSize"":""452x452-mm"",""FulfillmentService"":""canvas-mounting"",""Orientation"":""hor"",""ProductStatus"":""activated"",""State"":""published""}"
framed_canvas_wood_w14xt42-mm_400x400-mm_hor_natural-wood_452x452-mm_wood-fsc-3-cm_canvas_4-0_canvas-mounting,Framed canvas — hor,framed-canvas,framed-canvas,"{""CanvasFormat"":""400x400-mm"",""CanvasFrame"":""wood-fsc-3-cm"",""CanvasMaterial"":""canvas"",""ColorType"":""4-0"",""FrameColor"":""natural-wood"",""FrameMaterial"":""wood"",""FrameProperties"":""w14xt42-mm"",""FrameSize"":""452x452-mm"",""FulfillmentService"":""canvas-mounting"",""Orientation"":""hor"",""ProductStatus"":""activated"",""State"":""published""}"
framed_canvas_wood_w14xt42-mm_400x400-mm_ver_black_452x452-mm_wood-fsc-3-cm_canvas_4-0_canvas-mounting,Framed canvas — ver,framed-canvas,framed-canvas,"{""CanvasFormat"":""400x400-mm"",""CanvasFrame"":""wood-fsc-3-cm"",""CanvasMaterial"":""canvas"",""ColorType"":""4-0"",""FrameColor"":""black"",""FrameMaterial"":""wood"",""FrameProperties"":""w14xt42-mm"",""FrameSize"":""452x452-mm"",""FulfillmentService"":""canvas-mounting"",""Orientation"":""ver"",""ProductStatus"":""activated"",""State"":""published""}"
framed_canvas_wood_w14xt42-mm_400x400-mm_ver_dark-wood_452x452-mm_wood-fsc-3-cm_canvas_4-0_canvas-mounting,Framed canvas — ver,framed-canvas,framed-canvas,"{""CanvasFormat"":""400x400-mm"",""CanvasFrame"":""wood-fsc-3-cm"",""CanvasMaterial"":""canvas"",""ColorType"":""4-0"",""FrameColor"":""dark-wood"",""FrameMaterial"":""wood"",""FrameProperties"":""w14xt42-mm"",""FrameSize"":""452x452-mm"",""FulfillmentService"":""canvas-mounting"",""Orientation"":""ver"",""ProductStatus"":""activated"",""State"":""published""}"
framed_canvas_wood_w14xt42-mm_400x400-mm_ver_natural-wood_452x452-mm_wood-fsc-3-cm_canvas_4-0_canvas-mounting,Framed canvas — ver,framed-canvas,framed-canvas,"{""CanvasFormat"":""400x400-mm"",""CanvasFrame"":""wood-fsc-3-cm"",""CanvasMaterial"":""canvas"",""ColorType"":""4-0"",""FrameColor"":""natural-wood"",""FrameMaterial"":""wood"",""FrameProperties"":""w14xt42-mm"",""FrameSize"":""452x452-mm"",""FulfillmentService"":""canvas-mounting"",""Orientation"":""ver"",""ProductStatus"":""activated"",""State"":""published""}"
framed_canvas_wood_w14xt42-mm_400x500-mm_hor_black_452x552-mm_wood-fsc-3-cm_canvas_4-0_canvas-mounting,Framed canvas — hor,framed-canvas,framed-canvas,"{""CanvasFormat"":""400x500-mm"",""CanvasFrame"":""wood-fsc-3-cm"",""CanvasMaterial"":""canvas"",""ColorType"":""4-0"",""FrameColor"":""black"",""FrameMaterial"":""wood"",""FrameProperties"":""w14xt42-mm"",""FrameSize"":""452x552-mm"",""FulfillmentService"":""canvas-mounting"",""Orientation"":""hor"",""ProductStatus"":""activated"",""State"":""published""}"
framed_canvas_wood_w14xt42-mm_400x500-mm_hor_dark-wood_452x552-mm_wood-fsc-3-cm_canvas_4-0_canvas-mounting,Framed canvas — hor,framed-canvas,framed-canvas,"{""CanvasFormat"":""400x500-mm"",""CanvasFrame"":""wood-fsc-3-cm"",""CanvasMaterial"":""canvas"",""ColorType"":""4-0"",""FrameColor"":""dark-wood"",""FrameMaterial"":""wood"",""FrameProperties"":""w14xt42-mm"",""FrameSize"":""452x552-mm"",""FulfillmentService"":""canvas-mounting"",""Orientation"":""hor"",""ProductStatus"":""activated"",""State"":""published""}"
framed_canvas_wood_w14xt42-mm_400x500-mm_hor_natural-wood_452x552-mm_wood-fsc-3-cm_canvas_4-0_canvas-mounting,Framed canvas — hor,framed-canvas,framed-canvas,"{""CanvasFormat"":""400x500-mm"",""CanvasFrame"":""wood-fsc-3-cm"",""CanvasMaterial"":""canvas"",""ColorType"":""4-0"",""FrameColor"":""natural-wood"",""FrameMaterial"":""wood"",""FrameProperties"":""w14xt42-mm"",""FrameSize"":""452x552-mm"",""FulfillmentService"":""canvas-mounting"",""Orientation"":""hor"",""ProductStatus"":""activated"",""State"":""published""}"
framed_canvas_wood_w14xt42-mm_400x500-mm_ver_black_452x552-mm_wood-fsc-3-cm_canvas_4-0_canvas-mounting,Framed canvas — ver,framed-canvas,framed-canvas,"{""CanvasFormat"":""400x500-mm"",""CanvasFrame"":""wood-fsc-3-cm"",""CanvasMaterial"":""canvas"",""ColorType"":""4-0"",""FrameColor"":""black"",""FrameMaterial"":""wood"",""FrameProperties"":""w14xt42-mm"",""FrameSize"":""452x552-mm"",""FulfillmentService"":""canvas-mounting"",""Orientation"":""ver"",""ProductStatus"":""activated"",""State"":""published""}"
framed_canvas_wood_w14xt42-mm_400x500-mm_ver_dark-wood_452x552-mm_wood-fsc-3-cm_canvas_4-0_canvas-mounting,Framed canvas — ver,framed-canvas,framed-canvas,"{""CanvasFormat"":""400x500-mm"",""CanvasFrame"":""wood-fsc-3-cm"",""CanvasMaterial"":""canvas"",""ColorType"":""4-0"",""FrameColor"":""dark-wood"",""FrameMaterial"":""wood"",""FrameProperties"":""w14xt42-mm"",""FrameSize"":""452x552-mm"",""FulfillmentService"":""canvas-mounting"",""Orientation"":""ver"",""ProductStatus"":""activated"",""State"":""published""}"
framed_canvas_wood_w14xt42-mm_400x500-mm_ver_natural-wood_452x552-mm_wood-fsc-3-cm_canvas_4-0_canvas-mounting,Framed canvas — ver,framed-canvas,framed-canvas,"{""CanvasFormat"":""400x500-mm"",""CanvasFrame"":""wood-fsc-3-cm"",""CanvasMaterial"":""canvas"",""ColorType"":""4-0"",""FrameColor"":""natural-wood"",""FrameMaterial"":""wood"",""FrameProperties"":""w14xt42-mm"",""FrameSize"":""452x552-mm"",""FulfillmentService"":""canvas-mounting"",""Orientation"":""ver"",""ProductStatus"":""activated"",""State"":""published""}"
framed_canvas_wood_w14xt42-mm_400x600-mm_hor_black_452x652-mm_wood-fsc-3-cm_canvas_4-0_canvas-mounting,Framed canvas — hor,framed-canvas,framed-canvas,"{""CanvasFormat"":""400x600-mm"",""CanvasFrame"":""wood-fsc-3-cm"",""CanvasMaterial"":""canvas"",""ColorType"":""4-0"",""FrameColor"":""black"",""FrameMaterial"":""wood"",""FrameProperties"":""w14xt42-mm"",""FrameSize"":""452x652-mm"",""FulfillmentService"":""canvas-mounting"",""Orientation"":""hor"",""ProductStatus"":""activated"",""State"":""published""}"
framed_canvas_wood_w14xt42-mm_400x600-mm_hor_dark-wood_452x652-mm_wood-fsc-3-cm_canvas_4-0_canvas-mounting,Framed canvas — hor,framed-canvas,framed-canvas,"{""CanvasFormat"":""400x600-mm"",""CanvasFrame"":""wood-fsc-3-cm"",""CanvasMaterial"":""canvas"",""ColorType"":""4-0"",""FrameColor"":""dark-wood"",""FrameMaterial"":""wood"",""FrameProperties"":""w14xt42-mm"",""FrameSize"":""452x652-mm"",""FulfillmentService"":""canvas-mounting"",""Orientation"":""hor"",""ProductStatus"":""activated"",""State"":""published""}"
framed_canvas_wood_w14xt42-mm_400x600-mm_hor_natural-wood_452x652-mm_wood-fsc-3-cm_canvas_4-0_canvas-mounting,Framed canvas — hor,framed-canvas,framed-canvas,"{""CanvasFormat"":""400x600-mm"",""CanvasFrame"":""wood-fsc-3-cm"",""CanvasMaterial"":""canvas"",""ColorType"":""4-0"",""FrameColor"":""natural-wood"",""FrameMaterial"":""wood"",""FrameProperties"":""w14xt42-mm"",""FrameSize"":""452x652-mm"",""FulfillmentService"":""canvas-mounting"",""Orientation"":""hor"",""ProductStatus"":""activated"",""State"":""published""}"
framed_canvas_wood_w14xt42-mm_400x600-mm_ver_black_452x652-mm_wood-fsc-3-cm_canvas_4-0_canvas-mounting,Framed canvas — ver,framed-canvas,framed-canvas,"{""CanvasFormat"":""400x600-mm"",""CanvasFrame"":""wood-fsc-3-cm"",""CanvasMaterial"":""canvas"",""ColorType"":""4-0"",""FrameColor"":""black"",""FrameMaterial"":""wood"",""FrameProperties"":""w14xt42-mm"",""FrameSize"":""452x652-mm"",""FulfillmentService"":""canvas-mounting"",""Orientation"":""ver"",""ProductStatus"":""activated"",""State"":""published""}"
framed_canvas_wood_w14xt42-mm_400x600-mm_ver_dark-wood_452x652-mm_wood-fsc-3-cm_canvas_4-0_canvas-mounting,Framed canvas — ver,framed-canvas,framed-canvas,"{""CanvasFormat"":""400x600-mm"",""CanvasFrame"":""wood-fsc-3-cm"",""CanvasMaterial"":""canvas"",""ColorType"":""4-0"",""FrameColor"":""dark-wood"",""FrameMaterial"":""wood"",""FrameProperties"":""w14xt42-mm"",""FrameSize"":""452x652-mm"",""FulfillmentService"":""canvas-mounting"",""Orientation"":""ver"",""ProductStatus"":""activated"",""State"":""published""}"
framed_canvas_wood_w14xt42-mm_400x600-mm_ver_natural-wood_452x652-mm_wood-fsc-3-cm_canvas_4-0_canvas-mounting,Framed canvas — ver,framed-canvas,framed-canvas,"{""CanvasFormat"":""400x600-mm"",""CanvasFrame"":""wood-fsc-3-cm"",""CanvasMaterial"":""canvas"",""ColorType"":""4-0"",""FrameColor"":""natural-wood"",""FrameMaterial"":""wood"",""FrameProperties"":""w14xt42-mm"",""FrameSize"":""452x652-mm"",""FulfillmentService"":""canvas-mounting"",""Orientation"":""ver"",""ProductStatus"":""activated"",""State"":""published""}"
framed_canvas_wood_w14xt42-mm_400x800-mm_hor_black_452x852-mm_wood-fsc-3-cm_canvas_4-0_canvas-mounting,Framed canvas — hor,framed-canvas,framed-canvas,"{""CanvasFormat"":""400x800-mm"",""CanvasFrame"":""wood-fsc-3-cm"",""CanvasMaterial"":""canvas"",""ColorType"":""4-0"",""FrameColor"":""black"",""FrameMaterial"":""wood"",""FrameProperties"":""w14xt42-mm"",""FrameSize"":""452x852-mm"",""FulfillmentService"":""canvas-mounting"",""Orientation"":""hor"",""ProductStatus"":""activated"",""State"":""published""}"
framed_canvas_wood_w14xt42-mm_400x800-mm_hor_dark-wood_452x852-mm_wood-fsc-3-cm_canvas_4-0_canvas-mounting,Framed canvas — hor,framed-canvas,framed-canvas,"{""CanvasFormat"":""400x800-mm"",""CanvasFrame"":""wood-fsc-3-cm"",""CanvasMaterial"":""canvas"",""ColorType"":""4-0"",""FrameColor"":""dark-wood"",""FrameMaterial"":""wood"",""FrameProperties"":""w14xt42-mm"",""FrameSize"":""452x852-mm"",""FulfillmentService"":""canvas-mounting"",""Orientation"":""hor"",""ProductStatus"":""activated"",""State"":""published""}"
framed_canvas_wood_w14xt42-mm_400x800-mm_hor_natural-wood_452x852-mm_wood-fsc-3-cm_canvas_4-0_canvas-mounting,Framed canvas — hor,framed-canvas,framed-canvas,"{""CanvasFormat"":""400x800-mm"",""CanvasFrame"":""wood-fsc-3-cm"",""CanvasMaterial"":""canvas"",""ColorType"":""4-0"",""FrameColor"":""natural-wood"",""FrameMaterial"":""wood"",""FrameProperties"":""w14xt42-mm"",""FrameSize"":""452x852-mm"",""FulfillmentService"":""canvas-mounting"",""Orientation"":""hor"",""ProductStatus"":""activated"",""State"":""published""}"
framed_canvas_wood_w14xt42-mm_400x800-mm_ver_black_452x852-mm_wood-fsc-3-cm_canvas_4-0_canvas-mounting,Framed canvas — ver,framed-canvas,framed-canvas,"{""CanvasFormat"":""400x800-mm"",""CanvasFrame"":""wood-fsc-3-cm"",""CanvasMaterial"":""canvas"",""ColorType"":""4-0"",""FrameColor"":""black"",""FrameMaterial"":""wood"",""FrameProperties"":""w14xt42-mm"",""FrameSize"":""452x852-mm"",""FulfillmentService"":""canvas-mounting"",""Orientation"":""ver"",""ProductStatus"":""activated"",""State"":""published""}"
framed_canvas_wood_w14xt42-mm_400x800-mm_ver_dark-wood_452x852-mm_wood-fsc-3-cm_canvas_4-0_canvas-mounting,Framed canvas — ver,framed-canvas,framed-canvas,"{""CanvasFormat"":""400x800-mm"",""CanvasFrame"":""wood-fsc-3-cm"",""CanvasMaterial"":""canvas"",""ColorType"":""4-0"",""FrameColor"":""dark-wood"",""FrameMaterial"":""wood"",""FrameProperties"":""w14xt42-mm"",""FrameSize"":""452x852-mm"",""FulfillmentService"":""canvas-mounting"",""Orientation"":""ver"",""ProductStatus"":""activated"",""State"":""published""}"
framed_canvas_wood_w14xt42-mm_400x800-mm_ver_natural-wood_452x852-mm_wood-fsc-3-cm_canvas_4-0_canvas-mounting,Framed canvas — ver,framed-canvas,framed-canvas,"{""CanvasFormat"":""400x800-mm"",""CanvasFrame"":""wood-fsc-3-cm"",""CanvasMaterial"":""canvas"",""ColorType"":""4-0"",""FrameColor"":""natural-wood"",""FrameMaterial"":""wood"",""FrameProperties"":""w14xt42-mm"",""FrameSize"":""452x852-mm"",""FulfillmentService"":""canvas-mounting"",""Orientation"":""ver"",""ProductStatus"":""activated"",""State"":""published""}"
framed_canvas_wood_w14xt42-mm_450x600-mm_hor_black_502x652-mm_wood-fsc-3-cm_canvas_4-0_canvas-mounting,Framed canvas — hor,framed-canvas,framed-canvas,"{""CanvasFormat"":""450x600-mm"",""CanvasFrame"":""wood-fsc-3-cm"",""CanvasMaterial"":""canvas"",""ColorType"":""4-0"",""FrameColor"":""black"",""FrameMaterial"":""wood"",""FrameProperties"":""w14xt42-mm"",""FrameSize"":""502x652-mm"",""FulfillmentService"":""canvas-mounting"",""Orientation"":""hor"",""ProductStatus"":""activated"",""State"":""published""}"
framed_canvas_wood_w14xt42-mm_450x600-mm_hor_dark-wood_502x652-mm_wood-fsc-3-cm_canvas_4-0_canvas-mounting,Framed canvas — hor,framed-canvas,framed-canvas,"{""CanvasFormat"":""450x600-mm"",""CanvasFrame"":""wood-fsc-3-cm"",""CanvasMaterial"":""canvas"",""ColorType"":""4-0"",""FrameColor"":""dark-wood"",""FrameMaterial"":""wood"",""FrameProperties"":""w14xt42-mm"",""FrameSize"":""502x652-mm"",""FulfillmentService"":""canvas-mounting"",""Orientation"":""hor"",""ProductStatus"":""activated"",""State"":""published""}"
framed_canvas_wood_w14xt42-mm_450x600-mm_hor_natural-wood_502x652-mm_wood-fsc-3-cm_canvas_4-0_canvas-mounting,Framed canvas — hor,framed-canvas,framed-canvas,"{""CanvasFormat"":""450x600-mm"",""CanvasFrame"":""wood-fsc-3-cm"",""CanvasMaterial"":""canvas"",""ColorType"":""4-0"",""FrameColor"":""natural-wood"",""FrameMaterial"":""wood"",""FrameProperties"":""w14xt42-mm"",""FrameSize"":""502x652-mm"",""FulfillmentService"":""canvas-mounting"",""Orientation"":""hor"",""ProductStatus"":""activated"",""State"":""published""}"
framed_canvas_wood_w14xt42-mm_450x600-mm_ver_black_502x652-mm_wood-fsc-3-cm_canvas_4-0_canvas-mounting,Framed canvas — ver,framed-canvas,framed-canvas,"{""CanvasFormat"":""450x600-mm"",""CanvasFrame"":""wood-fsc-3-cm"",""CanvasMaterial"":""canvas"",""ColorType"":""4-0"",""FrameColor"":""black"",""FrameMaterial"":""wood"",""FrameProperties"":""w14xt42-mm"",""FrameSize"":""502x652-mm"",""FulfillmentService"":""canvas-mounting"",""Orientation"":""ver"",""ProductStatus"":""activated"",""State"":""published""}"
framed_canvas_wood_w14xt42-mm_450x600-mm_ver_dark-wood_502x652-mm_wood-fsc-3-cm_canvas_4-0_canvas-mounting,Framed canvas — ver,framed-canvas,framed-canvas,"{""CanvasFormat"":""450x600-mm"",""CanvasFrame"":""wood-fsc-3-cm"",""CanvasMaterial"":""canvas"",""ColorType"":""4-0"",""FrameColor"":""dark-wood"",""FrameMaterial"":""wood"",""FrameProperties"":""w14xt42-mm"",""FrameSize"":""502x652-mm"",""FulfillmentService"":""canvas-mounting"",""Orientation"":""ver"",""ProductStatus"":""activated"",""State"":""published""}"
framed_canvas_wood_w14xt42-mm_450x600-mm_ver_natural-wood_502x652-mm_wood-fsc-3-cm_canvas_4-0_canvas-mounting,Framed canvas — ver,framed-canvas,framed-canvas,"{""CanvasFormat"":""450x600-mm"",""CanvasFrame"":""wood-fsc-3-cm"",""CanvasMaterial"":""canvas"",""ColorType"":""4-0"",""FrameColor"":""natural-wood"",""FrameMaterial"":""wood"",""FrameProperties"":""w14xt42-mm"",""FrameSize"":""502x652-mm"",""FulfillmentService"":""canvas-mounting"",""Orientation"":""ver"",""ProductStatus"":""activated"",""State"":""published""}"
framed_canvas_wood_w14xt42-mm_500x1000-mm_hor_black_552x1052-mm_wood-fsc-3-cm_canvas_4-0_canvas-mounting,Framed canvas — hor,framed-canvas,framed-canvas,"{""CanvasFormat"":""500x1000-mm"",""CanvasFrame"":""wood-fsc-3-cm"",""CanvasMaterial"":""canvas"",""ColorType"":""4-0"",""FrameColor"":""black"",""FrameMaterial"":""wood"",""FrameProperties"":""w14xt42-mm"",""FrameSize"":""552x1052-mm"",""FulfillmentService"":""canvas-mounting"",""Orientation"":""hor"",""ProductStatus"":""activated"",""State"":""published""}"
framed_canvas_wood_w14xt42-mm_500x1000-mm_hor_dark-wood_552x1052-mm_wood-fsc-3-cm_canvas_4-0_canvas-mounting,Framed canvas — hor,framed-canvas,framed-canvas,"{""CanvasFormat"":""500x1000-mm"",""CanvasFrame"":""wood-fsc-3-cm"",""CanvasMaterial"":""canvas"",""ColorType"":""4-0"",""FrameColor"":""dark-wood"",""FrameMaterial"":""wood"",""FrameProperties"":""w14xt42-mm"",""FrameSize"":""552x1052-mm"",""FulfillmentService"":""canvas-mounting"",""Orientation"":""hor"",""ProductStatus"":""activated"",""State"":""published""}"
framed_canvas_wood_w14xt42-mm_500x1000-mm_hor_natural-wood_552x1052-mm_wood-fsc-3-cm_canvas_4-0_canvas-mounting,Framed canvas — hor,framed-canvas,framed-canvas,"{""CanvasFormat"":""500x1000-mm"",""CanvasFrame"":""wood-fsc-3-cm"",""CanvasMaterial"":""canvas"",""ColorType"":""4-0"",""FrameColor"":""natural-wood"",""FrameMaterial"":""wood"",""FrameProperties"":""w14xt42-mm"",""FrameSize"":""552x1052-mm"",""FulfillmentService"":""canvas-mounting"",""Orientation"":""hor"",""ProductStatus"":""activated"",""State"":""published""}"
framed_canvas_wood_w14xt42-mm_500x1000-mm_ver_black_552x1052-mm_wood-fsc-3-cm_canvas_4-0_canvas-mounting,Framed canvas — ver,framed-canvas,framed-canvas,"{""CanvasFormat"":""500x1000-mm"",""CanvasFrame"":""wood-fsc-3-cm"",""CanvasMaterial"":""canvas"",""ColorType"":""4-0"",""FrameColor"":""black"",""FrameMaterial"":""wood"",""FrameProperties"":""w14xt42-mm"",""FrameSize"":""552x1052-mm"",""FulfillmentService"":""canvas-mounting"",""Orientation"":""ver"",""ProductStatus"":""activated"",""State"":""published""}"
framed_canvas_wood_w14xt42-mm_500x1000-mm_ver_dark-wood_552x1052-mm_wood-fsc-3-cm_canvas_4-0_canvas-mounting,Framed canvas — ver,framed-canvas,framed-canvas,"{""CanvasFormat"":""500x1000-mm"",""CanvasFrame"":""wood-fsc-3-cm"",""CanvasMaterial"":""canvas"",""ColorType"":""4-0"",""FrameColor"":""dark-wood"",""FrameMaterial"":""wood"",""FrameProperties"":""w14xt42-mm"",""FrameSize"":""552x1052-mm"",""FulfillmentService"":""canvas-mounting"",""Orientation"":""ver"",""ProductStatus"":""activated"",""State"":""published""}"
framed_canvas_wood_w14xt42-mm_500x1000-mm_ver_natural-wood_552x1052-mm_wood-fsc-3-cm_canvas_4-0_canvas-mounting,Framed canvas — ver,framed-canvas,framed-canvas,"{""CanvasFormat"":""500x1000-mm"",""CanvasFrame"":""wood-fsc-3-cm"",""CanvasMaterial"":""canvas"",""ColorType"":""4-0"",""FrameColor"":""natural-wood"",""FrameMaterial"":""wood"",""FrameProperties"":""w14xt42-mm"",""FrameSize"":""552x1052-mm"",""FulfillmentService"":""canvas-mounting"",""Orientation"":""ver"",""ProductStatus"":""activated"",""State"":""published""}"
framed_canvas_wood_w14xt42-mm_500x500-mm_hor_black_552x552-mm_wood-fsc-3-cm_canvas_4-0_canvas-mounting,Framed canvas — hor,framed-canvas,framed-canvas,"{""CanvasFormat"":""500x500-mm"",""CanvasFrame"":""wood-fsc-3-cm"",""CanvasMaterial"":""canvas"",""ColorType"":""4-0"",""FrameColor"":""black"",""FrameMaterial"":""wood"",""FrameProperties"":""w14xt42-mm"",""FrameSize"":""552x552-mm"",""FulfillmentService"":""canvas-mounting"",""Orientation"":""hor"",""ProductStatus"":""activated"",""State"":""published""}"
framed_canvas_wood_w14xt42-mm_500x500-mm_hor_dark-wood_552x552-mm_wood-fsc-3-cm_canvas_4-0_canvas-mounting,Framed canvas — hor,framed-canvas,framed-canvas,"{""CanvasFormat"":""500x500-mm"",""CanvasFrame"":""wood-fsc-3-cm"",""CanvasMaterial"":""canvas"",""ColorType"":""4-0"",""FrameColor"":""dark-wood"",""FrameMaterial"":""wood"",""FrameProperties"":""w14xt42-mm"",""FrameSize"":""552x552-mm"",""FulfillmentService"":""canvas-mounting"",""Orientation"":""hor"",""ProductStatus"":""activated"",""State"":""published""}"
framed_canvas_wood_w14xt42-mm_500x500-mm_hor_natural-wood_552x552-mm_wood-fsc-3-cm_canvas_4-0_canvas-mounting,Framed canvas — hor,framed-canvas,framed-canvas,"{""CanvasFormat"":""500x500-mm"",""CanvasFrame"":""wood-fsc-3-cm"",""CanvasMaterial"":""canvas"",""ColorType"":""4-0"",""FrameColor"":""natural-wood"",""FrameMaterial"":""wood"",""FrameProperties"":""w14xt42-mm"",""FrameSize"":""552x552-mm"",""FulfillmentService"":""canvas-mounting"",""Orientation"":""hor"",""ProductStatus"":""activated"",""State"":""published""}"
framed_canvas_wood_w14xt42-mm_500x500-mm_ver_black_552x552-mm_wood-fsc-3-cm_canvas_4-0_canvas-mounting,Framed canvas — ver,framed-canvas,framed-canvas,"{""CanvasFormat"":""500x500-mm"",""CanvasFrame"":""wood-fsc-3-cm"",""CanvasMaterial"":""canvas"",""ColorType"":""4-0"",""FrameColor"":""black"",""FrameMaterial"":""wood"",""FrameProperties"":""w14xt42-mm"",""FrameSize"":""552x552-mm"",""FulfillmentService"":""canvas-mounting"",""Orientation"":""ver"",""ProductStatus"":""activated"",""State"":""published""}"
framed_canvas_wood_w14xt42-mm_500x500-mm_ver_dark-wood_552x552-mm_wood-fsc-3-cm_canvas_4-0_canvas-mounting,Framed canvas — ver,framed-canvas,framed-canvas,"{""CanvasFormat"":""500x500-mm"",""CanvasFrame"":""wood-fsc-3-cm"",""CanvasMaterial"":""canvas"",""ColorType"":""4-0"",""FrameColor"":""dark-wood"",""FrameMaterial"":""wood"",""FrameProperties"":""w14xt42-mm"",""FrameSize"":""552x552-mm"",""FulfillmentService"":""canvas-mounting"",""Orientation"":""ver"",""ProductStatus"":""activated"",""State"":""published""}"
framed_canvas_wood_w14xt42-mm_500x500-mm_ver_natural-wood_552x552-mm_wood-fsc-3-cm_canvas_4-0_canvas-mounting,Framed canvas — ver,framed-canvas,framed-canvas,"{""CanvasFormat"":""500x500-mm"",""CanvasFrame"":""wood-fsc-3-cm"",""CanvasMaterial"":""canvas"",""ColorType"":""4-0"",""FrameColor"":""natural-wood"",""FrameMaterial"":""wood"",""FrameProperties"":""w14xt42-mm"",""FrameSize"":""552x552-mm"",""FulfillmentService"":""canvas-mounting"",""Orientation"":""ver"",""ProductStatus"":""activated"",""State"":""published""}"
framed_canvas_wood_w14xt42-mm_500x600-mm_hor_black_552x652-mm_wood-fsc-3-cm_canvas_4-0_canvas-mounting,Framed canvas — hor,framed-canvas,framed-canvas,"{""CanvasFormat"":""500x600-mm"",""CanvasFrame"":""wood-fsc-3-cm"",""CanvasMaterial"":""canvas"",""ColorType"":""4-0"",""FrameColor"":""black"",""FrameMaterial"":""wood"",""FrameProperties"":""w14xt42-mm"",""FrameSize"":""552x652-mm"",""FulfillmentService"":""canvas-mounting"",""Orientation"":""hor"",""ProductStatus"":""activated"",""State"":""published""}"
framed_canvas_wood_w14xt42-mm_500x600-mm_hor_dark-wood_552x652-mm_wood-fsc-3-cm_canvas_4-0_canvas-mounting,Framed canvas — hor,framed-canvas,framed-canvas,"{""CanvasFormat"":""500x600-mm"",""CanvasFrame"":""wood-fsc-3-cm"",""CanvasMaterial"":""canvas"",""ColorType"":""4-0"",""FrameColor"":""dark-wood"",""FrameMaterial"":""wood"",""FrameProperties"":""w14xt42-mm"",""FrameSize"":""552x652-mm"",""FulfillmentService"":""canvas-mounting"",""Orientation"":""hor"",""ProductStatus"":""activated"",""State"":""published""}"
framed_canvas_wood_w14xt42-mm_500x600-mm_hor_natural-wood_552x652-mm_wood-fsc-3-cm_canvas_4-0_canvas-mounting,Framed canvas — hor,framed-canvas,framed-canvas,"{""CanvasFormat"":""500x600-mm"",""CanvasFrame"":""wood-fsc-3-cm"",""CanvasMaterial"":""canvas"",""ColorType"":""4-0"",""FrameColor"":""natural-wood"",""FrameMaterial"":""wood"",""FrameProperties"":""w14xt42-mm"",""FrameSize"":""552x652-mm"",""FulfillmentService"":""canvas-mounting"",""Orientation"":""hor"",""ProductStatus"":""activated"",""State"":""published""}"
framed_canvas_wood_w14xt42-mm_500x600-mm_ver_black_552x652-mm_wood-fsc-3-cm_canvas_4-0_canvas-mounting,Framed canvas — ver,framed-canvas,framed-canvas,"{""CanvasFormat"":""500x600-mm"",""CanvasFrame"":""wood-fsc-3-cm"",""CanvasMaterial"":""canvas"",""ColorType"":""4-0"",""FrameColor"":""black"",""FrameMaterial"":""wood"",""FrameProperties"":""w14xt42-mm"",""FrameSize"":""552x652-mm"",""FulfillmentService"":""canvas-mounting"",""Orientation"":""ver"",""ProductStatus"":""activated"",""State"":""published""}"
framed_canvas_wood_w14xt42-mm_500x600-mm_ver_dark-wood_552x652-mm_wood-fsc-3-cm_canvas_4-0_canvas-mounting,Framed canvas — ver,framed-canvas,framed-canvas,"{""CanvasFormat"":""500x600-mm"",""CanvasFrame"":""wood-fsc-3-cm"",""CanvasMaterial"":""canvas"",""ColorType"":""4-0"",""FrameColor"":""dark-wood"",""FrameMaterial"":""wood"",""FrameProperties"":""w14xt42-mm"",""FrameSize"":""552x652-mm"",""FulfillmentService"":""canvas-mounting"",""Orientation"":""ver"",""ProductStatus"":""activated"",""State"":""published""}"
framed_canvas_wood_w14xt42-mm_500x600-mm_ver_natural-wood_552x652-mm_wood-fsc-3-cm_canvas_4-0_canvas-mounting,Framed canvas — ver,framed-canvas,framed-canvas,"{""CanvasFormat"":""500x600-mm"",""CanvasFrame"":""wood-fsc-3-cm"",""CanvasMaterial"":""canvas"",""ColorType"":""4-0"",""FrameColor"":""natural-wood"",""FrameMaterial"":""wood"",""FrameProperties"":""w14xt42-mm"",""FrameSize"":""552x652-mm"",""FulfillmentService"":""canvas-mounting"",""Orientation"":""ver"",""ProductStatus"":""activated"",""State"":""published""}"
framed_canvas_wood_w14xt42-mm_500x700-mm_hor_black_552x752-mm_wood-fsc-3-cm_canvas_4-0_canvas-mounting,Framed canvas — hor,framed-canvas,framed-canvas,"{""CanvasFormat"":""500x700-mm"",""CanvasFrame"":""wood-fsc-3-cm"",""CanvasMaterial"":""canvas"",""ColorType"":""4-0"",""FrameColor"":""black"",""FrameMaterial"":""wood"",""FrameProperties"":""w14xt42-mm"",""FrameSize"":""552x752-mm"",""FulfillmentService"":""canvas-mounting"",""Orientation"":""hor"",""ProductStatus"":""activated"",""State"":""published""}"
framed_canvas_wood_w14xt42-mm_500x700-mm_hor_dark-wood_552x752-mm_wood-fsc-3-cm_canvas_4-0_canvas-mounting,Framed canvas — hor,framed-canvas,framed-canvas,"{""CanvasFormat"":""500x700-mm"",""CanvasFrame"":""wood-fsc-3-cm"",""CanvasMaterial"":""canvas"",""ColorType"":""4-0"",""FrameColor"":""dark-wood"",""FrameMaterial"":""wood"",""FrameProperties"":""w14xt42-mm"",""FrameSize"":""552x752-mm"",""FulfillmentService"":""canvas-mounting"",""Orientation"":""hor"",""ProductStatus"":""activated"",""State"":""published""}"
framed_canvas_wood_w14xt42-mm_500x700-mm_hor_natural-wood_552x752-mm_wood-fsc-3-cm_canvas_4-0_canvas-mounting,Framed canvas — hor,framed-canvas,framed-canvas,"{""CanvasFormat"":""500x700-mm"",""CanvasFrame"":""wood-fsc-3-cm"",""CanvasMaterial"":""canvas"",""ColorType"":""4-0"",""FrameColor"":""natural-wood"",""FrameMaterial"":""wood"",""FrameProperties"":""w14xt42-mm"",""FrameSize"":""552x752-mm"",""FulfillmentService"":""canvas-mounting"",""Orientation"":""hor"",""ProductStatus"":""activated"",""State"":""published""}"
framed_canvas_wood_w14xt42-mm_500x700-mm_ver_black_552x752-mm_wood-fsc-3-cm_canvas_4-0_canvas-mounting,Framed canvas — ver,framed-canvas,framed-canvas,"{""CanvasFormat"":""500x700-mm"",""CanvasFrame"":""wood-fsc-3-cm"",""CanvasMaterial"":""canvas"",""ColorType"":""4-0"",""FrameColor"":""black"",""FrameMaterial"":""wood"",""FrameProperties"":""w14xt42-mm"",""FrameSize"":""552x752-mm"",""FulfillmentService"":""canvas-mounting"",""Orientation"":""ver"",""ProductStatus"":""activated"",""State"":""published""}"
framed_canvas_wood_w14xt42-mm_500x700-mm_ver_dark-wood_552x752-mm_wood-fsc-3-cm_canvas_4-0_canvas-mounting,Framed canvas — ver,framed-canvas,framed-canvas,"{""CanvasFormat"":""500x700-mm"",""CanvasFrame"":""wood-fsc-3-cm"",""CanvasMaterial"":""canvas"",""ColorType"":""4-0"",""FrameColor"":""dark-wood"",""FrameMaterial"":""wood"",""FrameProperties"":""w14xt42-mm"",""FrameSize"":""552x752-mm"",""FulfillmentService"":""canvas-mounting"",""Orientation"":""ver"",""ProductStatus"":""activated"",""State"":""published""}"
framed_canvas_wood_w14xt42-mm_500x700-mm_ver_natural-wood_552x752-mm_wood-fsc-3-cm_canvas_4-0_canvas-mounting,Framed canvas — ver,framed-canvas,framed-canvas,"{""CanvasFormat"":""500x700-mm"",""CanvasFrame"":""wood-fsc-3-cm"",""CanvasMaterial"":""canvas"",""ColorType"":""4-0"",""FrameColor"":""natural-wood"",""FrameMaterial"":""wood"",""FrameProperties"":""w14xt42-mm"",""FrameSize"":""552x752-mm"",""FulfillmentService"":""canvas-mounting"",""Orientation"":""ver"",""ProductStatus"":""activated"",""State"":""published""}"
framed_canvas_wood_w14xt42-mm_500x750-mm_hor_black_552x802-mm_wood-fsc-3-cm_canvas_4-0_canvas-mounting,Framed canvas — hor,framed-canvas,framed-canvas,"{""CanvasFormat"":""500x750-mm"",""CanvasFrame"":""wood-fsc-3-cm"",""CanvasMaterial"":""canvas"",""ColorType"":""4-0"",""FrameColor"":""black"",""FrameMaterial"":""wood"",""FrameProperties"":""w14xt42-mm"",""FrameSize"":""552x802-mm"",""FulfillmentService"":""canvas-mounting"",""Orientation"":""hor"",""ProductStatus"":""activated"",""State"":""published""}"
framed_canvas_wood_w14xt42-mm_500x750-mm_hor_dark-wood_552x802-mm_wood-fsc-3-cm_canvas_4-0_canvas-mounting,Framed canvas — hor,framed-canvas,framed-canvas,"{""CanvasFormat"":""500x750-mm"",""CanvasFrame"":""wood-fsc-3-cm"",""CanvasMaterial"":""canvas"",""ColorType"":""4-0"",""FrameColor"":""dark-wood"",""FrameMaterial"":""wood"",""FrameProperties"":""w14xt42-mm"",""FrameSize"":""552x802-mm"",""FulfillmentService"":""canvas-mounting"",""Orientation"":""hor"",""ProductStatus"":""activated"",""State"":""published""}"
framed_canvas_wood_w14xt42-mm_500x750-mm_hor_natural-wood_552x802-mm_wood-fsc-3-cm_canvas_4-0_canvas-mounting,Framed canvas — hor,framed-canvas,framed-canvas,"{""CanvasFormat"":""500x750-mm"",""CanvasFrame"":""wood-fsc-3-cm"",""CanvasMaterial"":""canvas"",""ColorType"":""4-0"",""FrameColor"":""natural-wood"",""FrameMaterial"":""wood"",""FrameProperties"":""w14xt42-mm"",""FrameSize"":""552x802-mm"",""FulfillmentService"":""canvas-mounting"",""Orientation"":""hor"",""ProductStatus"":""activated"",""State"":""published""}"
framed_canvas_wood_w14xt42-mm_500x750-mm_ver_black_552x802-mm_wood-fsc-3-cm_canvas_4-0_canvas-mounting,Framed canvas — ver,framed-canvas,framed-canvas,"{""CanvasFormat"":""500x750-mm"",""CanvasFrame"":""wood-fsc-3-cm"",""CanvasMaterial"":""canvas"",""ColorType"":""4-0"",""FrameColor"":""black"",""FrameMaterial"":""wood"",""FrameProperties"":""w14xt42-mm"",""FrameSize"":""552x802-mm"",""FulfillmentService"":""canvas-mounting"",""Orientation"":""ver"",""ProductStatus"":""activated"",""State"":""published""}"
framed_canvas_wood_w14xt42-mm_500x750-mm_ver_dark-wood_552x802-mm_wood-fsc-3-cm_canvas_4-0_canvas-mounting,Framed canvas — ver,framed-canvas,framed-canvas,"{""CanvasFormat"":""500x750-mm"",""CanvasFrame"":""wood-fsc-3-cm"",""CanvasMaterial"":""canvas"",""ColorType"":""4-0"",""FrameColor"":""dark-wood"",""FrameMaterial"":""wood"",""FrameProperties"":""w14xt42-mm"",""FrameSize"":""552x802-mm"",""FulfillmentService"":""canvas-mounting"",""Orientation"":""ver"",""ProductStatus"":""activated"",""State"":""published""}"
framed_canvas_wood_w14xt42-mm_500x750-mm_ver_natural-wood_552x802-mm_wood-fsc-3-cm_canvas_4-0_canvas-mounting,Framed canvas — ver,framed-canvas,framed-canvas,"{""CanvasFormat"":""500x750-mm"",""CanvasFrame"":""wood-fsc-3-cm"",""CanvasMaterial"":""canvas"",""ColorType"":""4-0"",""FrameColor"":""natural-wood"",""FrameMaterial"":""wood"",""FrameProperties"":""w14xt42-mm"",""FrameSize"":""552x802-mm"",""FulfillmentService"":""canvas-mounting"",""Orientation"":""ver"",""ProductStatus"":""activated"",""State"":""published""}"
framed_canvas_wood_w14xt42-mm_600x600-mm_hor_black_652x652-mm_wood-fsc-3-cm_canvas_4-0_canvas-mounting,Framed canvas — hor,framed-canvas,framed-canvas,"{""CanvasFormat"":""600x600-mm"",""CanvasFrame"":""wood-fsc-3-cm"",""CanvasMaterial"":""canvas"",""ColorType"":""4-0"",""FrameColor"":""black"",""FrameMaterial"":""wood"",""FrameProperties"":""w14xt42-mm"",""FrameSize"":""652x652-mm"",""FulfillmentService"":""canvas-mounting"",""Orientation"":""hor"",""ProductStatus"":""activated"",""State"":""published""}"
framed_canvas_wood_w14xt42-mm_600x600-mm_hor_dark-wood_652x652-mm_wood-fsc-3-cm_canvas_4-0_canvas-mounting,Framed canvas — hor,framed-canvas,framed-canvas,"{""CanvasFormat"":""600x600-mm"",""CanvasFrame"":""wood-fsc-3-cm"",""CanvasMaterial"":""canvas"",""ColorType"":""4-0"",""FrameColor"":""dark-wood"",""FrameMaterial"":""wood"",""FrameProperties"":""w14xt42-mm"",""FrameSize"":""652x652-mm"",""FulfillmentService"":""canvas-mounting"",""Orientation"":""hor"",""ProductStatus"":""activated"",""State"":""published""}"
framed_canvas_wood_w14xt42-mm_600x600-mm_hor_natural-wood_652x652-mm_wood-fsc-3-cm_canvas_4-0_canvas-mounting,Framed canvas — hor,framed-canvas,framed-canvas,"{""CanvasFormat"":""600x600-mm"",""CanvasFrame"":""wood-fsc-3-cm"",""CanvasMaterial"":""canvas"",""ColorType"":""4-0"",""FrameColor"":""natural-wood"",""FrameMaterial"":""wood"",""FrameProperties"":""w14xt42-mm"",""FrameSize"":""652x652-mm"",""FulfillmentService"":""canvas-mounting"",""Orientation"":""hor"",""ProductStatus"":""activated"",""State"":""published""}"
framed_canvas_wood_w14xt42-mm_600x600-mm_ver_black_652x652-mm_wood-fsc-3-cm_canvas_4-0_canvas-mounting,Framed canvas — ver,framed-canvas,framed-canvas,"{""CanvasFormat"":""600x600-mm"",""CanvasFrame"":""wood-fsc-3-cm"",""CanvasMaterial"":""canvas"",""ColorType"":""4-0"",""FrameColor"":""black"",""FrameMaterial"":""wood"",""FrameProperties"":""w14xt42-mm"",""FrameSize"":""652x652-mm"",""FulfillmentService"":""canvas-mounting"",""Orientation"":""ver"",""ProductStatus"":""activated"",""State"":""published""}"
framed_canvas_wood_w14xt42-mm_600x600-mm_ver_dark-wood_652x652-mm_wood-fsc-3-cm_canvas_4-0_canvas-mounting,Framed canvas — ver,framed-canvas,framed-canvas,"{""CanvasFormat"":""600x600-mm"",""CanvasFrame"":""wood-fsc-3-cm"",""CanvasMaterial"":""canvas"",""ColorType"":""4-0"",""FrameColor"":""dark-wood"",""FrameMaterial"":""wood"",""FrameProperties"":""w14xt42-mm"",""FrameSize"":""652x652-mm"",""FulfillmentService"":""canvas-mounting"",""Orientation"":""ver"",""ProductStatus"":""activated"",""State"":""published""}"
framed_canvas_wood_w14xt42-mm_600x600-mm_ver_natural-wood_652x652-mm_wood-fsc-3-cm_canvas_4-0_canvas-mounting,Framed canvas — ver,framed-canvas,framed-canvas,"{""CanvasFormat"":""600x600-mm"",""CanvasFrame"":""wood-fsc-3-cm"",""CanvasMaterial"":""canvas"",""ColorType"":""4-0"",""FrameColor"":""natural-wood"",""FrameMaterial"":""wood"",""FrameProperties"":""w14xt42-mm"",""FrameSize"":""652x652-mm"",""FulfillmentService"":""canvas-mounting"",""Orientation"":""ver"",""ProductStatus"":""activated"",""State"":""published""}"
framed_canvas_wood_w14xt42-mm_600x750-mm_hor_black_652x802-mm_wood-fsc-3-cm_canvas_4-0_canvas-mounting,Framed canvas — hor,framed-canvas,framed-canvas,"{""CanvasFormat"":""600x750-mm"",""CanvasFrame"":""wood-fsc-3-cm"",""CanvasMaterial"":""canvas"",""ColorType"":""4-0"",""FrameColor"":""black"",""FrameMaterial"":""wood"",""FrameProperties"":""w14xt42-mm"",""FrameSize"":""652x802-mm"",""FulfillmentService"":""canvas-mounting"",""Orientation"":""hor"",""ProductStatus"":""activated"",""State"":""published""}"
framed_canvas_wood_w14xt42-mm_600x750-mm_hor_dark-wood_652x802-mm_wood-fsc-3-cm_canvas_4-0_canvas-mounting,Framed canvas — hor,framed-canvas,framed-canvas,"{""CanvasFormat"":""600x750-mm"",""CanvasFrame"":""wood-fsc-3-cm"",""CanvasMaterial"":""canvas"",""ColorType"":""4-0"",""FrameColor"":""dark-wood"",""FrameMaterial"":""wood"",""FrameProperties"":""w14xt42-mm"",""FrameSize"":""652x802-mm"",""FulfillmentService"":""canvas-mounting"",""Orientation"":""hor"",""ProductStatus"":""activated"",""State"":""published""}"
framed_canvas_wood_w14xt42-mm_600x750-mm_hor_natural-wood_652x802-mm_wood-fsc-3-cm_canvas_4-0_canvas-mounting,Framed canvas — hor,framed-canvas,framed-canvas,"{""CanvasFormat"":""600x750-mm"",""CanvasFrame"":""wood-fsc-3-cm"",""CanvasMaterial"":""canvas"",""ColorType"":""4-0"",""FrameColor"":""natural-wood"",""FrameMaterial"":""wood"",""FrameProperties"":""w14xt42-mm"",""FrameSize"":""652x802-mm"",""FulfillmentService"":""canvas-mounting"",""Orientation"":""hor"",""ProductStatus"":""activated"",""State"":""published""}"
framed_canvas_wood_w14xt42-mm_600x750-mm_ver_black_652x802-mm_wood-fsc-3-cm_canvas_4-0_canvas-mounting,Framed canvas — ver,framed-canvas,framed-canvas,"{""CanvasFormat"":""600x750-mm"",""CanvasFrame"":""wood-fsc-3-cm"",""CanvasMaterial"":""canvas"",""ColorType"":""4-0"",""FrameColor"":""black"",""FrameMaterial"":""wood"",""FrameProperties"":""w14xt42-mm"",""FrameSize"":""652x802-mm"",""FulfillmentService"":""canvas-mounting"",""Orientation"":""ver"",""ProductStatus"":""activated"",""State"":""published""}"
framed_canvas_wood_w14xt42-mm_600x750-mm_ver_dark-wood_652x802-mm_wood-fsc-3-cm_canvas_4-0_canvas-mounting,Framed canvas — ver,framed-canvas,framed-canvas,"{""CanvasFormat"":""600x750-mm"",""CanvasFrame"":""wood-fsc-3-cm"",""CanvasMaterial"":""canvas"",""ColorType"":""4-0"",""FrameColor"":""dark-wood"",""FrameMaterial"":""wood"",""FrameProperties"":""w14xt42-mm"",""FrameSize"":""652x802-mm"",""FulfillmentService"":""canvas-mounting"",""Orientation"":""ver"",""ProductStatus"":""activated"",""State"":""published""}"
framed_canvas_wood_w14xt42-mm_600x750-mm_ver_natural-wood_652x802-mm_wood-fsc-3-cm_canvas_4-0_canvas-mounting,Framed canvas — ver,framed-canvas,framed-canvas,"{""CanvasFormat"":""600x750-mm"",""CanvasFrame"":""wood-fsc-3-cm"",""CanvasMaterial"":""canvas"",""ColorType"":""4-0"",""FrameColor"":""natural-wood"",""FrameMaterial"":""wood"",""FrameProperties"":""w14xt42-mm"",""FrameSize"":""652x802-mm"",""FulfillmentService"":""canvas-mounting"",""Orientation"":""ver"",""ProductStatus"":""activated"",""State"":""published""}"
framed_canvas_wood_w14xt42-mm_600x800-mm_hor_black_652x852-mm_wood-fsc-3-cm_canvas_4-0_canvas-mounting,Framed canvas — hor,framed-canvas,framed-canvas,"{""CanvasFormat"":""600x800-mm"",""CanvasFrame"":""wood-fsc-3-cm"",""CanvasMaterial"":""canvas"",""ColorType"":""4-0"",""FrameColor"":""black"",""FrameMaterial"":""wood"",""FrameProperties"":""w14xt42-mm"",""FrameSize"":""652x852-mm"",""FulfillmentService"":""canvas-mounting"",""Orientation"":""hor"",""ProductStatus"":""activated"",""State"":""published""}"
framed_canvas_wood_w14xt42-mm_600x800-mm_hor_dark-wood_652x852-mm_wood-fsc-3-cm_canvas_4-0_canvas-mounting,Framed canvas — hor,framed-canvas,framed-canvas,"{""CanvasFormat"":""600x800-mm"",""CanvasFrame"":""wood-fsc-3-cm"",""CanvasMaterial"":""canvas"",""ColorType"":""4-0"",""FrameColor"":""dark-wood"",""FrameMaterial"":""wood"",""FrameProperties"":""w14xt42-mm"",""FrameSize"":""652x852-mm"",""FulfillmentService"":""canvas-mounting"",""Orientation"":""hor"",""ProductStatus"":""activated"",""State"":""published""}"
framed_canvas_wood_w14xt42-mm_600x800-mm_hor_natural-wood_652x852-mm_wood-fsc-3-cm_canvas_4-0_canvas-mounting,Framed canvas — hor,framed-canvas,framed-canvas,"{""CanvasFormat"":""600x800-mm"",""CanvasFrame"":""wood-fsc-3-cm"",""CanvasMaterial"":""canvas"",""ColorType"":""4-0"",""FrameColor"":""natural-wood"",""FrameMaterial"":""wood"",""FrameProperties"":""w14xt42-mm"",""FrameSize"":""652x852-mm"",""FulfillmentService"":""canvas-mounting"",""Orientation"":""hor"",""ProductStatus"":""activated"",""State"":""published""}"
framed_canvas_wood_w14xt42-mm_600x800-mm_ver_black_652x852-mm_wood-fsc-3-cm_canvas_4-0_canvas-mounting,Framed canvas — ver,framed-canvas,framed-canvas,"{""CanvasFormat"":""600x800-mm"",""CanvasFrame"":""wood-fsc-3-cm"",""CanvasMaterial"":""canvas"",""ColorType"":""4-0"",""FrameColor"":""black"",""FrameMaterial"":""wood"",""FrameProperties"":""w14xt42-mm"",""FrameSize"":""652x852-mm"",""FulfillmentService"":""canvas-mounting"",""Orientation"":""ver"",""ProductStatus"":""activated"",""State"":""published""}"
framed_canvas_wood_w14xt42-mm_600x800-mm_ver_dark-wood_652x852-mm_wood-fsc-3-cm_canvas_4-0_canvas-mounting,Framed canvas — ver,framed-canvas,framed-canvas,"{""CanvasFormat"":""600x800-mm"",""CanvasFrame"":""wood-fsc-3-cm"",""CanvasMaterial"":""canvas"",""ColorType"":""4-0"",""FrameColor"":""dark-wood"",""FrameMaterial"":""wood"",""FrameProperties"":""w14xt42-mm"",""FrameSize"":""652x852-mm"",""FulfillmentService"":""canvas-mounting"",""Orientation"":""ver"",""ProductStatus"":""activated"",""State"":""published""}"
framed_canvas_wood_w14xt42-mm_600x800-mm_ver_natural-wood_652x852-mm_wood-fsc-3-cm_canvas_4-0_canvas-mounting,Framed canvas — ver,framed-canvas,framed-canvas,"{""CanvasFormat"":""600x800-mm"",""CanvasFrame"":""wood-fsc-3-cm"",""CanvasMaterial"":""canvas"",""ColorType"":""4-0"",""FrameColor"":""natural-wood"",""FrameMaterial"":""wood"",""FrameProperties"":""w14xt42-mm"",""FrameSize"":""652x852-mm"",""FulfillmentService"":""canvas-mounting"",""Orientation"":""ver"",""ProductStatus"":""activated"",""State"":""published""}"
framed_canvas_wood_w14xt42-mm_600x900-mm_hor_black_652x952-mm_wood-fsc-3-cm_canvas_4-0_canvas-mounting,Framed canvas — hor,framed-canvas,framed-canvas,"{""CanvasFormat"":""600x900-mm"",""CanvasFrame"":""wood-fsc-3-cm"",""CanvasMaterial"":""canvas"",""ColorType"":""4-0"",""FrameColor"":""black"",""FrameMaterial"":""wood"",""FrameProperties"":""w14xt42-mm"",""FrameSize"":""652x952-mm"",""FulfillmentService"":""canvas-mounting"",""Orientation"":""hor"",""ProductStatus"":""activated"",""State"":""published""}"
framed_canvas_wood_w14xt42-mm_600x900-mm_hor_dark-wood_652x952-mm_wood-fsc-3-cm_canvas_4-0_canvas-mounting,Framed canvas — hor,framed-canvas,framed-canvas,"{""CanvasFormat"":""600x900-mm"",""CanvasFrame"":""wood-fsc-3-cm"",""CanvasMaterial"":""canvas"",""ColorType"":""4-0"",""FrameColor"":""dark-wood"",""FrameMaterial"":""wood"",""FrameProperties"":""w14xt42-mm"",""FrameSize"":""652x952-mm"",""FulfillmentService"":""canvas-mounting"",""Orientation"":""hor"",""ProductStatus"":""activated"",""State"":""published""}"
framed_canvas_wood_w14xt42-mm_600x900-mm_hor_natural-wood_652x952-mm_wood-fsc-3-cm_canvas_4-0_canvas-mounting,Framed canvas — hor,framed-canvas,framed-canvas,"{""CanvasFormat"":""600x900-mm"",""CanvasFrame"":""wood-fsc-3-cm"",""CanvasMaterial"":""canvas"",""ColorType"":""4-0"",""FrameColor"":""natural-wood"",""FrameMaterial"":""wood"",""FrameProperties"":""w14xt42-mm"",""FrameSize"":""652x952-mm"",""FulfillmentService"":""canvas-mounting"",""Orientation"":""hor"",""ProductStatus"":""activated"",""State"":""published""}"
framed_canvas_wood_w14xt42-mm_600x900-mm_ver_black_652x952-mm_wood-fsc-3-cm_canvas_4-0_canvas-mounting,Framed canvas — ver,framed-canvas,framed-canvas,"{""CanvasFormat"":""600x900-mm"",""CanvasFrame"":""wood-fsc-3-cm"",""CanvasMaterial"":""canvas"",""ColorType"":""4-0"",""FrameColor"":""black"",""FrameMaterial"":""wood"",""FrameProperties"":""w14xt42-mm"",""FrameSize"":""652x952-mm"",""FulfillmentService"":""canvas-mounting"",""Orientation"":""ver"",""ProductStatus"":""activated"",""State"":""published""}"
framed_canvas_wood_w14xt42-mm_600x900-mm_ver_dark-wood_652x952-mm_wood-fsc-3-cm_canvas_4-0_canvas-mounting,Framed canvas — ver,framed-canvas,framed-canvas,"{""CanvasFormat"":""600x900-mm"",""CanvasFrame"":""wood-fsc-3-cm"",""CanvasMaterial"":""canvas"",""ColorType"":""4-0"",""FrameColor"":""dark-wood"",""FrameMaterial"":""wood"",""FrameProperties"":""w14xt42-mm"",""FrameSize"":""652x952-mm"",""FulfillmentService"":""canvas-mounting"",""Orientation"":""ver"",""ProductStatus"":""activated"",""State"":""published""}"
framed_canvas_wood_w14xt42-mm_600x900-mm_ver_natural-wood_652x952-mm_wood-fsc-3-cm_canvas_4-0_canvas-mounting,Framed canvas — ver,framed-canvas,framed-canvas,"{""CanvasFormat"":""600x900-mm"",""CanvasFrame"":""wood-fsc-3-cm"",""CanvasMaterial"":""canvas"",""ColorType"":""4-0"",""FrameColor"":""natural-wood"",""FrameMaterial"":""wood"",""FrameProperties"":""w14xt42-mm"",""FrameSize"":""652x952-mm"",""FulfillmentService"":""canvas-mounting"",""Orientation"":""ver"",""ProductStatus"":""activated"",""State"":""published""}"
framed_canvas_wood_w14xt42-mm_700x1000-mm_hor_black_752x1052-mm_wood-fsc-3-cm_canvas_4-0_canvas-mounting,Framed canvas — hor,framed-canvas,framed-canvas,"{""CanvasFormat"":""700x1000-mm"",""CanvasFrame"":""wood-fsc-3-cm"",""CanvasMaterial"":""canvas"",""ColorType"":""4-0"",""FrameColor"":""black"",""FrameMaterial"":""wood"",""FrameProperties"":""w14xt42-mm"",""FrameSize"":""752x1052-mm"",""FulfillmentService"":""canvas-mounting"",""Orientation"":""hor"",""ProductStatus"":""activated"",""State"":""published""}"
framed_canvas_wood_w14xt42-mm_700x1000-mm_hor_dark-wood_752x1052-mm_wood-fsc-3-cm_canvas_4-0_canvas-mounting,Framed canvas — hor,framed-canvas,framed-canvas,"{""CanvasFormat"":""700x1000-mm"",""CanvasFrame"":""wood-fsc-3-cm"",""CanvasMaterial"":""canvas"",""ColorType"":""4-0"",""FrameColor"":""dark-wood"",""FrameMaterial"":""wood"",""FrameProperties"":""w14xt42-mm"",""FrameSize"":""752x1052-mm"",""FulfillmentService"":""canvas-mounting"",""Orientation"":""hor"",""ProductStatus"":""activated"",""State"":""published""}"
framed_canvas_wood_w14xt42-mm_700x1000-mm_hor_natural-wood_752x1052-mm_wood-fsc-3-cm_canvas_4-0_canvas-mounting,Framed canvas — hor,framed-canvas,framed-canvas,"{""CanvasFormat"":""700x1000-mm"",""CanvasFrame"":""wood-fsc-3-cm"",""CanvasMaterial"":""canvas"",""ColorType"":""4-0"",""FrameColor"":""natural-wood"",""FrameMaterial"":""wood"",""FrameProperties"":""w14xt42-mm"",""FrameSize"":""752x1052-mm"",""FulfillmentService"":""canvas-mounting"",""Orientation"":""hor"",""ProductStatus"":""activated"",""State"":""published""}"
framed_canvas_wood_w14xt42-mm_700x1000-mm_ver_black_752x1052-mm_wood-fsc-3-cm_canvas_4-0_canvas-mounting,Framed canvas — ver,framed-canvas,framed-canvas,"{""CanvasFormat"":""700x1000-mm"",""CanvasFrame"":""wood-fsc-3-cm"",""CanvasMaterial"":""canvas"",""ColorType"":""4-0"",""FrameColor"":""black"",""FrameMaterial"":""wood"",""FrameProperties"":""w14xt42-mm"",""FrameSize"":""752x1052-mm"",""FulfillmentService"":""canvas-mounting"",""Orientation"":""ver"",""ProductStatus"":""activated"",""State"":""published""}"
framed_canvas_wood_w14xt42-mm_700x1000-mm_ver_dark-wood_752x1052-mm_wood-fsc-3-cm_canvas_4-0_canvas-mounting,Framed canvas — ver,framed-canvas,framed-canvas,"{""CanvasFormat"":""700x1000-mm"",""CanvasFrame"":""wood-fsc-3-cm"",""CanvasMaterial"":""canvas"",""ColorType"":""4-0"",""FrameColor"":""dark-wood"",""FrameMaterial"":""wood"",""FrameProperties"":""w14xt42-mm"",""FrameSize"":""752x1052-mm"",""FulfillmentService"":""canvas-mounting"",""Orientation"":""ver"",""ProductStatus"":""activated"",""State"":""published""}"
framed_canvas_wood_w14xt42-mm_700x1000-mm_ver_natural-wood_752x1052-mm_wood-fsc-3-cm_canvas_4-0_canvas-mounting,Framed canvas — ver,framed-canvas,framed-canvas,"{""CanvasFormat"":""700x1000-mm"",""CanvasFrame"":""wood-fsc-3-cm"",""CanvasMaterial"":""canvas"",""ColorType"":""4-0"",""FrameColor"":""natural-wood"",""FrameMaterial"":""wood"",""FrameProperties"":""w14xt42-mm"",""FrameSize"":""752x1052-mm"",""FulfillmentService"":""canvas-mounting"",""Orientation"":""ver"",""ProductStatus"":""activated"",""State"":""published""}"
framed_canvas_wood_w14xt42-mm_8x10-inch_hor_black_10x12-inch_wood-fsc-3-cm_canvas_4-0_canvas-mounting,Framed canvas — hor,framed-canvas,framed-canvas,"{""CanvasFormat"":""8x10-inch"",""CanvasFrame"":""wood-fsc-3-cm"",""CanvasMaterial"":""canvas"",""ColorType"":""4-0"",""FrameColor"":""black"",""FrameMaterial"":""wood"",""FrameProperties"":""w14xt42-mm"",""FrameSize"":""10x12-inch"",""FulfillmentService"":""canvas-mounting"",""Orientation"":""hor"",""ProductStatus"":""activated"",""State"":""published""}"
framed_canvas_wood_w14xt42-mm_8x10-inch_hor_dark-wood_10x12-inch_wood-fsc-3-cm_canvas_4-0_canvas-mounting,Framed canvas — hor,framed-canvas,framed-canvas,"{""CanvasFormat"":""8x10-inch"",""CanvasFrame"":""wood-fsc-3-cm"",""CanvasMaterial"":""canvas"",""ColorType"":""4-0"",""FrameColor"":""dark-wood"",""FrameMaterial"":""wood"",""FrameProperties"":""w14xt42-mm"",""FrameSize"":""10x12-inch"",""FulfillmentService"":""canvas-mounting"",""Orientation"":""hor"",""ProductStatus"":""activated"",""State"":""published""}"
framed_canvas_wood_w14xt42-mm_8x10-inch_hor_natural-wood_10x12-inch_wood-fsc-3-cm_canvas_4-0_canvas-mounting,Framed canvas — hor,framed-canvas,framed-canvas,"{""CanvasFormat"":""8x10-inch"",""CanvasFrame"":""wood-fsc-3-cm"",""CanvasMaterial"":""canvas"",""ColorType"":""4-0"",""FrameColor"":""natural-wood"",""FrameMaterial"":""wood"",""FrameProperties"":""w14xt42-mm"",""FrameSize"":""10x12-inch"",""FulfillmentService"":""canvas-mounting"",""Orientation"":""hor"",""ProductStatus"":""activated"",""State"":""published""}"
framed_canvas_wood_w14xt42-mm_8x10-inch_ver_black_10x12-inch_wood-fsc-3-cm_canvas_4-0_canvas-mounting,Framed canvas — ver,framed-canvas,framed-canvas,"{""CanvasFormat"":""8x10-inch"",""CanvasFrame"":""wood-fsc-3-cm"",""CanvasMaterial"":""canvas"",""ColorType"":""4-0"",""FrameColor"":""black"",""FrameMaterial"":""wood"",""FrameProperties"":""w14xt42-mm"",""FrameSize"":""10x12-inch"",""FulfillmentService"":""canvas-mounting"",""Orientation"":""ver"",""ProductStatus"":""activated"",""State"":""published""}"
framed_canvas_wood_w14xt42-mm_8x10-inch_ver_dark-wood_10x12-inch_wood-fsc-3-cm_canvas_4-0_canvas-mounting,Framed canvas — ver,framed-canvas,framed-canvas,"{""CanvasFormat"":""8x10-inch"",""CanvasFrame"":""wood-fsc-3-cm"",""CanvasMaterial"":""canvas"",""ColorType"":""4-0"",""FrameColor"":""dark-wood"",""FrameMaterial"":""wood"",""FrameProperties"":""w14xt42-mm"",""FrameSize"":""10x12-inch"",""FulfillmentService"":""canvas-mounting"",""Orientation"":""ver"",""ProductStatus"":""activated"",""State"":""published""}"
framed_canvas_wood_w14xt42-mm_8x10-inch_ver_natural-wood_10x12-inch_wood-fsc-3-cm_canvas_4-0_canvas-mounting,Framed canvas — ver,framed-canvas,framed-canvas,"{""CanvasFormat"":""8x10-inch"",""CanvasFrame"":""wood-fsc-3-cm"",""CanvasMaterial"":""canvas"",""ColorType"":""4-0"",""FrameColor"":""natural-wood"",""FrameMaterial"":""wood"",""FrameProperties"":""w14xt42-mm"",""FrameSize"":""10x12-inch"",""FulfillmentService"":""canvas-mounting"",""Orientation"":""ver"",""ProductStatus"":""activated"",""State"":""published""}"
framed_canvas_wood_w14xt42-mm_8x12-inch_hor_black_10x14-inch_wood-fsc-3-cm_canvas_4-0_canvas-mounting,Framed canvas — hor,framed-canvas,framed-canvas,"{""CanvasFormat"":""8x12-inch"",""CanvasFrame"":""wood-fsc-3-cm"",""CanvasMaterial"":""canvas"",""ColorType"":""4-0"",""FrameColor"":""black"",""FrameMaterial"":""wood"",""FrameProperties"":""w14xt42-mm"",""FrameSize"":""10x14-inch"",""FulfillmentService"":""canvas-mounting"",""Orientation"":""hor"",""ProductStatus"":""activated"",""State"":""published""}"
framed_canvas_wood_w14xt42-mm_8x12-inch_hor_dark-wood_10x14-inch_wood-fsc-3-cm_canvas_4-0_canvas-mounting,Framed canvas — hor,framed-canvas,framed-canvas,"{""CanvasFormat"":""8x12-inch"",""CanvasFrame"":""wood-fsc-3-cm"",""CanvasMaterial"":""canvas"",""ColorType"":""4-0"",""FrameColor"":""dark-wood"",""FrameMaterial"":""wood"",""FrameProperties"":""w14xt42-mm"",""FrameSize"":""10x14-inch"",""FulfillmentService"":""canvas-mounting"",""Orientation"":""hor"",""ProductStatus"":""activated"",""State"":""published""}"
framed_canvas_wood_w14xt42-mm_8x12-inch_hor_natural-wood_10x14-inch_wood-fsc-3-cm_canvas_4-0_canvas-mounting,Framed canvas — hor,framed-canvas,framed-canvas,"{""CanvasFormat"":""8x12-inch"",""CanvasFrame"":""wood-fsc-3-cm"",""CanvasMaterial"":""canvas"",""ColorType"":""4-0"",""FrameColor"":""natural-wood"",""FrameMaterial"":""wood"",""FrameProperties"":""w14xt42-mm"",""FrameSize"":""10x14-inch"",""FulfillmentService"":""canvas-mounting"",""Orientation"":""hor"",""ProductStatus"":""activated"",""State"":""published""}"
framed_canvas_wood_w14xt42-mm_8x12-inch_ver_black_10x14-inch_wood-fsc-3-cm_canvas_4-0_canvas-mounting,Framed canvas — ver,framed-canvas,framed-canvas,"{""CanvasFormat"":""8x12-inch"",""CanvasFrame"":""wood-fsc-3-cm"",""CanvasMaterial"":""canvas"",""ColorType"":""4-0"",""FrameColor"":""black"",""FrameMaterial"":""wood"",""FrameProperties"":""w14xt42-mm"",""FrameSize"":""10x14-inch"",""FulfillmentService"":""canvas-mounting"",""Orientation"":""ver"",""ProductStatus"":""activated"",""State"":""published""}"
framed_canvas_wood_w14xt42-mm_8x12-inch_ver_dark-wood_10x14-inch_wood-fsc-3-cm_canvas_4-0_canvas-mounting,Framed canvas — ver,framed-canvas,framed-canvas,"{""CanvasFormat"":""8x12-inch"",""CanvasFrame"":""wood-fsc-3-cm"",""CanvasMaterial"":""canvas"",""ColorType"":""4-0"",""FrameColor"":""dark-wood"",""FrameMaterial"":""wood"",""FrameProperties"":""w14xt42-mm"",""FrameSize"":""10x14-inch"",""FulfillmentService"":""canvas-mounting"",""Orientation"":""ver"",""ProductStatus"":""activated"",""State"":""published""}"
framed_canvas_wood_w14xt42-mm_8x12-inch_ver_natural-wood_10x14-inch_wood-fsc-3-cm_canvas_4-0_canvas-mounting,Framed canvas — ver,framed-canvas,framed-canvas,"{""CanvasFormat"":""8x12-inch"",""CanvasFrame"":""wood-fsc-3-cm"",""CanvasMaterial"":""canvas"",""ColorType"":""4-0"",""FrameColor"":""natural-wood"",""FrameMaterial"":""wood"",""FrameProperties"":""w14xt42-mm"",""FrameSize"":""10x14-inch"",""FulfillmentService"":""canvas-mounting"",""Orientation"":""ver"",""ProductStatus"":""activated"",""State"":""published""}"
framed_canvas_wood_w14xt42-mm_8x24-inch_hor_black_10x26-inch_wood-fsc-3-cm_canvas_4-0_canvas-mounting,Framed canvas — hor,framed-canvas,framed-canvas,"{""CanvasFormat"":""8x24-inch"",""CanvasFrame"":""wood-fsc-3-cm"",""CanvasMaterial"":""canvas"",""ColorType"":""4-0"",""FrameColor"":""black"",""FrameMaterial"":""wood"",""FrameProperties"":""w14xt42-mm"",""FrameSize"":""10x26-inch"",""FulfillmentService"":""canvas-mounting"",""Orientation"":""hor"",""ProductStatus"":""activated"",""State"":""published""}"
framed_canvas_wood_w14xt42-mm_8x24-inch_hor_dark-wood_10x26-inch_wood-fsc-3-cm_canvas_4-0_canvas-mounting,Framed canvas — hor,framed-canvas,framed-canvas,"{""CanvasFormat"":""8x24-inch"",""CanvasFrame"":""wood-fsc-3-cm"",""CanvasMaterial"":""canvas"",""ColorType"":""4-0"",""FrameColor"":""dark-wood"",""FrameMaterial"":""wood"",""FrameProperties"":""w14xt42-mm"",""FrameSize"":""10x26-inch"",""FulfillmentService"":""canvas-mounting"",""Orientation"":""hor"",""ProductStatus"":""activated"",""State"":""published""}"
framed_canvas_wood_w14xt42-mm_8x24-inch_hor_natural-wood_10x26-inch_wood-fsc-3-cm_canvas_4-0_canvas-mounting,Framed canvas — hor,framed-canvas,framed-canvas,"{""CanvasFormat"":""8x24-inch"",""CanvasFrame"":""wood-fsc-3-cm"",""CanvasMaterial"":""canvas"",""ColorType"":""4-0"",""FrameColor"":""natural-wood"",""FrameMaterial"":""wood"",""FrameProperties"":""w14xt42-mm"",""FrameSize"":""10x26-inch"",""FulfillmentService"":""canvas-mounting"",""Orientation"":""hor"",""ProductStatus"":""activated"",""State"":""published""}"
framed_canvas_wood_w14xt42-mm_8x24-inch_ver_black_10x26-inch_wood-fsc-3-cm_canvas_4-0_canvas-mounting,Framed canvas — ver,framed-canvas,framed-canvas,"{""CanvasFormat"":""8x24-inch"",""CanvasFrame"":""wood-fsc-3-cm"",""CanvasMaterial"":""canvas"",""ColorType"":""4-0"",""FrameColor"":""black"",""FrameMaterial"":""wood"",""FrameProperties"":""w14xt42-mm"",""FrameSize"":""10x26-inch"",""FulfillmentService"":""canvas-mounting"",""Orientation"":""ver"",""ProductStatus"":""activated"",""State"":""published""}"
framed_canvas_wood_w14xt42-mm_8x24-inch_ver_dark-wood_10x26-inch_wood-fsc-3-cm_canvas_4-0_canvas-mounting,Framed canvas — ver,framed-canvas,framed-canvas,"{""CanvasFormat"":""8x24-inch"",""CanvasFrame"":""wood-fsc-3-cm"",""CanvasMaterial"":""canvas"",""ColorType"":""4-0"",""FrameColor"":""dark-wood"",""FrameMaterial"":""wood"",""FrameProperties"":""w14xt42-mm"",""FrameSize"":""10x26-inch"",""FulfillmentService"":""canvas-mounting"",""Orientation"":""ver"",""ProductStatus"":""activated"",""State"":""published""}"
framed_canvas_wood_w14xt42-mm_8x24-inch_ver_natural-wood_10x26-inch_wood-fsc-3-cm_canvas_4-0_canvas-mounting,Framed canvas — ver,framed-canvas,framed-canvas,"{""CanvasFormat"":""8x24-inch"",""CanvasFrame"":""wood-fsc-3-cm"",""CanvasMaterial"":""canvas"",""ColorType"":""4-0"",""FrameColor"":""natural-wood"",""FrameMaterial"":""wood"",""FrameProperties"":""w14xt42-mm"",""FrameSize"":""10x26-inch"",""FulfillmentService"":""canvas-mounting"",""Orientation"":""ver"",""ProductStatus"":""activated"",""State"":""published""}"
framed_canvas_wood_w14xt42-mm_8x8-inch_hor_black_10x10-inch_wood-fsc-3-cm_canvas_4-0_canvas-mounting,Framed canvas — hor,framed-canvas,framed-canvas,"{""CanvasFormat"":""8x8-inch"",""CanvasFrame"":""wood-fsc-3-cm"",""CanvasMaterial"":""canvas"",""ColorType"":""4-0"",""FrameColor"":""black"",""FrameMaterial"":""wood"",""FrameProperties"":""w14xt42-mm"",""FrameSize"":""10x10-inch"",""FulfillmentService"":""canvas-mounting"",""Orientation"":""hor"",""ProductStatus"":""activated"",""State"":""published""}"
framed_canvas_wood_w14xt42-mm_8x8-inch_hor_dark-wood_10x10-inch_wood-fsc-3-cm_canvas_4-0_canvas-mounting,Framed canvas — hor,framed-canvas,framed-canvas,"{""CanvasFormat"":""8x8-inch"",""CanvasFrame"":""wood-fsc-3-cm"",""CanvasMaterial"":""canvas"",""ColorType"":""4-0"",""FrameColor"":""dark-wood"",""FrameMaterial"":""wood"",""FrameProperties"":""w14xt42-mm"",""FrameSize"":""10x10-inch"",""FulfillmentService"":""canvas-mounting"",""Orientation"":""hor"",""ProductStatus"":""activated"",""State"":""published""}"
framed_canvas_wood_w14xt42-mm_8x8-inch_hor_natural-wood_10x10-inch_wood-fsc-3-cm_canvas_4-0_canvas-mounting,Framed canvas — hor,framed-canvas,framed-canvas,"{""CanvasFormat"":""8x8-inch"",""CanvasFrame"":""wood-fsc-3-cm"",""CanvasMaterial"":""canvas"",""ColorType"":""4-0"",""FrameColor"":""natural-wood"",""FrameMaterial"":""wood"",""FrameProperties"":""w14xt42-mm"",""FrameSize"":""10x10-inch"",""FulfillmentService"":""canvas-mounting"",""Orientation"":""hor"",""ProductStatus"":""activated"",""State"":""published""}"
framed_canvas_wood_w14xt42-mm_8x8-inch_ver_black_10x10-inch_wood-fsc-3-cm_canvas_4-0_canvas-mounting,Framed canvas — ver,framed-canvas,framed-canvas,"{""CanvasFormat"":""8x8-inch"",""CanvasFrame"":""wood-fsc-3-cm"",""CanvasMaterial"":""canvas"",""ColorType"":""4-0"",""FrameColor"":""black"",""FrameMaterial"":""wood"",""FrameProperties"":""w14xt42-mm"",""FrameSize"":""10x10-inch"",""FulfillmentService"":""canvas-mounting"",""Orientation"":""ver"",""ProductStatus"":""activated"",""State"":""published""}"
framed_canvas_wood_w14xt42-mm_8x8-inch_ver_dark-wood_10x10-inch_wood-fsc-3-cm_canvas_4-0_canvas-mounting,Framed canvas — ver,framed-canvas,framed-canvas,"{""CanvasFormat"":""8x8-inch"",""CanvasFrame"":""wood-fsc-3-cm"",""CanvasMaterial"":""canvas"",""ColorType"":""4-0"",""FrameColor"":""dark-wood"",""FrameMaterial"":""wood"",""FrameProperties"":""w14xt42-mm"",""FrameSize"":""10x10-inch"",""FulfillmentService"":""canvas-mounting"",""Orientation"":""ver"",""ProductStatus"":""activated"",""State"":""published""}"
framed_canvas_wood_w14xt42-mm_8x8-inch_ver_natural-wood_10x10-inch_wood-fsc-3-cm_canvas_4-0_canvas-mounting,Framed canvas — ver,framed-canvas,framed-canvas,"{""CanvasFormat"":""8x8-inch"",""CanvasFrame"":""wood-fsc-3-cm"",""CanvasMaterial"":""canvas"",""ColorType"":""4-0"",""FrameColor"":""natural-wood"",""FrameMaterial"":""wood"",""FrameProperties"":""w14xt42-mm"",""FrameSize"":""10x10-inch"",""FulfillmentService"":""canvas-mounting"",""Orientation"":""ver"",""ProductStatus"":""activated"",""State"":""published""}"
