Product Title,Product Description,Product UID,Print File URL,Should Publish Images?
Posters with hangers — hor,"Personalised posters with hangers from Pixora. Upload your photo, preview on a live product mockup, and we print and ship premium quality to your door. Ideal for home décor or gifting.",wall_hanging_poster_1010-mm_black_wood_w14xt20-mm_28x40-inch-700x1000-mm_170-gsm-65lb-coated-silk_4-0_hor,https://upload.wikimedia.org/wikipedia/commons/c/ca/1x1.png,Yes
Posters with hangers — hor,"Personalised posters with hangers from Pixora. Upload your photo, preview on a live product mockup, and we print and ship premium quality to your door. Ideal for home décor or gifting.",wall_hanging_poster_1010-mm_black_wood_w14xt20-mm_28x40-inch-700x1000-mm_170-gsm-65lb-uncoated_4-0_hor,https://upload.wikimedia.org/wikipedia/commons/c/ca/1x1.png,Yes
Posters with hangers — hor,"Personalised posters with hangers from Pixora. Upload your photo, preview on a live product mockup, and we print and ship premium quality to your door. Ideal for home décor or gifting.",wall_hanging_poster_1010-mm_black_wood_w14xt20-mm_28x40-inch-700x1000-mm_200-gsm-80lb-coated-silk_4-0_hor,https://upload.wikimedia.org/wikipedia/commons/c/ca/1x1.png,Yes
Posters with hangers — hor,"Personalised posters with hangers from Pixora. Upload your photo, preview on a live product mockup, and we print and ship premium quality to your door. Ideal for home décor or gifting.",wall_hanging_poster_1010-mm_black_wood_w14xt20-mm_28x40-inch-700x1000-mm_200-gsm-80lb-uncoated_4-0_hor,https://upload.wikimedia.org/wikipedia/commons/c/ca/1x1.png,Yes
Posters with hangers — hor,"Personalised posters with hangers from Pixora. Upload your photo, preview on a live product mockup, and we print and ship premium quality to your door. Ideal for home décor or gifting.",wall_hanging_poster_1010-mm_black_wood_w14xt20-mm_28x40-inch-700x1000-mm_250-gsm-100lb-uncoated-offwhite-archival_4-0_hor,https://upload.wikimedia.org/wikipedia/commons/c/ca/1x1.png,Yes
Posters with hangers — hor,"Personalised posters with hangers from Pixora. Upload your photo, preview on a live product mockup, and we print and ship premium quality to your door. Ideal for home décor or gifting.",wall_hanging_poster_1010-mm_black_wood_w14xt20-mm_30x40-inch-750x1000-mm_170-gsm-65lb-coated-silk_4-0_hor,https://upload.wikimedia.org/wikipedia/commons/c/ca/1x1.png,Yes
Posters with hangers — hor,"Personalised posters with hangers from Pixora. Upload your photo, preview on a live product mockup, and we print and ship premium quality to your door. Ideal for home décor or gifting.",wall_hanging_poster_1010-mm_black_wood_w14xt20-mm_30x40-inch-750x1000-mm_170-gsm-65lb-uncoated_4-0_hor,https://upload.wikimedia.org/wikipedia/commons/c/ca/1x1.png,Yes
Posters with hangers — hor,"Personalised posters with hangers from Pixora. Upload your photo, preview on a live product mockup, and we print and ship premium quality to your door. Ideal for home décor or gifting.",wall_hanging_poster_1010-mm_black_wood_w14xt20-mm_30x40-inch-750x1000-mm_200-gsm-80lb-coated-silk_4-0_hor,https://upload.wikimedia.org/wikipedia/commons/c/ca/1x1.png,Yes
Posters with hangers — hor,"Personalised posters with hangers from Pixora. Upload your photo, preview on a live product mockup, and we print and ship premium quality to your door. Ideal for home décor or gifting.",wall_hanging_poster_1010-mm_black_wood_w14xt20-mm_30x40-inch-750x1000-mm_200-gsm-80lb-uncoated_4-0_hor,https://upload.wikimedia.org/wikipedia/commons/c/ca/1x1.png,Yes
Posters with hangers — hor,"Personalised posters with hangers from Pixora. Upload your photo, preview on a live product mockup, and we print and ship premium quality to your door. Ideal for home décor or gifting.",wall_hanging_poster_1010-mm_black_wood_w14xt20-mm_30x40-inch-750x1000-mm_250-gsm-100lb-uncoated-offwhite-archival_4-0_hor,https://upload.wikimedia.org/wikipedia/commons/c/ca/1x1.png,Yes
Posters with hangers — hor,"Personalised posters with hangers from Pixora. Upload your photo, preview on a live product mockup, and we print and ship premium quality to your door. Ideal for home décor or gifting.",wall_hanging_poster_1010-mm_black_wood_w14xt20-mm_700x1000-mm-28x40-inch_170-gsm-65lb-coated-silk_4-0_hor,https://upload.wikimedia.org/wikipedia/commons/c/ca/1x1.png,Yes
Posters with hangers — hor,"Personalised posters with hangers from Pixora. Upload your photo, preview on a live product mockup, and we print and ship premium quality to your door. Ideal for home décor or gifting.",wall_hanging_poster_1010-mm_black_wood_w14xt20-mm_700x1000-mm-28x40-inch_170-gsm-65lb-uncoated_4-0_hor,https://upload.wikimedia.org/wikipedia/commons/c/ca/1x1.png,Yes
Posters with hangers — hor,"Personalised posters with hangers from Pixora. Upload your photo, preview on a live product mockup, and we print and ship premium quality to your door. Ideal for home décor or gifting.",wall_hanging_poster_1010-mm_black_wood_w14xt20-mm_700x1000-mm-28x40-inch_200-gsm-80lb-coated-silk_4-0_hor,https://upload.wikimedia.org/wikipedia/commons/c/ca/1x1.png,Yes
Posters with hangers — hor,"Personalised posters with hangers from Pixora. Upload your photo, preview on a live product mockup, and we print and ship premium quality to your door. Ideal for home décor or gifting.",wall_hanging_poster_1010-mm_black_wood_w14xt20-mm_700x1000-mm-28x40-inch_200-gsm-80lb-uncoated_4-0_hor,https://upload.wikimedia.org/wikipedia/commons/c/ca/1x1.png,Yes
Posters with hangers — hor,"Personalised posters with hangers from Pixora. Upload your photo, preview on a live product mockup, and we print and ship premium quality to your door. Ideal for home décor or gifting.",wall_hanging_poster_1010-mm_black_wood_w14xt20-mm_700x1000-mm-28x40-inch_250-gsm-100lb-uncoated-offwhite-archival_4-0_hor,https://upload.wikimedia.org/wikipedia/commons/c/ca/1x1.png,Yes
Posters with hangers — hor,"Personalised posters with hangers from Pixora. Upload your photo, preview on a live product mockup, and we print and ship premium quality to your door. Ideal for home décor or gifting.",wall_hanging_poster_1010-mm_black_wood_w14xt20-mm_750x1000-mm-30x40-inch_170-gsm-65lb-coated-silk_4-0_hor,https://upload.wikimedia.org/wikipedia/commons/c/ca/1x1.png,Yes
Posters with hangers — hor,"Personalised posters with hangers from Pixora. Upload your photo, preview on a live product mockup, and we print and ship premium quality to your door. Ideal for home décor or gifting.",wall_hanging_poster_1010-mm_black_wood_w14xt20-mm_750x1000-mm-30x40-inch_170-gsm-65lb-uncoated_4-0_hor,https://upload.wikimedia.org/wikipedia/commons/c/ca/1x1.png,Yes
Posters with hangers — hor,"Personalised posters with hangers from Pixora. Upload your photo, preview on a live product mockup, and we print and ship premium quality to your door. Ideal for home décor or gifting.",wall_hanging_poster_1010-mm_black_wood_w14xt20-mm_750x1000-mm-30x40-inch_200-gsm-80lb-coated-silk_4-0_hor,https://upload.wikimedia.org/wikipedia/commons/c/ca/1x1.png,Yes
Posters with hangers — hor,"Personalised posters with hangers from Pixora. Upload your photo, preview on a live product mockup, and we print and ship premium quality to your door. Ideal for home décor or gifting.",wall_hanging_poster_1010-mm_black_wood_w14xt20-mm_750x1000-mm-30x40-inch_200-gsm-80lb-uncoated_4-0_hor,https://upload.wikimedia.org/wikipedia/commons/c/ca/1x1.png,Yes
Posters with hangers — hor,"Personalised posters with hangers from Pixora. Upload your photo, preview on a live product mockup, and we print and ship premium quality to your door. Ideal for home décor or gifting.",wall_hanging_poster_1010-mm_black_wood_w14xt20-mm_750x1000-mm-30x40-inch_250-gsm-100lb-uncoated-offwhite-archival_4-0_hor,https://upload.wikimedia.org/wikipedia/commons/c/ca/1x1.png,Yes
Posters with hangers — hor,"Personalised posters with hangers from Pixora. Upload your photo, preview on a live product mockup, and we print and ship premium quality to your door. Ideal for home décor or gifting.",wall_hanging_poster_1010-mm_dark-wood_wood_w14xt20-mm_28x40-inch-700x1000-mm_170-gsm-65lb-coated-silk_4-0_hor,https://upload.wikimedia.org/wikipedia/commons/c/ca/1x1.png,Yes
Posters with hangers — hor,"Personalised posters with hangers from Pixora. Upload your photo, preview on a live product mockup, and we print and ship premium quality to your door. Ideal for home décor or gifting.",wall_hanging_poster_1010-mm_dark-wood_wood_w14xt20-mm_28x40-inch-700x1000-mm_170-gsm-65lb-uncoated_4-0_hor,https://upload.wikimedia.org/wikipedia/commons/c/ca/1x1.png,Yes
Posters with hangers — hor,"Personalised posters with hangers from Pixora. Upload your photo, preview on a live product mockup, and we print and ship premium quality to your door. Ideal for home décor or gifting.",wall_hanging_poster_1010-mm_dark-wood_wood_w14xt20-mm_28x40-inch-700x1000-mm_200-gsm-80lb-coated-silk_4-0_hor,https://upload.wikimedia.org/wikipedia/commons/c/ca/1x1.png,Yes
Posters with hangers — hor,"Personalised posters with hangers from Pixora. Upload your photo, preview on a live product mockup, and we print and ship premium quality to your door. Ideal for home décor or gifting.",wall_hanging_poster_1010-mm_dark-wood_wood_w14xt20-mm_28x40-inch-700x1000-mm_200-gsm-80lb-uncoated_4-0_hor,https://upload.wikimedia.org/wikipedia/commons/c/ca/1x1.png,Yes
Posters with hangers — hor,"Personalised posters with hangers from Pixora. Upload your photo, preview on a live product mockup, and we print and ship premium quality to your door. Ideal for home décor or gifting.",wall_hanging_poster_1010-mm_dark-wood_wood_w14xt20-mm_28x40-inch-700x1000-mm_250-gsm-100lb-uncoated-offwhite-archival_4-0_hor,https://upload.wikimedia.org/wikipedia/commons/c/ca/1x1.png,Yes
Posters with hangers — hor,"Personalised posters with hangers from Pixora. Upload your photo, preview on a live product mockup, and we print and ship premium quality to your door. Ideal for home décor or gifting.",wall_hanging_poster_1010-mm_dark-wood_wood_w14xt20-mm_30x40-inch-750x1000-mm_170-gsm-65lb-coated-silk_4-0_hor,https://upload.wikimedia.org/wikipedia/commons/c/ca/1x1.png,Yes
Posters with hangers — hor,"Personalised posters with hangers from Pixora. Upload your photo, preview on a live product mockup, and we print and ship premium quality to your door. Ideal for home décor or gifting.",wall_hanging_poster_1010-mm_dark-wood_wood_w14xt20-mm_30x40-inch-750x1000-mm_170-gsm-65lb-uncoated_4-0_hor,https://upload.wikimedia.org/wikipedia/commons/c/ca/1x1.png,Yes
Posters with hangers — hor,"Personalised posters with hangers from Pixora. Upload your photo, preview on a live product mockup, and we print and ship premium quality to your door. Ideal for home décor or gifting.",wall_hanging_poster_1010-mm_dark-wood_wood_w14xt20-mm_30x40-inch-750x1000-mm_200-gsm-80lb-coated-silk_4-0_hor,https://upload.wikimedia.org/wikipedia/commons/c/ca/1x1.png,Yes
Posters with hangers — hor,"Personalised posters with hangers from Pixora. Upload your photo, preview on a live product mockup, and we print and ship premium quality to your door. Ideal for home décor or gifting.",wall_hanging_poster_1010-mm_dark-wood_wood_w14xt20-mm_30x40-inch-750x1000-mm_200-gsm-80lb-uncoated_4-0_hor,https://upload.wikimedia.org/wikipedia/commons/c/ca/1x1.png,Yes
Posters with hangers — hor,"Personalised posters with hangers from Pixora. Upload your photo, preview on a live product mockup, and we print and ship premium quality to your door. Ideal for home décor or gifting.",wall_hanging_poster_1010-mm_dark-wood_wood_w14xt20-mm_30x40-inch-750x1000-mm_250-gsm-100lb-uncoated-offwhite-archival_4-0_hor,https://upload.wikimedia.org/wikipedia/commons/c/ca/1x1.png,Yes
Posters with hangers — hor,"Personalised posters with hangers from Pixora. Upload your photo, preview on a live product mockup, and we print and ship premium quality to your door. Ideal for home décor or gifting.",wall_hanging_poster_1010-mm_dark-wood_wood_w14xt20-mm_700x1000-mm-28x40-inch_170-gsm-65lb-coated-silk_4-0_hor,https://upload.wikimedia.org/wikipedia/commons/c/ca/1x1.png,Yes
Posters with hangers — hor,"Personalised posters with hangers from Pixora. Upload your photo, preview on a live product mockup, and we print and ship premium quality to your door. Ideal for home décor or gifting.",wall_hanging_poster_1010-mm_dark-wood_wood_w14xt20-mm_700x1000-mm-28x40-inch_170-gsm-65lb-uncoated_4-0_hor,https://upload.wikimedia.org/wikipedia/commons/c/ca/1x1.png,Yes
Posters with hangers — hor,"Personalised posters with hangers from Pixora. Upload your photo, preview on a live product mockup, and we print and ship premium quality to your door. Ideal for home décor or gifting.",wall_hanging_poster_1010-mm_dark-wood_wood_w14xt20-mm_700x1000-mm-28x40-inch_200-gsm-80lb-coated-silk_4-0_hor,https://upload.wikimedia.org/wikipedia/commons/c/ca/1x1.png,Yes
Posters with hangers — hor,"Personalised posters with hangers from Pixora. Upload your photo, preview on a live product mockup, and we print and ship premium quality to your door. Ideal for home décor or gifting.",wall_hanging_poster_1010-mm_dark-wood_wood_w14xt20-mm_700x1000-mm-28x40-inch_200-gsm-80lb-uncoated_4-0_hor,https://upload.wikimedia.org/wikipedia/commons/c/ca/1x1.png,Yes
Posters with hangers — hor,"Personalised posters with hangers from Pixora. Upload your photo, preview on a live product mockup, and we print and ship premium quality to your door. Ideal for home décor or gifting.",wall_hanging_poster_1010-mm_dark-wood_wood_w14xt20-mm_700x1000-mm-28x40-inch_250-gsm-100lb-uncoated-offwhite-archival_4-0_hor,https://upload.wikimedia.org/wikipedia/commons/c/ca/1x1.png,Yes
Posters with hangers — hor,"Personalised posters with hangers from Pixora. Upload your photo, preview on a live product mockup, and we print and ship premium quality to your door. Ideal for home décor or gifting.",wall_hanging_poster_1010-mm_dark-wood_wood_w14xt20-mm_750x1000-mm-30x40-inch_170-gsm-65lb-coated-silk_4-0_hor,https://upload.wikimedia.org/wikipedia/commons/c/ca/1x1.png,Yes
Posters with hangers — hor,"Personalised posters with hangers from Pixora. Upload your photo, preview on a live product mockup, and we print and ship premium quality to your door. Ideal for home décor or gifting.",wall_hanging_poster_1010-mm_dark-wood_wood_w14xt20-mm_750x1000-mm-30x40-inch_170-gsm-65lb-uncoated_4-0_hor,https://upload.wikimedia.org/wikipedia/commons/c/ca/1x1.png,Yes
Posters with hangers — hor,"Personalised posters with hangers from Pixora. Upload your photo, preview on a live product mockup, and we print and ship premium quality to your door. Ideal for home décor or gifting.",wall_hanging_poster_1010-mm_dark-wood_wood_w14xt20-mm_750x1000-mm-30x40-inch_200-gsm-80lb-coated-silk_4-0_hor,https://upload.wikimedia.org/wikipedia/commons/c/ca/1x1.png,Yes
Posters with hangers — hor,"Personalised posters with hangers from Pixora. Upload your photo, preview on a live product mockup, and we print and ship premium quality to your door. Ideal for home décor or gifting.",wall_hanging_poster_1010-mm_dark-wood_wood_w14xt20-mm_750x1000-mm-30x40-inch_200-gsm-80lb-uncoated_4-0_hor,https://upload.wikimedia.org/wikipedia/commons/c/ca/1x1.png,Yes
Posters with hangers — hor,"Personalised posters with hangers from Pixora. Upload your photo, preview on a live product mockup, and we print and ship premium quality to your door. Ideal for home décor or gifting.",wall_hanging_poster_1010-mm_dark-wood_wood_w14xt20-mm_750x1000-mm-30x40-inch_250-gsm-100lb-uncoated-offwhite-archival_4-0_hor,https://upload.wikimedia.org/wikipedia/commons/c/ca/1x1.png,Yes
Posters with hangers — hor,"Personalised posters with hangers from Pixora. Upload your photo, preview on a live product mockup, and we print and ship premium quality to your door. Ideal for home décor or gifting.",wall_hanging_poster_1010-mm_natural-wood_wood_w14xt20-mm_28x40-inch-700x1000-mm_170-gsm-65lb-coated-silk_4-0_hor,https://upload.wikimedia.org/wikipedia/commons/c/ca/1x1.png,Yes
Posters with hangers — hor,"Personalised posters with hangers from Pixora. Upload your photo, preview on a live product mockup, and we print and ship premium quality to your door. Ideal for home décor or gifting.",wall_hanging_poster_1010-mm_natural-wood_wood_w14xt20-mm_28x40-inch-700x1000-mm_170-gsm-65lb-uncoated_4-0_hor,https://upload.wikimedia.org/wikipedia/commons/c/ca/1x1.png,Yes
Posters with hangers — hor,"Personalised posters with hangers from Pixora. Upload your photo, preview on a live product mockup, and we print and ship premium quality to your door. Ideal for home décor or gifting.",wall_hanging_poster_1010-mm_natural-wood_wood_w14xt20-mm_28x40-inch-700x1000-mm_200-gsm-80lb-coated-silk_4-0_hor,https://upload.wikimedia.org/wikipedia/commons/c/ca/1x1.png,Yes
Posters with hangers — hor,"Personalised posters with hangers from Pixora. Upload your photo, preview on a live product mockup, and we print and ship premium quality to your door. Ideal for home décor or gifting.",wall_hanging_poster_1010-mm_natural-wood_wood_w14xt20-mm_28x40-inch-700x1000-mm_200-gsm-80lb-uncoated_4-0_hor,https://upload.wikimedia.org/wikipedia/commons/c/ca/1x1.png,Yes
Posters with hangers — hor,"Personalised posters with hangers from Pixora. Upload your photo, preview on a live product mockup, and we print and ship premium quality to your door. Ideal for home décor or gifting.",wall_hanging_poster_1010-mm_natural-wood_wood_w14xt20-mm_28x40-inch-700x1000-mm_250-gsm-100lb-uncoated-offwhite-archival_4-0_hor,https://upload.wikimedia.org/wikipedia/commons/c/ca/1x1.png,Yes
Posters with hangers — hor,"Personalised posters with hangers from Pixora. Upload your photo, preview on a live product mockup, and we print and ship premium quality to your door. Ideal for home décor or gifting.",wall_hanging_poster_1010-mm_natural-wood_wood_w14xt20-mm_30x40-inch-750x1000-mm_170-gsm-65lb-coated-silk_4-0_hor,https://upload.wikimedia.org/wikipedia/commons/c/ca/1x1.png,Yes
Posters with hangers — hor,"Personalised posters with hangers from Pixora. Upload your photo, preview on a live product mockup, and we print and ship premium quality to your door. Ideal for home décor or gifting.",wall_hanging_poster_1010-mm_natural-wood_wood_w14xt20-mm_30x40-inch-750x1000-mm_170-gsm-65lb-uncoated_4-0_hor,https://upload.wikimedia.org/wikipedia/commons/c/ca/1x1.png,Yes
Posters with hangers — hor,"Personalised posters with hangers from Pixora. Upload your photo, preview on a live product mockup, and we print and ship premium quality to your door. Ideal for home décor or gifting.",wall_hanging_poster_1010-mm_natural-wood_wood_w14xt20-mm_30x40-inch-750x1000-mm_200-gsm-80lb-coated-silk_4-0_hor,https://upload.wikimedia.org/wikipedia/commons/c/ca/1x1.png,Yes
Posters with hangers — hor,"Personalised posters with hangers from Pixora. Upload your photo, preview on a live product mockup, and we print and ship premium quality to your door. Ideal for home décor or gifting.",wall_hanging_poster_1010-mm_natural-wood_wood_w14xt20-mm_30x40-inch-750x1000-mm_200-gsm-80lb-uncoated_4-0_hor,https://upload.wikimedia.org/wikipedia/commons/c/ca/1x1.png,Yes
Posters with hangers — hor,"Personalised posters with hangers from Pixora. Upload your photo, preview on a live product mockup, and we print and ship premium quality to your door. Ideal for home décor or gifting.",wall_hanging_poster_1010-mm_natural-wood_wood_w14xt20-mm_30x40-inch-750x1000-mm_250-gsm-100lb-uncoated-offwhite-archival_4-0_hor,https://upload.wikimedia.org/wikipedia/commons/c/ca/1x1.png,Yes
Posters with hangers — hor,"Personalised posters with hangers from Pixora. Upload your photo, preview on a live product mockup, and we print and ship premium quality to your door. Ideal for home décor or gifting.",wall_hanging_poster_1010-mm_natural-wood_wood_w14xt20-mm_700x1000-mm-28x40-inch_170-gsm-65lb-coated-silk_4-0_hor,https://upload.wikimedia.org/wikipedia/commons/c/ca/1x1.png,Yes
Posters with hangers — hor,"Personalised posters with hangers from Pixora. Upload your photo, preview on a live product mockup, and we print and ship premium quality to your door. Ideal for home décor or gifting.",wall_hanging_poster_1010-mm_natural-wood_wood_w14xt20-mm_700x1000-mm-28x40-inch_170-gsm-65lb-uncoated_4-0_hor,https://upload.wikimedia.org/wikipedia/commons/c/ca/1x1.png,Yes
Posters with hangers — hor,"Personalised posters with hangers from Pixora. Upload your photo, preview on a live product mockup, and we print and ship premium quality to your door. Ideal for home décor or gifting.",wall_hanging_poster_1010-mm_natural-wood_wood_w14xt20-mm_700x1000-mm-28x40-inch_200-gsm-80lb-coated-silk_4-0_hor,https://upload.wikimedia.org/wikipedia/commons/c/ca/1x1.png,Yes
Posters with hangers — hor,"Personalised posters with hangers from Pixora. Upload your photo, preview on a live product mockup, and we print and ship premium quality to your door. Ideal for home décor or gifting.",wall_hanging_poster_1010-mm_natural-wood_wood_w14xt20-mm_700x1000-mm-28x40-inch_200-gsm-80lb-uncoated_4-0_hor,https://upload.wikimedia.org/wikipedia/commons/c/ca/1x1.png,Yes
Posters with hangers — hor,"Personalised posters with hangers from Pixora. Upload your photo, preview on a live product mockup, and we print and ship premium quality to your door. Ideal for home décor or gifting.",wall_hanging_poster_1010-mm_natural-wood_wood_w14xt20-mm_700x1000-mm-28x40-inch_250-gsm-100lb-uncoated-offwhite-archival_4-0_hor,https://upload.wikimedia.org/wikipedia/commons/c/ca/1x1.png,Yes
Posters with hangers — hor,"Personalised posters with hangers from Pixora. Upload your photo, preview on a live product mockup, and we print and ship premium quality to your door. Ideal for home décor or gifting.",wall_hanging_poster_1010-mm_natural-wood_wood_w14xt20-mm_750x1000-mm-30x40-inch_170-gsm-65lb-coated-silk_4-0_hor,https://upload.wikimedia.org/wikipedia/commons/c/ca/1x1.png,Yes
Posters with hangers — hor,"Personalised posters with hangers from Pixora. Upload your photo, preview on a live product mockup, and we print and ship premium quality to your door. Ideal for home décor or gifting.",wall_hanging_poster_1010-mm_natural-wood_wood_w14xt20-mm_750x1000-mm-30x40-inch_170-gsm-65lb-uncoated_4-0_hor,https://upload.wikimedia.org/wikipedia/commons/c/ca/1x1.png,Yes
Posters with hangers — hor,"Personalised posters with hangers from Pixora. Upload your photo, preview on a live product mockup, and we print and ship premium quality to your door. Ideal for home décor or gifting.",wall_hanging_poster_1010-mm_natural-wood_wood_w14xt20-mm_750x1000-mm-30x40-inch_200-gsm-80lb-coated-silk_4-0_hor,https://upload.wikimedia.org/wikipedia/commons/c/ca/1x1.png,Yes
Posters with hangers — hor,"Personalised posters with hangers from Pixora. Upload your photo, preview on a live product mockup, and we print and ship premium quality to your door. Ideal for home décor or gifting.",wall_hanging_poster_1010-mm_natural-wood_wood_w14xt20-mm_750x1000-mm-30x40-inch_200-gsm-80lb-uncoated_4-0_hor,https://upload.wikimedia.org/wikipedia/commons/c/ca/1x1.png,Yes
Posters with hangers — hor,"Personalised posters with hangers from Pixora. Upload your photo, preview on a live product mockup, and we print and ship premium quality to your door. Ideal for home décor or gifting.",wall_hanging_poster_1010-mm_natural-wood_wood_w14xt20-mm_750x1000-mm-30x40-inch_250-gsm-100lb-uncoated-offwhite-archival_4-0_hor,https://upload.wikimedia.org/wikipedia/commons/c/ca/1x1.png,Yes
Posters with hangers — hor,"Personalised posters with hangers from Pixora. Upload your photo, preview on a live product mockup, and we print and ship premium quality to your door. Ideal for home décor or gifting.",wall_hanging_poster_1010-mm_white_wood_w14xt20-mm_28x40-inch-700x1000-mm_170-gsm-65lb-coated-silk_4-0_hor,https://upload.wikimedia.org/wikipedia/commons/c/ca/1x1.png,Yes
Posters with hangers — hor,"Personalised posters with hangers from Pixora. Upload your photo, preview on a live product mockup, and we print and ship premium quality to your door. Ideal for home décor or gifting.",wall_hanging_poster_1010-mm_white_wood_w14xt20-mm_28x40-inch-700x1000-mm_170-gsm-65lb-uncoated_4-0_hor,https://upload.wikimedia.org/wikipedia/commons/c/ca/1x1.png,Yes
Posters with hangers — hor,"Personalised posters with hangers from Pixora. Upload your photo, preview on a live product mockup, and we print and ship premium quality to your door. Ideal for home décor or gifting.",wall_hanging_poster_1010-mm_white_wood_w14xt20-mm_28x40-inch-700x1000-mm_200-gsm-80lb-coated-silk_4-0_hor,https://upload.wikimedia.org/wikipedia/commons/c/ca/1x1.png,Yes
Posters with hangers — hor,"Personalised posters with hangers from Pixora. Upload your photo, preview on a live product mockup, and we print and ship premium quality to your door. Ideal for home décor or gifting.",wall_hanging_poster_1010-mm_white_wood_w14xt20-mm_28x40-inch-700x1000-mm_200-gsm-80lb-uncoated_4-0_hor,https://upload.wikimedia.org/wikipedia/commons/c/ca/1x1.png,Yes
Posters with hangers — hor,"Personalised posters with hangers from Pixora. Upload your photo, preview on a live product mockup, and we print and ship premium quality to your door. Ideal for home décor or gifting.",wall_hanging_poster_1010-mm_white_wood_w14xt20-mm_28x40-inch-700x1000-mm_250-gsm-100lb-uncoated-offwhite-archival_4-0_hor,https://upload.wikimedia.org/wikipedia/commons/c/ca/1x1.png,Yes
Posters with hangers — hor,"Personalised posters with hangers from Pixora. Upload your photo, preview on a live product mockup, and we print and ship premium quality to your door. Ideal for home décor or gifting.",wall_hanging_poster_1010-mm_white_wood_w14xt20-mm_30x40-inch-750x1000-mm_170-gsm-65lb-coated-silk_4-0_hor,https://upload.wikimedia.org/wikipedia/commons/c/ca/1x1.png,Yes
Posters with hangers — hor,"Personalised posters with hangers from Pixora. Upload your photo, preview on a live product mockup, and we print and ship premium quality to your door. Ideal for home décor or gifting.",wall_hanging_poster_1010-mm_white_wood_w14xt20-mm_30x40-inch-750x1000-mm_170-gsm-65lb-uncoated_4-0_hor,https://upload.wikimedia.org/wikipedia/commons/c/ca/1x1.png,Yes
Posters with hangers — hor,"Personalised posters with hangers from Pixora. Upload your photo, preview on a live product mockup, and we print and ship premium quality to your door. Ideal for home décor or gifting.",wall_hanging_poster_1010-mm_white_wood_w14xt20-mm_30x40-inch-750x1000-mm_200-gsm-80lb-coated-silk_4-0_hor,https://upload.wikimedia.org/wikipedia/commons/c/ca/1x1.png,Yes
Posters with hangers — hor,"Personalised posters with hangers from Pixora. Upload your photo, preview on a live product mockup, and we print and ship premium quality to your door. Ideal for home décor or gifting.",wall_hanging_poster_1010-mm_white_wood_w14xt20-mm_30x40-inch-750x1000-mm_200-gsm-80lb-uncoated_4-0_hor,https://upload.wikimedia.org/wikipedia/commons/c/ca/1x1.png,Yes
Posters with hangers — hor,"Personalised posters with hangers from Pixora. Upload your photo, preview on a live product mockup, and we print and ship premium quality to your door. Ideal for home décor or gifting.",wall_hanging_poster_1010-mm_white_wood_w14xt20-mm_30x40-inch-750x1000-mm_250-gsm-100lb-uncoated-offwhite-archival_4-0_hor,https://upload.wikimedia.org/wikipedia/commons/c/ca/1x1.png,Yes
Posters with hangers — hor,"Personalised posters with hangers from Pixora. Upload your photo, preview on a live product mockup, and we print and ship premium quality to your door. Ideal for home décor or gifting.",wall_hanging_poster_1010-mm_white_wood_w14xt20-mm_700x1000-mm-28x40-inch_170-gsm-65lb-coated-silk_4-0_hor,https://upload.wikimedia.org/wikipedia/commons/c/ca/1x1.png,Yes
Posters with hangers — hor,"Personalised posters with hangers from Pixora. Upload your photo, preview on a live product mockup, and we print and ship premium quality to your door. Ideal for home décor or gifting.",wall_hanging_poster_1010-mm_white_wood_w14xt20-mm_700x1000-mm-28x40-inch_170-gsm-65lb-uncoated_4-0_hor,https://upload.wikimedia.org/wikipedia/commons/c/ca/1x1.png,Yes
Posters with hangers — hor,"Personalised posters with hangers from Pixora. Upload your photo, preview on a live product mockup, and we print and ship premium quality to your door. Ideal for home décor or gifting.",wall_hanging_poster_1010-mm_white_wood_w14xt20-mm_700x1000-mm-28x40-inch_200-gsm-80lb-coated-silk_4-0_hor,https://upload.wikimedia.org/wikipedia/commons/c/ca/1x1.png,Yes
Posters with hangers — hor,"Personalised posters with hangers from Pixora. Upload your photo, preview on a live product mockup, and we print and ship premium quality to your door. Ideal for home décor or gifting.",wall_hanging_poster_1010-mm_white_wood_w14xt20-mm_700x1000-mm-28x40-inch_200-gsm-80lb-uncoated_4-0_hor,https://upload.wikimedia.org/wikipedia/commons/c/ca/1x1.png,Yes
Posters with hangers — hor,"Personalised posters with hangers from Pixora. Upload your photo, preview on a live product mockup, and we print and ship premium quality to your door. Ideal for home décor or gifting.",wall_hanging_poster_1010-mm_white_wood_w14xt20-mm_700x1000-mm-28x40-inch_250-gsm-100lb-uncoated-offwhite-archival_4-0_hor,https://upload.wikimedia.org/wikipedia/commons/c/ca/1x1.png,Yes
Posters with hangers — hor,"Personalised posters with hangers from Pixora. Upload your photo, preview on a live product mockup, and we print and ship premium quality to your door. Ideal for home décor or gifting.",wall_hanging_poster_1010-mm_white_wood_w14xt20-mm_750x1000-mm-30x40-inch_170-gsm-65lb-coated-silk_4-0_hor,https://upload.wikimedia.org/wikipedia/commons/c/ca/1x1.png,Yes
Posters with hangers — hor,"Personalised posters with hangers from Pixora. Upload your photo, preview on a live product mockup, and we print and ship premium quality to your door. Ideal for home décor or gifting.",wall_hanging_poster_1010-mm_white_wood_w14xt20-mm_750x1000-mm-30x40-inch_170-gsm-65lb-uncoated_4-0_hor,https://upload.wikimedia.org/wikipedia/commons/c/ca/1x1.png,Yes
Posters with hangers — hor,"Personalised posters with hangers from Pixora. Upload your photo, preview on a live product mockup, and we print and ship premium quality to your door. Ideal for home décor or gifting.",wall_hanging_poster_1010-mm_white_wood_w14xt20-mm_750x1000-mm-30x40-inch_200-gsm-80lb-coated-silk_4-0_hor,https://upload.wikimedia.org/wikipedia/commons/c/ca/1x1.png,Yes
Posters with hangers — hor,"Personalised posters with hangers from Pixora. Upload your photo, preview on a live product mockup, and we print and ship premium quality to your door. Ideal for home décor or gifting.",wall_hanging_poster_1010-mm_white_wood_w14xt20-mm_750x1000-mm-30x40-inch_200-gsm-80lb-uncoated_4-0_hor,https://upload.wikimedia.org/wikipedia/commons/c/ca/1x1.png,Yes
Posters with hangers — hor,"Personalised posters with hangers from Pixora. Upload your photo, preview on a live product mockup, and we print and ship premium quality to your door. Ideal for home décor or gifting.",wall_hanging_poster_1010-mm_white_wood_w14xt20-mm_750x1000-mm-30x40-inch_250-gsm-100lb-uncoated-offwhite-archival_4-0_hor,https://upload.wikimedia.org/wikipedia/commons/c/ca/1x1.png,Yes
Posters with hangers — hor,"Personalised posters with hangers from Pixora. Upload your photo, preview on a live product mockup, and we print and ship premium quality to your door. Ideal for home décor or gifting.",wall_hanging_poster_229-mm_black_wood_w14xt20-mm_130x180-mm-5r_170-gsm-65lb-coated-silk_4-0_hor,https://upload.wikimedia.org/wikipedia/commons/c/ca/1x1.png,Yes
Posters with hangers — hor,"Personalised posters with hangers from Pixora. Upload your photo, preview on a live product mockup, and we print and ship premium quality to your door. Ideal for home décor or gifting.",wall_hanging_poster_229-mm_black_wood_w14xt20-mm_130x180-mm-5r_170-gsm-65lb-uncoated_4-0_hor,https://upload.wikimedia.org/wikipedia/commons/c/ca/1x1.png,Yes
Posters with hangers — hor,"Personalised posters with hangers from Pixora. Upload your photo, preview on a live product mockup, and we print and ship premium quality to your door. Ideal for home décor or gifting.",wall_hanging_poster_229-mm_black_wood_w14xt20-mm_130x180-mm-5r_200-gsm-80lb-coated-silk_4-0_hor,https://upload.wikimedia.org/wikipedia/commons/c/ca/1x1.png,Yes
Posters with hangers — hor,"Personalised posters with hangers from Pixora. Upload your photo, preview on a live product mockup, and we print and ship premium quality to your door. Ideal for home décor or gifting.",wall_hanging_poster_229-mm_black_wood_w14xt20-mm_130x180-mm-5r_200-gsm-80lb-uncoated_4-0_hor,https://upload.wikimedia.org/wikipedia/commons/c/ca/1x1.png,Yes
Posters with hangers — hor,"Personalised posters with hangers from Pixora. Upload your photo, preview on a live product mockup, and we print and ship premium quality to your door. Ideal for home décor or gifting.",wall_hanging_poster_229-mm_black_wood_w14xt20-mm_130x180-mm-5r_250-gsm-100lb-uncoated-offwhite-archival_4-0_hor,https://upload.wikimedia.org/wikipedia/commons/c/ca/1x1.png,Yes
Posters with hangers — hor,"Personalised posters with hangers from Pixora. Upload your photo, preview on a live product mockup, and we print and ship premium quality to your door. Ideal for home décor or gifting.",wall_hanging_poster_229-mm_black_wood_w14xt20-mm_150x200-mm-6x8-inch_170-gsm-65lb-coated-silk_4-0_hor,https://upload.wikimedia.org/wikipedia/commons/c/ca/1x1.png,Yes
Posters with hangers — hor,"Personalised posters with hangers from Pixora. Upload your photo, preview on a live product mockup, and we print and ship premium quality to your door. Ideal for home décor or gifting.",wall_hanging_poster_229-mm_black_wood_w14xt20-mm_150x200-mm-6x8-inch_170-gsm-65lb-uncoated_4-0_hor,https://upload.wikimedia.org/wikipedia/commons/c/ca/1x1.png,Yes
Posters with hangers — hor,"Personalised posters with hangers from Pixora. Upload your photo, preview on a live product mockup, and we print and ship premium quality to your door. Ideal for home décor or gifting.",wall_hanging_poster_229-mm_black_wood_w14xt20-mm_150x200-mm-6x8-inch_200-gsm-80lb-coated-silk_4-0_hor,https://upload.wikimedia.org/wikipedia/commons/c/ca/1x1.png,Yes
Posters with hangers — hor,"Personalised posters with hangers from Pixora. Upload your photo, preview on a live product mockup, and we print and ship premium quality to your door. Ideal for home décor or gifting.",wall_hanging_poster_229-mm_black_wood_w14xt20-mm_150x200-mm-6x8-inch_200-gsm-80lb-uncoated_4-0_hor,https://upload.wikimedia.org/wikipedia/commons/c/ca/1x1.png,Yes
Posters with hangers — hor,"Personalised posters with hangers from Pixora. Upload your photo, preview on a live product mockup, and we print and ship premium quality to your door. Ideal for home décor or gifting.",wall_hanging_poster_229-mm_black_wood_w14xt20-mm_150x200-mm-6x8-inch_250-gsm-100lb-uncoated-offwhite-archival_4-0_hor,https://upload.wikimedia.org/wikipedia/commons/c/ca/1x1.png,Yes
Posters with hangers — ver,"Personalised posters with hangers from Pixora. Upload your photo, preview on a live product mockup, and we print and ship premium quality to your door. Ideal for home décor or gifting.",wall_hanging_poster_229-mm_black_wood_w14xt20-mm_200x250-mm-8x10-inch_170-gsm-65lb-coated-silk_4-0_ver,https://upload.wikimedia.org/wikipedia/commons/c/ca/1x1.png,Yes
Posters with hangers — ver,"Personalised posters with hangers from Pixora. Upload your photo, preview on a live product mockup, and we print and ship premium quality to your door. Ideal for home décor or gifting.",wall_hanging_poster_229-mm_black_wood_w14xt20-mm_200x250-mm-8x10-inch_170-gsm-65lb-uncoated_4-0_ver,https://upload.wikimedia.org/wikipedia/commons/c/ca/1x1.png,Yes
Posters with hangers — ver,"Personalised posters with hangers from Pixora. Upload your photo, preview on a live product mockup, and we print and ship premium quality to your door. Ideal for home décor or gifting.",wall_hanging_poster_229-mm_black_wood_w14xt20-mm_200x250-mm-8x10-inch_200-gsm-80lb-coated-silk_4-0_ver,https://upload.wikimedia.org/wikipedia/commons/c/ca/1x1.png,Yes
Posters with hangers — ver,"Personalised posters with hangers from Pixora. Upload your photo, preview on a live product mockup, and we print and ship premium quality to your door. Ideal for home décor or gifting.",wall_hanging_poster_229-mm_black_wood_w14xt20-mm_200x250-mm-8x10-inch_200-gsm-80lb-uncoated_4-0_ver,https://upload.wikimedia.org/wikipedia/commons/c/ca/1x1.png,Yes
Posters with hangers — ver,"Personalised posters with hangers from Pixora. Upload your photo, preview on a live product mockup, and we print and ship premium quality to your door. Ideal for home décor or gifting.",wall_hanging_poster_229-mm_black_wood_w14xt20-mm_200x250-mm-8x10-inch_250-gsm-100lb-uncoated-offwhite-archival_4-0_ver,https://upload.wikimedia.org/wikipedia/commons/c/ca/1x1.png,Yes
Posters with hangers — ver,"Personalised posters with hangers from Pixora. Upload your photo, preview on a live product mockup, and we print and ship premium quality to your door. Ideal for home décor or gifting.",wall_hanging_poster_229-mm_black_wood_w14xt20-mm_200x500-mm-8x20-inch_170-gsm-65lb-coated-silk_4-0_ver,https://upload.wikimedia.org/wikipedia/commons/c/ca/1x1.png,Yes
Posters with hangers — ver,"Personalised posters with hangers from Pixora. Upload your photo, preview on a live product mockup, and we print and ship premium quality to your door. Ideal for home décor or gifting.",wall_hanging_poster_229-mm_black_wood_w14xt20-mm_200x500-mm-8x20-inch_170-gsm-65lb-uncoated_4-0_ver,https://upload.wikimedia.org/wikipedia/commons/c/ca/1x1.png,Yes
Posters with hangers — ver,"Personalised posters with hangers from Pixora. Upload your photo, preview on a live product mockup, and we print and ship premium quality to your door. Ideal for home décor or gifting.",wall_hanging_poster_229-mm_black_wood_w14xt20-mm_200x500-mm-8x20-inch_200-gsm-80lb-coated-silk_4-0_ver,https://upload.wikimedia.org/wikipedia/commons/c/ca/1x1.png,Yes
Posters with hangers — ver,"Personalised posters with hangers from Pixora. Upload your photo, preview on a live product mockup, and we print and ship premium quality to your door. Ideal for home décor or gifting.",wall_hanging_poster_229-mm_black_wood_w14xt20-mm_200x500-mm-8x20-inch_200-gsm-80lb-uncoated_4-0_ver,https://upload.wikimedia.org/wikipedia/commons/c/ca/1x1.png,Yes
Posters with hangers — ver,"Personalised posters with hangers from Pixora. Upload your photo, preview on a live product mockup, and we print and ship premium quality to your door. Ideal for home décor or gifting.",wall_hanging_poster_229-mm_black_wood_w14xt20-mm_200x500-mm-8x20-inch_250-gsm-100lb-uncoated-offwhite-archival_4-0_ver,https://upload.wikimedia.org/wikipedia/commons/c/ca/1x1.png,Yes
Posters with hangers — hor,"Personalised posters with hangers from Pixora. Upload your photo, preview on a live product mockup, and we print and ship premium quality to your door. Ideal for home décor or gifting.",wall_hanging_poster_229-mm_black_wood_w14xt20-mm_5r-130x180-mm_170-gsm-65lb-coated-silk_4-0_hor,https://upload.wikimedia.org/wikipedia/commons/c/ca/1x1.png,Yes
Posters with hangers — hor,"Personalised posters with hangers from Pixora. Upload your photo, preview on a live product mockup, and we print and ship premium quality to your door. Ideal for home décor or gifting.",wall_hanging_poster_229-mm_black_wood_w14xt20-mm_5r-130x180-mm_170-gsm-65lb-uncoated_4-0_hor,https://upload.wikimedia.org/wikipedia/commons/c/ca/1x1.png,Yes
Posters with hangers — hor,"Personalised posters with hangers from Pixora. Upload your photo, preview on a live product mockup, and we print and ship premium quality to your door. Ideal for home décor or gifting.",wall_hanging_poster_229-mm_black_wood_w14xt20-mm_5r-130x180-mm_200-gsm-80lb-coated-silk_4-0_hor,https://upload.wikimedia.org/wikipedia/commons/c/ca/1x1.png,Yes
Posters with hangers — hor,"Personalised posters with hangers from Pixora. Upload your photo, preview on a live product mockup, and we print and ship premium quality to your door. Ideal for home décor or gifting.",wall_hanging_poster_229-mm_black_wood_w14xt20-mm_5r-130x180-mm_200-gsm-80lb-uncoated_4-0_hor,https://upload.wikimedia.org/wikipedia/commons/c/ca/1x1.png,Yes
Posters with hangers — hor,"Personalised posters with hangers from Pixora. Upload your photo, preview on a live product mockup, and we print and ship premium quality to your door. Ideal for home décor or gifting.",wall_hanging_poster_229-mm_black_wood_w14xt20-mm_5r-130x180-mm_250-gsm-100lb-uncoated-offwhite-archival_4-0_hor,https://upload.wikimedia.org/wikipedia/commons/c/ca/1x1.png,Yes
Posters with hangers — hor,"Personalised posters with hangers from Pixora. Upload your photo, preview on a live product mockup, and we print and ship premium quality to your door. Ideal for home décor or gifting.",wall_hanging_poster_229-mm_black_wood_w14xt20-mm_5r-a6_250-gsm-100lb-uncoated-offwhite-archival_4-0_hor,https://upload.wikimedia.org/wikipedia/commons/c/ca/1x1.png,Yes
Posters with hangers — hor,"Personalised posters with hangers from Pixora. Upload your photo, preview on a live product mockup, and we print and ship premium quality to your door. Ideal for home décor or gifting.",wall_hanging_poster_229-mm_black_wood_w14xt20-mm_6x8-inch-150x200-mm_170-gsm-65lb-coated-silk_4-0_hor,https://upload.wikimedia.org/wikipedia/commons/c/ca/1x1.png,Yes
Posters with hangers — hor,"Personalised posters with hangers from Pixora. Upload your photo, preview on a live product mockup, and we print and ship premium quality to your door. Ideal for home décor or gifting.",wall_hanging_poster_229-mm_black_wood_w14xt20-mm_6x8-inch-150x200-mm_170-gsm-65lb-uncoated_4-0_hor,https://upload.wikimedia.org/wikipedia/commons/c/ca/1x1.png,Yes
Posters with hangers — hor,"Personalised posters with hangers from Pixora. Upload your photo, preview on a live product mockup, and we print and ship premium quality to your door. Ideal for home décor or gifting.",wall_hanging_poster_229-mm_black_wood_w14xt20-mm_6x8-inch-150x200-mm_200-gsm-80lb-coated-silk_4-0_hor,https://upload.wikimedia.org/wikipedia/commons/c/ca/1x1.png,Yes
Posters with hangers — hor,"Personalised posters with hangers from Pixora. Upload your photo, preview on a live product mockup, and we print and ship premium quality to your door. Ideal for home décor or gifting.",wall_hanging_poster_229-mm_black_wood_w14xt20-mm_6x8-inch-150x200-mm_200-gsm-80lb-uncoated_4-0_hor,https://upload.wikimedia.org/wikipedia/commons/c/ca/1x1.png,Yes
Posters with hangers — hor,"Personalised posters with hangers from Pixora. Upload your photo, preview on a live product mockup, and we print and ship premium quality to your door. Ideal for home décor or gifting.",wall_hanging_poster_229-mm_black_wood_w14xt20-mm_6x8-inch-150x200-mm_250-gsm-100lb-uncoated-offwhite-archival_4-0_hor,https://upload.wikimedia.org/wikipedia/commons/c/ca/1x1.png,Yes
Posters with hangers — ver,"Personalised posters with hangers from Pixora. Upload your photo, preview on a live product mockup, and we print and ship premium quality to your door. Ideal for home décor or gifting.",wall_hanging_poster_229-mm_black_wood_w14xt20-mm_8x10-inch-200x250-mm_170-gsm-65lb-coated-silk_4-0_ver,https://upload.wikimedia.org/wikipedia/commons/c/ca/1x1.png,Yes
Posters with hangers — ver,"Personalised posters with hangers from Pixora. Upload your photo, preview on a live product mockup, and we print and ship premium quality to your door. Ideal for home décor or gifting.",wall_hanging_poster_229-mm_black_wood_w14xt20-mm_8x10-inch-200x250-mm_170-gsm-65lb-uncoated_4-0_ver,https://upload.wikimedia.org/wikipedia/commons/c/ca/1x1.png,Yes
Posters with hangers — ver,"Personalised posters with hangers from Pixora. Upload your photo, preview on a live product mockup, and we print and ship premium quality to your door. Ideal for home décor or gifting.",wall_hanging_poster_229-mm_black_wood_w14xt20-mm_8x10-inch-200x250-mm_200-gsm-80lb-coated-silk_4-0_ver,https://upload.wikimedia.org/wikipedia/commons/c/ca/1x1.png,Yes
Posters with hangers — ver,"Personalised posters with hangers from Pixora. Upload your photo, preview on a live product mockup, and we print and ship premium quality to your door. Ideal for home décor or gifting.",wall_hanging_poster_229-mm_black_wood_w14xt20-mm_8x10-inch-200x250-mm_200-gsm-80lb-uncoated_4-0_ver,https://upload.wikimedia.org/wikipedia/commons/c/ca/1x1.png,Yes
Posters with hangers — ver,"Personalised posters with hangers from Pixora. Upload your photo, preview on a live product mockup, and we print and ship premium quality to your door. Ideal for home décor or gifting.",wall_hanging_poster_229-mm_black_wood_w14xt20-mm_8x10-inch-200x250-mm_250-gsm-100lb-uncoated-offwhite-archival_4-0_ver,https://upload.wikimedia.org/wikipedia/commons/c/ca/1x1.png,Yes
Posters with hangers — ver,"Personalised posters with hangers from Pixora. Upload your photo, preview on a live product mockup, and we print and ship premium quality to your door. Ideal for home décor or gifting.",wall_hanging_poster_229-mm_black_wood_w14xt20-mm_8x12-inch-a4_170-gsm-65lb-coated-silk_4-0_ver,https://upload.wikimedia.org/wikipedia/commons/c/ca/1x1.png,Yes
Posters with hangers — ver,"Personalised posters with hangers from Pixora. Upload your photo, preview on a live product mockup, and we print and ship premium quality to your door. Ideal for home décor or gifting.",wall_hanging_poster_229-mm_black_wood_w14xt20-mm_8x12-inch-a4_170-gsm-65lb-uncoated_4-0_ver,https://upload.wikimedia.org/wikipedia/commons/c/ca/1x1.png,Yes
Posters with hangers — ver,"Personalised posters with hangers from Pixora. Upload your photo, preview on a live product mockup, and we print and ship premium quality to your door. Ideal for home décor or gifting.",wall_hanging_poster_229-mm_black_wood_w14xt20-mm_8x12-inch-a4_200-gsm-80lb-coated-silk_4-0_ver,https://upload.wikimedia.org/wikipedia/commons/c/ca/1x1.png,Yes
Posters with hangers — ver,"Personalised posters with hangers from Pixora. Upload your photo, preview on a live product mockup, and we print and ship premium quality to your door. Ideal for home décor or gifting.",wall_hanging_poster_229-mm_black_wood_w14xt20-mm_8x12-inch-a4_200-gsm-80lb-uncoated_4-0_ver,https://upload.wikimedia.org/wikipedia/commons/c/ca/1x1.png,Yes
Posters with hangers — ver,"Personalised posters with hangers from Pixora. Upload your photo, preview on a live product mockup, and we print and ship premium quality to your door. Ideal for home décor or gifting.",wall_hanging_poster_229-mm_black_wood_w14xt20-mm_8x12-inch-a4_250-gsm-100lb-uncoated-offwhite-archival_4-0_ver,https://upload.wikimedia.org/wikipedia/commons/c/ca/1x1.png,Yes
Posters with hangers — ver,"Personalised posters with hangers from Pixora. Upload your photo, preview on a live product mockup, and we print and ship premium quality to your door. Ideal for home décor or gifting.",wall_hanging_poster_229-mm_black_wood_w14xt20-mm_8x20-inch-200x500-mm_170-gsm-65lb-coated-silk_4-0_ver,https://upload.wikimedia.org/wikipedia/commons/c/ca/1x1.png,Yes
Posters with hangers — ver,"Personalised posters with hangers from Pixora. Upload your photo, preview on a live product mockup, and we print and ship premium quality to your door. Ideal for home décor or gifting.",wall_hanging_poster_229-mm_black_wood_w14xt20-mm_8x20-inch-200x500-mm_170-gsm-65lb-uncoated_4-0_ver,https://upload.wikimedia.org/wikipedia/commons/c/ca/1x1.png,Yes
Posters with hangers — ver,"Personalised posters with hangers from Pixora. Upload your photo, preview on a live product mockup, and we print and ship premium quality to your door. Ideal for home décor or gifting.",wall_hanging_poster_229-mm_black_wood_w14xt20-mm_8x20-inch-200x500-mm_200-gsm-80lb-coated-silk_4-0_ver,https://upload.wikimedia.org/wikipedia/commons/c/ca/1x1.png,Yes
Posters with hangers — ver,"Personalised posters with hangers from Pixora. Upload your photo, preview on a live product mockup, and we print and ship premium quality to your door. Ideal for home décor or gifting.",wall_hanging_poster_229-mm_black_wood_w14xt20-mm_8x20-inch-200x500-mm_200-gsm-80lb-uncoated_4-0_ver,https://upload.wikimedia.org/wikipedia/commons/c/ca/1x1.png,Yes
Posters with hangers — ver,"Personalised posters with hangers from Pixora. Upload your photo, preview on a live product mockup, and we print and ship premium quality to your door. Ideal for home décor or gifting.",wall_hanging_poster_229-mm_black_wood_w14xt20-mm_8x20-inch-200x500-mm_250-gsm-100lb-uncoated-offwhite-archival_4-0_ver,https://upload.wikimedia.org/wikipedia/commons/c/ca/1x1.png,Yes
Posters with hangers — ver,"Personalised posters with hangers from Pixora. Upload your photo, preview on a live product mockup, and we print and ship premium quality to your door. Ideal for home décor or gifting.",wall_hanging_poster_229-mm_black_wood_w14xt20-mm_a4-8x12-inch_170-gsm-65lb-coated-silk_4-0_ver,https://upload.wikimedia.org/wikipedia/commons/c/ca/1x1.png,Yes
Posters with hangers — ver,"Personalised posters with hangers from Pixora. Upload your photo, preview on a live product mockup, and we print and ship premium quality to your door. Ideal for home décor or gifting.",wall_hanging_poster_229-mm_black_wood_w14xt20-mm_a4-8x12-inch_170-gsm-65lb-uncoated_4-0_ver,https://upload.wikimedia.org/wikipedia/commons/c/ca/1x1.png,Yes
Posters with hangers — ver,"Personalised posters with hangers from Pixora. Upload your photo, preview on a live product mockup, and we print and ship premium quality to your door. Ideal for home décor or gifting.",wall_hanging_poster_229-mm_black_wood_w14xt20-mm_a4-8x12-inch_200-gsm-80lb-coated-silk_4-0_ver,https://upload.wikimedia.org/wikipedia/commons/c/ca/1x1.png,Yes
Posters with hangers — ver,"Personalised posters with hangers from Pixora. Upload your photo, preview on a live product mockup, and we print and ship premium quality to your door. Ideal for home décor or gifting.",wall_hanging_poster_229-mm_black_wood_w14xt20-mm_a4-8x12-inch_200-gsm-80lb-uncoated_4-0_ver,https://upload.wikimedia.org/wikipedia/commons/c/ca/1x1.png,Yes
Posters with hangers — ver,"Personalised posters with hangers from Pixora. Upload your photo, preview on a live product mockup, and we print and ship premium quality to your door. Ideal for home décor or gifting.",wall_hanging_poster_229-mm_black_wood_w14xt20-mm_a4-8x12-inch_250-gsm-100lb-uncoated-offwhite-archival_4-0_ver,https://upload.wikimedia.org/wikipedia/commons/c/ca/1x1.png,Yes
Posters with hangers — hor,"Personalised posters with hangers from Pixora. Upload your photo, preview on a live product mockup, and we print and ship premium quality to your door. Ideal for home décor or gifting.",wall_hanging_poster_229-mm_dark-wood_wood_w14xt20-mm_130x180-mm-5r_170-gsm-65lb-coated-silk_4-0_hor,https://upload.wikimedia.org/wikipedia/commons/c/ca/1x1.png,Yes
Posters with hangers — hor,"Personalised posters with hangers from Pixora. Upload your photo, preview on a live product mockup, and we print and ship premium quality to your door. Ideal for home décor or gifting.",wall_hanging_poster_229-mm_dark-wood_wood_w14xt20-mm_130x180-mm-5r_170-gsm-65lb-uncoated_4-0_hor,https://upload.wikimedia.org/wikipedia/commons/c/ca/1x1.png,Yes
Posters with hangers — hor,"Personalised posters with hangers from Pixora. Upload your photo, preview on a live product mockup, and we print and ship premium quality to your door. Ideal for home décor or gifting.",wall_hanging_poster_229-mm_dark-wood_wood_w14xt20-mm_130x180-mm-5r_200-gsm-80lb-coated-silk_4-0_hor,https://upload.wikimedia.org/wikipedia/commons/c/ca/1x1.png,Yes
Posters with hangers — hor,"Personalised posters with hangers from Pixora. Upload your photo, preview on a live product mockup, and we print and ship premium quality to your door. Ideal for home décor or gifting.",wall_hanging_poster_229-mm_dark-wood_wood_w14xt20-mm_130x180-mm-5r_200-gsm-80lb-uncoated_4-0_hor,https://upload.wikimedia.org/wikipedia/commons/c/ca/1x1.png,Yes
Posters with hangers — hor,"Personalised posters with hangers from Pixora. Upload your photo, preview on a live product mockup, and we print and ship premium quality to your door. Ideal for home décor or gifting.",wall_hanging_poster_229-mm_dark-wood_wood_w14xt20-mm_130x180-mm-5r_250-gsm-100lb-uncoated-offwhite-archival_4-0_hor,https://upload.wikimedia.org/wikipedia/commons/c/ca/1x1.png,Yes
Posters with hangers — hor,"Personalised posters with hangers from Pixora. Upload your photo, preview on a live product mockup, and we print and ship premium quality to your door. Ideal for home décor or gifting.",wall_hanging_poster_229-mm_dark-wood_wood_w14xt20-mm_150x200-mm-6x8-inch_170-gsm-65lb-coated-silk_4-0_hor,https://upload.wikimedia.org/wikipedia/commons/c/ca/1x1.png,Yes
Posters with hangers — hor,"Personalised posters with hangers from Pixora. Upload your photo, preview on a live product mockup, and we print and ship premium quality to your door. Ideal for home décor or gifting.",wall_hanging_poster_229-mm_dark-wood_wood_w14xt20-mm_150x200-mm-6x8-inch_170-gsm-65lb-uncoated_4-0_hor,https://upload.wikimedia.org/wikipedia/commons/c/ca/1x1.png,Yes
Posters with hangers — hor,"Personalised posters with hangers from Pixora. Upload your photo, preview on a live product mockup, and we print and ship premium quality to your door. Ideal for home décor or gifting.",wall_hanging_poster_229-mm_dark-wood_wood_w14xt20-mm_150x200-mm-6x8-inch_200-gsm-80lb-coated-silk_4-0_hor,https://upload.wikimedia.org/wikipedia/commons/c/ca/1x1.png,Yes
Posters with hangers — hor,"Personalised posters with hangers from Pixora. Upload your photo, preview on a live product mockup, and we print and ship premium quality to your door. Ideal for home décor or gifting.",wall_hanging_poster_229-mm_dark-wood_wood_w14xt20-mm_150x200-mm-6x8-inch_200-gsm-80lb-uncoated_4-0_hor,https://upload.wikimedia.org/wikipedia/commons/c/ca/1x1.png,Yes
Posters with hangers — hor,"Personalised posters with hangers from Pixora. Upload your photo, preview on a live product mockup, and we print and ship premium quality to your door. Ideal for home décor or gifting.",wall_hanging_poster_229-mm_dark-wood_wood_w14xt20-mm_150x200-mm-6x8-inch_250-gsm-100lb-uncoated-offwhite-archival_4-0_hor,https://upload.wikimedia.org/wikipedia/commons/c/ca/1x1.png,Yes
Posters with hangers — ver,"Personalised posters with hangers from Pixora. Upload your photo, preview on a live product mockup, and we print and ship premium quality to your door. Ideal for home décor or gifting.",wall_hanging_poster_229-mm_dark-wood_wood_w14xt20-mm_200x250-mm-8x10-inch_170-gsm-65lb-coated-silk_4-0_ver,https://upload.wikimedia.org/wikipedia/commons/c/ca/1x1.png,Yes
Posters with hangers — ver,"Personalised posters with hangers from Pixora. Upload your photo, preview on a live product mockup, and we print and ship premium quality to your door. Ideal for home décor or gifting.",wall_hanging_poster_229-mm_dark-wood_wood_w14xt20-mm_200x250-mm-8x10-inch_170-gsm-65lb-uncoated_4-0_ver,https://upload.wikimedia.org/wikipedia/commons/c/ca/1x1.png,Yes
Posters with hangers — ver,"Personalised posters with hangers from Pixora. Upload your photo, preview on a live product mockup, and we print and ship premium quality to your door. Ideal for home décor or gifting.",wall_hanging_poster_229-mm_dark-wood_wood_w14xt20-mm_200x250-mm-8x10-inch_200-gsm-80lb-coated-silk_4-0_ver,https://upload.wikimedia.org/wikipedia/commons/c/ca/1x1.png,Yes
Posters with hangers — ver,"Personalised posters with hangers from Pixora. Upload your photo, preview on a live product mockup, and we print and ship premium quality to your door. Ideal for home décor or gifting.",wall_hanging_poster_229-mm_dark-wood_wood_w14xt20-mm_200x250-mm-8x10-inch_200-gsm-80lb-uncoated_4-0_ver,https://upload.wikimedia.org/wikipedia/commons/c/ca/1x1.png,Yes
Posters with hangers — ver,"Personalised posters with hangers from Pixora. Upload your photo, preview on a live product mockup, and we print and ship premium quality to your door. Ideal for home décor or gifting.",wall_hanging_poster_229-mm_dark-wood_wood_w14xt20-mm_200x250-mm-8x10-inch_250-gsm-100lb-uncoated-offwhite-archival_4-0_ver,https://upload.wikimedia.org/wikipedia/commons/c/ca/1x1.png,Yes
Posters with hangers — ver,"Personalised posters with hangers from Pixora. Upload your photo, preview on a live product mockup, and we print and ship premium quality to your door. Ideal for home décor or gifting.",wall_hanging_poster_229-mm_dark-wood_wood_w14xt20-mm_200x500-mm-8x20-inch_170-gsm-65lb-coated-silk_4-0_ver,https://upload.wikimedia.org/wikipedia/commons/c/ca/1x1.png,Yes
Posters with hangers — ver,"Personalised posters with hangers from Pixora. Upload your photo, preview on a live product mockup, and we print and ship premium quality to your door. Ideal for home décor or gifting.",wall_hanging_poster_229-mm_dark-wood_wood_w14xt20-mm_200x500-mm-8x20-inch_170-gsm-65lb-uncoated_4-0_ver,https://upload.wikimedia.org/wikipedia/commons/c/ca/1x1.png,Yes
Posters with hangers — ver,"Personalised posters with hangers from Pixora. Upload your photo, preview on a live product mockup, and we print and ship premium quality to your door. Ideal for home décor or gifting.",wall_hanging_poster_229-mm_dark-wood_wood_w14xt20-mm_200x500-mm-8x20-inch_200-gsm-80lb-coated-silk_4-0_ver,https://upload.wikimedia.org/wikipedia/commons/c/ca/1x1.png,Yes
Posters with hangers — ver,"Personalised posters with hangers from Pixora. Upload your photo, preview on a live product mockup, and we print and ship premium quality to your door. Ideal for home décor or gifting.",wall_hanging_poster_229-mm_dark-wood_wood_w14xt20-mm_200x500-mm-8x20-inch_200-gsm-80lb-uncoated_4-0_ver,https://upload.wikimedia.org/wikipedia/commons/c/ca/1x1.png,Yes
Posters with hangers — ver,"Personalised posters with hangers from Pixora. Upload your photo, preview on a live product mockup, and we print and ship premium quality to your door. Ideal for home décor or gifting.",wall_hanging_poster_229-mm_dark-wood_wood_w14xt20-mm_200x500-mm-8x20-inch_250-gsm-100lb-uncoated-offwhite-archival_4-0_ver,https://upload.wikimedia.org/wikipedia/commons/c/ca/1x1.png,Yes
Posters with hangers — hor,"Personalised posters with hangers from Pixora. Upload your photo, preview on a live product mockup, and we print and ship premium quality to your door. Ideal for home décor or gifting.",wall_hanging_poster_229-mm_dark-wood_wood_w14xt20-mm_5r-130x180-mm_170-gsm-65lb-coated-silk_4-0_hor,https://upload.wikimedia.org/wikipedia/commons/c/ca/1x1.png,Yes
Posters with hangers — hor,"Personalised posters with hangers from Pixora. Upload your photo, preview on a live product mockup, and we print and ship premium quality to your door. Ideal for home décor or gifting.",wall_hanging_poster_229-mm_dark-wood_wood_w14xt20-mm_5r-130x180-mm_170-gsm-65lb-uncoated_4-0_hor,https://upload.wikimedia.org/wikipedia/commons/c/ca/1x1.png,Yes
Posters with hangers — hor,"Personalised posters with hangers from Pixora. Upload your photo, preview on a live product mockup, and we print and ship premium quality to your door. Ideal for home décor or gifting.",wall_hanging_poster_229-mm_dark-wood_wood_w14xt20-mm_5r-130x180-mm_200-gsm-80lb-coated-silk_4-0_hor,https://upload.wikimedia.org/wikipedia/commons/c/ca/1x1.png,Yes
Posters with hangers — hor,"Personalised posters with hangers from Pixora. Upload your photo, preview on a live product mockup, and we print and ship premium quality to your door. Ideal for home décor or gifting.",wall_hanging_poster_229-mm_dark-wood_wood_w14xt20-mm_5r-130x180-mm_200-gsm-80lb-uncoated_4-0_hor,https://upload.wikimedia.org/wikipedia/commons/c/ca/1x1.png,Yes
Posters with hangers — hor,"Personalised posters with hangers from Pixora. Upload your photo, preview on a live product mockup, and we print and ship premium quality to your door. Ideal for home décor or gifting.",wall_hanging_poster_229-mm_dark-wood_wood_w14xt20-mm_5r-130x180-mm_250-gsm-100lb-uncoated-offwhite-archival_4-0_hor,https://upload.wikimedia.org/wikipedia/commons/c/ca/1x1.png,Yes
Posters with hangers — hor,"Personalised posters with hangers from Pixora. Upload your photo, preview on a live product mockup, and we print and ship premium quality to your door. Ideal for home décor or gifting.",wall_hanging_poster_229-mm_dark-wood_wood_w14xt20-mm_5r-a6_250-gsm-100lb-uncoated-offwhite-archival_4-0_hor,https://upload.wikimedia.org/wikipedia/commons/c/ca/1x1.png,Yes
Posters with hangers — hor,"Personalised posters with hangers from Pixora. Upload your photo, preview on a live product mockup, and we print and ship premium quality to your door. Ideal for home décor or gifting.",wall_hanging_poster_229-mm_dark-wood_wood_w14xt20-mm_6x8-inch-150x200-mm_170-gsm-65lb-coated-silk_4-0_hor,https://upload.wikimedia.org/wikipedia/commons/c/ca/1x1.png,Yes
Posters with hangers — hor,"Personalised posters with hangers from Pixora. Upload your photo, preview on a live product mockup, and we print and ship premium quality to your door. Ideal for home décor or gifting.",wall_hanging_poster_229-mm_dark-wood_wood_w14xt20-mm_6x8-inch-150x200-mm_170-gsm-65lb-uncoated_4-0_hor,https://upload.wikimedia.org/wikipedia/commons/c/ca/1x1.png,Yes
Posters with hangers — hor,"Personalised posters with hangers from Pixora. Upload your photo, preview on a live product mockup, and we print and ship premium quality to your door. Ideal for home décor or gifting.",wall_hanging_poster_229-mm_dark-wood_wood_w14xt20-mm_6x8-inch-150x200-mm_200-gsm-80lb-coated-silk_4-0_hor,https://upload.wikimedia.org/wikipedia/commons/c/ca/1x1.png,Yes
Posters with hangers — hor,"Personalised posters with hangers from Pixora. Upload your photo, preview on a live product mockup, and we print and ship premium quality to your door. Ideal for home décor or gifting.",wall_hanging_poster_229-mm_dark-wood_wood_w14xt20-mm_6x8-inch-150x200-mm_200-gsm-80lb-uncoated_4-0_hor,https://upload.wikimedia.org/wikipedia/commons/c/ca/1x1.png,Yes
Posters with hangers — hor,"Personalised posters with hangers from Pixora. Upload your photo, preview on a live product mockup, and we print and ship premium quality to your door. Ideal for home décor or gifting.",wall_hanging_poster_229-mm_dark-wood_wood_w14xt20-mm_6x8-inch-150x200-mm_250-gsm-100lb-uncoated-offwhite-archival_4-0_hor,https://upload.wikimedia.org/wikipedia/commons/c/ca/1x1.png,Yes
Posters with hangers — ver,"Personalised posters with hangers from Pixora. Upload your photo, preview on a live product mockup, and we print and ship premium quality to your door. Ideal for home décor or gifting.",wall_hanging_poster_229-mm_dark-wood_wood_w14xt20-mm_8x10-inch-200x250-mm_170-gsm-65lb-coated-silk_4-0_ver,https://upload.wikimedia.org/wikipedia/commons/c/ca/1x1.png,Yes
Posters with hangers — ver,"Personalised posters with hangers from Pixora. Upload your photo, preview on a live product mockup, and we print and ship premium quality to your door. Ideal for home décor or gifting.",wall_hanging_poster_229-mm_dark-wood_wood_w14xt20-mm_8x10-inch-200x250-mm_170-gsm-65lb-uncoated_4-0_ver,https://upload.wikimedia.org/wikipedia/commons/c/ca/1x1.png,Yes
Posters with hangers — ver,"Personalised posters with hangers from Pixora. Upload your photo, preview on a live product mockup, and we print and ship premium quality to your door. Ideal for home décor or gifting.",wall_hanging_poster_229-mm_dark-wood_wood_w14xt20-mm_8x10-inch-200x250-mm_200-gsm-80lb-coated-silk_4-0_ver,https://upload.wikimedia.org/wikipedia/commons/c/ca/1x1.png,Yes
Posters with hangers — ver,"Personalised posters with hangers from Pixora. Upload your photo, preview on a live product mockup, and we print and ship premium quality to your door. Ideal for home décor or gifting.",wall_hanging_poster_229-mm_dark-wood_wood_w14xt20-mm_8x10-inch-200x250-mm_200-gsm-80lb-uncoated_4-0_ver,https://upload.wikimedia.org/wikipedia/commons/c/ca/1x1.png,Yes
Posters with hangers — ver,"Personalised posters with hangers from Pixora. Upload your photo, preview on a live product mockup, and we print and ship premium quality to your door. Ideal for home décor or gifting.",wall_hanging_poster_229-mm_dark-wood_wood_w14xt20-mm_8x10-inch-200x250-mm_250-gsm-100lb-uncoated-offwhite-archival_4-0_ver,https://upload.wikimedia.org/wikipedia/commons/c/ca/1x1.png,Yes
Posters with hangers — ver,"Personalised posters with hangers from Pixora. Upload your photo, preview on a live product mockup, and we print and ship premium quality to your door. Ideal for home décor or gifting.",wall_hanging_poster_229-mm_dark-wood_wood_w14xt20-mm_8x12-inch-a4_170-gsm-65lb-coated-silk_4-0_ver,https://upload.wikimedia.org/wikipedia/commons/c/ca/1x1.png,Yes
Posters with hangers — ver,"Personalised posters with hangers from Pixora. Upload your photo, preview on a live product mockup, and we print and ship premium quality to your door. Ideal for home décor or gifting.",wall_hanging_poster_229-mm_dark-wood_wood_w14xt20-mm_8x12-inch-a4_170-gsm-65lb-uncoated_4-0_ver,https://upload.wikimedia.org/wikipedia/commons/c/ca/1x1.png,Yes
Posters with hangers — ver,"Personalised posters with hangers from Pixora. Upload your photo, preview on a live product mockup, and we print and ship premium quality to your door. Ideal for home décor or gifting.",wall_hanging_poster_229-mm_dark-wood_wood_w14xt20-mm_8x12-inch-a4_200-gsm-80lb-coated-silk_4-0_ver,https://upload.wikimedia.org/wikipedia/commons/c/ca/1x1.png,Yes
Posters with hangers — ver,"Personalised posters with hangers from Pixora. Upload your photo, preview on a live product mockup, and we print and ship premium quality to your door. Ideal for home décor or gifting.",wall_hanging_poster_229-mm_dark-wood_wood_w14xt20-mm_8x12-inch-a4_200-gsm-80lb-uncoated_4-0_ver,https://upload.wikimedia.org/wikipedia/commons/c/ca/1x1.png,Yes
Posters with hangers — ver,"Personalised posters with hangers from Pixora. Upload your photo, preview on a live product mockup, and we print and ship premium quality to your door. Ideal for home décor or gifting.",wall_hanging_poster_229-mm_dark-wood_wood_w14xt20-mm_8x12-inch-a4_250-gsm-100lb-uncoated-offwhite-archival_4-0_ver,https://upload.wikimedia.org/wikipedia/commons/c/ca/1x1.png,Yes
Posters with hangers — ver,"Personalised posters with hangers from Pixora. Upload your photo, preview on a live product mockup, and we print and ship premium quality to your door. Ideal for home décor or gifting.",wall_hanging_poster_229-mm_dark-wood_wood_w14xt20-mm_8x20-inch-200x500-mm_170-gsm-65lb-coated-silk_4-0_ver,https://upload.wikimedia.org/wikipedia/commons/c/ca/1x1.png,Yes
Posters with hangers — ver,"Personalised posters with hangers from Pixora. Upload your photo, preview on a live product mockup, and we print and ship premium quality to your door. Ideal for home décor or gifting.",wall_hanging_poster_229-mm_dark-wood_wood_w14xt20-mm_8x20-inch-200x500-mm_170-gsm-65lb-uncoated_4-0_ver,https://upload.wikimedia.org/wikipedia/commons/c/ca/1x1.png,Yes
Posters with hangers — ver,"Personalised posters with hangers from Pixora. Upload your photo, preview on a live product mockup, and we print and ship premium quality to your door. Ideal for home décor or gifting.",wall_hanging_poster_229-mm_dark-wood_wood_w14xt20-mm_8x20-inch-200x500-mm_200-gsm-80lb-coated-silk_4-0_ver,https://upload.wikimedia.org/wikipedia/commons/c/ca/1x1.png,Yes
Posters with hangers — ver,"Personalised posters with hangers from Pixora. Upload your photo, preview on a live product mockup, and we print and ship premium quality to your door. Ideal for home décor or gifting.",wall_hanging_poster_229-mm_dark-wood_wood_w14xt20-mm_8x20-inch-200x500-mm_200-gsm-80lb-uncoated_4-0_ver,https://upload.wikimedia.org/wikipedia/commons/c/ca/1x1.png,Yes
Posters with hangers — ver,"Personalised posters with hangers from Pixora. Upload your photo, preview on a live product mockup, and we print and ship premium quality to your door. Ideal for home décor or gifting.",wall_hanging_poster_229-mm_dark-wood_wood_w14xt20-mm_8x20-inch-200x500-mm_250-gsm-100lb-uncoated-offwhite-archival_4-0_ver,https://upload.wikimedia.org/wikipedia/commons/c/ca/1x1.png,Yes
Posters with hangers — ver,"Personalised posters with hangers from Pixora. Upload your photo, preview on a live product mockup, and we print and ship premium quality to your door. Ideal for home décor or gifting.",wall_hanging_poster_229-mm_dark-wood_wood_w14xt20-mm_a4-8x12-inch_170-gsm-65lb-coated-silk_4-0_ver,https://upload.wikimedia.org/wikipedia/commons/c/ca/1x1.png,Yes
Posters with hangers — ver,"Personalised posters with hangers from Pixora. Upload your photo, preview on a live product mockup, and we print and ship premium quality to your door. Ideal for home décor or gifting.",wall_hanging_poster_229-mm_dark-wood_wood_w14xt20-mm_a4-8x12-inch_170-gsm-65lb-uncoated_4-0_ver,https://upload.wikimedia.org/wikipedia/commons/c/ca/1x1.png,Yes
Posters with hangers — ver,"Personalised posters with hangers from Pixora. Upload your photo, preview on a live product mockup, and we print and ship premium quality to your door. Ideal for home décor or gifting.",wall_hanging_poster_229-mm_dark-wood_wood_w14xt20-mm_a4-8x12-inch_200-gsm-80lb-coated-silk_4-0_ver,https://upload.wikimedia.org/wikipedia/commons/c/ca/1x1.png,Yes
Posters with hangers — ver,"Personalised posters with hangers from Pixora. Upload your photo, preview on a live product mockup, and we print and ship premium quality to your door. Ideal for home décor or gifting.",wall_hanging_poster_229-mm_dark-wood_wood_w14xt20-mm_a4-8x12-inch_200-gsm-80lb-uncoated_4-0_ver,https://upload.wikimedia.org/wikipedia/commons/c/ca/1x1.png,Yes
Posters with hangers — ver,"Personalised posters with hangers from Pixora. Upload your photo, preview on a live product mockup, and we print and ship premium quality to your door. Ideal for home décor or gifting.",wall_hanging_poster_229-mm_dark-wood_wood_w14xt20-mm_a4-8x12-inch_250-gsm-100lb-uncoated-offwhite-archival_4-0_ver,https://upload.wikimedia.org/wikipedia/commons/c/ca/1x1.png,Yes
Posters with hangers — hor,"Personalised posters with hangers from Pixora. Upload your photo, preview on a live product mockup, and we print and ship premium quality to your door. Ideal for home décor or gifting.",wall_hanging_poster_229-mm_natural-wood_wood_w14xt20-mm_130x180-mm-5r_170-gsm-65lb-coated-silk_4-0_hor,https://upload.wikimedia.org/wikipedia/commons/c/ca/1x1.png,Yes
Posters with hangers — hor,"Personalised posters with hangers from Pixora. Upload your photo, preview on a live product mockup, and we print and ship premium quality to your door. Ideal for home décor or gifting.",wall_hanging_poster_229-mm_natural-wood_wood_w14xt20-mm_130x180-mm-5r_170-gsm-65lb-uncoated_4-0_hor,https://upload.wikimedia.org/wikipedia/commons/c/ca/1x1.png,Yes
Posters with hangers — hor,"Personalised posters with hangers from Pixora. Upload your photo, preview on a live product mockup, and we print and ship premium quality to your door. Ideal for home décor or gifting.",wall_hanging_poster_229-mm_natural-wood_wood_w14xt20-mm_130x180-mm-5r_200-gsm-80lb-coated-silk_4-0_hor,https://upload.wikimedia.org/wikipedia/commons/c/ca/1x1.png,Yes
Posters with hangers — hor,"Personalised posters with hangers from Pixora. Upload your photo, preview on a live product mockup, and we print and ship premium quality to your door. Ideal for home décor or gifting.",wall_hanging_poster_229-mm_natural-wood_wood_w14xt20-mm_130x180-mm-5r_200-gsm-80lb-uncoated_4-0_hor,https://upload.wikimedia.org/wikipedia/commons/c/ca/1x1.png,Yes
Posters with hangers — hor,"Personalised posters with hangers from Pixora. Upload your photo, preview on a live product mockup, and we print and ship premium quality to your door. Ideal for home décor or gifting.",wall_hanging_poster_229-mm_natural-wood_wood_w14xt20-mm_130x180-mm-5r_250-gsm-100lb-uncoated-offwhite-archival_4-0_hor,https://upload.wikimedia.org/wikipedia/commons/c/ca/1x1.png,Yes
Posters with hangers — hor,"Personalised posters with hangers from Pixora. Upload your photo, preview on a live product mockup, and we print and ship premium quality to your door. Ideal for home décor or gifting.",wall_hanging_poster_229-mm_natural-wood_wood_w14xt20-mm_150x200-mm-6x8-inch_170-gsm-65lb-coated-silk_4-0_hor,https://upload.wikimedia.org/wikipedia/commons/c/ca/1x1.png,Yes
Posters with hangers — hor,"Personalised posters with hangers from Pixora. Upload your photo, preview on a live product mockup, and we print and ship premium quality to your door. Ideal for home décor or gifting.",wall_hanging_poster_229-mm_natural-wood_wood_w14xt20-mm_150x200-mm-6x8-inch_170-gsm-65lb-uncoated_4-0_hor,https://upload.wikimedia.org/wikipedia/commons/c/ca/1x1.png,Yes
Posters with hangers — hor,"Personalised posters with hangers from Pixora. Upload your photo, preview on a live product mockup, and we print and ship premium quality to your door. Ideal for home décor or gifting.",wall_hanging_poster_229-mm_natural-wood_wood_w14xt20-mm_150x200-mm-6x8-inch_200-gsm-80lb-coated-silk_4-0_hor,https://upload.wikimedia.org/wikipedia/commons/c/ca/1x1.png,Yes
Posters with hangers — hor,"Personalised posters with hangers from Pixora. Upload your photo, preview on a live product mockup, and we print and ship premium quality to your door. Ideal for home décor or gifting.",wall_hanging_poster_229-mm_natural-wood_wood_w14xt20-mm_150x200-mm-6x8-inch_200-gsm-80lb-uncoated_4-0_hor,https://upload.wikimedia.org/wikipedia/commons/c/ca/1x1.png,Yes
Posters with hangers — hor,"Personalised posters with hangers from Pixora. Upload your photo, preview on a live product mockup, and we print and ship premium quality to your door. Ideal for home décor or gifting.",wall_hanging_poster_229-mm_natural-wood_wood_w14xt20-mm_150x200-mm-6x8-inch_250-gsm-100lb-uncoated-offwhite-archival_4-0_hor,https://upload.wikimedia.org/wikipedia/commons/c/ca/1x1.png,Yes
Posters with hangers — ver,"Personalised posters with hangers from Pixora. Upload your photo, preview on a live product mockup, and we print and ship premium quality to your door. Ideal for home décor or gifting.",wall_hanging_poster_229-mm_natural-wood_wood_w14xt20-mm_200x250-mm-8x10-inch_170-gsm-65lb-coated-silk_4-0_ver,https://upload.wikimedia.org/wikipedia/commons/c/ca/1x1.png,Yes
Posters with hangers — ver,"Personalised posters with hangers from Pixora. Upload your photo, preview on a live product mockup, and we print and ship premium quality to your door. Ideal for home décor or gifting.",wall_hanging_poster_229-mm_natural-wood_wood_w14xt20-mm_200x250-mm-8x10-inch_170-gsm-65lb-uncoated_4-0_ver,https://upload.wikimedia.org/wikipedia/commons/c/ca/1x1.png,Yes
Posters with hangers — ver,"Personalised posters with hangers from Pixora. Upload your photo, preview on a live product mockup, and we print and ship premium quality to your door. Ideal for home décor or gifting.",wall_hanging_poster_229-mm_natural-wood_wood_w14xt20-mm_200x250-mm-8x10-inch_200-gsm-80lb-coated-silk_4-0_ver,https://upload.wikimedia.org/wikipedia/commons/c/ca/1x1.png,Yes
Posters with hangers — ver,"Personalised posters with hangers from Pixora. Upload your photo, preview on a live product mockup, and we print and ship premium quality to your door. Ideal for home décor or gifting.",wall_hanging_poster_229-mm_natural-wood_wood_w14xt20-mm_200x250-mm-8x10-inch_200-gsm-80lb-uncoated_4-0_ver,https://upload.wikimedia.org/wikipedia/commons/c/ca/1x1.png,Yes
Posters with hangers — ver,"Personalised posters with hangers from Pixora. Upload your photo, preview on a live product mockup, and we print and ship premium quality to your door. Ideal for home décor or gifting.",wall_hanging_poster_229-mm_natural-wood_wood_w14xt20-mm_200x250-mm-8x10-inch_250-gsm-100lb-uncoated-offwhite-archival_4-0_ver,https://upload.wikimedia.org/wikipedia/commons/c/ca/1x1.png,Yes
Posters with hangers — ver,"Personalised posters with hangers from Pixora. Upload your photo, preview on a live product mockup, and we print and ship premium quality to your door. Ideal for home décor or gifting.",wall_hanging_poster_229-mm_natural-wood_wood_w14xt20-mm_200x500-mm-8x20-inch_170-gsm-65lb-coated-silk_4-0_ver,https://upload.wikimedia.org/wikipedia/commons/c/ca/1x1.png,Yes
Posters with hangers — ver,"Personalised posters with hangers from Pixora. Upload your photo, preview on a live product mockup, and we print and ship premium quality to your door. Ideal for home décor or gifting.",wall_hanging_poster_229-mm_natural-wood_wood_w14xt20-mm_200x500-mm-8x20-inch_170-gsm-65lb-uncoated_4-0_ver,https://upload.wikimedia.org/wikipedia/commons/c/ca/1x1.png,Yes
Posters with hangers — ver,"Personalised posters with hangers from Pixora. Upload your photo, preview on a live product mockup, and we print and ship premium quality to your door. Ideal for home décor or gifting.",wall_hanging_poster_229-mm_natural-wood_wood_w14xt20-mm_200x500-mm-8x20-inch_200-gsm-80lb-coated-silk_4-0_ver,https://upload.wikimedia.org/wikipedia/commons/c/ca/1x1.png,Yes
Posters with hangers — ver,"Personalised posters with hangers from Pixora. Upload your photo, preview on a live product mockup, and we print and ship premium quality to your door. Ideal for home décor or gifting.",wall_hanging_poster_229-mm_natural-wood_wood_w14xt20-mm_200x500-mm-8x20-inch_200-gsm-80lb-uncoated_4-0_ver,https://upload.wikimedia.org/wikipedia/commons/c/ca/1x1.png,Yes
Posters with hangers — ver,"Personalised posters with hangers from Pixora. Upload your photo, preview on a live product mockup, and we print and ship premium quality to your door. Ideal for home décor or gifting.",wall_hanging_poster_229-mm_natural-wood_wood_w14xt20-mm_200x500-mm-8x20-inch_250-gsm-100lb-uncoated-offwhite-archival_4-0_ver,https://upload.wikimedia.org/wikipedia/commons/c/ca/1x1.png,Yes
Posters with hangers — hor,"Personalised posters with hangers from Pixora. Upload your photo, preview on a live product mockup, and we print and ship premium quality to your door. Ideal for home décor or gifting.",wall_hanging_poster_229-mm_natural-wood_wood_w14xt20-mm_5r-130x180-mm_170-gsm-65lb-coated-silk_4-0_hor,https://upload.wikimedia.org/wikipedia/commons/c/ca/1x1.png,Yes
Posters with hangers — hor,"Personalised posters with hangers from Pixora. Upload your photo, preview on a live product mockup, and we print and ship premium quality to your door. Ideal for home décor or gifting.",wall_hanging_poster_229-mm_natural-wood_wood_w14xt20-mm_5r-130x180-mm_170-gsm-65lb-uncoated_4-0_hor,https://upload.wikimedia.org/wikipedia/commons/c/ca/1x1.png,Yes
Posters with hangers — hor,"Personalised posters with hangers from Pixora. Upload your photo, preview on a live product mockup, and we print and ship premium quality to your door. Ideal for home décor or gifting.",wall_hanging_poster_229-mm_natural-wood_wood_w14xt20-mm_5r-130x180-mm_200-gsm-80lb-coated-silk_4-0_hor,https://upload.wikimedia.org/wikipedia/commons/c/ca/1x1.png,Yes
Posters with hangers — hor,"Personalised posters with hangers from Pixora. Upload your photo, preview on a live product mockup, and we print and ship premium quality to your door. Ideal for home décor or gifting.",wall_hanging_poster_229-mm_natural-wood_wood_w14xt20-mm_5r-130x180-mm_200-gsm-80lb-uncoated_4-0_hor,https://upload.wikimedia.org/wikipedia/commons/c/ca/1x1.png,Yes
Posters with hangers — hor,"Personalised posters with hangers from Pixora. Upload your photo, preview on a live product mockup, and we print and ship premium quality to your door. Ideal for home décor or gifting.",wall_hanging_poster_229-mm_natural-wood_wood_w14xt20-mm_5r-130x180-mm_250-gsm-100lb-uncoated-offwhite-archival_4-0_hor,https://upload.wikimedia.org/wikipedia/commons/c/ca/1x1.png,Yes
Posters with hangers — hor,"Personalised posters with hangers from Pixora. Upload your photo, preview on a live product mockup, and we print and ship premium quality to your door. Ideal for home décor or gifting.",wall_hanging_poster_229-mm_natural-wood_wood_w14xt20-mm_5r-a6_250-gsm-100lb-uncoated-offwhite-archival_4-0_hor,https://upload.wikimedia.org/wikipedia/commons/c/ca/1x1.png,Yes
Posters with hangers — hor,"Personalised posters with hangers from Pixora. Upload your photo, preview on a live product mockup, and we print and ship premium quality to your door. Ideal for home décor or gifting.",wall_hanging_poster_229-mm_natural-wood_wood_w14xt20-mm_6x8-inch-150x200-mm_170-gsm-65lb-coated-silk_4-0_hor,https://upload.wikimedia.org/wikipedia/commons/c/ca/1x1.png,Yes
Posters with hangers — hor,"Personalised posters with hangers from Pixora. Upload your photo, preview on a live product mockup, and we print and ship premium quality to your door. Ideal for home décor or gifting.",wall_hanging_poster_229-mm_natural-wood_wood_w14xt20-mm_6x8-inch-150x200-mm_170-gsm-65lb-uncoated_4-0_hor,https://upload.wikimedia.org/wikipedia/commons/c/ca/1x1.png,Yes
Posters with hangers — hor,"Personalised posters with hangers from Pixora. Upload your photo, preview on a live product mockup, and we print and ship premium quality to your door. Ideal for home décor or gifting.",wall_hanging_poster_229-mm_natural-wood_wood_w14xt20-mm_6x8-inch-150x200-mm_200-gsm-80lb-coated-silk_4-0_hor,https://upload.wikimedia.org/wikipedia/commons/c/ca/1x1.png,Yes
Posters with hangers — hor,"Personalised posters with hangers from Pixora. Upload your photo, preview on a live product mockup, and we print and ship premium quality to your door. Ideal for home décor or gifting.",wall_hanging_poster_229-mm_natural-wood_wood_w14xt20-mm_6x8-inch-150x200-mm_200-gsm-80lb-uncoated_4-0_hor,https://upload.wikimedia.org/wikipedia/commons/c/ca/1x1.png,Yes
Posters with hangers — hor,"Personalised posters with hangers from Pixora. Upload your photo, preview on a live product mockup, and we print and ship premium quality to your door. Ideal for home décor or gifting.",wall_hanging_poster_229-mm_natural-wood_wood_w14xt20-mm_6x8-inch-150x200-mm_250-gsm-100lb-uncoated-offwhite-archival_4-0_hor,https://upload.wikimedia.org/wikipedia/commons/c/ca/1x1.png,Yes
Posters with hangers — ver,"Personalised posters with hangers from Pixora. Upload your photo, preview on a live product mockup, and we print and ship premium quality to your door. Ideal for home décor or gifting.",wall_hanging_poster_229-mm_natural-wood_wood_w14xt20-mm_8x10-inch-200x250-mm_170-gsm-65lb-coated-silk_4-0_ver,https://upload.wikimedia.org/wikipedia/commons/c/ca/1x1.png,Yes
Posters with hangers — ver,"Personalised posters with hangers from Pixora. Upload your photo, preview on a live product mockup, and we print and ship premium quality to your door. Ideal for home décor or gifting.",wall_hanging_poster_229-mm_natural-wood_wood_w14xt20-mm_8x10-inch-200x250-mm_170-gsm-65lb-uncoated_4-0_ver,https://upload.wikimedia.org/wikipedia/commons/c/ca/1x1.png,Yes
Posters with hangers — ver,"Personalised posters with hangers from Pixora. Upload your photo, preview on a live product mockup, and we print and ship premium quality to your door. Ideal for home décor or gifting.",wall_hanging_poster_229-mm_natural-wood_wood_w14xt20-mm_8x10-inch-200x250-mm_200-gsm-80lb-coated-silk_4-0_ver,https://upload.wikimedia.org/wikipedia/commons/c/ca/1x1.png,Yes
Posters with hangers — ver,"Personalised posters with hangers from Pixora. Upload your photo, preview on a live product mockup, and we print and ship premium quality to your door. Ideal for home décor or gifting.",wall_hanging_poster_229-mm_natural-wood_wood_w14xt20-mm_8x10-inch-200x250-mm_200-gsm-80lb-uncoated_4-0_ver,https://upload.wikimedia.org/wikipedia/commons/c/ca/1x1.png,Yes
Posters with hangers — ver,"Personalised posters with hangers from Pixora. Upload your photo, preview on a live product mockup, and we print and ship premium quality to your door. Ideal for home décor or gifting.",wall_hanging_poster_229-mm_natural-wood_wood_w14xt20-mm_8x10-inch-200x250-mm_250-gsm-100lb-uncoated-offwhite-archival_4-0_ver,https://upload.wikimedia.org/wikipedia/commons/c/ca/1x1.png,Yes
Posters with hangers — ver,"Personalised posters with hangers from Pixora. Upload your photo, preview on a live product mockup, and we print and ship premium quality to your door. Ideal for home décor or gifting.",wall_hanging_poster_229-mm_natural-wood_wood_w14xt20-mm_8x12-inch-a4_170-gsm-65lb-coated-silk_4-0_ver,https://upload.wikimedia.org/wikipedia/commons/c/ca/1x1.png,Yes
Posters with hangers — ver,"Personalised posters with hangers from Pixora. Upload your photo, preview on a live product mockup, and we print and ship premium quality to your door. Ideal for home décor or gifting.",wall_hanging_poster_229-mm_natural-wood_wood_w14xt20-mm_8x12-inch-a4_170-gsm-65lb-uncoated_4-0_ver,https://upload.wikimedia.org/wikipedia/commons/c/ca/1x1.png,Yes
Posters with hangers — ver,"Personalised posters with hangers from Pixora. Upload your photo, preview on a live product mockup, and we print and ship premium quality to your door. Ideal for home décor or gifting.",wall_hanging_poster_229-mm_natural-wood_wood_w14xt20-mm_8x12-inch-a4_200-gsm-80lb-coated-silk_4-0_ver,https://upload.wikimedia.org/wikipedia/commons/c/ca/1x1.png,Yes
Posters with hangers — ver,"Personalised posters with hangers from Pixora. Upload your photo, preview on a live product mockup, and we print and ship premium quality to your door. Ideal for home décor or gifting.",wall_hanging_poster_229-mm_natural-wood_wood_w14xt20-mm_8x12-inch-a4_200-gsm-80lb-uncoated_4-0_ver,https://upload.wikimedia.org/wikipedia/commons/c/ca/1x1.png,Yes
Posters with hangers — ver,"Personalised posters with hangers from Pixora. Upload your photo, preview on a live product mockup, and we print and ship premium quality to your door. Ideal for home décor or gifting.",wall_hanging_poster_229-mm_natural-wood_wood_w14xt20-mm_8x12-inch-a4_250-gsm-100lb-uncoated-offwhite-archival_4-0_ver,https://upload.wikimedia.org/wikipedia/commons/c/ca/1x1.png,Yes
Posters with hangers — ver,"Personalised posters with hangers from Pixora. Upload your photo, preview on a live product mockup, and we print and ship premium quality to your door. Ideal for home décor or gifting.",wall_hanging_poster_229-mm_natural-wood_wood_w14xt20-mm_8x20-inch-200x500-mm_170-gsm-65lb-coated-silk_4-0_ver,https://upload.wikimedia.org/wikipedia/commons/c/ca/1x1.png,Yes
Posters with hangers — ver,"Personalised posters with hangers from Pixora. Upload your photo, preview on a live product mockup, and we print and ship premium quality to your door. Ideal for home décor or gifting.",wall_hanging_poster_229-mm_natural-wood_wood_w14xt20-mm_8x20-inch-200x500-mm_170-gsm-65lb-uncoated_4-0_ver,https://upload.wikimedia.org/wikipedia/commons/c/ca/1x1.png,Yes
Posters with hangers — ver,"Personalised posters with hangers from Pixora. Upload your photo, preview on a live product mockup, and we print and ship premium quality to your door. Ideal for home décor or gifting.",wall_hanging_poster_229-mm_natural-wood_wood_w14xt20-mm_8x20-inch-200x500-mm_200-gsm-80lb-coated-silk_4-0_ver,https://upload.wikimedia.org/wikipedia/commons/c/ca/1x1.png,Yes
Posters with hangers — ver,"Personalised posters with hangers from Pixora. Upload your photo, preview on a live product mockup, and we print and ship premium quality to your door. Ideal for home décor or gifting.",wall_hanging_poster_229-mm_natural-wood_wood_w14xt20-mm_8x20-inch-200x500-mm_200-gsm-80lb-uncoated_4-0_ver,https://upload.wikimedia.org/wikipedia/commons/c/ca/1x1.png,Yes
Posters with hangers — ver,"Personalised posters with hangers from Pixora. Upload your photo, preview on a live product mockup, and we print and ship premium quality to your door. Ideal for home décor or gifting.",wall_hanging_poster_229-mm_natural-wood_wood_w14xt20-mm_8x20-inch-200x500-mm_250-gsm-100lb-uncoated-offwhite-archival_4-0_ver,https://upload.wikimedia.org/wikipedia/commons/c/ca/1x1.png,Yes
Posters with hangers — ver,"Personalised posters with hangers from Pixora. Upload your photo, preview on a live product mockup, and we print and ship premium quality to your door. Ideal for home décor or gifting.",wall_hanging_poster_229-mm_natural-wood_wood_w14xt20-mm_a4-8x12-inch_170-gsm-65lb-coated-silk_4-0_ver,https://upload.wikimedia.org/wikipedia/commons/c/ca/1x1.png,Yes
Posters with hangers — ver,"Personalised posters with hangers from Pixora. Upload your photo, preview on a live product mockup, and we print and ship premium quality to your door. Ideal for home décor or gifting.",wall_hanging_poster_229-mm_natural-wood_wood_w14xt20-mm_a4-8x12-inch_170-gsm-65lb-uncoated_4-0_ver,https://upload.wikimedia.org/wikipedia/commons/c/ca/1x1.png,Yes
Posters with hangers — ver,"Personalised posters with hangers from Pixora. Upload your photo, preview on a live product mockup, and we print and ship premium quality to your door. Ideal for home décor or gifting.",wall_hanging_poster_229-mm_natural-wood_wood_w14xt20-mm_a4-8x12-inch_200-gsm-80lb-coated-silk_4-0_ver,https://upload.wikimedia.org/wikipedia/commons/c/ca/1x1.png,Yes
Posters with hangers — ver,"Personalised posters with hangers from Pixora. Upload your photo, preview on a live product mockup, and we print and ship premium quality to your door. Ideal for home décor or gifting.",wall_hanging_poster_229-mm_natural-wood_wood_w14xt20-mm_a4-8x12-inch_200-gsm-80lb-uncoated_4-0_ver,https://upload.wikimedia.org/wikipedia/commons/c/ca/1x1.png,Yes
Posters with hangers — ver,"Personalised posters with hangers from Pixora. Upload your photo, preview on a live product mockup, and we print and ship premium quality to your door. Ideal for home décor or gifting.",wall_hanging_poster_229-mm_natural-wood_wood_w14xt20-mm_a4-8x12-inch_250-gsm-100lb-uncoated-offwhite-archival_4-0_ver,https://upload.wikimedia.org/wikipedia/commons/c/ca/1x1.png,Yes
Posters with hangers — hor,"Personalised posters with hangers from Pixora. Upload your photo, preview on a live product mockup, and we print and ship premium quality to your door. Ideal for home décor or gifting.",wall_hanging_poster_229-mm_white_wood_w14xt20-mm_130x180-mm-5r_170-gsm-65lb-coated-silk_4-0_hor,https://upload.wikimedia.org/wikipedia/commons/c/ca/1x1.png,Yes
Posters with hangers — hor,"Personalised posters with hangers from Pixora. Upload your photo, preview on a live product mockup, and we print and ship premium quality to your door. Ideal for home décor or gifting.",wall_hanging_poster_229-mm_white_wood_w14xt20-mm_130x180-mm-5r_170-gsm-65lb-uncoated_4-0_hor,https://upload.wikimedia.org/wikipedia/commons/c/ca/1x1.png,Yes
Posters with hangers — hor,"Personalised posters with hangers from Pixora. Upload your photo, preview on a live product mockup, and we print and ship premium quality to your door. Ideal for home décor or gifting.",wall_hanging_poster_229-mm_white_wood_w14xt20-mm_130x180-mm-5r_200-gsm-80lb-coated-silk_4-0_hor,https://upload.wikimedia.org/wikipedia/commons/c/ca/1x1.png,Yes
Posters with hangers — hor,"Personalised posters with hangers from Pixora. Upload your photo, preview on a live product mockup, and we print and ship premium quality to your door. Ideal for home décor or gifting.",wall_hanging_poster_229-mm_white_wood_w14xt20-mm_130x180-mm-5r_200-gsm-80lb-uncoated_4-0_hor,https://upload.wikimedia.org/wikipedia/commons/c/ca/1x1.png,Yes
Posters with hangers — hor,"Personalised posters with hangers from Pixora. Upload your photo, preview on a live product mockup, and we print and ship premium quality to your door. Ideal for home décor or gifting.",wall_hanging_poster_229-mm_white_wood_w14xt20-mm_130x180-mm-5r_250-gsm-100lb-uncoated-offwhite-archival_4-0_hor,https://upload.wikimedia.org/wikipedia/commons/c/ca/1x1.png,Yes
Posters with hangers — hor,"Personalised posters with hangers from Pixora. Upload your photo, preview on a live product mockup, and we print and ship premium quality to your door. Ideal for home décor or gifting.",wall_hanging_poster_229-mm_white_wood_w14xt20-mm_150x200-mm-6x8-inch_170-gsm-65lb-coated-silk_4-0_hor,https://upload.wikimedia.org/wikipedia/commons/c/ca/1x1.png,Yes
Posters with hangers — hor,"Personalised posters with hangers from Pixora. Upload your photo, preview on a live product mockup, and we print and ship premium quality to your door. Ideal for home décor or gifting.",wall_hanging_poster_229-mm_white_wood_w14xt20-mm_150x200-mm-6x8-inch_170-gsm-65lb-uncoated_4-0_hor,https://upload.wikimedia.org/wikipedia/commons/c/ca/1x1.png,Yes
Posters with hangers — hor,"Personalised posters with hangers from Pixora. Upload your photo, preview on a live product mockup, and we print and ship premium quality to your door. Ideal for home décor or gifting.",wall_hanging_poster_229-mm_white_wood_w14xt20-mm_150x200-mm-6x8-inch_200-gsm-80lb-coated-silk_4-0_hor,https://upload.wikimedia.org/wikipedia/commons/c/ca/1x1.png,Yes
Posters with hangers — hor,"Personalised posters with hangers from Pixora. Upload your photo, preview on a live product mockup, and we print and ship premium quality to your door. Ideal for home décor or gifting.",wall_hanging_poster_229-mm_white_wood_w14xt20-mm_150x200-mm-6x8-inch_200-gsm-80lb-uncoated_4-0_hor,https://upload.wikimedia.org/wikipedia/commons/c/ca/1x1.png,Yes
Posters with hangers — hor,"Personalised posters with hangers from Pixora. Upload your photo, preview on a live product mockup, and we print and ship premium quality to your door. Ideal for home décor or gifting.",wall_hanging_poster_229-mm_white_wood_w14xt20-mm_150x200-mm-6x8-inch_250-gsm-100lb-uncoated-offwhite-archival_4-0_hor,https://upload.wikimedia.org/wikipedia/commons/c/ca/1x1.png,Yes
Posters with hangers — ver,"Personalised posters with hangers from Pixora. Upload your photo, preview on a live product mockup, and we print and ship premium quality to your door. Ideal for home décor or gifting.",wall_hanging_poster_229-mm_white_wood_w14xt20-mm_200x250-mm-8x10-inch_170-gsm-65lb-coated-silk_4-0_ver,https://upload.wikimedia.org/wikipedia/commons/c/ca/1x1.png,Yes
Posters with hangers — ver,"Personalised posters with hangers from Pixora. Upload your photo, preview on a live product mockup, and we print and ship premium quality to your door. Ideal for home décor or gifting.",wall_hanging_poster_229-mm_white_wood_w14xt20-mm_200x250-mm-8x10-inch_170-gsm-65lb-uncoated_4-0_ver,https://upload.wikimedia.org/wikipedia/commons/c/ca/1x1.png,Yes
Posters with hangers — ver,"Personalised posters with hangers from Pixora. Upload your photo, preview on a live product mockup, and we print and ship premium quality to your door. Ideal for home décor or gifting.",wall_hanging_poster_229-mm_white_wood_w14xt20-mm_200x250-mm-8x10-inch_200-gsm-80lb-coated-silk_4-0_ver,https://upload.wikimedia.org/wikipedia/commons/c/ca/1x1.png,Yes
Posters with hangers — ver,"Personalised posters with hangers from Pixora. Upload your photo, preview on a live product mockup, and we print and ship premium quality to your door. Ideal for home décor or gifting.",wall_hanging_poster_229-mm_white_wood_w14xt20-mm_200x250-mm-8x10-inch_200-gsm-80lb-uncoated_4-0_ver,https://upload.wikimedia.org/wikipedia/commons/c/ca/1x1.png,Yes
Posters with hangers — ver,"Personalised posters with hangers from Pixora. Upload your photo, preview on a live product mockup, and we print and ship premium quality to your door. Ideal for home décor or gifting.",wall_hanging_poster_229-mm_white_wood_w14xt20-mm_200x250-mm-8x10-inch_250-gsm-100lb-uncoated-offwhite-archival_4-0_ver,https://upload.wikimedia.org/wikipedia/commons/c/ca/1x1.png,Yes
Posters with hangers — ver,"Personalised posters with hangers from Pixora. Upload your photo, preview on a live product mockup, and we print and ship premium quality to your door. Ideal for home décor or gifting.",wall_hanging_poster_229-mm_white_wood_w14xt20-mm_200x500-mm-8x20-inch_170-gsm-65lb-coated-silk_4-0_ver,https://upload.wikimedia.org/wikipedia/commons/c/ca/1x1.png,Yes
Posters with hangers — ver,"Personalised posters with hangers from Pixora. Upload your photo, preview on a live product mockup, and we print and ship premium quality to your door. Ideal for home décor or gifting.",wall_hanging_poster_229-mm_white_wood_w14xt20-mm_200x500-mm-8x20-inch_170-gsm-65lb-uncoated_4-0_ver,https://upload.wikimedia.org/wikipedia/commons/c/ca/1x1.png,Yes
Posters with hangers — ver,"Personalised posters with hangers from Pixora. Upload your photo, preview on a live product mockup, and we print and ship premium quality to your door. Ideal for home décor or gifting.",wall_hanging_poster_229-mm_white_wood_w14xt20-mm_200x500-mm-8x20-inch_200-gsm-80lb-coated-silk_4-0_ver,https://upload.wikimedia.org/wikipedia/commons/c/ca/1x1.png,Yes
Posters with hangers — ver,"Personalised posters with hangers from Pixora. Upload your photo, preview on a live product mockup, and we print and ship premium quality to your door. Ideal for home décor or gifting.",wall_hanging_poster_229-mm_white_wood_w14xt20-mm_200x500-mm-8x20-inch_200-gsm-80lb-uncoated_4-0_ver,https://upload.wikimedia.org/wikipedia/commons/c/ca/1x1.png,Yes
Posters with hangers — ver,"Personalised posters with hangers from Pixora. Upload your photo, preview on a live product mockup, and we print and ship premium quality to your door. Ideal for home décor or gifting.",wall_hanging_poster_229-mm_white_wood_w14xt20-mm_200x500-mm-8x20-inch_250-gsm-100lb-uncoated-offwhite-archival_4-0_ver,https://upload.wikimedia.org/wikipedia/commons/c/ca/1x1.png,Yes
Posters with hangers — hor,"Personalised posters with hangers from Pixora. Upload your photo, preview on a live product mockup, and we print and ship premium quality to your door. Ideal for home décor or gifting.",wall_hanging_poster_229-mm_white_wood_w14xt20-mm_5r-130x180-mm_170-gsm-65lb-coated-silk_4-0_hor,https://upload.wikimedia.org/wikipedia/commons/c/ca/1x1.png,Yes
Posters with hangers — hor,"Personalised posters with hangers from Pixora. Upload your photo, preview on a live product mockup, and we print and ship premium quality to your door. Ideal for home décor or gifting.",wall_hanging_poster_229-mm_white_wood_w14xt20-mm_5r-130x180-mm_170-gsm-65lb-uncoated_4-0_hor,https://upload.wikimedia.org/wikipedia/commons/c/ca/1x1.png,Yes
Posters with hangers — hor,"Personalised posters with hangers from Pixora. Upload your photo, preview on a live product mockup, and we print and ship premium quality to your door. Ideal for home décor or gifting.",wall_hanging_poster_229-mm_white_wood_w14xt20-mm_5r-130x180-mm_200-gsm-80lb-coated-silk_4-0_hor,https://upload.wikimedia.org/wikipedia/commons/c/ca/1x1.png,Yes
Posters with hangers — hor,"Personalised posters with hangers from Pixora. Upload your photo, preview on a live product mockup, and we print and ship premium quality to your door. Ideal for home décor or gifting.",wall_hanging_poster_229-mm_white_wood_w14xt20-mm_5r-130x180-mm_200-gsm-80lb-uncoated_4-0_hor,https://upload.wikimedia.org/wikipedia/commons/c/ca/1x1.png,Yes
Posters with hangers — hor,"Personalised posters with hangers from Pixora. Upload your photo, preview on a live product mockup, and we print and ship premium quality to your door. Ideal for home décor or gifting.",wall_hanging_poster_229-mm_white_wood_w14xt20-mm_5r-130x180-mm_250-gsm-100lb-uncoated-offwhite-archival_4-0_hor,https://upload.wikimedia.org/wikipedia/commons/c/ca/1x1.png,Yes
Posters with hangers — hor,"Personalised posters with hangers from Pixora. Upload your photo, preview on a live product mockup, and we print and ship premium quality to your door. Ideal for home décor or gifting.",wall_hanging_poster_229-mm_white_wood_w14xt20-mm_5r-a6_250-gsm-100lb-uncoated-offwhite-archival_4-0_hor,https://upload.wikimedia.org/wikipedia/commons/c/ca/1x1.png,Yes
Posters with hangers — hor,"Personalised posters with hangers from Pixora. Upload your photo, preview on a live product mockup, and we print and ship premium quality to your door. Ideal for home décor or gifting.",wall_hanging_poster_229-mm_white_wood_w14xt20-mm_6x8-inch-150x200-mm_170-gsm-65lb-coated-silk_4-0_hor,https://upload.wikimedia.org/wikipedia/commons/c/ca/1x1.png,Yes
Posters with hangers — hor,"Personalised posters with hangers from Pixora. Upload your photo, preview on a live product mockup, and we print and ship premium quality to your door. Ideal for home décor or gifting.",wall_hanging_poster_229-mm_white_wood_w14xt20-mm_6x8-inch-150x200-mm_170-gsm-65lb-uncoated_4-0_hor,https://upload.wikimedia.org/wikipedia/commons/c/ca/1x1.png,Yes
Posters with hangers — hor,"Personalised posters with hangers from Pixora. Upload your photo, preview on a live product mockup, and we print and ship premium quality to your door. Ideal for home décor or gifting.",wall_hanging_poster_229-mm_white_wood_w14xt20-mm_6x8-inch-150x200-mm_200-gsm-80lb-coated-silk_4-0_hor,https://upload.wikimedia.org/wikipedia/commons/c/ca/1x1.png,Yes
Posters with hangers — hor,"Personalised posters with hangers from Pixora. Upload your photo, preview on a live product mockup, and we print and ship premium quality to your door. Ideal for home décor or gifting.",wall_hanging_poster_229-mm_white_wood_w14xt20-mm_6x8-inch-150x200-mm_200-gsm-80lb-uncoated_4-0_hor,https://upload.wikimedia.org/wikipedia/commons/c/ca/1x1.png,Yes
Posters with hangers — hor,"Personalised posters with hangers from Pixora. Upload your photo, preview on a live product mockup, and we print and ship premium quality to your door. Ideal for home décor or gifting.",wall_hanging_poster_229-mm_white_wood_w14xt20-mm_6x8-inch-150x200-mm_250-gsm-100lb-uncoated-offwhite-archival_4-0_hor,https://upload.wikimedia.org/wikipedia/commons/c/ca/1x1.png,Yes
Posters with hangers — ver,"Personalised posters with hangers from Pixora. Upload your photo, preview on a live product mockup, and we print and ship premium quality to your door. Ideal for home décor or gifting.",wall_hanging_poster_229-mm_white_wood_w14xt20-mm_8x10-inch-200x250-mm_170-gsm-65lb-coated-silk_4-0_ver,https://upload.wikimedia.org/wikipedia/commons/c/ca/1x1.png,Yes
Posters with hangers — ver,"Personalised posters with hangers from Pixora. Upload your photo, preview on a live product mockup, and we print and ship premium quality to your door. Ideal for home décor or gifting.",wall_hanging_poster_229-mm_white_wood_w14xt20-mm_8x10-inch-200x250-mm_170-gsm-65lb-uncoated_4-0_ver,https://upload.wikimedia.org/wikipedia/commons/c/ca/1x1.png,Yes
Posters with hangers — ver,"Personalised posters with hangers from Pixora. Upload your photo, preview on a live product mockup, and we print and ship premium quality to your door. Ideal for home décor or gifting.",wall_hanging_poster_229-mm_white_wood_w14xt20-mm_8x10-inch-200x250-mm_200-gsm-80lb-coated-silk_4-0_ver,https://upload.wikimedia.org/wikipedia/commons/c/ca/1x1.png,Yes
Posters with hangers — ver,"Personalised posters with hangers from Pixora. Upload your photo, preview on a live product mockup, and we print and ship premium quality to your door. Ideal for home décor or gifting.",wall_hanging_poster_229-mm_white_wood_w14xt20-mm_8x10-inch-200x250-mm_200-gsm-80lb-uncoated_4-0_ver,https://upload.wikimedia.org/wikipedia/commons/c/ca/1x1.png,Yes
Posters with hangers — ver,"Personalised posters with hangers from Pixora. Upload your photo, preview on a live product mockup, and we print and ship premium quality to your door. Ideal for home décor or gifting.",wall_hanging_poster_229-mm_white_wood_w14xt20-mm_8x10-inch-200x250-mm_250-gsm-100lb-uncoated-offwhite-archival_4-0_ver,https://upload.wikimedia.org/wikipedia/commons/c/ca/1x1.png,Yes
Posters with hangers — ver,"Personalised posters with hangers from Pixora. Upload your photo, preview on a live product mockup, and we print and ship premium quality to your door. Ideal for home décor or gifting.",wall_hanging_poster_229-mm_white_wood_w14xt20-mm_8x12-inch-a4_170-gsm-65lb-coated-silk_4-0_ver,https://upload.wikimedia.org/wikipedia/commons/c/ca/1x1.png,Yes
Posters with hangers — ver,"Personalised posters with hangers from Pixora. Upload your photo, preview on a live product mockup, and we print and ship premium quality to your door. Ideal for home décor or gifting.",wall_hanging_poster_229-mm_white_wood_w14xt20-mm_8x12-inch-a4_170-gsm-65lb-uncoated_4-0_ver,https://upload.wikimedia.org/wikipedia/commons/c/ca/1x1.png,Yes
Posters with hangers — ver,"Personalised posters with hangers from Pixora. Upload your photo, preview on a live product mockup, and we print and ship premium quality to your door. Ideal for home décor or gifting.",wall_hanging_poster_229-mm_white_wood_w14xt20-mm_8x12-inch-a4_200-gsm-80lb-coated-silk_4-0_ver,https://upload.wikimedia.org/wikipedia/commons/c/ca/1x1.png,Yes
Posters with hangers — ver,"Personalised posters with hangers from Pixora. Upload your photo, preview on a live product mockup, and we print and ship premium quality to your door. Ideal for home décor or gifting.",wall_hanging_poster_229-mm_white_wood_w14xt20-mm_8x12-inch-a4_200-gsm-80lb-uncoated_4-0_ver,https://upload.wikimedia.org/wikipedia/commons/c/ca/1x1.png,Yes
Posters with hangers — ver,"Personalised posters with hangers from Pixora. Upload your photo, preview on a live product mockup, and we print and ship premium quality to your door. Ideal for home décor or gifting.",wall_hanging_poster_229-mm_white_wood_w14xt20-mm_8x12-inch-a4_250-gsm-100lb-uncoated-offwhite-archival_4-0_ver,https://upload.wikimedia.org/wikipedia/commons/c/ca/1x1.png,Yes
Posters with hangers — ver,"Personalised posters with hangers from Pixora. Upload your photo, preview on a live product mockup, and we print and ship premium quality to your door. Ideal for home décor or gifting.",wall_hanging_poster_229-mm_white_wood_w14xt20-mm_8x20-inch-200x500-mm_170-gsm-65lb-coated-silk_4-0_ver,https://upload.wikimedia.org/wikipedia/commons/c/ca/1x1.png,Yes
Posters with hangers — ver,"Personalised posters with hangers from Pixora. Upload your photo, preview on a live product mockup, and we print and ship premium quality to your door. Ideal for home décor or gifting.",wall_hanging_poster_229-mm_white_wood_w14xt20-mm_8x20-inch-200x500-mm_170-gsm-65lb-uncoated_4-0_ver,https://upload.wikimedia.org/wikipedia/commons/c/ca/1x1.png,Yes
Posters with hangers — ver,"Personalised posters with hangers from Pixora. Upload your photo, preview on a live product mockup, and we print and ship premium quality to your door. Ideal for home décor or gifting.",wall_hanging_poster_229-mm_white_wood_w14xt20-mm_8x20-inch-200x500-mm_200-gsm-80lb-coated-silk_4-0_ver,https://upload.wikimedia.org/wikipedia/commons/c/ca/1x1.png,Yes
Posters with hangers — ver,"Personalised posters with hangers from Pixora. Upload your photo, preview on a live product mockup, and we print and ship premium quality to your door. Ideal for home décor or gifting.",wall_hanging_poster_229-mm_white_wood_w14xt20-mm_8x20-inch-200x500-mm_200-gsm-80lb-uncoated_4-0_ver,https://upload.wikimedia.org/wikipedia/commons/c/ca/1x1.png,Yes
Posters with hangers — ver,"Personalised posters with hangers from Pixora. Upload your photo, preview on a live product mockup, and we print and ship premium quality to your door. Ideal for home décor or gifting.",wall_hanging_poster_229-mm_white_wood_w14xt20-mm_8x20-inch-200x500-mm_250-gsm-100lb-uncoated-offwhite-archival_4-0_ver,https://upload.wikimedia.org/wikipedia/commons/c/ca/1x1.png,Yes
Posters with hangers — ver,"Personalised posters with hangers from Pixora. Upload your photo, preview on a live product mockup, and we print and ship premium quality to your door. Ideal for home décor or gifting.",wall_hanging_poster_229-mm_white_wood_w14xt20-mm_a4-8x12-inch_170-gsm-65lb-coated-silk_4-0_ver,https://upload.wikimedia.org/wikipedia/commons/c/ca/1x1.png,Yes
Posters with hangers — ver,"Personalised posters with hangers from Pixora. Upload your photo, preview on a live product mockup, and we print and ship premium quality to your door. Ideal for home décor or gifting.",wall_hanging_poster_229-mm_white_wood_w14xt20-mm_a4-8x12-inch_170-gsm-65lb-uncoated_4-0_ver,https://upload.wikimedia.org/wikipedia/commons/c/ca/1x1.png,Yes
Posters with hangers — ver,"Personalised posters with hangers from Pixora. Upload your photo, preview on a live product mockup, and we print and ship premium quality to your door. Ideal for home décor or gifting.",wall_hanging_poster_229-mm_white_wood_w14xt20-mm_a4-8x12-inch_200-gsm-80lb-coated-silk_4-0_ver,https://upload.wikimedia.org/wikipedia/commons/c/ca/1x1.png,Yes
Posters with hangers — ver,"Personalised posters with hangers from Pixora. Upload your photo, preview on a live product mockup, and we print and ship premium quality to your door. Ideal for home décor or gifting.",wall_hanging_poster_229-mm_white_wood_w14xt20-mm_a4-8x12-inch_200-gsm-80lb-uncoated_4-0_ver,https://upload.wikimedia.org/wikipedia/commons/c/ca/1x1.png,Yes
Posters with hangers — ver,"Personalised posters with hangers from Pixora. Upload your photo, preview on a live product mockup, and we print and ship premium quality to your door. Ideal for home décor or gifting.",wall_hanging_poster_229-mm_white_wood_w14xt20-mm_a4-8x12-inch_250-gsm-100lb-uncoated-offwhite-archival_4-0_ver,https://upload.wikimedia.org/wikipedia/commons/c/ca/1x1.png,Yes
Posters with hangers — hor,"Personalised posters with hangers from Pixora. Upload your photo, preview on a live product mockup, and we print and ship premium quality to your door. Ideal for home décor or gifting.",wall_hanging_poster_290-mm_black_wood_w14xt20-mm_10x10-inch-250x250-mm_170-gsm-65lb-coated-silk_4-0_hor,https://upload.wikimedia.org/wikipedia/commons/c/ca/1x1.png,Yes
Posters with hangers — ver,"Personalised posters with hangers from Pixora. Upload your photo, preview on a live product mockup, and we print and ship premium quality to your door. Ideal for home décor or gifting.",wall_hanging_poster_290-mm_black_wood_w14xt20-mm_10x10-inch-250x250-mm_170-gsm-65lb-coated-silk_4-0_ver,https://upload.wikimedia.org/wikipedia/commons/c/ca/1x1.png,Yes
Posters with hangers — hor,"Personalised posters with hangers from Pixora. Upload your photo, preview on a live product mockup, and we print and ship premium quality to your door. Ideal for home décor or gifting.",wall_hanging_poster_290-mm_black_wood_w14xt20-mm_10x10-inch-250x250-mm_170-gsm-65lb-uncoated_4-0_hor,https://upload.wikimedia.org/wikipedia/commons/c/ca/1x1.png,Yes
Posters with hangers — ver,"Personalised posters with hangers from Pixora. Upload your photo, preview on a live product mockup, and we print and ship premium quality to your door. Ideal for home décor or gifting.",wall_hanging_poster_290-mm_black_wood_w14xt20-mm_10x10-inch-250x250-mm_170-gsm-65lb-uncoated_4-0_ver,https://upload.wikimedia.org/wikipedia/commons/c/ca/1x1.png,Yes
Posters with hangers — hor,"Personalised posters with hangers from Pixora. Upload your photo, preview on a live product mockup, and we print and ship premium quality to your door. Ideal for home décor or gifting.",wall_hanging_poster_290-mm_black_wood_w14xt20-mm_10x10-inch-250x250-mm_200-gsm-80lb-coated-silk_4-0_hor,https://upload.wikimedia.org/wikipedia/commons/c/ca/1x1.png,Yes
Posters with hangers — ver,"Personalised posters with hangers from Pixora. Upload your photo, preview on a live product mockup, and we print and ship premium quality to your door. Ideal for home décor or gifting.",wall_hanging_poster_290-mm_black_wood_w14xt20-mm_10x10-inch-250x250-mm_200-gsm-80lb-coated-silk_4-0_ver,https://upload.wikimedia.org/wikipedia/commons/c/ca/1x1.png,Yes
Posters with hangers — hor,"Personalised posters with hangers from Pixora. Upload your photo, preview on a live product mockup, and we print and ship premium quality to your door. Ideal for home décor or gifting.",wall_hanging_poster_290-mm_black_wood_w14xt20-mm_10x10-inch-250x250-mm_200-gsm-80lb-uncoated_4-0_hor,https://upload.wikimedia.org/wikipedia/commons/c/ca/1x1.png,Yes
Posters with hangers — ver,"Personalised posters with hangers from Pixora. Upload your photo, preview on a live product mockup, and we print and ship premium quality to your door. Ideal for home décor or gifting.",wall_hanging_poster_290-mm_black_wood_w14xt20-mm_10x10-inch-250x250-mm_200-gsm-80lb-uncoated_4-0_ver,https://upload.wikimedia.org/wikipedia/commons/c/ca/1x1.png,Yes
Posters with hangers — hor,"Personalised posters with hangers from Pixora. Upload your photo, preview on a live product mockup, and we print and ship premium quality to your door. Ideal for home décor or gifting.",wall_hanging_poster_290-mm_black_wood_w14xt20-mm_10x10-inch-250x250-mm_250-gsm-100lb-uncoated-offwhite-archival_4-0_hor,https://upload.wikimedia.org/wikipedia/commons/c/ca/1x1.png,Yes
Posters with hangers — ver,"Personalised posters with hangers from Pixora. Upload your photo, preview on a live product mockup, and we print and ship premium quality to your door. Ideal for home décor or gifting.",wall_hanging_poster_290-mm_black_wood_w14xt20-mm_10x10-inch-250x250-mm_250-gsm-100lb-uncoated-offwhite-archival_4-0_ver,https://upload.wikimedia.org/wikipedia/commons/c/ca/1x1.png,Yes
Posters with hangers — ver,"Personalised posters with hangers from Pixora. Upload your photo, preview on a live product mockup, and we print and ship premium quality to your door. Ideal for home décor or gifting.",wall_hanging_poster_290-mm_black_wood_w14xt20-mm_10x24-inch-250x600-mm_170-gsm-65lb-coated-silk_4-0_ver,https://upload.wikimedia.org/wikipedia/commons/c/ca/1x1.png,Yes
Posters with hangers — ver,"Personalised posters with hangers from Pixora. Upload your photo, preview on a live product mockup, and we print and ship premium quality to your door. Ideal for home décor or gifting.",wall_hanging_poster_290-mm_black_wood_w14xt20-mm_10x24-inch-250x600-mm_170-gsm-65lb-uncoated_4-0_ver,https://upload.wikimedia.org/wikipedia/commons/c/ca/1x1.png,Yes
Posters with hangers — ver,"Personalised posters with hangers from Pixora. Upload your photo, preview on a live product mockup, and we print and ship premium quality to your door. Ideal for home décor or gifting.",wall_hanging_poster_290-mm_black_wood_w14xt20-mm_10x24-inch-250x600-mm_200-gsm-80lb-coated-silk_4-0_ver,https://upload.wikimedia.org/wikipedia/commons/c/ca/1x1.png,Yes
Posters with hangers — ver,"Personalised posters with hangers from Pixora. Upload your photo, preview on a live product mockup, and we print and ship premium quality to your door. Ideal for home décor or gifting.",wall_hanging_poster_290-mm_black_wood_w14xt20-mm_10x24-inch-250x600-mm_200-gsm-80lb-uncoated_4-0_ver,https://upload.wikimedia.org/wikipedia/commons/c/ca/1x1.png,Yes
Posters with hangers — ver,"Personalised posters with hangers from Pixora. Upload your photo, preview on a live product mockup, and we print and ship premium quality to your door. Ideal for home décor or gifting.",wall_hanging_poster_290-mm_black_wood_w14xt20-mm_10x24-inch-250x600-mm_250-gsm-100lb-uncoated-offwhite-archival_4-0_ver,https://upload.wikimedia.org/wikipedia/commons/c/ca/1x1.png,Yes
Posters with hangers — ver,"Personalised posters with hangers from Pixora. Upload your photo, preview on a live product mockup, and we print and ship premium quality to your door. Ideal for home décor or gifting.",wall_hanging_poster_290-mm_black_wood_w14xt20-mm_11x14-inch-270x350-mm_170-gsm-65lb-coated-silk_4-0_ver,https://upload.wikimedia.org/wikipedia/commons/c/ca/1x1.png,Yes
Posters with hangers — ver,"Personalised posters with hangers from Pixora. Upload your photo, preview on a live product mockup, and we print and ship premium quality to your door. Ideal for home décor or gifting.",wall_hanging_poster_290-mm_black_wood_w14xt20-mm_11x14-inch-270x350-mm_170-gsm-65lb-uncoated_4-0_ver,https://upload.wikimedia.org/wikipedia/commons/c/ca/1x1.png,Yes
Posters with hangers — ver,"Personalised posters with hangers from Pixora. Upload your photo, preview on a live product mockup, and we print and ship premium quality to your door. Ideal for home décor or gifting.",wall_hanging_poster_290-mm_black_wood_w14xt20-mm_11x14-inch-270x350-mm_200-gsm-80lb-coated-silk_4-0_ver,https://upload.wikimedia.org/wikipedia/commons/c/ca/1x1.png,Yes
Posters with hangers — ver,"Personalised posters with hangers from Pixora. Upload your photo, preview on a live product mockup, and we print and ship premium quality to your door. Ideal for home décor or gifting.",wall_hanging_poster_290-mm_black_wood_w14xt20-mm_11x14-inch-270x350-mm_200-gsm-80lb-uncoated_4-0_ver,https://upload.wikimedia.org/wikipedia/commons/c/ca/1x1.png,Yes
Posters with hangers — ver,"Personalised posters with hangers from Pixora. Upload your photo, preview on a live product mockup, and we print and ship premium quality to your door. Ideal for home décor or gifting.",wall_hanging_poster_290-mm_black_wood_w14xt20-mm_11x14-inch-270x350-mm_250-gsm-100lb-uncoated-offwhite-archival_4-0_ver,https://upload.wikimedia.org/wikipedia/commons/c/ca/1x1.png,Yes
Posters with hangers — hor,"Personalised posters with hangers from Pixora. Upload your photo, preview on a live product mockup, and we print and ship premium quality to your door. Ideal for home décor or gifting.",wall_hanging_poster_290-mm_black_wood_w14xt20-mm_200x250-mm-8x10-inch_170-gsm-65lb-coated-silk_4-0_hor,https://upload.wikimedia.org/wikipedia/commons/c/ca/1x1.png,Yes
Posters with hangers — hor,"Personalised posters with hangers from Pixora. Upload your photo, preview on a live product mockup, and we print and ship premium quality to your door. Ideal for home décor or gifting.",wall_hanging_poster_290-mm_black_wood_w14xt20-mm_200x250-mm-8x10-inch_170-gsm-65lb-uncoated_4-0_hor,https://upload.wikimedia.org/wikipedia/commons/c/ca/1x1.png,Yes
Posters with hangers — hor,"Personalised posters with hangers from Pixora. Upload your photo, preview on a live product mockup, and we print and ship premium quality to your door. Ideal for home décor or gifting.",wall_hanging_poster_290-mm_black_wood_w14xt20-mm_200x250-mm-8x10-inch_200-gsm-80lb-coated-silk_4-0_hor,https://upload.wikimedia.org/wikipedia/commons/c/ca/1x1.png,Yes
Posters with hangers — hor,"Personalised posters with hangers from Pixora. Upload your photo, preview on a live product mockup, and we print and ship premium quality to your door. Ideal for home décor or gifting.",wall_hanging_poster_290-mm_black_wood_w14xt20-mm_200x250-mm-8x10-inch_200-gsm-80lb-uncoated_4-0_hor,https://upload.wikimedia.org/wikipedia/commons/c/ca/1x1.png,Yes
Posters with hangers — hor,"Personalised posters with hangers from Pixora. Upload your photo, preview on a live product mockup, and we print and ship premium quality to your door. Ideal for home décor or gifting.",wall_hanging_poster_290-mm_black_wood_w14xt20-mm_200x250-mm-8x10-inch_250-gsm-100lb-uncoated-offwhite-archival_4-0_hor,https://upload.wikimedia.org/wikipedia/commons/c/ca/1x1.png,Yes
Posters with hangers — hor,"Personalised posters with hangers from Pixora. Upload your photo, preview on a live product mockup, and we print and ship premium quality to your door. Ideal for home décor or gifting.",wall_hanging_poster_290-mm_black_wood_w14xt20-mm_250x250-mm-10x10-inch_170-gsm-65lb-coated-silk_4-0_hor,https://upload.wikimedia.org/wikipedia/commons/c/ca/1x1.png,Yes
Posters with hangers — ver,"Personalised posters with hangers from Pixora. Upload your photo, preview on a live product mockup, and we print and ship premium quality to your door. Ideal for home décor or gifting.",wall_hanging_poster_290-mm_black_wood_w14xt20-mm_250x250-mm-10x10-inch_170-gsm-65lb-coated-silk_4-0_ver,https://upload.wikimedia.org/wikipedia/commons/c/ca/1x1.png,Yes
Posters with hangers — hor,"Personalised posters with hangers from Pixora. Upload your photo, preview on a live product mockup, and we print and ship premium quality to your door. Ideal for home décor or gifting.",wall_hanging_poster_290-mm_black_wood_w14xt20-mm_250x250-mm-10x10-inch_170-gsm-65lb-uncoated_4-0_hor,https://upload.wikimedia.org/wikipedia/commons/c/ca/1x1.png,Yes
Posters with hangers — ver,"Personalised posters with hangers from Pixora. Upload your photo, preview on a live product mockup, and we print and ship premium quality to your door. Ideal for home décor or gifting.",wall_hanging_poster_290-mm_black_wood_w14xt20-mm_250x250-mm-10x10-inch_170-gsm-65lb-uncoated_4-0_ver,https://upload.wikimedia.org/wikipedia/commons/c/ca/1x1.png,Yes
Posters with hangers — hor,"Personalised posters with hangers from Pixora. Upload your photo, preview on a live product mockup, and we print and ship premium quality to your door. Ideal for home décor or gifting.",wall_hanging_poster_290-mm_black_wood_w14xt20-mm_250x250-mm-10x10-inch_200-gsm-80lb-coated-silk_4-0_hor,https://upload.wikimedia.org/wikipedia/commons/c/ca/1x1.png,Yes
Posters with hangers — ver,"Personalised posters with hangers from Pixora. Upload your photo, preview on a live product mockup, and we print and ship premium quality to your door. Ideal for home décor or gifting.",wall_hanging_poster_290-mm_black_wood_w14xt20-mm_250x250-mm-10x10-inch_200-gsm-80lb-coated-silk_4-0_ver,https://upload.wikimedia.org/wikipedia/commons/c/ca/1x1.png,Yes
Posters with hangers — hor,"Personalised posters with hangers from Pixora. Upload your photo, preview on a live product mockup, and we print and ship premium quality to your door. Ideal for home décor or gifting.",wall_hanging_poster_290-mm_black_wood_w14xt20-mm_250x250-mm-10x10-inch_200-gsm-80lb-uncoated_4-0_hor,https://upload.wikimedia.org/wikipedia/commons/c/ca/1x1.png,Yes
Posters with hangers — ver,"Personalised posters with hangers from Pixora. Upload your photo, preview on a live product mockup, and we print and ship premium quality to your door. Ideal for home décor or gifting.",wall_hanging_poster_290-mm_black_wood_w14xt20-mm_250x250-mm-10x10-inch_200-gsm-80lb-uncoated_4-0_ver,https://upload.wikimedia.org/wikipedia/commons/c/ca/1x1.png,Yes
Posters with hangers — hor,"Personalised posters with hangers from Pixora. Upload your photo, preview on a live product mockup, and we print and ship premium quality to your door. Ideal for home décor or gifting.",wall_hanging_poster_290-mm_black_wood_w14xt20-mm_250x250-mm-10x10-inch_250-gsm-100lb-uncoated-offwhite-archival_4-0_hor,https://upload.wikimedia.org/wikipedia/commons/c/ca/1x1.png,Yes
Posters with hangers — ver,"Personalised posters with hangers from Pixora. Upload your photo, preview on a live product mockup, and we print and ship premium quality to your door. Ideal for home décor or gifting.",wall_hanging_poster_290-mm_black_wood_w14xt20-mm_250x250-mm-10x10-inch_250-gsm-100lb-uncoated-offwhite-archival_4-0_ver,https://upload.wikimedia.org/wikipedia/commons/c/ca/1x1.png,Yes
Posters with hangers — ver,"Personalised posters with hangers from Pixora. Upload your photo, preview on a live product mockup, and we print and ship premium quality to your door. Ideal for home décor or gifting.",wall_hanging_poster_290-mm_black_wood_w14xt20-mm_250x600-mm-10x24-inch_170-gsm-65lb-coated-silk_4-0_ver,https://upload.wikimedia.org/wikipedia/commons/c/ca/1x1.png,Yes
Posters with hangers — ver,"Personalised posters with hangers from Pixora. Upload your photo, preview on a live product mockup, and we print and ship premium quality to your door. Ideal for home décor or gifting.",wall_hanging_poster_290-mm_black_wood_w14xt20-mm_250x600-mm-10x24-inch_170-gsm-65lb-uncoated_4-0_ver,https://upload.wikimedia.org/wikipedia/commons/c/ca/1x1.png,Yes
Posters with hangers — ver,"Personalised posters with hangers from Pixora. Upload your photo, preview on a live product mockup, and we print and ship premium quality to your door. Ideal for home décor or gifting.",wall_hanging_poster_290-mm_black_wood_w14xt20-mm_250x600-mm-10x24-inch_200-gsm-80lb-coated-silk_4-0_ver,https://upload.wikimedia.org/wikipedia/commons/c/ca/1x1.png,Yes
Posters with hangers — ver,"Personalised posters with hangers from Pixora. Upload your photo, preview on a live product mockup, and we print and ship premium quality to your door. Ideal for home décor or gifting.",wall_hanging_poster_290-mm_black_wood_w14xt20-mm_250x600-mm-10x24-inch_200-gsm-80lb-uncoated_4-0_ver,https://upload.wikimedia.org/wikipedia/commons/c/ca/1x1.png,Yes
Posters with hangers — ver,"Personalised posters with hangers from Pixora. Upload your photo, preview on a live product mockup, and we print and ship premium quality to your door. Ideal for home décor or gifting.",wall_hanging_poster_290-mm_black_wood_w14xt20-mm_250x600-mm-10x24-inch_250-gsm-100lb-uncoated-offwhite-archival_4-0_ver,https://upload.wikimedia.org/wikipedia/commons/c/ca/1x1.png,Yes
Posters with hangers — ver,"Personalised posters with hangers from Pixora. Upload your photo, preview on a live product mockup, and we print and ship premium quality to your door. Ideal for home décor or gifting.",wall_hanging_poster_290-mm_black_wood_w14xt20-mm_270x350-mm-11x14-inch_170-gsm-65lb-coated-silk_4-0_ver,https://upload.wikimedia.org/wikipedia/commons/c/ca/1x1.png,Yes
Posters with hangers — ver,"Personalised posters with hangers from Pixora. Upload your photo, preview on a live product mockup, and we print and ship premium quality to your door. Ideal for home décor or gifting.",wall_hanging_poster_290-mm_black_wood_w14xt20-mm_270x350-mm-11x14-inch_170-gsm-65lb-uncoated_4-0_ver,https://upload.wikimedia.org/wikipedia/commons/c/ca/1x1.png,Yes
Posters with hangers — ver,"Personalised posters with hangers from Pixora. Upload your photo, preview on a live product mockup, and we print and ship premium quality to your door. Ideal for home décor or gifting.",wall_hanging_poster_290-mm_black_wood_w14xt20-mm_270x350-mm-11x14-inch_200-gsm-80lb-coated-silk_4-0_ver,https://upload.wikimedia.org/wikipedia/commons/c/ca/1x1.png,Yes
Posters with hangers — ver,"Personalised posters with hangers from Pixora. Upload your photo, preview on a live product mockup, and we print and ship premium quality to your door. Ideal for home décor or gifting.",wall_hanging_poster_290-mm_black_wood_w14xt20-mm_270x350-mm-11x14-inch_200-gsm-80lb-uncoated_4-0_ver,https://upload.wikimedia.org/wikipedia/commons/c/ca/1x1.png,Yes
Posters with hangers — ver,"Personalised posters with hangers from Pixora. Upload your photo, preview on a live product mockup, and we print and ship premium quality to your door. Ideal for home décor or gifting.",wall_hanging_poster_290-mm_black_wood_w14xt20-mm_270x350-mm-11x14-inch_250-gsm-100lb-uncoated-offwhite-archival_4-0_ver,https://upload.wikimedia.org/wikipedia/commons/c/ca/1x1.png,Yes
Posters with hangers — hor,"Personalised posters with hangers from Pixora. Upload your photo, preview on a live product mockup, and we print and ship premium quality to your door. Ideal for home décor or gifting.",wall_hanging_poster_290-mm_black_wood_w14xt20-mm_8x10-inch-200x250-mm_170-gsm-65lb-coated-silk_4-0_hor,https://upload.wikimedia.org/wikipedia/commons/c/ca/1x1.png,Yes
Posters with hangers — hor,"Personalised posters with hangers from Pixora. Upload your photo, preview on a live product mockup, and we print and ship premium quality to your door. Ideal for home décor or gifting.",wall_hanging_poster_290-mm_black_wood_w14xt20-mm_8x10-inch-200x250-mm_170-gsm-65lb-uncoated_4-0_hor,https://upload.wikimedia.org/wikipedia/commons/c/ca/1x1.png,Yes
Posters with hangers — hor,"Personalised posters with hangers from Pixora. Upload your photo, preview on a live product mockup, and we print and ship premium quality to your door. Ideal for home décor or gifting.",wall_hanging_poster_290-mm_black_wood_w14xt20-mm_8x10-inch-200x250-mm_200-gsm-80lb-coated-silk_4-0_hor,https://upload.wikimedia.org/wikipedia/commons/c/ca/1x1.png,Yes
Posters with hangers — hor,"Personalised posters with hangers from Pixora. Upload your photo, preview on a live product mockup, and we print and ship premium quality to your door. Ideal for home décor or gifting.",wall_hanging_poster_290-mm_black_wood_w14xt20-mm_8x10-inch-200x250-mm_200-gsm-80lb-uncoated_4-0_hor,https://upload.wikimedia.org/wikipedia/commons/c/ca/1x1.png,Yes
Posters with hangers — hor,"Personalised posters with hangers from Pixora. Upload your photo, preview on a live product mockup, and we print and ship premium quality to your door. Ideal for home décor or gifting.",wall_hanging_poster_290-mm_black_wood_w14xt20-mm_8x10-inch-200x250-mm_250-gsm-100lb-uncoated-offwhite-archival_4-0_hor,https://upload.wikimedia.org/wikipedia/commons/c/ca/1x1.png,Yes
Posters with hangers — hor,"Personalised posters with hangers from Pixora. Upload your photo, preview on a live product mockup, and we print and ship premium quality to your door. Ideal for home décor or gifting.",wall_hanging_poster_290-mm_dark-wood_wood_w14xt20-mm_10x10-inch-250x250-mm_170-gsm-65lb-coated-silk_4-0_hor,https://upload.wikimedia.org/wikipedia/commons/c/ca/1x1.png,Yes
Posters with hangers — ver,"Personalised posters with hangers from Pixora. Upload your photo, preview on a live product mockup, and we print and ship premium quality to your door. Ideal for home décor or gifting.",wall_hanging_poster_290-mm_dark-wood_wood_w14xt20-mm_10x10-inch-250x250-mm_170-gsm-65lb-coated-silk_4-0_ver,https://upload.wikimedia.org/wikipedia/commons/c/ca/1x1.png,Yes
Posters with hangers — hor,"Personalised posters with hangers from Pixora. Upload your photo, preview on a live product mockup, and we print and ship premium quality to your door. Ideal for home décor or gifting.",wall_hanging_poster_290-mm_dark-wood_wood_w14xt20-mm_10x10-inch-250x250-mm_170-gsm-65lb-uncoated_4-0_hor,https://upload.wikimedia.org/wikipedia/commons/c/ca/1x1.png,Yes
Posters with hangers — ver,"Personalised posters with hangers from Pixora. Upload your photo, preview on a live product mockup, and we print and ship premium quality to your door. Ideal for home décor or gifting.",wall_hanging_poster_290-mm_dark-wood_wood_w14xt20-mm_10x10-inch-250x250-mm_170-gsm-65lb-uncoated_4-0_ver,https://upload.wikimedia.org/wikipedia/commons/c/ca/1x1.png,Yes
Posters with hangers — hor,"Personalised posters with hangers from Pixora. Upload your photo, preview on a live product mockup, and we print and ship premium quality to your door. Ideal for home décor or gifting.",wall_hanging_poster_290-mm_dark-wood_wood_w14xt20-mm_10x10-inch-250x250-mm_200-gsm-80lb-coated-silk_4-0_hor,https://upload.wikimedia.org/wikipedia/commons/c/ca/1x1.png,Yes
Posters with hangers — ver,"Personalised posters with hangers from Pixora. Upload your photo, preview on a live product mockup, and we print and ship premium quality to your door. Ideal for home décor or gifting.",wall_hanging_poster_290-mm_dark-wood_wood_w14xt20-mm_10x10-inch-250x250-mm_200-gsm-80lb-coated-silk_4-0_ver,https://upload.wikimedia.org/wikipedia/commons/c/ca/1x1.png,Yes
Posters with hangers — hor,"Personalised posters with hangers from Pixora. Upload your photo, preview on a live product mockup, and we print and ship premium quality to your door. Ideal for home décor or gifting.",wall_hanging_poster_290-mm_dark-wood_wood_w14xt20-mm_10x10-inch-250x250-mm_200-gsm-80lb-uncoated_4-0_hor,https://upload.wikimedia.org/wikipedia/commons/c/ca/1x1.png,Yes
Posters with hangers — ver,"Personalised posters with hangers from Pixora. Upload your photo, preview on a live product mockup, and we print and ship premium quality to your door. Ideal for home décor or gifting.",wall_hanging_poster_290-mm_dark-wood_wood_w14xt20-mm_10x10-inch-250x250-mm_200-gsm-80lb-uncoated_4-0_ver,https://upload.wikimedia.org/wikipedia/commons/c/ca/1x1.png,Yes
Posters with hangers — hor,"Personalised posters with hangers from Pixora. Upload your photo, preview on a live product mockup, and we print and ship premium quality to your door. Ideal for home décor or gifting.",wall_hanging_poster_290-mm_dark-wood_wood_w14xt20-mm_10x10-inch-250x250-mm_250-gsm-100lb-uncoated-offwhite-archival_4-0_hor,https://upload.wikimedia.org/wikipedia/commons/c/ca/1x1.png,Yes
Posters with hangers — ver,"Personalised posters with hangers from Pixora. Upload your photo, preview on a live product mockup, and we print and ship premium quality to your door. Ideal for home décor or gifting.",wall_hanging_poster_290-mm_dark-wood_wood_w14xt20-mm_10x10-inch-250x250-mm_250-gsm-100lb-uncoated-offwhite-archival_4-0_ver,https://upload.wikimedia.org/wikipedia/commons/c/ca/1x1.png,Yes
Posters with hangers — ver,"Personalised posters with hangers from Pixora. Upload your photo, preview on a live product mockup, and we print and ship premium quality to your door. Ideal for home décor or gifting.",wall_hanging_poster_290-mm_dark-wood_wood_w14xt20-mm_10x24-inch-250x600-mm_170-gsm-65lb-coated-silk_4-0_ver,https://upload.wikimedia.org/wikipedia/commons/c/ca/1x1.png,Yes
Posters with hangers — ver,"Personalised posters with hangers from Pixora. Upload your photo, preview on a live product mockup, and we print and ship premium quality to your door. Ideal for home décor or gifting.",wall_hanging_poster_290-mm_dark-wood_wood_w14xt20-mm_10x24-inch-250x600-mm_170-gsm-65lb-uncoated_4-0_ver,https://upload.wikimedia.org/wikipedia/commons/c/ca/1x1.png,Yes
Posters with hangers — ver,"Personalised posters with hangers from Pixora. Upload your photo, preview on a live product mockup, and we print and ship premium quality to your door. Ideal for home décor or gifting.",wall_hanging_poster_290-mm_dark-wood_wood_w14xt20-mm_10x24-inch-250x600-mm_200-gsm-80lb-coated-silk_4-0_ver,https://upload.wikimedia.org/wikipedia/commons/c/ca/1x1.png,Yes
Posters with hangers — ver,"Personalised posters with hangers from Pixora. Upload your photo, preview on a live product mockup, and we print and ship premium quality to your door. Ideal for home décor or gifting.",wall_hanging_poster_290-mm_dark-wood_wood_w14xt20-mm_10x24-inch-250x600-mm_200-gsm-80lb-uncoated_4-0_ver,https://upload.wikimedia.org/wikipedia/commons/c/ca/1x1.png,Yes
Posters with hangers — ver,"Personalised posters with hangers from Pixora. Upload your photo, preview on a live product mockup, and we print and ship premium quality to your door. Ideal for home décor or gifting.",wall_hanging_poster_290-mm_dark-wood_wood_w14xt20-mm_10x24-inch-250x600-mm_250-gsm-100lb-uncoated-offwhite-archival_4-0_ver,https://upload.wikimedia.org/wikipedia/commons/c/ca/1x1.png,Yes
Posters with hangers — ver,"Personalised posters with hangers from Pixora. Upload your photo, preview on a live product mockup, and we print and ship premium quality to your door. Ideal for home décor or gifting.",wall_hanging_poster_290-mm_dark-wood_wood_w14xt20-mm_11x14-inch-270x350-mm_170-gsm-65lb-coated-silk_4-0_ver,https://upload.wikimedia.org/wikipedia/commons/c/ca/1x1.png,Yes
Posters with hangers — ver,"Personalised posters with hangers from Pixora. Upload your photo, preview on a live product mockup, and we print and ship premium quality to your door. Ideal for home décor or gifting.",wall_hanging_poster_290-mm_dark-wood_wood_w14xt20-mm_11x14-inch-270x350-mm_170-gsm-65lb-uncoated_4-0_ver,https://upload.wikimedia.org/wikipedia/commons/c/ca/1x1.png,Yes
Posters with hangers — ver,"Personalised posters with hangers from Pixora. Upload your photo, preview on a live product mockup, and we print and ship premium quality to your door. Ideal for home décor or gifting.",wall_hanging_poster_290-mm_dark-wood_wood_w14xt20-mm_11x14-inch-270x350-mm_200-gsm-80lb-coated-silk_4-0_ver,https://upload.wikimedia.org/wikipedia/commons/c/ca/1x1.png,Yes
Posters with hangers — ver,"Personalised posters with hangers from Pixora. Upload your photo, preview on a live product mockup, and we print and ship premium quality to your door. Ideal for home décor or gifting.",wall_hanging_poster_290-mm_dark-wood_wood_w14xt20-mm_11x14-inch-270x350-mm_200-gsm-80lb-uncoated_4-0_ver,https://upload.wikimedia.org/wikipedia/commons/c/ca/1x1.png,Yes
Posters with hangers — ver,"Personalised posters with hangers from Pixora. Upload your photo, preview on a live product mockup, and we print and ship premium quality to your door. Ideal for home décor or gifting.",wall_hanging_poster_290-mm_dark-wood_wood_w14xt20-mm_11x14-inch-270x350-mm_250-gsm-100lb-uncoated-offwhite-archival_4-0_ver,https://upload.wikimedia.org/wikipedia/commons/c/ca/1x1.png,Yes
Posters with hangers — hor,"Personalised posters with hangers from Pixora. Upload your photo, preview on a live product mockup, and we print and ship premium quality to your door. Ideal for home décor or gifting.",wall_hanging_poster_290-mm_dark-wood_wood_w14xt20-mm_200x250-mm-8x10-inch_170-gsm-65lb-coated-silk_4-0_hor,https://upload.wikimedia.org/wikipedia/commons/c/ca/1x1.png,Yes
Posters with hangers — hor,"Personalised posters with hangers from Pixora. Upload your photo, preview on a live product mockup, and we print and ship premium quality to your door. Ideal for home décor or gifting.",wall_hanging_poster_290-mm_dark-wood_wood_w14xt20-mm_200x250-mm-8x10-inch_170-gsm-65lb-uncoated_4-0_hor,https://upload.wikimedia.org/wikipedia/commons/c/ca/1x1.png,Yes
Posters with hangers — hor,"Personalised posters with hangers from Pixora. Upload your photo, preview on a live product mockup, and we print and ship premium quality to your door. Ideal for home décor or gifting.",wall_hanging_poster_290-mm_dark-wood_wood_w14xt20-mm_200x250-mm-8x10-inch_200-gsm-80lb-coated-silk_4-0_hor,https://upload.wikimedia.org/wikipedia/commons/c/ca/1x1.png,Yes
Posters with hangers — hor,"Personalised posters with hangers from Pixora. Upload your photo, preview on a live product mockup, and we print and ship premium quality to your door. Ideal for home décor or gifting.",wall_hanging_poster_290-mm_dark-wood_wood_w14xt20-mm_200x250-mm-8x10-inch_200-gsm-80lb-uncoated_4-0_hor,https://upload.wikimedia.org/wikipedia/commons/c/ca/1x1.png,Yes
Posters with hangers — hor,"Personalised posters with hangers from Pixora. Upload your photo, preview on a live product mockup, and we print and ship premium quality to your door. Ideal for home décor or gifting.",wall_hanging_poster_290-mm_dark-wood_wood_w14xt20-mm_200x250-mm-8x10-inch_250-gsm-100lb-uncoated-offwhite-archival_4-0_hor,https://upload.wikimedia.org/wikipedia/commons/c/ca/1x1.png,Yes
Posters with hangers — hor,"Personalised posters with hangers from Pixora. Upload your photo, preview on a live product mockup, and we print and ship premium quality to your door. Ideal for home décor or gifting.",wall_hanging_poster_290-mm_dark-wood_wood_w14xt20-mm_250x250-mm-10x10-inch_170-gsm-65lb-coated-silk_4-0_hor,https://upload.wikimedia.org/wikipedia/commons/c/ca/1x1.png,Yes
Posters with hangers — ver,"Personalised posters with hangers from Pixora. Upload your photo, preview on a live product mockup, and we print and ship premium quality to your door. Ideal for home décor or gifting.",wall_hanging_poster_290-mm_dark-wood_wood_w14xt20-mm_250x250-mm-10x10-inch_170-gsm-65lb-coated-silk_4-0_ver,https://upload.wikimedia.org/wikipedia/commons/c/ca/1x1.png,Yes
Posters with hangers — hor,"Personalised posters with hangers from Pixora. Upload your photo, preview on a live product mockup, and we print and ship premium quality to your door. Ideal for home décor or gifting.",wall_hanging_poster_290-mm_dark-wood_wood_w14xt20-mm_250x250-mm-10x10-inch_170-gsm-65lb-uncoated_4-0_hor,https://upload.wikimedia.org/wikipedia/commons/c/ca/1x1.png,Yes
Posters with hangers — ver,"Personalised posters with hangers from Pixora. Upload your photo, preview on a live product mockup, and we print and ship premium quality to your door. Ideal for home décor or gifting.",wall_hanging_poster_290-mm_dark-wood_wood_w14xt20-mm_250x250-mm-10x10-inch_170-gsm-65lb-uncoated_4-0_ver,https://upload.wikimedia.org/wikipedia/commons/c/ca/1x1.png,Yes
Posters with hangers — hor,"Personalised posters with hangers from Pixora. Upload your photo, preview on a live product mockup, and we print and ship premium quality to your door. Ideal for home décor or gifting.",wall_hanging_poster_290-mm_dark-wood_wood_w14xt20-mm_250x250-mm-10x10-inch_200-gsm-80lb-coated-silk_4-0_hor,https://upload.wikimedia.org/wikipedia/commons/c/ca/1x1.png,Yes
Posters with hangers — ver,"Personalised posters with hangers from Pixora. Upload your photo, preview on a live product mockup, and we print and ship premium quality to your door. Ideal for home décor or gifting.",wall_hanging_poster_290-mm_dark-wood_wood_w14xt20-mm_250x250-mm-10x10-inch_200-gsm-80lb-coated-silk_4-0_ver,https://upload.wikimedia.org/wikipedia/commons/c/ca/1x1.png,Yes
Posters with hangers — hor,"Personalised posters with hangers from Pixora. Upload your photo, preview on a live product mockup, and we print and ship premium quality to your door. Ideal for home décor or gifting.",wall_hanging_poster_290-mm_dark-wood_wood_w14xt20-mm_250x250-mm-10x10-inch_200-gsm-80lb-uncoated_4-0_hor,https://upload.wikimedia.org/wikipedia/commons/c/ca/1x1.png,Yes
Posters with hangers — ver,"Personalised posters with hangers from Pixora. Upload your photo, preview on a live product mockup, and we print and ship premium quality to your door. Ideal for home décor or gifting.",wall_hanging_poster_290-mm_dark-wood_wood_w14xt20-mm_250x250-mm-10x10-inch_200-gsm-80lb-uncoated_4-0_ver,https://upload.wikimedia.org/wikipedia/commons/c/ca/1x1.png,Yes
Posters with hangers — hor,"Personalised posters with hangers from Pixora. Upload your photo, preview on a live product mockup, and we print and ship premium quality to your door. Ideal for home décor or gifting.",wall_hanging_poster_290-mm_dark-wood_wood_w14xt20-mm_250x250-mm-10x10-inch_250-gsm-100lb-uncoated-offwhite-archival_4-0_hor,https://upload.wikimedia.org/wikipedia/commons/c/ca/1x1.png,Yes
Posters with hangers — ver,"Personalised posters with hangers from Pixora. Upload your photo, preview on a live product mockup, and we print and ship premium quality to your door. Ideal for home décor or gifting.",wall_hanging_poster_290-mm_dark-wood_wood_w14xt20-mm_250x250-mm-10x10-inch_250-gsm-100lb-uncoated-offwhite-archival_4-0_ver,https://upload.wikimedia.org/wikipedia/commons/c/ca/1x1.png,Yes
Posters with hangers — ver,"Personalised posters with hangers from Pixora. Upload your photo, preview on a live product mockup, and we print and ship premium quality to your door. Ideal for home décor or gifting.",wall_hanging_poster_290-mm_dark-wood_wood_w14xt20-mm_250x600-mm-10x24-inch_170-gsm-65lb-coated-silk_4-0_ver,https://upload.wikimedia.org/wikipedia/commons/c/ca/1x1.png,Yes
Posters with hangers — ver,"Personalised posters with hangers from Pixora. Upload your photo, preview on a live product mockup, and we print and ship premium quality to your door. Ideal for home décor or gifting.",wall_hanging_poster_290-mm_dark-wood_wood_w14xt20-mm_250x600-mm-10x24-inch_170-gsm-65lb-uncoated_4-0_ver,https://upload.wikimedia.org/wikipedia/commons/c/ca/1x1.png,Yes
Posters with hangers — ver,"Personalised posters with hangers from Pixora. Upload your photo, preview on a live product mockup, and we print and ship premium quality to your door. Ideal for home décor or gifting.",wall_hanging_poster_290-mm_dark-wood_wood_w14xt20-mm_250x600-mm-10x24-inch_200-gsm-80lb-coated-silk_4-0_ver,https://upload.wikimedia.org/wikipedia/commons/c/ca/1x1.png,Yes
Posters with hangers — ver,"Personalised posters with hangers from Pixora. Upload your photo, preview on a live product mockup, and we print and ship premium quality to your door. Ideal for home décor or gifting.",wall_hanging_poster_290-mm_dark-wood_wood_w14xt20-mm_250x600-mm-10x24-inch_200-gsm-80lb-uncoated_4-0_ver,https://upload.wikimedia.org/wikipedia/commons/c/ca/1x1.png,Yes
Posters with hangers — ver,"Personalised posters with hangers from Pixora. Upload your photo, preview on a live product mockup, and we print and ship premium quality to your door. Ideal for home décor or gifting.",wall_hanging_poster_290-mm_dark-wood_wood_w14xt20-mm_250x600-mm-10x24-inch_250-gsm-100lb-uncoated-offwhite-archival_4-0_ver,https://upload.wikimedia.org/wikipedia/commons/c/ca/1x1.png,Yes
Posters with hangers — ver,"Personalised posters with hangers from Pixora. Upload your photo, preview on a live product mockup, and we print and ship premium quality to your door. Ideal for home décor or gifting.",wall_hanging_poster_290-mm_dark-wood_wood_w14xt20-mm_270x350-mm-11x14-inch_170-gsm-65lb-coated-silk_4-0_ver,https://upload.wikimedia.org/wikipedia/commons/c/ca/1x1.png,Yes
Posters with hangers — ver,"Personalised posters with hangers from Pixora. Upload your photo, preview on a live product mockup, and we print and ship premium quality to your door. Ideal for home décor or gifting.",wall_hanging_poster_290-mm_dark-wood_wood_w14xt20-mm_270x350-mm-11x14-inch_170-gsm-65lb-uncoated_4-0_ver,https://upload.wikimedia.org/wikipedia/commons/c/ca/1x1.png,Yes
Posters with hangers — ver,"Personalised posters with hangers from Pixora. Upload your photo, preview on a live product mockup, and we print and ship premium quality to your door. Ideal for home décor or gifting.",wall_hanging_poster_290-mm_dark-wood_wood_w14xt20-mm_270x350-mm-11x14-inch_200-gsm-80lb-coated-silk_4-0_ver,https://upload.wikimedia.org/wikipedia/commons/c/ca/1x1.png,Yes
Posters with hangers — ver,"Personalised posters with hangers from Pixora. Upload your photo, preview on a live product mockup, and we print and ship premium quality to your door. Ideal for home décor or gifting.",wall_hanging_poster_290-mm_dark-wood_wood_w14xt20-mm_270x350-mm-11x14-inch_200-gsm-80lb-uncoated_4-0_ver,https://upload.wikimedia.org/wikipedia/commons/c/ca/1x1.png,Yes
Posters with hangers — ver,"Personalised posters with hangers from Pixora. Upload your photo, preview on a live product mockup, and we print and ship premium quality to your door. Ideal for home décor or gifting.",wall_hanging_poster_290-mm_dark-wood_wood_w14xt20-mm_270x350-mm-11x14-inch_250-gsm-100lb-uncoated-offwhite-archival_4-0_ver,https://upload.wikimedia.org/wikipedia/commons/c/ca/1x1.png,Yes
Posters with hangers — hor,"Personalised posters with hangers from Pixora. Upload your photo, preview on a live product mockup, and we print and ship premium quality to your door. Ideal for home décor or gifting.",wall_hanging_poster_290-mm_dark-wood_wood_w14xt20-mm_8x10-inch-200x250-mm_170-gsm-65lb-coated-silk_4-0_hor,https://upload.wikimedia.org/wikipedia/commons/c/ca/1x1.png,Yes
Posters with hangers — hor,"Personalised posters with hangers from Pixora. Upload your photo, preview on a live product mockup, and we print and ship premium quality to your door. Ideal for home décor or gifting.",wall_hanging_poster_290-mm_dark-wood_wood_w14xt20-mm_8x10-inch-200x250-mm_170-gsm-65lb-uncoated_4-0_hor,https://upload.wikimedia.org/wikipedia/commons/c/ca/1x1.png,Yes
Posters with hangers — hor,"Personalised posters with hangers from Pixora. Upload your photo, preview on a live product mockup, and we print and ship premium quality to your door. Ideal for home décor or gifting.",wall_hanging_poster_290-mm_dark-wood_wood_w14xt20-mm_8x10-inch-200x250-mm_200-gsm-80lb-coated-silk_4-0_hor,https://upload.wikimedia.org/wikipedia/commons/c/ca/1x1.png,Yes
Posters with hangers — hor,"Personalised posters with hangers from Pixora. Upload your photo, preview on a live product mockup, and we print and ship premium quality to your door. Ideal for home décor or gifting.",wall_hanging_poster_290-mm_dark-wood_wood_w14xt20-mm_8x10-inch-200x250-mm_200-gsm-80lb-uncoated_4-0_hor,https://upload.wikimedia.org/wikipedia/commons/c/ca/1x1.png,Yes
Posters with hangers — hor,"Personalised posters with hangers from Pixora. Upload your photo, preview on a live product mockup, and we print and ship premium quality to your door. Ideal for home décor or gifting.",wall_hanging_poster_290-mm_dark-wood_wood_w14xt20-mm_8x10-inch-200x250-mm_250-gsm-100lb-uncoated-offwhite-archival_4-0_hor,https://upload.wikimedia.org/wikipedia/commons/c/ca/1x1.png,Yes
Posters with hangers — hor,"Personalised posters with hangers from Pixora. Upload your photo, preview on a live product mockup, and we print and ship premium quality to your door. Ideal for home décor or gifting.",wall_hanging_poster_290-mm_natural-wood_wood_w14xt20-mm_10x10-inch-250x250-mm_170-gsm-65lb-coated-silk_4-0_hor,https://upload.wikimedia.org/wikipedia/commons/c/ca/1x1.png,Yes
Posters with hangers — ver,"Personalised posters with hangers from Pixora. Upload your photo, preview on a live product mockup, and we print and ship premium quality to your door. Ideal for home décor or gifting.",wall_hanging_poster_290-mm_natural-wood_wood_w14xt20-mm_10x10-inch-250x250-mm_170-gsm-65lb-coated-silk_4-0_ver,https://upload.wikimedia.org/wikipedia/commons/c/ca/1x1.png,Yes
Posters with hangers — hor,"Personalised posters with hangers from Pixora. Upload your photo, preview on a live product mockup, and we print and ship premium quality to your door. Ideal for home décor or gifting.",wall_hanging_poster_290-mm_natural-wood_wood_w14xt20-mm_10x10-inch-250x250-mm_170-gsm-65lb-uncoated_4-0_hor,https://upload.wikimedia.org/wikipedia/commons/c/ca/1x1.png,Yes
Posters with hangers — ver,"Personalised posters with hangers from Pixora. Upload your photo, preview on a live product mockup, and we print and ship premium quality to your door. Ideal for home décor or gifting.",wall_hanging_poster_290-mm_natural-wood_wood_w14xt20-mm_10x10-inch-250x250-mm_170-gsm-65lb-uncoated_4-0_ver,https://upload.wikimedia.org/wikipedia/commons/c/ca/1x1.png,Yes
Posters with hangers — hor,"Personalised posters with hangers from Pixora. Upload your photo, preview on a live product mockup, and we print and ship premium quality to your door. Ideal for home décor or gifting.",wall_hanging_poster_290-mm_natural-wood_wood_w14xt20-mm_10x10-inch-250x250-mm_200-gsm-80lb-coated-silk_4-0_hor,https://upload.wikimedia.org/wikipedia/commons/c/ca/1x1.png,Yes
Posters with hangers — ver,"Personalised posters with hangers from Pixora. Upload your photo, preview on a live product mockup, and we print and ship premium quality to your door. Ideal for home décor or gifting.",wall_hanging_poster_290-mm_natural-wood_wood_w14xt20-mm_10x10-inch-250x250-mm_200-gsm-80lb-coated-silk_4-0_ver,https://upload.wikimedia.org/wikipedia/commons/c/ca/1x1.png,Yes
Posters with hangers — hor,"Personalised posters with hangers from Pixora. Upload your photo, preview on a live product mockup, and we print and ship premium quality to your door. Ideal for home décor or gifting.",wall_hanging_poster_290-mm_natural-wood_wood_w14xt20-mm_10x10-inch-250x250-mm_200-gsm-80lb-uncoated_4-0_hor,https://upload.wikimedia.org/wikipedia/commons/c/ca/1x1.png,Yes
Posters with hangers — ver,"Personalised posters with hangers from Pixora. Upload your photo, preview on a live product mockup, and we print and ship premium quality to your door. Ideal for home décor or gifting.",wall_hanging_poster_290-mm_natural-wood_wood_w14xt20-mm_10x10-inch-250x250-mm_200-gsm-80lb-uncoated_4-0_ver,https://upload.wikimedia.org/wikipedia/commons/c/ca/1x1.png,Yes
Posters with hangers — hor,"Personalised posters with hangers from Pixora. Upload your photo, preview on a live product mockup, and we print and ship premium quality to your door. Ideal for home décor or gifting.",wall_hanging_poster_290-mm_natural-wood_wood_w14xt20-mm_10x10-inch-250x250-mm_250-gsm-100lb-uncoated-offwhite-archival_4-0_hor,https://upload.wikimedia.org/wikipedia/commons/c/ca/1x1.png,Yes
Posters with hangers — ver,"Personalised posters with hangers from Pixora. Upload your photo, preview on a live product mockup, and we print and ship premium quality to your door. Ideal for home décor or gifting.",wall_hanging_poster_290-mm_natural-wood_wood_w14xt20-mm_10x10-inch-250x250-mm_250-gsm-100lb-uncoated-offwhite-archival_4-0_ver,https://upload.wikimedia.org/wikipedia/commons/c/ca/1x1.png,Yes
Posters with hangers — ver,"Personalised posters with hangers from Pixora. Upload your photo, preview on a live product mockup, and we print and ship premium quality to your door. Ideal for home décor or gifting.",wall_hanging_poster_290-mm_natural-wood_wood_w14xt20-mm_10x24-inch-250x600-mm_170-gsm-65lb-coated-silk_4-0_ver,https://upload.wikimedia.org/wikipedia/commons/c/ca/1x1.png,Yes
Posters with hangers — ver,"Personalised posters with hangers from Pixora. Upload your photo, preview on a live product mockup, and we print and ship premium quality to your door. Ideal for home décor or gifting.",wall_hanging_poster_290-mm_natural-wood_wood_w14xt20-mm_10x24-inch-250x600-mm_170-gsm-65lb-uncoated_4-0_ver,https://upload.wikimedia.org/wikipedia/commons/c/ca/1x1.png,Yes
Posters with hangers — ver,"Personalised posters with hangers from Pixora. Upload your photo, preview on a live product mockup, and we print and ship premium quality to your door. Ideal for home décor or gifting.",wall_hanging_poster_290-mm_natural-wood_wood_w14xt20-mm_10x24-inch-250x600-mm_200-gsm-80lb-coated-silk_4-0_ver,https://upload.wikimedia.org/wikipedia/commons/c/ca/1x1.png,Yes
Posters with hangers — ver,"Personalised posters with hangers from Pixora. Upload your photo, preview on a live product mockup, and we print and ship premium quality to your door. Ideal for home décor or gifting.",wall_hanging_poster_290-mm_natural-wood_wood_w14xt20-mm_10x24-inch-250x600-mm_200-gsm-80lb-uncoated_4-0_ver,https://upload.wikimedia.org/wikipedia/commons/c/ca/1x1.png,Yes
Posters with hangers — ver,"Personalised posters with hangers from Pixora. Upload your photo, preview on a live product mockup, and we print and ship premium quality to your door. Ideal for home décor or gifting.",wall_hanging_poster_290-mm_natural-wood_wood_w14xt20-mm_10x24-inch-250x600-mm_250-gsm-100lb-uncoated-offwhite-archival_4-0_ver,https://upload.wikimedia.org/wikipedia/commons/c/ca/1x1.png,Yes
Posters with hangers — ver,"Personalised posters with hangers from Pixora. Upload your photo, preview on a live product mockup, and we print and ship premium quality to your door. Ideal for home décor or gifting.",wall_hanging_poster_290-mm_natural-wood_wood_w14xt20-mm_11x14-inch-270x350-mm_170-gsm-65lb-coated-silk_4-0_ver,https://upload.wikimedia.org/wikipedia/commons/c/ca/1x1.png,Yes
Posters with hangers — ver,"Personalised posters with hangers from Pixora. Upload your photo, preview on a live product mockup, and we print and ship premium quality to your door. Ideal for home décor or gifting.",wall_hanging_poster_290-mm_natural-wood_wood_w14xt20-mm_11x14-inch-270x350-mm_170-gsm-65lb-uncoated_4-0_ver,https://upload.wikimedia.org/wikipedia/commons/c/ca/1x1.png,Yes
Posters with hangers — ver,"Personalised posters with hangers from Pixora. Upload your photo, preview on a live product mockup, and we print and ship premium quality to your door. Ideal for home décor or gifting.",wall_hanging_poster_290-mm_natural-wood_wood_w14xt20-mm_11x14-inch-270x350-mm_200-gsm-80lb-coated-silk_4-0_ver,https://upload.wikimedia.org/wikipedia/commons/c/ca/1x1.png,Yes
Posters with hangers — ver,"Personalised posters with hangers from Pixora. Upload your photo, preview on a live product mockup, and we print and ship premium quality to your door. Ideal for home décor or gifting.",wall_hanging_poster_290-mm_natural-wood_wood_w14xt20-mm_11x14-inch-270x350-mm_200-gsm-80lb-uncoated_4-0_ver,https://upload.wikimedia.org/wikipedia/commons/c/ca/1x1.png,Yes
Posters with hangers — ver,"Personalised posters with hangers from Pixora. Upload your photo, preview on a live product mockup, and we print and ship premium quality to your door. Ideal for home décor or gifting.",wall_hanging_poster_290-mm_natural-wood_wood_w14xt20-mm_11x14-inch-270x350-mm_250-gsm-100lb-uncoated-offwhite-archival_4-0_ver,https://upload.wikimedia.org/wikipedia/commons/c/ca/1x1.png,Yes
Posters with hangers — hor,"Personalised posters with hangers from Pixora. Upload your photo, preview on a live product mockup, and we print and ship premium quality to your door. Ideal for home décor or gifting.",wall_hanging_poster_290-mm_natural-wood_wood_w14xt20-mm_200x250-mm-8x10-inch_170-gsm-65lb-coated-silk_4-0_hor,https://upload.wikimedia.org/wikipedia/commons/c/ca/1x1.png,Yes
Posters with hangers — hor,"Personalised posters with hangers from Pixora. Upload your photo, preview on a live product mockup, and we print and ship premium quality to your door. Ideal for home décor or gifting.",wall_hanging_poster_290-mm_natural-wood_wood_w14xt20-mm_200x250-mm-8x10-inch_170-gsm-65lb-uncoated_4-0_hor,https://upload.wikimedia.org/wikipedia/commons/c/ca/1x1.png,Yes
Posters with hangers — hor,"Personalised posters with hangers from Pixora. Upload your photo, preview on a live product mockup, and we print and ship premium quality to your door. Ideal for home décor or gifting.",wall_hanging_poster_290-mm_natural-wood_wood_w14xt20-mm_200x250-mm-8x10-inch_200-gsm-80lb-coated-silk_4-0_hor,https://upload.wikimedia.org/wikipedia/commons/c/ca/1x1.png,Yes
Posters with hangers — hor,"Personalised posters with hangers from Pixora. Upload your photo, preview on a live product mockup, and we print and ship premium quality to your door. Ideal for home décor or gifting.",wall_hanging_poster_290-mm_natural-wood_wood_w14xt20-mm_200x250-mm-8x10-inch_200-gsm-80lb-uncoated_4-0_hor,https://upload.wikimedia.org/wikipedia/commons/c/ca/1x1.png,Yes
Posters with hangers — hor,"Personalised posters with hangers from Pixora. Upload your photo, preview on a live product mockup, and we print and ship premium quality to your door. Ideal for home décor or gifting.",wall_hanging_poster_290-mm_natural-wood_wood_w14xt20-mm_200x250-mm-8x10-inch_250-gsm-100lb-uncoated-offwhite-archival_4-0_hor,https://upload.wikimedia.org/wikipedia/commons/c/ca/1x1.png,Yes
Posters with hangers — hor,"Personalised posters with hangers from Pixora. Upload your photo, preview on a live product mockup, and we print and ship premium quality to your door. Ideal for home décor or gifting.",wall_hanging_poster_290-mm_natural-wood_wood_w14xt20-mm_250x250-mm-10x10-inch_170-gsm-65lb-coated-silk_4-0_hor,https://upload.wikimedia.org/wikipedia/commons/c/ca/1x1.png,Yes
Posters with hangers — ver,"Personalised posters with hangers from Pixora. Upload your photo, preview on a live product mockup, and we print and ship premium quality to your door. Ideal for home décor or gifting.",wall_hanging_poster_290-mm_natural-wood_wood_w14xt20-mm_250x250-mm-10x10-inch_170-gsm-65lb-coated-silk_4-0_ver,https://upload.wikimedia.org/wikipedia/commons/c/ca/1x1.png,Yes
Posters with hangers — hor,"Personalised posters with hangers from Pixora. Upload your photo, preview on a live product mockup, and we print and ship premium quality to your door. Ideal for home décor or gifting.",wall_hanging_poster_290-mm_natural-wood_wood_w14xt20-mm_250x250-mm-10x10-inch_170-gsm-65lb-uncoated_4-0_hor,https://upload.wikimedia.org/wikipedia/commons/c/ca/1x1.png,Yes
Posters with hangers — ver,"Personalised posters with hangers from Pixora. Upload your photo, preview on a live product mockup, and we print and ship premium quality to your door. Ideal for home décor or gifting.",wall_hanging_poster_290-mm_natural-wood_wood_w14xt20-mm_250x250-mm-10x10-inch_170-gsm-65lb-uncoated_4-0_ver,https://upload.wikimedia.org/wikipedia/commons/c/ca/1x1.png,Yes
Posters with hangers — hor,"Personalised posters with hangers from Pixora. Upload your photo, preview on a live product mockup, and we print and ship premium quality to your door. Ideal for home décor or gifting.",wall_hanging_poster_290-mm_natural-wood_wood_w14xt20-mm_250x250-mm-10x10-inch_200-gsm-80lb-coated-silk_4-0_hor,https://upload.wikimedia.org/wikipedia/commons/c/ca/1x1.png,Yes
Posters with hangers — ver,"Personalised posters with hangers from Pixora. Upload your photo, preview on a live product mockup, and we print and ship premium quality to your door. Ideal for home décor or gifting.",wall_hanging_poster_290-mm_natural-wood_wood_w14xt20-mm_250x250-mm-10x10-inch_200-gsm-80lb-coated-silk_4-0_ver,https://upload.wikimedia.org/wikipedia/commons/c/ca/1x1.png,Yes
Posters with hangers — hor,"Personalised posters with hangers from Pixora. Upload your photo, preview on a live product mockup, and we print and ship premium quality to your door. Ideal for home décor or gifting.",wall_hanging_poster_290-mm_natural-wood_wood_w14xt20-mm_250x250-mm-10x10-inch_200-gsm-80lb-uncoated_4-0_hor,https://upload.wikimedia.org/wikipedia/commons/c/ca/1x1.png,Yes
Posters with hangers — ver,"Personalised posters with hangers from Pixora. Upload your photo, preview on a live product mockup, and we print and ship premium quality to your door. Ideal for home décor or gifting.",wall_hanging_poster_290-mm_natural-wood_wood_w14xt20-mm_250x250-mm-10x10-inch_200-gsm-80lb-uncoated_4-0_ver,https://upload.wikimedia.org/wikipedia/commons/c/ca/1x1.png,Yes
Posters with hangers — hor,"Personalised posters with hangers from Pixora. Upload your photo, preview on a live product mockup, and we print and ship premium quality to your door. Ideal for home décor or gifting.",wall_hanging_poster_290-mm_natural-wood_wood_w14xt20-mm_250x250-mm-10x10-inch_250-gsm-100lb-uncoated-offwhite-archival_4-0_hor,https://upload.wikimedia.org/wikipedia/commons/c/ca/1x1.png,Yes
Posters with hangers — ver,"Personalised posters with hangers from Pixora. Upload your photo, preview on a live product mockup, and we print and ship premium quality to your door. Ideal for home décor or gifting.",wall_hanging_poster_290-mm_natural-wood_wood_w14xt20-mm_250x250-mm-10x10-inch_250-gsm-100lb-uncoated-offwhite-archival_4-0_ver,https://upload.wikimedia.org/wikipedia/commons/c/ca/1x1.png,Yes
Posters with hangers — ver,"Personalised posters with hangers from Pixora. Upload your photo, preview on a live product mockup, and we print and ship premium quality to your door. Ideal for home décor or gifting.",wall_hanging_poster_290-mm_natural-wood_wood_w14xt20-mm_250x600-mm-10x24-inch_170-gsm-65lb-coated-silk_4-0_ver,https://upload.wikimedia.org/wikipedia/commons/c/ca/1x1.png,Yes
Posters with hangers — ver,"Personalised posters with hangers from Pixora. Upload your photo, preview on a live product mockup, and we print and ship premium quality to your door. Ideal for home décor or gifting.",wall_hanging_poster_290-mm_natural-wood_wood_w14xt20-mm_250x600-mm-10x24-inch_170-gsm-65lb-uncoated_4-0_ver,https://upload.wikimedia.org/wikipedia/commons/c/ca/1x1.png,Yes
Posters with hangers — ver,"Personalised posters with hangers from Pixora. Upload your photo, preview on a live product mockup, and we print and ship premium quality to your door. Ideal for home décor or gifting.",wall_hanging_poster_290-mm_natural-wood_wood_w14xt20-mm_250x600-mm-10x24-inch_200-gsm-80lb-coated-silk_4-0_ver,https://upload.wikimedia.org/wikipedia/commons/c/ca/1x1.png,Yes
Posters with hangers — ver,"Personalised posters with hangers from Pixora. Upload your photo, preview on a live product mockup, and we print and ship premium quality to your door. Ideal for home décor or gifting.",wall_hanging_poster_290-mm_natural-wood_wood_w14xt20-mm_250x600-mm-10x24-inch_200-gsm-80lb-uncoated_4-0_ver,https://upload.wikimedia.org/wikipedia/commons/c/ca/1x1.png,Yes
Posters with hangers — ver,"Personalised posters with hangers from Pixora. Upload your photo, preview on a live product mockup, and we print and ship premium quality to your door. Ideal for home décor or gifting.",wall_hanging_poster_290-mm_natural-wood_wood_w14xt20-mm_250x600-mm-10x24-inch_250-gsm-100lb-uncoated-offwhite-archival_4-0_ver,https://upload.wikimedia.org/wikipedia/commons/c/ca/1x1.png,Yes
Posters with hangers — ver,"Personalised posters with hangers from Pixora. Upload your photo, preview on a live product mockup, and we print and ship premium quality to your door. Ideal for home décor or gifting.",wall_hanging_poster_290-mm_natural-wood_wood_w14xt20-mm_270x350-mm-11x14-inch_170-gsm-65lb-coated-silk_4-0_ver,https://upload.wikimedia.org/wikipedia/commons/c/ca/1x1.png,Yes
Posters with hangers — ver,"Personalised posters with hangers from Pixora. Upload your photo, preview on a live product mockup, and we print and ship premium quality to your door. Ideal for home décor or gifting.",wall_hanging_poster_290-mm_natural-wood_wood_w14xt20-mm_270x350-mm-11x14-inch_170-gsm-65lb-uncoated_4-0_ver,https://upload.wikimedia.org/wikipedia/commons/c/ca/1x1.png,Yes
Posters with hangers — ver,"Personalised posters with hangers from Pixora. Upload your photo, preview on a live product mockup, and we print and ship premium quality to your door. Ideal for home décor or gifting.",wall_hanging_poster_290-mm_natural-wood_wood_w14xt20-mm_270x350-mm-11x14-inch_200-gsm-80lb-coated-silk_4-0_ver,https://upload.wikimedia.org/wikipedia/commons/c/ca/1x1.png,Yes
Posters with hangers — ver,"Personalised posters with hangers from Pixora. Upload your photo, preview on a live product mockup, and we print and ship premium quality to your door. Ideal for home décor or gifting.",wall_hanging_poster_290-mm_natural-wood_wood_w14xt20-mm_270x350-mm-11x14-inch_200-gsm-80lb-uncoated_4-0_ver,https://upload.wikimedia.org/wikipedia/commons/c/ca/1x1.png,Yes
Posters with hangers — ver,"Personalised posters with hangers from Pixora. Upload your photo, preview on a live product mockup, and we print and ship premium quality to your door. Ideal for home décor or gifting.",wall_hanging_poster_290-mm_natural-wood_wood_w14xt20-mm_270x350-mm-11x14-inch_250-gsm-100lb-uncoated-offwhite-archival_4-0_ver,https://upload.wikimedia.org/wikipedia/commons/c/ca/1x1.png,Yes
Posters with hangers — hor,"Personalised posters with hangers from Pixora. Upload your photo, preview on a live product mockup, and we print and ship premium quality to your door. Ideal for home décor or gifting.",wall_hanging_poster_290-mm_natural-wood_wood_w14xt20-mm_8x10-inch-200x250-mm_170-gsm-65lb-coated-silk_4-0_hor,https://upload.wikimedia.org/wikipedia/commons/c/ca/1x1.png,Yes
Posters with hangers — hor,"Personalised posters with hangers from Pixora. Upload your photo, preview on a live product mockup, and we print and ship premium quality to your door. Ideal for home décor or gifting.",wall_hanging_poster_290-mm_natural-wood_wood_w14xt20-mm_8x10-inch-200x250-mm_170-gsm-65lb-uncoated_4-0_hor,https://upload.wikimedia.org/wikipedia/commons/c/ca/1x1.png,Yes
Posters with hangers — hor,"Personalised posters with hangers from Pixora. Upload your photo, preview on a live product mockup, and we print and ship premium quality to your door. Ideal for home décor or gifting.",wall_hanging_poster_290-mm_natural-wood_wood_w14xt20-mm_8x10-inch-200x250-mm_200-gsm-80lb-coated-silk_4-0_hor,https://upload.wikimedia.org/wikipedia/commons/c/ca/1x1.png,Yes
Posters with hangers — hor,"Personalised posters with hangers from Pixora. Upload your photo, preview on a live product mockup, and we print and ship premium quality to your door. Ideal for home décor or gifting.",wall_hanging_poster_290-mm_natural-wood_wood_w14xt20-mm_8x10-inch-200x250-mm_200-gsm-80lb-uncoated_4-0_hor,https://upload.wikimedia.org/wikipedia/commons/c/ca/1x1.png,Yes
Posters with hangers — hor,"Personalised posters with hangers from Pixora. Upload your photo, preview on a live product mockup, and we print and ship premium quality to your door. Ideal for home décor or gifting.",wall_hanging_poster_290-mm_natural-wood_wood_w14xt20-mm_8x10-inch-200x250-mm_250-gsm-100lb-uncoated-offwhite-archival_4-0_hor,https://upload.wikimedia.org/wikipedia/commons/c/ca/1x1.png,Yes
Posters with hangers — hor,"Personalised posters with hangers from Pixora. Upload your photo, preview on a live product mockup, and we print and ship premium quality to your door. Ideal for home décor or gifting.",wall_hanging_poster_290-mm_white_wood_w14xt20-mm_10x10-inch-250x250-mm_170-gsm-65lb-coated-silk_4-0_hor,https://upload.wikimedia.org/wikipedia/commons/c/ca/1x1.png,Yes
Posters with hangers — ver,"Personalised posters with hangers from Pixora. Upload your photo, preview on a live product mockup, and we print and ship premium quality to your door. Ideal for home décor or gifting.",wall_hanging_poster_290-mm_white_wood_w14xt20-mm_10x10-inch-250x250-mm_170-gsm-65lb-coated-silk_4-0_ver,https://upload.wikimedia.org/wikipedia/commons/c/ca/1x1.png,Yes
Posters with hangers — hor,"Personalised posters with hangers from Pixora. Upload your photo, preview on a live product mockup, and we print and ship premium quality to your door. Ideal for home décor or gifting.",wall_hanging_poster_290-mm_white_wood_w14xt20-mm_10x10-inch-250x250-mm_170-gsm-65lb-uncoated_4-0_hor,https://upload.wikimedia.org/wikipedia/commons/c/ca/1x1.png,Yes
Posters with hangers — ver,"Personalised posters with hangers from Pixora. Upload your photo, preview on a live product mockup, and we print and ship premium quality to your door. Ideal for home décor or gifting.",wall_hanging_poster_290-mm_white_wood_w14xt20-mm_10x10-inch-250x250-mm_170-gsm-65lb-uncoated_4-0_ver,https://upload.wikimedia.org/wikipedia/commons/c/ca/1x1.png,Yes
Posters with hangers — hor,"Personalised posters with hangers from Pixora. Upload your photo, preview on a live product mockup, and we print and ship premium quality to your door. Ideal for home décor or gifting.",wall_hanging_poster_290-mm_white_wood_w14xt20-mm_10x10-inch-250x250-mm_200-gsm-80lb-coated-silk_4-0_hor,https://upload.wikimedia.org/wikipedia/commons/c/ca/1x1.png,Yes
Posters with hangers — ver,"Personalised posters with hangers from Pixora. Upload your photo, preview on a live product mockup, and we print and ship premium quality to your door. Ideal for home décor or gifting.",wall_hanging_poster_290-mm_white_wood_w14xt20-mm_10x10-inch-250x250-mm_200-gsm-80lb-coated-silk_4-0_ver,https://upload.wikimedia.org/wikipedia/commons/c/ca/1x1.png,Yes
Posters with hangers — hor,"Personalised posters with hangers from Pixora. Upload your photo, preview on a live product mockup, and we print and ship premium quality to your door. Ideal for home décor or gifting.",wall_hanging_poster_290-mm_white_wood_w14xt20-mm_10x10-inch-250x250-mm_200-gsm-80lb-uncoated_4-0_hor,https://upload.wikimedia.org/wikipedia/commons/c/ca/1x1.png,Yes
Posters with hangers — ver,"Personalised posters with hangers from Pixora. Upload your photo, preview on a live product mockup, and we print and ship premium quality to your door. Ideal for home décor or gifting.",wall_hanging_poster_290-mm_white_wood_w14xt20-mm_10x10-inch-250x250-mm_200-gsm-80lb-uncoated_4-0_ver,https://upload.wikimedia.org/wikipedia/commons/c/ca/1x1.png,Yes
Posters with hangers — hor,"Personalised posters with hangers from Pixora. Upload your photo, preview on a live product mockup, and we print and ship premium quality to your door. Ideal for home décor or gifting.",wall_hanging_poster_290-mm_white_wood_w14xt20-mm_10x10-inch-250x250-mm_250-gsm-100lb-uncoated-offwhite-archival_4-0_hor,https://upload.wikimedia.org/wikipedia/commons/c/ca/1x1.png,Yes
Posters with hangers — ver,"Personalised posters with hangers from Pixora. Upload your photo, preview on a live product mockup, and we print and ship premium quality to your door. Ideal for home décor or gifting.",wall_hanging_poster_290-mm_white_wood_w14xt20-mm_10x10-inch-250x250-mm_250-gsm-100lb-uncoated-offwhite-archival_4-0_ver,https://upload.wikimedia.org/wikipedia/commons/c/ca/1x1.png,Yes
Posters with hangers — ver,"Personalised posters with hangers from Pixora. Upload your photo, preview on a live product mockup, and we print and ship premium quality to your door. Ideal for home décor or gifting.",wall_hanging_poster_290-mm_white_wood_w14xt20-mm_10x24-inch-250x600-mm_170-gsm-65lb-coated-silk_4-0_ver,https://upload.wikimedia.org/wikipedia/commons/c/ca/1x1.png,Yes
Posters with hangers — ver,"Personalised posters with hangers from Pixora. Upload your photo, preview on a live product mockup, and we print and ship premium quality to your door. Ideal for home décor or gifting.",wall_hanging_poster_290-mm_white_wood_w14xt20-mm_10x24-inch-250x600-mm_170-gsm-65lb-uncoated_4-0_ver,https://upload.wikimedia.org/wikipedia/commons/c/ca/1x1.png,Yes
Posters with hangers — ver,"Personalised posters with hangers from Pixora. Upload your photo, preview on a live product mockup, and we print and ship premium quality to your door. Ideal for home décor or gifting.",wall_hanging_poster_290-mm_white_wood_w14xt20-mm_10x24-inch-250x600-mm_200-gsm-80lb-coated-silk_4-0_ver,https://upload.wikimedia.org/wikipedia/commons/c/ca/1x1.png,Yes
Posters with hangers — ver,"Personalised posters with hangers from Pixora. Upload your photo, preview on a live product mockup, and we print and ship premium quality to your door. Ideal for home décor or gifting.",wall_hanging_poster_290-mm_white_wood_w14xt20-mm_10x24-inch-250x600-mm_200-gsm-80lb-uncoated_4-0_ver,https://upload.wikimedia.org/wikipedia/commons/c/ca/1x1.png,Yes
Posters with hangers — ver,"Personalised posters with hangers from Pixora. Upload your photo, preview on a live product mockup, and we print and ship premium quality to your door. Ideal for home décor or gifting.",wall_hanging_poster_290-mm_white_wood_w14xt20-mm_10x24-inch-250x600-mm_250-gsm-100lb-uncoated-offwhite-archival_4-0_ver,https://upload.wikimedia.org/wikipedia/commons/c/ca/1x1.png,Yes
Posters with hangers — ver,"Personalised posters with hangers from Pixora. Upload your photo, preview on a live product mockup, and we print and ship premium quality to your door. Ideal for home décor or gifting.",wall_hanging_poster_290-mm_white_wood_w14xt20-mm_11x14-inch-270x350-mm_170-gsm-65lb-coated-silk_4-0_ver,https://upload.wikimedia.org/wikipedia/commons/c/ca/1x1.png,Yes
Posters with hangers — ver,"Personalised posters with hangers from Pixora. Upload your photo, preview on a live product mockup, and we print and ship premium quality to your door. Ideal for home décor or gifting.",wall_hanging_poster_290-mm_white_wood_w14xt20-mm_11x14-inch-270x350-mm_170-gsm-65lb-uncoated_4-0_ver,https://upload.wikimedia.org/wikipedia/commons/c/ca/1x1.png,Yes
Posters with hangers — ver,"Personalised posters with hangers from Pixora. Upload your photo, preview on a live product mockup, and we print and ship premium quality to your door. Ideal for home décor or gifting.",wall_hanging_poster_290-mm_white_wood_w14xt20-mm_11x14-inch-270x350-mm_200-gsm-80lb-coated-silk_4-0_ver,https://upload.wikimedia.org/wikipedia/commons/c/ca/1x1.png,Yes
Posters with hangers — ver,"Personalised posters with hangers from Pixora. Upload your photo, preview on a live product mockup, and we print and ship premium quality to your door. Ideal for home décor or gifting.",wall_hanging_poster_290-mm_white_wood_w14xt20-mm_11x14-inch-270x350-mm_200-gsm-80lb-uncoated_4-0_ver,https://upload.wikimedia.org/wikipedia/commons/c/ca/1x1.png,Yes
Posters with hangers — ver,"Personalised posters with hangers from Pixora. Upload your photo, preview on a live product mockup, and we print and ship premium quality to your door. Ideal for home décor or gifting.",wall_hanging_poster_290-mm_white_wood_w14xt20-mm_11x14-inch-270x350-mm_250-gsm-100lb-uncoated-offwhite-archival_4-0_ver,https://upload.wikimedia.org/wikipedia/commons/c/ca/1x1.png,Yes
Posters with hangers — hor,"Personalised posters with hangers from Pixora. Upload your photo, preview on a live product mockup, and we print and ship premium quality to your door. Ideal for home décor or gifting.",wall_hanging_poster_290-mm_white_wood_w14xt20-mm_200x250-mm-8x10-inch_170-gsm-65lb-coated-silk_4-0_hor,https://upload.wikimedia.org/wikipedia/commons/c/ca/1x1.png,Yes
Posters with hangers — hor,"Personalised posters with hangers from Pixora. Upload your photo, preview on a live product mockup, and we print and ship premium quality to your door. Ideal for home décor or gifting.",wall_hanging_poster_290-mm_white_wood_w14xt20-mm_200x250-mm-8x10-inch_170-gsm-65lb-uncoated_4-0_hor,https://upload.wikimedia.org/wikipedia/commons/c/ca/1x1.png,Yes
Posters with hangers — hor,"Personalised posters with hangers from Pixora. Upload your photo, preview on a live product mockup, and we print and ship premium quality to your door. Ideal for home décor or gifting.",wall_hanging_poster_290-mm_white_wood_w14xt20-mm_200x250-mm-8x10-inch_200-gsm-80lb-coated-silk_4-0_hor,https://upload.wikimedia.org/wikipedia/commons/c/ca/1x1.png,Yes
Posters with hangers — hor,"Personalised posters with hangers from Pixora. Upload your photo, preview on a live product mockup, and we print and ship premium quality to your door. Ideal for home décor or gifting.",wall_hanging_poster_290-mm_white_wood_w14xt20-mm_200x250-mm-8x10-inch_200-gsm-80lb-uncoated_4-0_hor,https://upload.wikimedia.org/wikipedia/commons/c/ca/1x1.png,Yes
Posters with hangers — hor,"Personalised posters with hangers from Pixora. Upload your photo, preview on a live product mockup, and we print and ship premium quality to your door. Ideal for home décor or gifting.",wall_hanging_poster_290-mm_white_wood_w14xt20-mm_200x250-mm-8x10-inch_250-gsm-100lb-uncoated-offwhite-archival_4-0_hor,https://upload.wikimedia.org/wikipedia/commons/c/ca/1x1.png,Yes
Posters with hangers — hor,"Personalised posters with hangers from Pixora. Upload your photo, preview on a live product mockup, and we print and ship premium quality to your door. Ideal for home décor or gifting.",wall_hanging_poster_290-mm_white_wood_w14xt20-mm_250x250-mm-10x10-inch_170-gsm-65lb-coated-silk_4-0_hor,https://upload.wikimedia.org/wikipedia/commons/c/ca/1x1.png,Yes
Posters with hangers — ver,"Personalised posters with hangers from Pixora. Upload your photo, preview on a live product mockup, and we print and ship premium quality to your door. Ideal for home décor or gifting.",wall_hanging_poster_290-mm_white_wood_w14xt20-mm_250x250-mm-10x10-inch_170-gsm-65lb-coated-silk_4-0_ver,https://upload.wikimedia.org/wikipedia/commons/c/ca/1x1.png,Yes
Posters with hangers — hor,"Personalised posters with hangers from Pixora. Upload your photo, preview on a live product mockup, and we print and ship premium quality to your door. Ideal for home décor or gifting.",wall_hanging_poster_290-mm_white_wood_w14xt20-mm_250x250-mm-10x10-inch_170-gsm-65lb-uncoated_4-0_hor,https://upload.wikimedia.org/wikipedia/commons/c/ca/1x1.png,Yes
Posters with hangers — ver,"Personalised posters with hangers from Pixora. Upload your photo, preview on a live product mockup, and we print and ship premium quality to your door. Ideal for home décor or gifting.",wall_hanging_poster_290-mm_white_wood_w14xt20-mm_250x250-mm-10x10-inch_170-gsm-65lb-uncoated_4-0_ver,https://upload.wikimedia.org/wikipedia/commons/c/ca/1x1.png,Yes
Posters with hangers — hor,"Personalised posters with hangers from Pixora. Upload your photo, preview on a live product mockup, and we print and ship premium quality to your door. Ideal for home décor or gifting.",wall_hanging_poster_290-mm_white_wood_w14xt20-mm_250x250-mm-10x10-inch_200-gsm-80lb-coated-silk_4-0_hor,https://upload.wikimedia.org/wikipedia/commons/c/ca/1x1.png,Yes
Posters with hangers — ver,"Personalised posters with hangers from Pixora. Upload your photo, preview on a live product mockup, and we print and ship premium quality to your door. Ideal for home décor or gifting.",wall_hanging_poster_290-mm_white_wood_w14xt20-mm_250x250-mm-10x10-inch_200-gsm-80lb-coated-silk_4-0_ver,https://upload.wikimedia.org/wikipedia/commons/c/ca/1x1.png,Yes
Posters with hangers — hor,"Personalised posters with hangers from Pixora. Upload your photo, preview on a live product mockup, and we print and ship premium quality to your door. Ideal for home décor or gifting.",wall_hanging_poster_290-mm_white_wood_w14xt20-mm_250x250-mm-10x10-inch_200-gsm-80lb-uncoated_4-0_hor,https://upload.wikimedia.org/wikipedia/commons/c/ca/1x1.png,Yes
Posters with hangers — ver,"Personalised posters with hangers from Pixora. Upload your photo, preview on a live product mockup, and we print and ship premium quality to your door. Ideal for home décor or gifting.",wall_hanging_poster_290-mm_white_wood_w14xt20-mm_250x250-mm-10x10-inch_200-gsm-80lb-uncoated_4-0_ver,https://upload.wikimedia.org/wikipedia/commons/c/ca/1x1.png,Yes
Posters with hangers — hor,"Personalised posters with hangers from Pixora. Upload your photo, preview on a live product mockup, and we print and ship premium quality to your door. Ideal for home décor or gifting.",wall_hanging_poster_290-mm_white_wood_w14xt20-mm_250x250-mm-10x10-inch_250-gsm-100lb-uncoated-offwhite-archival_4-0_hor,https://upload.wikimedia.org/wikipedia/commons/c/ca/1x1.png,Yes
Posters with hangers — ver,"Personalised posters with hangers from Pixora. Upload your photo, preview on a live product mockup, and we print and ship premium quality to your door. Ideal for home décor or gifting.",wall_hanging_poster_290-mm_white_wood_w14xt20-mm_250x250-mm-10x10-inch_250-gsm-100lb-uncoated-offwhite-archival_4-0_ver,https://upload.wikimedia.org/wikipedia/commons/c/ca/1x1.png,Yes
Posters with hangers — ver,"Personalised posters with hangers from Pixora. Upload your photo, preview on a live product mockup, and we print and ship premium quality to your door. Ideal for home décor or gifting.",wall_hanging_poster_290-mm_white_wood_w14xt20-mm_250x600-mm-10x24-inch_170-gsm-65lb-coated-silk_4-0_ver,https://upload.wikimedia.org/wikipedia/commons/c/ca/1x1.png,Yes
Posters with hangers — ver,"Personalised posters with hangers from Pixora. Upload your photo, preview on a live product mockup, and we print and ship premium quality to your door. Ideal for home décor or gifting.",wall_hanging_poster_290-mm_white_wood_w14xt20-mm_250x600-mm-10x24-inch_170-gsm-65lb-uncoated_4-0_ver,https://upload.wikimedia.org/wikipedia/commons/c/ca/1x1.png,Yes
Posters with hangers — ver,"Personalised posters with hangers from Pixora. Upload your photo, preview on a live product mockup, and we print and ship premium quality to your door. Ideal for home décor or gifting.",wall_hanging_poster_290-mm_white_wood_w14xt20-mm_250x600-mm-10x24-inch_200-gsm-80lb-coated-silk_4-0_ver,https://upload.wikimedia.org/wikipedia/commons/c/ca/1x1.png,Yes
Posters with hangers — ver,"Personalised posters with hangers from Pixora. Upload your photo, preview on a live product mockup, and we print and ship premium quality to your door. Ideal for home décor or gifting.",wall_hanging_poster_290-mm_white_wood_w14xt20-mm_250x600-mm-10x24-inch_200-gsm-80lb-uncoated_4-0_ver,https://upload.wikimedia.org/wikipedia/commons/c/ca/1x1.png,Yes
Posters with hangers — ver,"Personalised posters with hangers from Pixora. Upload your photo, preview on a live product mockup, and we print and ship premium quality to your door. Ideal for home décor or gifting.",wall_hanging_poster_290-mm_white_wood_w14xt20-mm_250x600-mm-10x24-inch_250-gsm-100lb-uncoated-offwhite-archival_4-0_ver,https://upload.wikimedia.org/wikipedia/commons/c/ca/1x1.png,Yes
Posters with hangers — ver,"Personalised posters with hangers from Pixora. Upload your photo, preview on a live product mockup, and we print and ship premium quality to your door. Ideal for home décor or gifting.",wall_hanging_poster_290-mm_white_wood_w14xt20-mm_270x350-mm-11x14-inch_170-gsm-65lb-coated-silk_4-0_ver,https://upload.wikimedia.org/wikipedia/commons/c/ca/1x1.png,Yes
Posters with hangers — ver,"Personalised posters with hangers from Pixora. Upload your photo, preview on a live product mockup, and we print and ship premium quality to your door. Ideal for home décor or gifting.",wall_hanging_poster_290-mm_white_wood_w14xt20-mm_270x350-mm-11x14-inch_170-gsm-65lb-uncoated_4-0_ver,https://upload.wikimedia.org/wikipedia/commons/c/ca/1x1.png,Yes
Posters with hangers — ver,"Personalised posters with hangers from Pixora. Upload your photo, preview on a live product mockup, and we print and ship premium quality to your door. Ideal for home décor or gifting.",wall_hanging_poster_290-mm_white_wood_w14xt20-mm_270x350-mm-11x14-inch_200-gsm-80lb-coated-silk_4-0_ver,https://upload.wikimedia.org/wikipedia/commons/c/ca/1x1.png,Yes
Posters with hangers — ver,"Personalised posters with hangers from Pixora. Upload your photo, preview on a live product mockup, and we print and ship premium quality to your door. Ideal for home décor or gifting.",wall_hanging_poster_290-mm_white_wood_w14xt20-mm_270x350-mm-11x14-inch_200-gsm-80lb-uncoated_4-0_ver,https://upload.wikimedia.org/wikipedia/commons/c/ca/1x1.png,Yes
Posters with hangers — ver,"Personalised posters with hangers from Pixora. Upload your photo, preview on a live product mockup, and we print and ship premium quality to your door. Ideal for home décor or gifting.",wall_hanging_poster_290-mm_white_wood_w14xt20-mm_270x350-mm-11x14-inch_250-gsm-100lb-uncoated-offwhite-archival_4-0_ver,https://upload.wikimedia.org/wikipedia/commons/c/ca/1x1.png,Yes
Posters with hangers — hor,"Personalised posters with hangers from Pixora. Upload your photo, preview on a live product mockup, and we print and ship premium quality to your door. Ideal for home décor or gifting.",wall_hanging_poster_290-mm_white_wood_w14xt20-mm_8x10-inch-200x250-mm_170-gsm-65lb-coated-silk_4-0_hor,https://upload.wikimedia.org/wikipedia/commons/c/ca/1x1.png,Yes
Posters with hangers — hor,"Personalised posters with hangers from Pixora. Upload your photo, preview on a live product mockup, and we print and ship premium quality to your door. Ideal for home décor or gifting.",wall_hanging_poster_290-mm_white_wood_w14xt20-mm_8x10-inch-200x250-mm_170-gsm-65lb-uncoated_4-0_hor,https://upload.wikimedia.org/wikipedia/commons/c/ca/1x1.png,Yes
Posters with hangers — hor,"Personalised posters with hangers from Pixora. Upload your photo, preview on a live product mockup, and we print and ship premium quality to your door. Ideal for home décor or gifting.",wall_hanging_poster_290-mm_white_wood_w14xt20-mm_8x10-inch-200x250-mm_200-gsm-80lb-coated-silk_4-0_hor,https://upload.wikimedia.org/wikipedia/commons/c/ca/1x1.png,Yes
Posters with hangers — hor,"Personalised posters with hangers from Pixora. Upload your photo, preview on a live product mockup, and we print and ship premium quality to your door. Ideal for home décor or gifting.",wall_hanging_poster_290-mm_white_wood_w14xt20-mm_8x10-inch-200x250-mm_200-gsm-80lb-uncoated_4-0_hor,https://upload.wikimedia.org/wikipedia/commons/c/ca/1x1.png,Yes
Posters with hangers — hor,"Personalised posters with hangers from Pixora. Upload your photo, preview on a live product mockup, and we print and ship premium quality to your door. Ideal for home décor or gifting.",wall_hanging_poster_290-mm_white_wood_w14xt20-mm_8x10-inch-200x250-mm_250-gsm-100lb-uncoated-offwhite-archival_4-0_hor,https://upload.wikimedia.org/wikipedia/commons/c/ca/1x1.png,Yes
Posters with hangers — hor,"Personalised posters with hangers from Pixora. Upload your photo, preview on a live product mockup, and we print and ship premium quality to your door. Ideal for home décor or gifting.",wall_hanging_poster_310-mm_black_wood_w14xt20-mm_12x12-inch-300x300-mm_170-gsm-65lb-coated-silk_4-0_hor,https://upload.wikimedia.org/wikipedia/commons/c/ca/1x1.png,Yes
Posters with hangers — ver,"Personalised posters with hangers from Pixora. Upload your photo, preview on a live product mockup, and we print and ship premium quality to your door. Ideal for home décor or gifting.",wall_hanging_poster_310-mm_black_wood_w14xt20-mm_12x12-inch-300x300-mm_170-gsm-65lb-coated-silk_4-0_ver,https://upload.wikimedia.org/wikipedia/commons/c/ca/1x1.png,Yes
Posters with hangers — hor,"Personalised posters with hangers from Pixora. Upload your photo, preview on a live product mockup, and we print and ship premium quality to your door. Ideal for home décor or gifting.",wall_hanging_poster_310-mm_black_wood_w14xt20-mm_12x12-inch-300x300-mm_170-gsm-65lb-uncoated_4-0_hor,https://upload.wikimedia.org/wikipedia/commons/c/ca/1x1.png,Yes
Posters with hangers — ver,"Personalised posters with hangers from Pixora. Upload your photo, preview on a live product mockup, and we print and ship premium quality to your door. Ideal for home décor or gifting.",wall_hanging_poster_310-mm_black_wood_w14xt20-mm_12x12-inch-300x300-mm_170-gsm-65lb-uncoated_4-0_ver,https://upload.wikimedia.org/wikipedia/commons/c/ca/1x1.png,Yes
Posters with hangers — hor,"Personalised posters with hangers from Pixora. Upload your photo, preview on a live product mockup, and we print and ship premium quality to your door. Ideal for home décor or gifting.",wall_hanging_poster_310-mm_black_wood_w14xt20-mm_12x12-inch-300x300-mm_200-gsm-80lb-coated-silk_4-0_hor,https://upload.wikimedia.org/wikipedia/commons/c/ca/1x1.png,Yes
Posters with hangers — ver,"Personalised posters with hangers from Pixora. Upload your photo, preview on a live product mockup, and we print and ship premium quality to your door. Ideal for home décor or gifting.",wall_hanging_poster_310-mm_black_wood_w14xt20-mm_12x12-inch-300x300-mm_200-gsm-80lb-coated-silk_4-0_ver,https://upload.wikimedia.org/wikipedia/commons/c/ca/1x1.png,Yes
Posters with hangers — hor,"Personalised posters with hangers from Pixora. Upload your photo, preview on a live product mockup, and we print and ship premium quality to your door. Ideal for home décor or gifting.",wall_hanging_poster_310-mm_black_wood_w14xt20-mm_12x12-inch-300x300-mm_200-gsm-80lb-uncoated_4-0_hor,https://upload.wikimedia.org/wikipedia/commons/c/ca/1x1.png,Yes
Posters with hangers — ver,"Personalised posters with hangers from Pixora. Upload your photo, preview on a live product mockup, and we print and ship premium quality to your door. Ideal for home décor or gifting.",wall_hanging_poster_310-mm_black_wood_w14xt20-mm_12x12-inch-300x300-mm_200-gsm-80lb-uncoated_4-0_ver,https://upload.wikimedia.org/wikipedia/commons/c/ca/1x1.png,Yes
Posters with hangers — hor,"Personalised posters with hangers from Pixora. Upload your photo, preview on a live product mockup, and we print and ship premium quality to your door. Ideal for home décor or gifting.",wall_hanging_poster_310-mm_black_wood_w14xt20-mm_12x12-inch-300x300-mm_250-gsm-100lb-uncoated-offwhite-archival_4-0_hor,https://upload.wikimedia.org/wikipedia/commons/c/ca/1x1.png,Yes
Posters with hangers — ver,"Personalised posters with hangers from Pixora. Upload your photo, preview on a live product mockup, and we print and ship premium quality to your door. Ideal for home décor or gifting.",wall_hanging_poster_310-mm_black_wood_w14xt20-mm_12x12-inch-300x300-mm_250-gsm-100lb-uncoated-offwhite-archival_4-0_ver,https://upload.wikimedia.org/wikipedia/commons/c/ca/1x1.png,Yes
Posters with hangers — ver,"Personalised posters with hangers from Pixora. Upload your photo, preview on a live product mockup, and we print and ship premium quality to your door. Ideal for home décor or gifting.",wall_hanging_poster_310-mm_black_wood_w14xt20-mm_12x16-inch-300x400-mm_170-gsm-65lb-coated-silk_4-0_ver,https://upload.wikimedia.org/wikipedia/commons/c/ca/1x1.png,Yes
Posters with hangers — ver,"Personalised posters with hangers from Pixora. Upload your photo, preview on a live product mockup, and we print and ship premium quality to your door. Ideal for home décor or gifting.",wall_hanging_poster_310-mm_black_wood_w14xt20-mm_12x16-inch-300x400-mm_170-gsm-65lb-uncoated_4-0_ver,https://upload.wikimedia.org/wikipedia/commons/c/ca/1x1.png,Yes
Posters with hangers — ver,"Personalised posters with hangers from Pixora. Upload your photo, preview on a live product mockup, and we print and ship premium quality to your door. Ideal for home décor or gifting.",wall_hanging_poster_310-mm_black_wood_w14xt20-mm_12x16-inch-300x400-mm_200-gsm-80lb-coated-silk_4-0_ver,https://upload.wikimedia.org/wikipedia/commons/c/ca/1x1.png,Yes
Posters with hangers — ver,"Personalised posters with hangers from Pixora. Upload your photo, preview on a live product mockup, and we print and ship premium quality to your door. Ideal for home décor or gifting.",wall_hanging_poster_310-mm_black_wood_w14xt20-mm_12x16-inch-300x400-mm_200-gsm-80lb-uncoated_4-0_ver,https://upload.wikimedia.org/wikipedia/commons/c/ca/1x1.png,Yes
Posters with hangers — ver,"Personalised posters with hangers from Pixora. Upload your photo, preview on a live product mockup, and we print and ship premium quality to your door. Ideal for home décor or gifting.",wall_hanging_poster_310-mm_black_wood_w14xt20-mm_12x16-inch-300x400-mm_250-gsm-100lb-uncoated-offwhite-archival_4-0_ver,https://upload.wikimedia.org/wikipedia/commons/c/ca/1x1.png,Yes
Posters with hangers — ver,"Personalised posters with hangers from Pixora. Upload your photo, preview on a live product mockup, and we print and ship premium quality to your door. Ideal for home décor or gifting.",wall_hanging_poster_310-mm_black_wood_w14xt20-mm_12x18-inch-300x450-mm_170-gsm-65lb-coated-silk_4-0_ver,https://upload.wikimedia.org/wikipedia/commons/c/ca/1x1.png,Yes
Posters with hangers — ver,"Personalised posters with hangers from Pixora. Upload your photo, preview on a live product mockup, and we print and ship premium quality to your door. Ideal for home décor or gifting.",wall_hanging_poster_310-mm_black_wood_w14xt20-mm_12x18-inch-300x450-mm_170-gsm-65lb-uncoated_4-0_ver,https://upload.wikimedia.org/wikipedia/commons/c/ca/1x1.png,Yes
Posters with hangers — ver,"Personalised posters with hangers from Pixora. Upload your photo, preview on a live product mockup, and we print and ship premium quality to your door. Ideal for home décor or gifting.",wall_hanging_poster_310-mm_black_wood_w14xt20-mm_12x18-inch-300x450-mm_200-gsm-80lb-coated-silk_4-0_ver,https://upload.wikimedia.org/wikipedia/commons/c/ca/1x1.png,Yes
Posters with hangers — ver,"Personalised posters with hangers from Pixora. Upload your photo, preview on a live product mockup, and we print and ship premium quality to your door. Ideal for home décor or gifting.",wall_hanging_poster_310-mm_black_wood_w14xt20-mm_12x18-inch-300x450-mm_200-gsm-80lb-uncoated_4-0_ver,https://upload.wikimedia.org/wikipedia/commons/c/ca/1x1.png,Yes
Posters with hangers — ver,"Personalised posters with hangers from Pixora. Upload your photo, preview on a live product mockup, and we print and ship premium quality to your door. Ideal for home décor or gifting.",wall_hanging_poster_310-mm_black_wood_w14xt20-mm_12x18-inch-300x450-mm_250-gsm-100lb-uncoated-offwhite-archival_4-0_ver,https://upload.wikimedia.org/wikipedia/commons/c/ca/1x1.png,Yes
Posters with hangers — ver,"Personalised posters with hangers from Pixora. Upload your photo, preview on a live product mockup, and we print and ship premium quality to your door. Ideal for home décor or gifting.",wall_hanging_poster_310-mm_black_wood_w14xt20-mm_280x430-mm-xl_170-gsm-65lb-coated-silk_4-0_ver,https://upload.wikimedia.org/wikipedia/commons/c/ca/1x1.png,Yes
Posters with hangers — ver,"Personalised posters with hangers from Pixora. Upload your photo, preview on a live product mockup, and we print and ship premium quality to your door. Ideal for home décor or gifting.",wall_hanging_poster_310-mm_black_wood_w14xt20-mm_280x430-mm-xl_170-gsm-65lb-uncoated_4-0_ver,https://upload.wikimedia.org/wikipedia/commons/c/ca/1x1.png,Yes
Posters with hangers — ver,"Personalised posters with hangers from Pixora. Upload your photo, preview on a live product mockup, and we print and ship premium quality to your door. Ideal for home décor or gifting.",wall_hanging_poster_310-mm_black_wood_w14xt20-mm_280x430-mm-xl_200-gsm-80lb-coated-silk_4-0_ver,https://upload.wikimedia.org/wikipedia/commons/c/ca/1x1.png,Yes
Posters with hangers — ver,"Personalised posters with hangers from Pixora. Upload your photo, preview on a live product mockup, and we print and ship premium quality to your door. Ideal for home décor or gifting.",wall_hanging_poster_310-mm_black_wood_w14xt20-mm_280x430-mm-xl_200-gsm-80lb-uncoated_4-0_ver,https://upload.wikimedia.org/wikipedia/commons/c/ca/1x1.png,Yes
Posters with hangers — ver,"Personalised posters with hangers from Pixora. Upload your photo, preview on a live product mockup, and we print and ship premium quality to your door. Ideal for home décor or gifting.",wall_hanging_poster_310-mm_black_wood_w14xt20-mm_280x430-mm-xl_250-gsm-100lb-uncoated-offwhite-archival_4-0_ver,https://upload.wikimedia.org/wikipedia/commons/c/ca/1x1.png,Yes
Posters with hangers — hor,"Personalised posters with hangers from Pixora. Upload your photo, preview on a live product mockup, and we print and ship premium quality to your door. Ideal for home décor or gifting.",wall_hanging_poster_310-mm_black_wood_w14xt20-mm_300x300-mm-12x12-inch_170-gsm-65lb-coated-silk_4-0_hor,https://upload.wikimedia.org/wikipedia/commons/c/ca/1x1.png,Yes
Posters with hangers — ver,"Personalised posters with hangers from Pixora. Upload your photo, preview on a live product mockup, and we print and ship premium quality to your door. Ideal for home décor or gifting.",wall_hanging_poster_310-mm_black_wood_w14xt20-mm_300x300-mm-12x12-inch_170-gsm-65lb-coated-silk_4-0_ver,https://upload.wikimedia.org/wikipedia/commons/c/ca/1x1.png,Yes
Posters with hangers — hor,"Personalised posters with hangers from Pixora. Upload your photo, preview on a live product mockup, and we print and ship premium quality to your door. Ideal for home décor or gifting.",wall_hanging_poster_310-mm_black_wood_w14xt20-mm_300x300-mm-12x12-inch_170-gsm-65lb-uncoated_4-0_hor,https://upload.wikimedia.org/wikipedia/commons/c/ca/1x1.png,Yes
Posters with hangers — ver,"Personalised posters with hangers from Pixora. Upload your photo, preview on a live product mockup, and we print and ship premium quality to your door. Ideal for home décor or gifting.",wall_hanging_poster_310-mm_black_wood_w14xt20-mm_300x300-mm-12x12-inch_170-gsm-65lb-uncoated_4-0_ver,https://upload.wikimedia.org/wikipedia/commons/c/ca/1x1.png,Yes
Posters with hangers — hor,"Personalised posters with hangers from Pixora. Upload your photo, preview on a live product mockup, and we print and ship premium quality to your door. Ideal for home décor or gifting.",wall_hanging_poster_310-mm_black_wood_w14xt20-mm_300x300-mm-12x12-inch_200-gsm-80lb-coated-silk_4-0_hor,https://upload.wikimedia.org/wikipedia/commons/c/ca/1x1.png,Yes
Posters with hangers — ver,"Personalised posters with hangers from Pixora. Upload your photo, preview on a live product mockup, and we print and ship premium quality to your door. Ideal for home décor or gifting.",wall_hanging_poster_310-mm_black_wood_w14xt20-mm_300x300-mm-12x12-inch_200-gsm-80lb-coated-silk_4-0_ver,https://upload.wikimedia.org/wikipedia/commons/c/ca/1x1.png,Yes
Posters with hangers — hor,"Personalised posters with hangers from Pixora. Upload your photo, preview on a live product mockup, and we print and ship premium quality to your door. Ideal for home décor or gifting.",wall_hanging_poster_310-mm_black_wood_w14xt20-mm_300x300-mm-12x12-inch_200-gsm-80lb-uncoated_4-0_hor,https://upload.wikimedia.org/wikipedia/commons/c/ca/1x1.png,Yes
Posters with hangers — ver,"Personalised posters with hangers from Pixora. Upload your photo, preview on a live product mockup, and we print and ship premium quality to your door. Ideal for home décor or gifting.",wall_hanging_poster_310-mm_black_wood_w14xt20-mm_300x300-mm-12x12-inch_200-gsm-80lb-uncoated_4-0_ver,https://upload.wikimedia.org/wikipedia/commons/c/ca/1x1.png,Yes
Posters with hangers — hor,"Personalised posters with hangers from Pixora. Upload your photo, preview on a live product mockup, and we print and ship premium quality to your door. Ideal for home décor or gifting.",wall_hanging_poster_310-mm_black_wood_w14xt20-mm_300x300-mm-12x12-inch_250-gsm-100lb-uncoated-offwhite-archival_4-0_hor,https://upload.wikimedia.org/wikipedia/commons/c/ca/1x1.png,Yes
Posters with hangers — ver,"Personalised posters with hangers from Pixora. Upload your photo, preview on a live product mockup, and we print and ship premium quality to your door. Ideal for home décor or gifting.",wall_hanging_poster_310-mm_black_wood_w14xt20-mm_300x300-mm-12x12-inch_250-gsm-100lb-uncoated-offwhite-archival_4-0_ver,https://upload.wikimedia.org/wikipedia/commons/c/ca/1x1.png,Yes
Posters with hangers — ver,"Personalised posters with hangers from Pixora. Upload your photo, preview on a live product mockup, and we print and ship premium quality to your door. Ideal for home décor or gifting.",wall_hanging_poster_310-mm_black_wood_w14xt20-mm_300x400-mm-12x16-inch_170-gsm-65lb-coated-silk_4-0_ver,https://upload.wikimedia.org/wikipedia/commons/c/ca/1x1.png,Yes
Posters with hangers — ver,"Personalised posters with hangers from Pixora. Upload your photo, preview on a live product mockup, and we print and ship premium quality to your door. Ideal for home décor or gifting.",wall_hanging_poster_310-mm_black_wood_w14xt20-mm_300x400-mm-12x16-inch_170-gsm-65lb-uncoated_4-0_ver,https://upload.wikimedia.org/wikipedia/commons/c/ca/1x1.png,Yes
Posters with hangers — ver,"Personalised posters with hangers from Pixora. Upload your photo, preview on a live product mockup, and we print and ship premium quality to your door. Ideal for home décor or gifting.",wall_hanging_poster_310-mm_black_wood_w14xt20-mm_300x400-mm-12x16-inch_200-gsm-80lb-coated-silk_4-0_ver,https://upload.wikimedia.org/wikipedia/commons/c/ca/1x1.png,Yes
Posters with hangers — ver,"Personalised posters with hangers from Pixora. Upload your photo, preview on a live product mockup, and we print and ship premium quality to your door. Ideal for home décor or gifting.",wall_hanging_poster_310-mm_black_wood_w14xt20-mm_300x400-mm-12x16-inch_200-gsm-80lb-uncoated_4-0_ver,https://upload.wikimedia.org/wikipedia/commons/c/ca/1x1.png,Yes
Posters with hangers — ver,"Personalised posters with hangers from Pixora. Upload your photo, preview on a live product mockup, and we print and ship premium quality to your door. Ideal for home décor or gifting.",wall_hanging_poster_310-mm_black_wood_w14xt20-mm_300x400-mm-12x16-inch_250-gsm-100lb-uncoated-offwhite-archival_4-0_ver,https://upload.wikimedia.org/wikipedia/commons/c/ca/1x1.png,Yes
Posters with hangers — ver,"Personalised posters with hangers from Pixora. Upload your photo, preview on a live product mockup, and we print and ship premium quality to your door. Ideal for home décor or gifting.",wall_hanging_poster_310-mm_black_wood_w14xt20-mm_300x450-mm-12x18-inch_170-gsm-65lb-coated-silk_4-0_ver,https://upload.wikimedia.org/wikipedia/commons/c/ca/1x1.png,Yes
Posters with hangers — ver,"Personalised posters with hangers from Pixora. Upload your photo, preview on a live product mockup, and we print and ship premium quality to your door. Ideal for home décor or gifting.",wall_hanging_poster_310-mm_black_wood_w14xt20-mm_300x450-mm-12x18-inch_170-gsm-65lb-uncoated_4-0_ver,https://upload.wikimedia.org/wikipedia/commons/c/ca/1x1.png,Yes
Posters with hangers — ver,"Personalised posters with hangers from Pixora. Upload your photo, preview on a live product mockup, and we print and ship premium quality to your door. Ideal for home décor or gifting.",wall_hanging_poster_310-mm_black_wood_w14xt20-mm_300x450-mm-12x18-inch_200-gsm-80lb-coated-silk_4-0_ver,https://upload.wikimedia.org/wikipedia/commons/c/ca/1x1.png,Yes
Posters with hangers — ver,"Personalised posters with hangers from Pixora. Upload your photo, preview on a live product mockup, and we print and ship premium quality to your door. Ideal for home décor or gifting.",wall_hanging_poster_310-mm_black_wood_w14xt20-mm_300x450-mm-12x18-inch_200-gsm-80lb-uncoated_4-0_ver,https://upload.wikimedia.org/wikipedia/commons/c/ca/1x1.png,Yes
Posters with hangers — ver,"Personalised posters with hangers from Pixora. Upload your photo, preview on a live product mockup, and we print and ship premium quality to your door. Ideal for home décor or gifting.",wall_hanging_poster_310-mm_black_wood_w14xt20-mm_300x450-mm-12x18-inch_250-gsm-100lb-uncoated-offwhite-archival_4-0_ver,https://upload.wikimedia.org/wikipedia/commons/c/ca/1x1.png,Yes
Posters with hangers — hor,"Personalised posters with hangers from Pixora. Upload your photo, preview on a live product mockup, and we print and ship premium quality to your door. Ideal for home décor or gifting.",wall_hanging_poster_310-mm_black_wood_w14xt20-mm_8x12-inch-a4_170-gsm-65lb-coated-silk_4-0_hor,https://upload.wikimedia.org/wikipedia/commons/c/ca/1x1.png,Yes
Posters with hangers — hor,"Personalised posters with hangers from Pixora. Upload your photo, preview on a live product mockup, and we print and ship premium quality to your door. Ideal for home décor or gifting.",wall_hanging_poster_310-mm_black_wood_w14xt20-mm_8x12-inch-a4_170-gsm-65lb-uncoated_4-0_hor,https://upload.wikimedia.org/wikipedia/commons/c/ca/1x1.png,Yes
Posters with hangers — hor,"Personalised posters with hangers from Pixora. Upload your photo, preview on a live product mockup, and we print and ship premium quality to your door. Ideal for home décor or gifting.",wall_hanging_poster_310-mm_black_wood_w14xt20-mm_8x12-inch-a4_200-gsm-80lb-coated-silk_4-0_hor,https://upload.wikimedia.org/wikipedia/commons/c/ca/1x1.png,Yes
Posters with hangers — hor,"Personalised posters with hangers from Pixora. Upload your photo, preview on a live product mockup, and we print and ship premium quality to your door. Ideal for home décor or gifting.",wall_hanging_poster_310-mm_black_wood_w14xt20-mm_8x12-inch-a4_200-gsm-80lb-uncoated_4-0_hor,https://upload.wikimedia.org/wikipedia/commons/c/ca/1x1.png,Yes
Posters with hangers — hor,"Personalised posters with hangers from Pixora. Upload your photo, preview on a live product mockup, and we print and ship premium quality to your door. Ideal for home décor or gifting.",wall_hanging_poster_310-mm_black_wood_w14xt20-mm_8x12-inch-a4_250-gsm-100lb-uncoated-offwhite-archival_4-0_hor,https://upload.wikimedia.org/wikipedia/commons/c/ca/1x1.png,Yes
Posters with hangers — ver,"Personalised posters with hangers from Pixora. Upload your photo, preview on a live product mockup, and we print and ship premium quality to your door. Ideal for home décor or gifting.",wall_hanging_poster_310-mm_black_wood_w14xt20-mm_a3_170-gsm-65lb-coated-silk_4-0_ver,https://upload.wikimedia.org/wikipedia/commons/c/ca/1x1.png,Yes
Posters with hangers — ver,"Personalised posters with hangers from Pixora. Upload your photo, preview on a live product mockup, and we print and ship premium quality to your door. Ideal for home décor or gifting.",wall_hanging_poster_310-mm_black_wood_w14xt20-mm_a3_170-gsm-65lb-uncoated_4-0_ver,https://upload.wikimedia.org/wikipedia/commons/c/ca/1x1.png,Yes
Posters with hangers — ver,"Personalised posters with hangers from Pixora. Upload your photo, preview on a live product mockup, and we print and ship premium quality to your door. Ideal for home décor or gifting.",wall_hanging_poster_310-mm_black_wood_w14xt20-mm_a3_200-gsm-80lb-coated-silk_4-0_ver,https://upload.wikimedia.org/wikipedia/commons/c/ca/1x1.png,Yes
Posters with hangers — ver,"Personalised posters with hangers from Pixora. Upload your photo, preview on a live product mockup, and we print and ship premium quality to your door. Ideal for home décor or gifting.",wall_hanging_poster_310-mm_black_wood_w14xt20-mm_a3_200-gsm-80lb-uncoated_4-0_ver,https://upload.wikimedia.org/wikipedia/commons/c/ca/1x1.png,Yes
Posters with hangers — ver,"Personalised posters with hangers from Pixora. Upload your photo, preview on a live product mockup, and we print and ship premium quality to your door. Ideal for home décor or gifting.",wall_hanging_poster_310-mm_black_wood_w14xt20-mm_a3_250-gsm-100lb-uncoated-offwhite-archival_4-0_ver,https://upload.wikimedia.org/wikipedia/commons/c/ca/1x1.png,Yes
Posters with hangers — hor,"Personalised posters with hangers from Pixora. Upload your photo, preview on a live product mockup, and we print and ship premium quality to your door. Ideal for home décor or gifting.",wall_hanging_poster_310-mm_black_wood_w14xt20-mm_a4-8x12-inch_170-gsm-65lb-coated-silk_4-0_hor,https://upload.wikimedia.org/wikipedia/commons/c/ca/1x1.png,Yes
Posters with hangers — hor,"Personalised posters with hangers from Pixora. Upload your photo, preview on a live product mockup, and we print and ship premium quality to your door. Ideal for home décor or gifting.",wall_hanging_poster_310-mm_black_wood_w14xt20-mm_a4-8x12-inch_170-gsm-65lb-uncoated_4-0_hor,https://upload.wikimedia.org/wikipedia/commons/c/ca/1x1.png,Yes
Posters with hangers — hor,"Personalised posters with hangers from Pixora. Upload your photo, preview on a live product mockup, and we print and ship premium quality to your door. Ideal for home décor or gifting.",wall_hanging_poster_310-mm_black_wood_w14xt20-mm_a4-8x12-inch_200-gsm-80lb-coated-silk_4-0_hor,https://upload.wikimedia.org/wikipedia/commons/c/ca/1x1.png,Yes
Posters with hangers — hor,"Personalised posters with hangers from Pixora. Upload your photo, preview on a live product mockup, and we print and ship premium quality to your door. Ideal for home décor or gifting.",wall_hanging_poster_310-mm_black_wood_w14xt20-mm_a4-8x12-inch_200-gsm-80lb-uncoated_4-0_hor,https://upload.wikimedia.org/wikipedia/commons/c/ca/1x1.png,Yes
Posters with hangers — hor,"Personalised posters with hangers from Pixora. Upload your photo, preview on a live product mockup, and we print and ship premium quality to your door. Ideal for home décor or gifting.",wall_hanging_poster_310-mm_black_wood_w14xt20-mm_a4-8x12-inch_250-gsm-100lb-uncoated-offwhite-archival_4-0_hor,https://upload.wikimedia.org/wikipedia/commons/c/ca/1x1.png,Yes
Posters with hangers — ver,"Personalised posters with hangers from Pixora. Upload your photo, preview on a live product mockup, and we print and ship premium quality to your door. Ideal for home décor or gifting.",wall_hanging_poster_310-mm_black_wood_w14xt20-mm_xl-280x430-mm_170-gsm-65lb-coated-silk_4-0_ver,https://upload.wikimedia.org/wikipedia/commons/c/ca/1x1.png,Yes
Posters with hangers — ver,"Personalised posters with hangers from Pixora. Upload your photo, preview on a live product mockup, and we print and ship premium quality to your door. Ideal for home décor or gifting.",wall_hanging_poster_310-mm_black_wood_w14xt20-mm_xl-280x430-mm_170-gsm-65lb-uncoated_4-0_ver,https://upload.wikimedia.org/wikipedia/commons/c/ca/1x1.png,Yes
Posters with hangers — ver,"Personalised posters with hangers from Pixora. Upload your photo, preview on a live product mockup, and we print and ship premium quality to your door. Ideal for home décor or gifting.",wall_hanging_poster_310-mm_black_wood_w14xt20-mm_xl-280x430-mm_200-gsm-80lb-coated-silk_4-0_ver,https://upload.wikimedia.org/wikipedia/commons/c/ca/1x1.png,Yes
Posters with hangers — ver,"Personalised posters with hangers from Pixora. Upload your photo, preview on a live product mockup, and we print and ship premium quality to your door. Ideal for home décor or gifting.",wall_hanging_poster_310-mm_black_wood_w14xt20-mm_xl-280x430-mm_200-gsm-80lb-uncoated_4-0_ver,https://upload.wikimedia.org/wikipedia/commons/c/ca/1x1.png,Yes
Posters with hangers — ver,"Personalised posters with hangers from Pixora. Upload your photo, preview on a live product mockup, and we print and ship premium quality to your door. Ideal for home décor or gifting.",wall_hanging_poster_310-mm_black_wood_w14xt20-mm_xl-280x430-mm_250-gsm-100lb-uncoated-offwhite-archival_4-0_ver,https://upload.wikimedia.org/wikipedia/commons/c/ca/1x1.png,Yes
Posters with hangers — hor,"Personalised posters with hangers from Pixora. Upload your photo, preview on a live product mockup, and we print and ship premium quality to your door. Ideal for home décor or gifting.",wall_hanging_poster_310-mm_dark-wood_wood_w14xt20-mm_12x12-inch-300x300-mm_170-gsm-65lb-coated-silk_4-0_hor,https://upload.wikimedia.org/wikipedia/commons/c/ca/1x1.png,Yes
Posters with hangers — ver,"Personalised posters with hangers from Pixora. Upload your photo, preview on a live product mockup, and we print and ship premium quality to your door. Ideal for home décor or gifting.",wall_hanging_poster_310-mm_dark-wood_wood_w14xt20-mm_12x12-inch-300x300-mm_170-gsm-65lb-coated-silk_4-0_ver,https://upload.wikimedia.org/wikipedia/commons/c/ca/1x1.png,Yes
Posters with hangers — hor,"Personalised posters with hangers from Pixora. Upload your photo, preview on a live product mockup, and we print and ship premium quality to your door. Ideal for home décor or gifting.",wall_hanging_poster_310-mm_dark-wood_wood_w14xt20-mm_12x12-inch-300x300-mm_170-gsm-65lb-uncoated_4-0_hor,https://upload.wikimedia.org/wikipedia/commons/c/ca/1x1.png,Yes
Posters with hangers — ver,"Personalised posters with hangers from Pixora. Upload your photo, preview on a live product mockup, and we print and ship premium quality to your door. Ideal for home décor or gifting.",wall_hanging_poster_310-mm_dark-wood_wood_w14xt20-mm_12x12-inch-300x300-mm_170-gsm-65lb-uncoated_4-0_ver,https://upload.wikimedia.org/wikipedia/commons/c/ca/1x1.png,Yes
Posters with hangers — hor,"Personalised posters with hangers from Pixora. Upload your photo, preview on a live product mockup, and we print and ship premium quality to your door. Ideal for home décor or gifting.",wall_hanging_poster_310-mm_dark-wood_wood_w14xt20-mm_12x12-inch-300x300-mm_200-gsm-80lb-coated-silk_4-0_hor,https://upload.wikimedia.org/wikipedia/commons/c/ca/1x1.png,Yes
Posters with hangers — ver,"Personalised posters with hangers from Pixora. Upload your photo, preview on a live product mockup, and we print and ship premium quality to your door. Ideal for home décor or gifting.",wall_hanging_poster_310-mm_dark-wood_wood_w14xt20-mm_12x12-inch-300x300-mm_200-gsm-80lb-coated-silk_4-0_ver,https://upload.wikimedia.org/wikipedia/commons/c/ca/1x1.png,Yes
Posters with hangers — hor,"Personalised posters with hangers from Pixora. Upload your photo, preview on a live product mockup, and we print and ship premium quality to your door. Ideal for home décor or gifting.",wall_hanging_poster_310-mm_dark-wood_wood_w14xt20-mm_12x12-inch-300x300-mm_200-gsm-80lb-uncoated_4-0_hor,https://upload.wikimedia.org/wikipedia/commons/c/ca/1x1.png,Yes
Posters with hangers — ver,"Personalised posters with hangers from Pixora. Upload your photo, preview on a live product mockup, and we print and ship premium quality to your door. Ideal for home décor or gifting.",wall_hanging_poster_310-mm_dark-wood_wood_w14xt20-mm_12x12-inch-300x300-mm_200-gsm-80lb-uncoated_4-0_ver,https://upload.wikimedia.org/wikipedia/commons/c/ca/1x1.png,Yes
Posters with hangers — hor,"Personalised posters with hangers from Pixora. Upload your photo, preview on a live product mockup, and we print and ship premium quality to your door. Ideal for home décor or gifting.",wall_hanging_poster_310-mm_dark-wood_wood_w14xt20-mm_12x12-inch-300x300-mm_250-gsm-100lb-uncoated-offwhite-archival_4-0_hor,https://upload.wikimedia.org/wikipedia/commons/c/ca/1x1.png,Yes
Posters with hangers — ver,"Personalised posters with hangers from Pixora. Upload your photo, preview on a live product mockup, and we print and ship premium quality to your door. Ideal for home décor or gifting.",wall_hanging_poster_310-mm_dark-wood_wood_w14xt20-mm_12x12-inch-300x300-mm_250-gsm-100lb-uncoated-offwhite-archival_4-0_ver,https://upload.wikimedia.org/wikipedia/commons/c/ca/1x1.png,Yes
Posters with hangers — ver,"Personalised posters with hangers from Pixora. Upload your photo, preview on a live product mockup, and we print and ship premium quality to your door. Ideal for home décor or gifting.",wall_hanging_poster_310-mm_dark-wood_wood_w14xt20-mm_12x16-inch-300x400-mm_170-gsm-65lb-coated-silk_4-0_ver,https://upload.wikimedia.org/wikipedia/commons/c/ca/1x1.png,Yes
Posters with hangers — ver,"Personalised posters with hangers from Pixora. Upload your photo, preview on a live product mockup, and we print and ship premium quality to your door. Ideal for home décor or gifting.",wall_hanging_poster_310-mm_dark-wood_wood_w14xt20-mm_12x16-inch-300x400-mm_170-gsm-65lb-uncoated_4-0_ver,https://upload.wikimedia.org/wikipedia/commons/c/ca/1x1.png,Yes
Posters with hangers — ver,"Personalised posters with hangers from Pixora. Upload your photo, preview on a live product mockup, and we print and ship premium quality to your door. Ideal for home décor or gifting.",wall_hanging_poster_310-mm_dark-wood_wood_w14xt20-mm_12x16-inch-300x400-mm_200-gsm-80lb-coated-silk_4-0_ver,https://upload.wikimedia.org/wikipedia/commons/c/ca/1x1.png,Yes
Posters with hangers — ver,"Personalised posters with hangers from Pixora. Upload your photo, preview on a live product mockup, and we print and ship premium quality to your door. Ideal for home décor or gifting.",wall_hanging_poster_310-mm_dark-wood_wood_w14xt20-mm_12x16-inch-300x400-mm_200-gsm-80lb-uncoated_4-0_ver,https://upload.wikimedia.org/wikipedia/commons/c/ca/1x1.png,Yes
Posters with hangers — ver,"Personalised posters with hangers from Pixora. Upload your photo, preview on a live product mockup, and we print and ship premium quality to your door. Ideal for home décor or gifting.",wall_hanging_poster_310-mm_dark-wood_wood_w14xt20-mm_12x16-inch-300x400-mm_250-gsm-100lb-uncoated-offwhite-archival_4-0_ver,https://upload.wikimedia.org/wikipedia/commons/c/ca/1x1.png,Yes
Posters with hangers — ver,"Personalised posters with hangers from Pixora. Upload your photo, preview on a live product mockup, and we print and ship premium quality to your door. Ideal for home décor or gifting.",wall_hanging_poster_310-mm_dark-wood_wood_w14xt20-mm_12x18-inch-300x450-mm_170-gsm-65lb-coated-silk_4-0_ver,https://upload.wikimedia.org/wikipedia/commons/c/ca/1x1.png,Yes
Posters with hangers — ver,"Personalised posters with hangers from Pixora. Upload your photo, preview on a live product mockup, and we print and ship premium quality to your door. Ideal for home décor or gifting.",wall_hanging_poster_310-mm_dark-wood_wood_w14xt20-mm_12x18-inch-300x450-mm_170-gsm-65lb-uncoated_4-0_ver,https://upload.wikimedia.org/wikipedia/commons/c/ca/1x1.png,Yes
Posters with hangers — ver,"Personalised posters with hangers from Pixora. Upload your photo, preview on a live product mockup, and we print and ship premium quality to your door. Ideal for home décor or gifting.",wall_hanging_poster_310-mm_dark-wood_wood_w14xt20-mm_12x18-inch-300x450-mm_200-gsm-80lb-coated-silk_4-0_ver,https://upload.wikimedia.org/wikipedia/commons/c/ca/1x1.png,Yes
Posters with hangers — ver,"Personalised posters with hangers from Pixora. Upload your photo, preview on a live product mockup, and we print and ship premium quality to your door. Ideal for home décor or gifting.",wall_hanging_poster_310-mm_dark-wood_wood_w14xt20-mm_12x18-inch-300x450-mm_200-gsm-80lb-uncoated_4-0_ver,https://upload.wikimedia.org/wikipedia/commons/c/ca/1x1.png,Yes
Posters with hangers — ver,"Personalised posters with hangers from Pixora. Upload your photo, preview on a live product mockup, and we print and ship premium quality to your door. Ideal for home décor or gifting.",wall_hanging_poster_310-mm_dark-wood_wood_w14xt20-mm_12x18-inch-300x450-mm_250-gsm-100lb-uncoated-offwhite-archival_4-0_ver,https://upload.wikimedia.org/wikipedia/commons/c/ca/1x1.png,Yes
Posters with hangers — ver,"Personalised posters with hangers from Pixora. Upload your photo, preview on a live product mockup, and we print and ship premium quality to your door. Ideal for home décor or gifting.",wall_hanging_poster_310-mm_dark-wood_wood_w14xt20-mm_280x430-mm-xl_170-gsm-65lb-coated-silk_4-0_ver,https://upload.wikimedia.org/wikipedia/commons/c/ca/1x1.png,Yes
Posters with hangers — ver,"Personalised posters with hangers from Pixora. Upload your photo, preview on a live product mockup, and we print and ship premium quality to your door. Ideal for home décor or gifting.",wall_hanging_poster_310-mm_dark-wood_wood_w14xt20-mm_280x430-mm-xl_170-gsm-65lb-uncoated_4-0_ver,https://upload.wikimedia.org/wikipedia/commons/c/ca/1x1.png,Yes
Posters with hangers — ver,"Personalised posters with hangers from Pixora. Upload your photo, preview on a live product mockup, and we print and ship premium quality to your door. Ideal for home décor or gifting.",wall_hanging_poster_310-mm_dark-wood_wood_w14xt20-mm_280x430-mm-xl_200-gsm-80lb-coated-silk_4-0_ver,https://upload.wikimedia.org/wikipedia/commons/c/ca/1x1.png,Yes
Posters with hangers — ver,"Personalised posters with hangers from Pixora. Upload your photo, preview on a live product mockup, and we print and ship premium quality to your door. Ideal for home décor or gifting.",wall_hanging_poster_310-mm_dark-wood_wood_w14xt20-mm_280x430-mm-xl_200-gsm-80lb-uncoated_4-0_ver,https://upload.wikimedia.org/wikipedia/commons/c/ca/1x1.png,Yes
Posters with hangers — ver,"Personalised posters with hangers from Pixora. Upload your photo, preview on a live product mockup, and we print and ship premium quality to your door. Ideal for home décor or gifting.",wall_hanging_poster_310-mm_dark-wood_wood_w14xt20-mm_280x430-mm-xl_250-gsm-100lb-uncoated-offwhite-archival_4-0_ver,https://upload.wikimedia.org/wikipedia/commons/c/ca/1x1.png,Yes
Posters with hangers — hor,"Personalised posters with hangers from Pixora. Upload your photo, preview on a live product mockup, and we print and ship premium quality to your door. Ideal for home décor or gifting.",wall_hanging_poster_310-mm_dark-wood_wood_w14xt20-mm_300x300-mm-12x12-inch_170-gsm-65lb-coated-silk_4-0_hor,https://upload.wikimedia.org/wikipedia/commons/c/ca/1x1.png,Yes
Posters with hangers — ver,"Personalised posters with hangers from Pixora. Upload your photo, preview on a live product mockup, and we print and ship premium quality to your door. Ideal for home décor or gifting.",wall_hanging_poster_310-mm_dark-wood_wood_w14xt20-mm_300x300-mm-12x12-inch_170-gsm-65lb-coated-silk_4-0_ver,https://upload.wikimedia.org/wikipedia/commons/c/ca/1x1.png,Yes
Posters with hangers — hor,"Personalised posters with hangers from Pixora. Upload your photo, preview on a live product mockup, and we print and ship premium quality to your door. Ideal for home décor or gifting.",wall_hanging_poster_310-mm_dark-wood_wood_w14xt20-mm_300x300-mm-12x12-inch_170-gsm-65lb-uncoated_4-0_hor,https://upload.wikimedia.org/wikipedia/commons/c/ca/1x1.png,Yes
Posters with hangers — ver,"Personalised posters with hangers from Pixora. Upload your photo, preview on a live product mockup, and we print and ship premium quality to your door. Ideal for home décor or gifting.",wall_hanging_poster_310-mm_dark-wood_wood_w14xt20-mm_300x300-mm-12x12-inch_170-gsm-65lb-uncoated_4-0_ver,https://upload.wikimedia.org/wikipedia/commons/c/ca/1x1.png,Yes
Posters with hangers — hor,"Personalised posters with hangers from Pixora. Upload your photo, preview on a live product mockup, and we print and ship premium quality to your door. Ideal for home décor or gifting.",wall_hanging_poster_310-mm_dark-wood_wood_w14xt20-mm_300x300-mm-12x12-inch_200-gsm-80lb-coated-silk_4-0_hor,https://upload.wikimedia.org/wikipedia/commons/c/ca/1x1.png,Yes
Posters with hangers — ver,"Personalised posters with hangers from Pixora. Upload your photo, preview on a live product mockup, and we print and ship premium quality to your door. Ideal for home décor or gifting.",wall_hanging_poster_310-mm_dark-wood_wood_w14xt20-mm_300x300-mm-12x12-inch_200-gsm-80lb-coated-silk_4-0_ver,https://upload.wikimedia.org/wikipedia/commons/c/ca/1x1.png,Yes
Posters with hangers — hor,"Personalised posters with hangers from Pixora. Upload your photo, preview on a live product mockup, and we print and ship premium quality to your door. Ideal for home décor or gifting.",wall_hanging_poster_310-mm_dark-wood_wood_w14xt20-mm_300x300-mm-12x12-inch_200-gsm-80lb-uncoated_4-0_hor,https://upload.wikimedia.org/wikipedia/commons/c/ca/1x1.png,Yes
Posters with hangers — ver,"Personalised posters with hangers from Pixora. Upload your photo, preview on a live product mockup, and we print and ship premium quality to your door. Ideal for home décor or gifting.",wall_hanging_poster_310-mm_dark-wood_wood_w14xt20-mm_300x300-mm-12x12-inch_200-gsm-80lb-uncoated_4-0_ver,https://upload.wikimedia.org/wikipedia/commons/c/ca/1x1.png,Yes
Posters with hangers — hor,"Personalised posters with hangers from Pixora. Upload your photo, preview on a live product mockup, and we print and ship premium quality to your door. Ideal for home décor or gifting.",wall_hanging_poster_310-mm_dark-wood_wood_w14xt20-mm_300x300-mm-12x12-inch_250-gsm-100lb-uncoated-offwhite-archival_4-0_hor,https://upload.wikimedia.org/wikipedia/commons/c/ca/1x1.png,Yes
Posters with hangers — ver,"Personalised posters with hangers from Pixora. Upload your photo, preview on a live product mockup, and we print and ship premium quality to your door. Ideal for home décor or gifting.",wall_hanging_poster_310-mm_dark-wood_wood_w14xt20-mm_300x300-mm-12x12-inch_250-gsm-100lb-uncoated-offwhite-archival_4-0_ver,https://upload.wikimedia.org/wikipedia/commons/c/ca/1x1.png,Yes
Posters with hangers — ver,"Personalised posters with hangers from Pixora. Upload your photo, preview on a live product mockup, and we print and ship premium quality to your door. Ideal for home décor or gifting.",wall_hanging_poster_310-mm_dark-wood_wood_w14xt20-mm_300x400-mm-12x16-inch_170-gsm-65lb-coated-silk_4-0_ver,https://upload.wikimedia.org/wikipedia/commons/c/ca/1x1.png,Yes
Posters with hangers — ver,"Personalised posters with hangers from Pixora. Upload your photo, preview on a live product mockup, and we print and ship premium quality to your door. Ideal for home décor or gifting.",wall_hanging_poster_310-mm_dark-wood_wood_w14xt20-mm_300x400-mm-12x16-inch_170-gsm-65lb-uncoated_4-0_ver,https://upload.wikimedia.org/wikipedia/commons/c/ca/1x1.png,Yes
Posters with hangers — ver,"Personalised posters with hangers from Pixora. Upload your photo, preview on a live product mockup, and we print and ship premium quality to your door. Ideal for home décor or gifting.",wall_hanging_poster_310-mm_dark-wood_wood_w14xt20-mm_300x400-mm-12x16-inch_200-gsm-80lb-coated-silk_4-0_ver,https://upload.wikimedia.org/wikipedia/commons/c/ca/1x1.png,Yes
Posters with hangers — ver,"Personalised posters with hangers from Pixora. Upload your photo, preview on a live product mockup, and we print and ship premium quality to your door. Ideal for home décor or gifting.",wall_hanging_poster_310-mm_dark-wood_wood_w14xt20-mm_300x400-mm-12x16-inch_200-gsm-80lb-uncoated_4-0_ver,https://upload.wikimedia.org/wikipedia/commons/c/ca/1x1.png,Yes
Posters with hangers — ver,"Personalised posters with hangers from Pixora. Upload your photo, preview on a live product mockup, and we print and ship premium quality to your door. Ideal for home décor or gifting.",wall_hanging_poster_310-mm_dark-wood_wood_w14xt20-mm_300x400-mm-12x16-inch_250-gsm-100lb-uncoated-offwhite-archival_4-0_ver,https://upload.wikimedia.org/wikipedia/commons/c/ca/1x1.png,Yes
Posters with hangers — ver,"Personalised posters with hangers from Pixora. Upload your photo, preview on a live product mockup, and we print and ship premium quality to your door. Ideal for home décor or gifting.",wall_hanging_poster_310-mm_dark-wood_wood_w14xt20-mm_300x450-mm-12x18-inch_170-gsm-65lb-coated-silk_4-0_ver,https://upload.wikimedia.org/wikipedia/commons/c/ca/1x1.png,Yes
Posters with hangers — ver,"Personalised posters with hangers from Pixora. Upload your photo, preview on a live product mockup, and we print and ship premium quality to your door. Ideal for home décor or gifting.",wall_hanging_poster_310-mm_dark-wood_wood_w14xt20-mm_300x450-mm-12x18-inch_170-gsm-65lb-uncoated_4-0_ver,https://upload.wikimedia.org/wikipedia/commons/c/ca/1x1.png,Yes
Posters with hangers — ver,"Personalised posters with hangers from Pixora. Upload your photo, preview on a live product mockup, and we print and ship premium quality to your door. Ideal for home décor or gifting.",wall_hanging_poster_310-mm_dark-wood_wood_w14xt20-mm_300x450-mm-12x18-inch_200-gsm-80lb-coated-silk_4-0_ver,https://upload.wikimedia.org/wikipedia/commons/c/ca/1x1.png,Yes
Posters with hangers — ver,"Personalised posters with hangers from Pixora. Upload your photo, preview on a live product mockup, and we print and ship premium quality to your door. Ideal for home décor or gifting.",wall_hanging_poster_310-mm_dark-wood_wood_w14xt20-mm_300x450-mm-12x18-inch_200-gsm-80lb-uncoated_4-0_ver,https://upload.wikimedia.org/wikipedia/commons/c/ca/1x1.png,Yes
Posters with hangers — ver,"Personalised posters with hangers from Pixora. Upload your photo, preview on a live product mockup, and we print and ship premium quality to your door. Ideal for home décor or gifting.",wall_hanging_poster_310-mm_dark-wood_wood_w14xt20-mm_300x450-mm-12x18-inch_250-gsm-100lb-uncoated-offwhite-archival_4-0_ver,https://upload.wikimedia.org/wikipedia/commons/c/ca/1x1.png,Yes
Posters with hangers — hor,"Personalised posters with hangers from Pixora. Upload your photo, preview on a live product mockup, and we print and ship premium quality to your door. Ideal for home décor or gifting.",wall_hanging_poster_310-mm_dark-wood_wood_w14xt20-mm_8x12-inch-a4_170-gsm-65lb-coated-silk_4-0_hor,https://upload.wikimedia.org/wikipedia/commons/c/ca/1x1.png,Yes
Posters with hangers — hor,"Personalised posters with hangers from Pixora. Upload your photo, preview on a live product mockup, and we print and ship premium quality to your door. Ideal for home décor or gifting.",wall_hanging_poster_310-mm_dark-wood_wood_w14xt20-mm_8x12-inch-a4_170-gsm-65lb-uncoated_4-0_hor,https://upload.wikimedia.org/wikipedia/commons/c/ca/1x1.png,Yes
Posters with hangers — hor,"Personalised posters with hangers from Pixora. Upload your photo, preview on a live product mockup, and we print and ship premium quality to your door. Ideal for home décor or gifting.",wall_hanging_poster_310-mm_dark-wood_wood_w14xt20-mm_8x12-inch-a4_200-gsm-80lb-coated-silk_4-0_hor,https://upload.wikimedia.org/wikipedia/commons/c/ca/1x1.png,Yes
Posters with hangers — hor,"Personalised posters with hangers from Pixora. Upload your photo, preview on a live product mockup, and we print and ship premium quality to your door. Ideal for home décor or gifting.",wall_hanging_poster_310-mm_dark-wood_wood_w14xt20-mm_8x12-inch-a4_200-gsm-80lb-uncoated_4-0_hor,https://upload.wikimedia.org/wikipedia/commons/c/ca/1x1.png,Yes
Posters with hangers — hor,"Personalised posters with hangers from Pixora. Upload your photo, preview on a live product mockup, and we print and ship premium quality to your door. Ideal for home décor or gifting.",wall_hanging_poster_310-mm_dark-wood_wood_w14xt20-mm_8x12-inch-a4_250-gsm-100lb-uncoated-offwhite-archival_4-0_hor,https://upload.wikimedia.org/wikipedia/commons/c/ca/1x1.png,Yes
Posters with hangers — ver,"Personalised posters with hangers from Pixora. Upload your photo, preview on a live product mockup, and we print and ship premium quality to your door. Ideal for home décor or gifting.",wall_hanging_poster_310-mm_dark-wood_wood_w14xt20-mm_a3_170-gsm-65lb-coated-silk_4-0_ver,https://upload.wikimedia.org/wikipedia/commons/c/ca/1x1.png,Yes
Posters with hangers — ver,"Personalised posters with hangers from Pixora. Upload your photo, preview on a live product mockup, and we print and ship premium quality to your door. Ideal for home décor or gifting.",wall_hanging_poster_310-mm_dark-wood_wood_w14xt20-mm_a3_170-gsm-65lb-uncoated_4-0_ver,https://upload.wikimedia.org/wikipedia/commons/c/ca/1x1.png,Yes
Posters with hangers — ver,"Personalised posters with hangers from Pixora. Upload your photo, preview on a live product mockup, and we print and ship premium quality to your door. Ideal for home décor or gifting.",wall_hanging_poster_310-mm_dark-wood_wood_w14xt20-mm_a3_200-gsm-80lb-coated-silk_4-0_ver,https://upload.wikimedia.org/wikipedia/commons/c/ca/1x1.png,Yes
Posters with hangers — ver,"Personalised posters with hangers from Pixora. Upload your photo, preview on a live product mockup, and we print and ship premium quality to your door. Ideal for home décor or gifting.",wall_hanging_poster_310-mm_dark-wood_wood_w14xt20-mm_a3_200-gsm-80lb-uncoated_4-0_ver,https://upload.wikimedia.org/wikipedia/commons/c/ca/1x1.png,Yes
Posters with hangers — ver,"Personalised posters with hangers from Pixora. Upload your photo, preview on a live product mockup, and we print and ship premium quality to your door. Ideal for home décor or gifting.",wall_hanging_poster_310-mm_dark-wood_wood_w14xt20-mm_a3_250-gsm-100lb-uncoated-offwhite-archival_4-0_ver,https://upload.wikimedia.org/wikipedia/commons/c/ca/1x1.png,Yes
Posters with hangers — hor,"Personalised posters with hangers from Pixora. Upload your photo, preview on a live product mockup, and we print and ship premium quality to your door. Ideal for home décor or gifting.",wall_hanging_poster_310-mm_dark-wood_wood_w14xt20-mm_a4-8x12-inch_170-gsm-65lb-coated-silk_4-0_hor,https://upload.wikimedia.org/wikipedia/commons/c/ca/1x1.png,Yes
Posters with hangers — hor,"Personalised posters with hangers from Pixora. Upload your photo, preview on a live product mockup, and we print and ship premium quality to your door. Ideal for home décor or gifting.",wall_hanging_poster_310-mm_dark-wood_wood_w14xt20-mm_a4-8x12-inch_170-gsm-65lb-uncoated_4-0_hor,https://upload.wikimedia.org/wikipedia/commons/c/ca/1x1.png,Yes
Posters with hangers — hor,"Personalised posters with hangers from Pixora. Upload your photo, preview on a live product mockup, and we print and ship premium quality to your door. Ideal for home décor or gifting.",wall_hanging_poster_310-mm_dark-wood_wood_w14xt20-mm_a4-8x12-inch_200-gsm-80lb-coated-silk_4-0_hor,https://upload.wikimedia.org/wikipedia/commons/c/ca/1x1.png,Yes
Posters with hangers — hor,"Personalised posters with hangers from Pixora. Upload your photo, preview on a live product mockup, and we print and ship premium quality to your door. Ideal for home décor or gifting.",wall_hanging_poster_310-mm_dark-wood_wood_w14xt20-mm_a4-8x12-inch_200-gsm-80lb-uncoated_4-0_hor,https://upload.wikimedia.org/wikipedia/commons/c/ca/1x1.png,Yes
Posters with hangers — hor,"Personalised posters with hangers from Pixora. Upload your photo, preview on a live product mockup, and we print and ship premium quality to your door. Ideal for home décor or gifting.",wall_hanging_poster_310-mm_dark-wood_wood_w14xt20-mm_a4-8x12-inch_250-gsm-100lb-uncoated-offwhite-archival_4-0_hor,https://upload.wikimedia.org/wikipedia/commons/c/ca/1x1.png,Yes
Posters with hangers — ver,"Personalised posters with hangers from Pixora. Upload your photo, preview on a live product mockup, and we print and ship premium quality to your door. Ideal for home décor or gifting.",wall_hanging_poster_310-mm_dark-wood_wood_w14xt20-mm_xl-280x430-mm_170-gsm-65lb-coated-silk_4-0_ver,https://upload.wikimedia.org/wikipedia/commons/c/ca/1x1.png,Yes
Posters with hangers — ver,"Personalised posters with hangers from Pixora. Upload your photo, preview on a live product mockup, and we print and ship premium quality to your door. Ideal for home décor or gifting.",wall_hanging_poster_310-mm_dark-wood_wood_w14xt20-mm_xl-280x430-mm_170-gsm-65lb-uncoated_4-0_ver,https://upload.wikimedia.org/wikipedia/commons/c/ca/1x1.png,Yes
Posters with hangers — ver,"Personalised posters with hangers from Pixora. Upload your photo, preview on a live product mockup, and we print and ship premium quality to your door. Ideal for home décor or gifting.",wall_hanging_poster_310-mm_dark-wood_wood_w14xt20-mm_xl-280x430-mm_200-gsm-80lb-coated-silk_4-0_ver,https://upload.wikimedia.org/wikipedia/commons/c/ca/1x1.png,Yes
Posters with hangers — ver,"Personalised posters with hangers from Pixora. Upload your photo, preview on a live product mockup, and we print and ship premium quality to your door. Ideal for home décor or gifting.",wall_hanging_poster_310-mm_dark-wood_wood_w14xt20-mm_xl-280x430-mm_200-gsm-80lb-uncoated_4-0_ver,https://upload.wikimedia.org/wikipedia/commons/c/ca/1x1.png,Yes
Posters with hangers — ver,"Personalised posters with hangers from Pixora. Upload your photo, preview on a live product mockup, and we print and ship premium quality to your door. Ideal for home décor or gifting.",wall_hanging_poster_310-mm_dark-wood_wood_w14xt20-mm_xl-280x430-mm_250-gsm-100lb-uncoated-offwhite-archival_4-0_ver,https://upload.wikimedia.org/wikipedia/commons/c/ca/1x1.png,Yes
Posters with hangers — hor,"Personalised posters with hangers from Pixora. Upload your photo, preview on a live product mockup, and we print and ship premium quality to your door. Ideal for home décor or gifting.",wall_hanging_poster_310-mm_natural-wood_wood_w14xt20-mm_12x12-inch-300x300-mm_170-gsm-65lb-coated-silk_4-0_hor,https://upload.wikimedia.org/wikipedia/commons/c/ca/1x1.png,Yes
Posters with hangers — ver,"Personalised posters with hangers from Pixora. Upload your photo, preview on a live product mockup, and we print and ship premium quality to your door. Ideal for home décor or gifting.",wall_hanging_poster_310-mm_natural-wood_wood_w14xt20-mm_12x12-inch-300x300-mm_170-gsm-65lb-coated-silk_4-0_ver,https://upload.wikimedia.org/wikipedia/commons/c/ca/1x1.png,Yes
Posters with hangers — hor,"Personalised posters with hangers from Pixora. Upload your photo, preview on a live product mockup, and we print and ship premium quality to your door. Ideal for home décor or gifting.",wall_hanging_poster_310-mm_natural-wood_wood_w14xt20-mm_12x12-inch-300x300-mm_170-gsm-65lb-uncoated_4-0_hor,https://upload.wikimedia.org/wikipedia/commons/c/ca/1x1.png,Yes
Posters with hangers — ver,"Personalised posters with hangers from Pixora. Upload your photo, preview on a live product mockup, and we print and ship premium quality to your door. Ideal for home décor or gifting.",wall_hanging_poster_310-mm_natural-wood_wood_w14xt20-mm_12x12-inch-300x300-mm_170-gsm-65lb-uncoated_4-0_ver,https://upload.wikimedia.org/wikipedia/commons/c/ca/1x1.png,Yes
Posters with hangers — hor,"Personalised posters with hangers from Pixora. Upload your photo, preview on a live product mockup, and we print and ship premium quality to your door. Ideal for home décor or gifting.",wall_hanging_poster_310-mm_natural-wood_wood_w14xt20-mm_12x12-inch-300x300-mm_200-gsm-80lb-coated-silk_4-0_hor,https://upload.wikimedia.org/wikipedia/commons/c/ca/1x1.png,Yes
Posters with hangers — ver,"Personalised posters with hangers from Pixora. Upload your photo, preview on a live product mockup, and we print and ship premium quality to your door. Ideal for home décor or gifting.",wall_hanging_poster_310-mm_natural-wood_wood_w14xt20-mm_12x12-inch-300x300-mm_200-gsm-80lb-coated-silk_4-0_ver,https://upload.wikimedia.org/wikipedia/commons/c/ca/1x1.png,Yes
Posters with hangers — hor,"Personalised posters with hangers from Pixora. Upload your photo, preview on a live product mockup, and we print and ship premium quality to your door. Ideal for home décor or gifting.",wall_hanging_poster_310-mm_natural-wood_wood_w14xt20-mm_12x12-inch-300x300-mm_200-gsm-80lb-uncoated_4-0_hor,https://upload.wikimedia.org/wikipedia/commons/c/ca/1x1.png,Yes
Posters with hangers — ver,"Personalised posters with hangers from Pixora. Upload your photo, preview on a live product mockup, and we print and ship premium quality to your door. Ideal for home décor or gifting.",wall_hanging_poster_310-mm_natural-wood_wood_w14xt20-mm_12x12-inch-300x300-mm_200-gsm-80lb-uncoated_4-0_ver,https://upload.wikimedia.org/wikipedia/commons/c/ca/1x1.png,Yes
Posters with hangers — hor,"Personalised posters with hangers from Pixora. Upload your photo, preview on a live product mockup, and we print and ship premium quality to your door. Ideal for home décor or gifting.",wall_hanging_poster_310-mm_natural-wood_wood_w14xt20-mm_12x12-inch-300x300-mm_250-gsm-100lb-uncoated-offwhite-archival_4-0_hor,https://upload.wikimedia.org/wikipedia/commons/c/ca/1x1.png,Yes
Posters with hangers — ver,"Personalised posters with hangers from Pixora. Upload your photo, preview on a live product mockup, and we print and ship premium quality to your door. Ideal for home décor or gifting.",wall_hanging_poster_310-mm_natural-wood_wood_w14xt20-mm_12x12-inch-300x300-mm_250-gsm-100lb-uncoated-offwhite-archival_4-0_ver,https://upload.wikimedia.org/wikipedia/commons/c/ca/1x1.png,Yes
Posters with hangers — ver,"Personalised posters with hangers from Pixora. Upload your photo, preview on a live product mockup, and we print and ship premium quality to your door. Ideal for home décor or gifting.",wall_hanging_poster_310-mm_natural-wood_wood_w14xt20-mm_12x16-inch-300x400-mm_170-gsm-65lb-coated-silk_4-0_ver,https://upload.wikimedia.org/wikipedia/commons/c/ca/1x1.png,Yes
Posters with hangers — ver,"Personalised posters with hangers from Pixora. Upload your photo, preview on a live product mockup, and we print and ship premium quality to your door. Ideal for home décor or gifting.",wall_hanging_poster_310-mm_natural-wood_wood_w14xt20-mm_12x16-inch-300x400-mm_170-gsm-65lb-uncoated_4-0_ver,https://upload.wikimedia.org/wikipedia/commons/c/ca/1x1.png,Yes
Posters with hangers — ver,"Personalised posters with hangers from Pixora. Upload your photo, preview on a live product mockup, and we print and ship premium quality to your door. Ideal for home décor or gifting.",wall_hanging_poster_310-mm_natural-wood_wood_w14xt20-mm_12x16-inch-300x400-mm_200-gsm-80lb-coated-silk_4-0_ver,https://upload.wikimedia.org/wikipedia/commons/c/ca/1x1.png,Yes
Posters with hangers — ver,"Personalised posters with hangers from Pixora. Upload your photo, preview on a live product mockup, and we print and ship premium quality to your door. Ideal for home décor or gifting.",wall_hanging_poster_310-mm_natural-wood_wood_w14xt20-mm_12x16-inch-300x400-mm_200-gsm-80lb-uncoated_4-0_ver,https://upload.wikimedia.org/wikipedia/commons/c/ca/1x1.png,Yes
Posters with hangers — ver,"Personalised posters with hangers from Pixora. Upload your photo, preview on a live product mockup, and we print and ship premium quality to your door. Ideal for home décor or gifting.",wall_hanging_poster_310-mm_natural-wood_wood_w14xt20-mm_12x16-inch-300x400-mm_250-gsm-100lb-uncoated-offwhite-archival_4-0_ver,https://upload.wikimedia.org/wikipedia/commons/c/ca/1x1.png,Yes
Posters with hangers — ver,"Personalised posters with hangers from Pixora. Upload your photo, preview on a live product mockup, and we print and ship premium quality to your door. Ideal for home décor or gifting.",wall_hanging_poster_310-mm_natural-wood_wood_w14xt20-mm_12x18-inch-300x450-mm_170-gsm-65lb-coated-silk_4-0_ver,https://upload.wikimedia.org/wikipedia/commons/c/ca/1x1.png,Yes
Posters with hangers — ver,"Personalised posters with hangers from Pixora. Upload your photo, preview on a live product mockup, and we print and ship premium quality to your door. Ideal for home décor or gifting.",wall_hanging_poster_310-mm_natural-wood_wood_w14xt20-mm_12x18-inch-300x450-mm_170-gsm-65lb-uncoated_4-0_ver,https://upload.wikimedia.org/wikipedia/commons/c/ca/1x1.png,Yes
Posters with hangers — ver,"Personalised posters with hangers from Pixora. Upload your photo, preview on a live product mockup, and we print and ship premium quality to your door. Ideal for home décor or gifting.",wall_hanging_poster_310-mm_natural-wood_wood_w14xt20-mm_12x18-inch-300x450-mm_200-gsm-80lb-coated-silk_4-0_ver,https://upload.wikimedia.org/wikipedia/commons/c/ca/1x1.png,Yes
Posters with hangers — ver,"Personalised posters with hangers from Pixora. Upload your photo, preview on a live product mockup, and we print and ship premium quality to your door. Ideal for home décor or gifting.",wall_hanging_poster_310-mm_natural-wood_wood_w14xt20-mm_12x18-inch-300x450-mm_200-gsm-80lb-uncoated_4-0_ver,https://upload.wikimedia.org/wikipedia/commons/c/ca/1x1.png,Yes
Posters with hangers — ver,"Personalised posters with hangers from Pixora. Upload your photo, preview on a live product mockup, and we print and ship premium quality to your door. Ideal for home décor or gifting.",wall_hanging_poster_310-mm_natural-wood_wood_w14xt20-mm_12x18-inch-300x450-mm_250-gsm-100lb-uncoated-offwhite-archival_4-0_ver,https://upload.wikimedia.org/wikipedia/commons/c/ca/1x1.png,Yes
Posters with hangers — ver,"Personalised posters with hangers from Pixora. Upload your photo, preview on a live product mockup, and we print and ship premium quality to your door. Ideal for home décor or gifting.",wall_hanging_poster_310-mm_natural-wood_wood_w14xt20-mm_280x430-mm-xl_170-gsm-65lb-coated-silk_4-0_ver,https://upload.wikimedia.org/wikipedia/commons/c/ca/1x1.png,Yes
Posters with hangers — ver,"Personalised posters with hangers from Pixora. Upload your photo, preview on a live product mockup, and we print and ship premium quality to your door. Ideal for home décor or gifting.",wall_hanging_poster_310-mm_natural-wood_wood_w14xt20-mm_280x430-mm-xl_170-gsm-65lb-uncoated_4-0_ver,https://upload.wikimedia.org/wikipedia/commons/c/ca/1x1.png,Yes
Posters with hangers — ver,"Personalised posters with hangers from Pixora. Upload your photo, preview on a live product mockup, and we print and ship premium quality to your door. Ideal for home décor or gifting.",wall_hanging_poster_310-mm_natural-wood_wood_w14xt20-mm_280x430-mm-xl_200-gsm-80lb-coated-silk_4-0_ver,https://upload.wikimedia.org/wikipedia/commons/c/ca/1x1.png,Yes
Posters with hangers — ver,"Personalised posters with hangers from Pixora. Upload your photo, preview on a live product mockup, and we print and ship premium quality to your door. Ideal for home décor or gifting.",wall_hanging_poster_310-mm_natural-wood_wood_w14xt20-mm_280x430-mm-xl_200-gsm-80lb-uncoated_4-0_ver,https://upload.wikimedia.org/wikipedia/commons/c/ca/1x1.png,Yes
Posters with hangers — ver,"Personalised posters with hangers from Pixora. Upload your photo, preview on a live product mockup, and we print and ship premium quality to your door. Ideal for home décor or gifting.",wall_hanging_poster_310-mm_natural-wood_wood_w14xt20-mm_280x430-mm-xl_250-gsm-100lb-uncoated-offwhite-archival_4-0_ver,https://upload.wikimedia.org/wikipedia/commons/c/ca/1x1.png,Yes
Posters with hangers — hor,"Personalised posters with hangers from Pixora. Upload your photo, preview on a live product mockup, and we print and ship premium quality to your door. Ideal for home décor or gifting.",wall_hanging_poster_310-mm_natural-wood_wood_w14xt20-mm_300x300-mm-12x12-inch_170-gsm-65lb-coated-silk_4-0_hor,https://upload.wikimedia.org/wikipedia/commons/c/ca/1x1.png,Yes
Posters with hangers — ver,"Personalised posters with hangers from Pixora. Upload your photo, preview on a live product mockup, and we print and ship premium quality to your door. Ideal for home décor or gifting.",wall_hanging_poster_310-mm_natural-wood_wood_w14xt20-mm_300x300-mm-12x12-inch_170-gsm-65lb-coated-silk_4-0_ver,https://upload.wikimedia.org/wikipedia/commons/c/ca/1x1.png,Yes
Posters with hangers — hor,"Personalised posters with hangers from Pixora. Upload your photo, preview on a live product mockup, and we print and ship premium quality to your door. Ideal for home décor or gifting.",wall_hanging_poster_310-mm_natural-wood_wood_w14xt20-mm_300x300-mm-12x12-inch_170-gsm-65lb-uncoated_4-0_hor,https://upload.wikimedia.org/wikipedia/commons/c/ca/1x1.png,Yes
Posters with hangers — ver,"Personalised posters with hangers from Pixora. Upload your photo, preview on a live product mockup, and we print and ship premium quality to your door. Ideal for home décor or gifting.",wall_hanging_poster_310-mm_natural-wood_wood_w14xt20-mm_300x300-mm-12x12-inch_170-gsm-65lb-uncoated_4-0_ver,https://upload.wikimedia.org/wikipedia/commons/c/ca/1x1.png,Yes
Posters with hangers — hor,"Personalised posters with hangers from Pixora. Upload your photo, preview on a live product mockup, and we print and ship premium quality to your door. Ideal for home décor or gifting.",wall_hanging_poster_310-mm_natural-wood_wood_w14xt20-mm_300x300-mm-12x12-inch_200-gsm-80lb-coated-silk_4-0_hor,https://upload.wikimedia.org/wikipedia/commons/c/ca/1x1.png,Yes
Posters with hangers — ver,"Personalised posters with hangers from Pixora. Upload your photo, preview on a live product mockup, and we print and ship premium quality to your door. Ideal for home décor or gifting.",wall_hanging_poster_310-mm_natural-wood_wood_w14xt20-mm_300x300-mm-12x12-inch_200-gsm-80lb-coated-silk_4-0_ver,https://upload.wikimedia.org/wikipedia/commons/c/ca/1x1.png,Yes
Posters with hangers — hor,"Personalised posters with hangers from Pixora. Upload your photo, preview on a live product mockup, and we print and ship premium quality to your door. Ideal for home décor or gifting.",wall_hanging_poster_310-mm_natural-wood_wood_w14xt20-mm_300x300-mm-12x12-inch_200-gsm-80lb-uncoated_4-0_hor,https://upload.wikimedia.org/wikipedia/commons/c/ca/1x1.png,Yes
Posters with hangers — ver,"Personalised posters with hangers from Pixora. Upload your photo, preview on a live product mockup, and we print and ship premium quality to your door. Ideal for home décor or gifting.",wall_hanging_poster_310-mm_natural-wood_wood_w14xt20-mm_300x300-mm-12x12-inch_200-gsm-80lb-uncoated_4-0_ver,https://upload.wikimedia.org/wikipedia/commons/c/ca/1x1.png,Yes
Posters with hangers — hor,"Personalised posters with hangers from Pixora. Upload your photo, preview on a live product mockup, and we print and ship premium quality to your door. Ideal for home décor or gifting.",wall_hanging_poster_310-mm_natural-wood_wood_w14xt20-mm_300x300-mm-12x12-inch_250-gsm-100lb-uncoated-offwhite-archival_4-0_hor,https://upload.wikimedia.org/wikipedia/commons/c/ca/1x1.png,Yes
Posters with hangers — ver,"Personalised posters with hangers from Pixora. Upload your photo, preview on a live product mockup, and we print and ship premium quality to your door. Ideal for home décor or gifting.",wall_hanging_poster_310-mm_natural-wood_wood_w14xt20-mm_300x300-mm-12x12-inch_250-gsm-100lb-uncoated-offwhite-archival_4-0_ver,https://upload.wikimedia.org/wikipedia/commons/c/ca/1x1.png,Yes
Posters with hangers — ver,"Personalised posters with hangers from Pixora. Upload your photo, preview on a live product mockup, and we print and ship premium quality to your door. Ideal for home décor or gifting.",wall_hanging_poster_310-mm_natural-wood_wood_w14xt20-mm_300x400-mm-12x16-inch_170-gsm-65lb-coated-silk_4-0_ver,https://upload.wikimedia.org/wikipedia/commons/c/ca/1x1.png,Yes
Posters with hangers — ver,"Personalised posters with hangers from Pixora. Upload your photo, preview on a live product mockup, and we print and ship premium quality to your door. Ideal for home décor or gifting.",wall_hanging_poster_310-mm_natural-wood_wood_w14xt20-mm_300x400-mm-12x16-inch_170-gsm-65lb-uncoated_4-0_ver,https://upload.wikimedia.org/wikipedia/commons/c/ca/1x1.png,Yes
Posters with hangers — ver,"Personalised posters with hangers from Pixora. Upload your photo, preview on a live product mockup, and we print and ship premium quality to your door. Ideal for home décor or gifting.",wall_hanging_poster_310-mm_natural-wood_wood_w14xt20-mm_300x400-mm-12x16-inch_200-gsm-80lb-coated-silk_4-0_ver,https://upload.wikimedia.org/wikipedia/commons/c/ca/1x1.png,Yes
Posters with hangers — ver,"Personalised posters with hangers from Pixora. Upload your photo, preview on a live product mockup, and we print and ship premium quality to your door. Ideal for home décor or gifting.",wall_hanging_poster_310-mm_natural-wood_wood_w14xt20-mm_300x400-mm-12x16-inch_200-gsm-80lb-uncoated_4-0_ver,https://upload.wikimedia.org/wikipedia/commons/c/ca/1x1.png,Yes
Posters with hangers — ver,"Personalised posters with hangers from Pixora. Upload your photo, preview on a live product mockup, and we print and ship premium quality to your door. Ideal for home décor or gifting.",wall_hanging_poster_310-mm_natural-wood_wood_w14xt20-mm_300x400-mm-12x16-inch_250-gsm-100lb-uncoated-offwhite-archival_4-0_ver,https://upload.wikimedia.org/wikipedia/commons/c/ca/1x1.png,Yes
Posters with hangers — ver,"Personalised posters with hangers from Pixora. Upload your photo, preview on a live product mockup, and we print and ship premium quality to your door. Ideal for home décor or gifting.",wall_hanging_poster_310-mm_natural-wood_wood_w14xt20-mm_300x450-mm-12x18-inch_170-gsm-65lb-coated-silk_4-0_ver,https://upload.wikimedia.org/wikipedia/commons/c/ca/1x1.png,Yes
Posters with hangers — ver,"Personalised posters with hangers from Pixora. Upload your photo, preview on a live product mockup, and we print and ship premium quality to your door. Ideal for home décor or gifting.",wall_hanging_poster_310-mm_natural-wood_wood_w14xt20-mm_300x450-mm-12x18-inch_170-gsm-65lb-uncoated_4-0_ver,https://upload.wikimedia.org/wikipedia/commons/c/ca/1x1.png,Yes
Posters with hangers — ver,"Personalised posters with hangers from Pixora. Upload your photo, preview on a live product mockup, and we print and ship premium quality to your door. Ideal for home décor or gifting.",wall_hanging_poster_310-mm_natural-wood_wood_w14xt20-mm_300x450-mm-12x18-inch_200-gsm-80lb-coated-silk_4-0_ver,https://upload.wikimedia.org/wikipedia/commons/c/ca/1x1.png,Yes
Posters with hangers — ver,"Personalised posters with hangers from Pixora. Upload your photo, preview on a live product mockup, and we print and ship premium quality to your door. Ideal for home décor or gifting.",wall_hanging_poster_310-mm_natural-wood_wood_w14xt20-mm_300x450-mm-12x18-inch_200-gsm-80lb-uncoated_4-0_ver,https://upload.wikimedia.org/wikipedia/commons/c/ca/1x1.png,Yes
Posters with hangers — ver,"Personalised posters with hangers from Pixora. Upload your photo, preview on a live product mockup, and we print and ship premium quality to your door. Ideal for home décor or gifting.",wall_hanging_poster_310-mm_natural-wood_wood_w14xt20-mm_300x450-mm-12x18-inch_250-gsm-100lb-uncoated-offwhite-archival_4-0_ver,https://upload.wikimedia.org/wikipedia/commons/c/ca/1x1.png,Yes
Posters with hangers — hor,"Personalised posters with hangers from Pixora. Upload your photo, preview on a live product mockup, and we print and ship premium quality to your door. Ideal for home décor or gifting.",wall_hanging_poster_310-mm_natural-wood_wood_w14xt20-mm_8x12-inch-a4_170-gsm-65lb-coated-silk_4-0_hor,https://upload.wikimedia.org/wikipedia/commons/c/ca/1x1.png,Yes
Posters with hangers — hor,"Personalised posters with hangers from Pixora. Upload your photo, preview on a live product mockup, and we print and ship premium quality to your door. Ideal for home décor or gifting.",wall_hanging_poster_310-mm_natural-wood_wood_w14xt20-mm_8x12-inch-a4_170-gsm-65lb-uncoated_4-0_hor,https://upload.wikimedia.org/wikipedia/commons/c/ca/1x1.png,Yes
Posters with hangers — hor,"Personalised posters with hangers from Pixora. Upload your photo, preview on a live product mockup, and we print and ship premium quality to your door. Ideal for home décor or gifting.",wall_hanging_poster_310-mm_natural-wood_wood_w14xt20-mm_8x12-inch-a4_200-gsm-80lb-coated-silk_4-0_hor,https://upload.wikimedia.org/wikipedia/commons/c/ca/1x1.png,Yes
Posters with hangers — hor,"Personalised posters with hangers from Pixora. Upload your photo, preview on a live product mockup, and we print and ship premium quality to your door. Ideal for home décor or gifting.",wall_hanging_poster_310-mm_natural-wood_wood_w14xt20-mm_8x12-inch-a4_200-gsm-80lb-uncoated_4-0_hor,https://upload.wikimedia.org/wikipedia/commons/c/ca/1x1.png,Yes
Posters with hangers — hor,"Personalised posters with hangers from Pixora. Upload your photo, preview on a live product mockup, and we print and ship premium quality to your door. Ideal for home décor or gifting.",wall_hanging_poster_310-mm_natural-wood_wood_w14xt20-mm_8x12-inch-a4_250-gsm-100lb-uncoated-offwhite-archival_4-0_hor,https://upload.wikimedia.org/wikipedia/commons/c/ca/1x1.png,Yes
Posters with hangers — ver,"Personalised posters with hangers from Pixora. Upload your photo, preview on a live product mockup, and we print and ship premium quality to your door. Ideal for home décor or gifting.",wall_hanging_poster_310-mm_natural-wood_wood_w14xt20-mm_a3_170-gsm-65lb-coated-silk_4-0_ver,https://upload.wikimedia.org/wikipedia/commons/c/ca/1x1.png,Yes
Posters with hangers — ver,"Personalised posters with hangers from Pixora. Upload your photo, preview on a live product mockup, and we print and ship premium quality to your door. Ideal for home décor or gifting.",wall_hanging_poster_310-mm_natural-wood_wood_w14xt20-mm_a3_170-gsm-65lb-uncoated_4-0_ver,https://upload.wikimedia.org/wikipedia/commons/c/ca/1x1.png,Yes
Posters with hangers — ver,"Personalised posters with hangers from Pixora. Upload your photo, preview on a live product mockup, and we print and ship premium quality to your door. Ideal for home décor or gifting.",wall_hanging_poster_310-mm_natural-wood_wood_w14xt20-mm_a3_200-gsm-80lb-coated-silk_4-0_ver,https://upload.wikimedia.org/wikipedia/commons/c/ca/1x1.png,Yes
Posters with hangers — ver,"Personalised posters with hangers from Pixora. Upload your photo, preview on a live product mockup, and we print and ship premium quality to your door. Ideal for home décor or gifting.",wall_hanging_poster_310-mm_natural-wood_wood_w14xt20-mm_a3_200-gsm-80lb-uncoated_4-0_ver,https://upload.wikimedia.org/wikipedia/commons/c/ca/1x1.png,Yes
Posters with hangers — ver,"Personalised posters with hangers from Pixora. Upload your photo, preview on a live product mockup, and we print and ship premium quality to your door. Ideal for home décor or gifting.",wall_hanging_poster_310-mm_natural-wood_wood_w14xt20-mm_a3_250-gsm-100lb-uncoated-offwhite-archival_4-0_ver,https://upload.wikimedia.org/wikipedia/commons/c/ca/1x1.png,Yes
Posters with hangers — hor,"Personalised posters with hangers from Pixora. Upload your photo, preview on a live product mockup, and we print and ship premium quality to your door. Ideal for home décor or gifting.",wall_hanging_poster_310-mm_natural-wood_wood_w14xt20-mm_a4-8x12-inch_170-gsm-65lb-coated-silk_4-0_hor,https://upload.wikimedia.org/wikipedia/commons/c/ca/1x1.png,Yes
Posters with hangers — hor,"Personalised posters with hangers from Pixora. Upload your photo, preview on a live product mockup, and we print and ship premium quality to your door. Ideal for home décor or gifting.",wall_hanging_poster_310-mm_natural-wood_wood_w14xt20-mm_a4-8x12-inch_170-gsm-65lb-uncoated_4-0_hor,https://upload.wikimedia.org/wikipedia/commons/c/ca/1x1.png,Yes
Posters with hangers — hor,"Personalised posters with hangers from Pixora. Upload your photo, preview on a live product mockup, and we print and ship premium quality to your door. Ideal for home décor or gifting.",wall_hanging_poster_310-mm_natural-wood_wood_w14xt20-mm_a4-8x12-inch_200-gsm-80lb-coated-silk_4-0_hor,https://upload.wikimedia.org/wikipedia/commons/c/ca/1x1.png,Yes
Posters with hangers — hor,"Personalised posters with hangers from Pixora. Upload your photo, preview on a live product mockup, and we print and ship premium quality to your door. Ideal for home décor or gifting.",wall_hanging_poster_310-mm_natural-wood_wood_w14xt20-mm_a4-8x12-inch_200-gsm-80lb-uncoated_4-0_hor,https://upload.wikimedia.org/wikipedia/commons/c/ca/1x1.png,Yes
Posters with hangers — hor,"Personalised posters with hangers from Pixora. Upload your photo, preview on a live product mockup, and we print and ship premium quality to your door. Ideal for home décor or gifting.",wall_hanging_poster_310-mm_natural-wood_wood_w14xt20-mm_a4-8x12-inch_250-gsm-100lb-uncoated-offwhite-archival_4-0_hor,https://upload.wikimedia.org/wikipedia/commons/c/ca/1x1.png,Yes
Posters with hangers — ver,"Personalised posters with hangers from Pixora. Upload your photo, preview on a live product mockup, and we print and ship premium quality to your door. Ideal for home décor or gifting.",wall_hanging_poster_310-mm_natural-wood_wood_w14xt20-mm_xl-280x430-mm_170-gsm-65lb-coated-silk_4-0_ver,https://upload.wikimedia.org/wikipedia/commons/c/ca/1x1.png,Yes
Posters with hangers — ver,"Personalised posters with hangers from Pixora. Upload your photo, preview on a live product mockup, and we print and ship premium quality to your door. Ideal for home décor or gifting.",wall_hanging_poster_310-mm_natural-wood_wood_w14xt20-mm_xl-280x430-mm_170-gsm-65lb-uncoated_4-0_ver,https://upload.wikimedia.org/wikipedia/commons/c/ca/1x1.png,Yes
Posters with hangers — ver,"Personalised posters with hangers from Pixora. Upload your photo, preview on a live product mockup, and we print and ship premium quality to your door. Ideal for home décor or gifting.",wall_hanging_poster_310-mm_natural-wood_wood_w14xt20-mm_xl-280x430-mm_200-gsm-80lb-coated-silk_4-0_ver,https://upload.wikimedia.org/wikipedia/commons/c/ca/1x1.png,Yes
Posters with hangers — ver,"Personalised posters with hangers from Pixora. Upload your photo, preview on a live product mockup, and we print and ship premium quality to your door. Ideal for home décor or gifting.",wall_hanging_poster_310-mm_natural-wood_wood_w14xt20-mm_xl-280x430-mm_200-gsm-80lb-uncoated_4-0_ver,https://upload.wikimedia.org/wikipedia/commons/c/ca/1x1.png,Yes
Posters with hangers — ver,"Personalised posters with hangers from Pixora. Upload your photo, preview on a live product mockup, and we print and ship premium quality to your door. Ideal for home décor or gifting.",wall_hanging_poster_310-mm_natural-wood_wood_w14xt20-mm_xl-280x430-mm_250-gsm-100lb-uncoated-offwhite-archival_4-0_ver,https://upload.wikimedia.org/wikipedia/commons/c/ca/1x1.png,Yes
Posters with hangers — hor,"Personalised posters with hangers from Pixora. Upload your photo, preview on a live product mockup, and we print and ship premium quality to your door. Ideal for home décor or gifting.",wall_hanging_poster_310-mm_white_wood_w14xt20-mm_12x12-inch-300x300-mm_170-gsm-65lb-coated-silk_4-0_hor,https://upload.wikimedia.org/wikipedia/commons/c/ca/1x1.png,Yes
Posters with hangers — ver,"Personalised posters with hangers from Pixora. Upload your photo, preview on a live product mockup, and we print and ship premium quality to your door. Ideal for home décor or gifting.",wall_hanging_poster_310-mm_white_wood_w14xt20-mm_12x12-inch-300x300-mm_170-gsm-65lb-coated-silk_4-0_ver,https://upload.wikimedia.org/wikipedia/commons/c/ca/1x1.png,Yes
Posters with hangers — hor,"Personalised posters with hangers from Pixora. Upload your photo, preview on a live product mockup, and we print and ship premium quality to your door. Ideal for home décor or gifting.",wall_hanging_poster_310-mm_white_wood_w14xt20-mm_12x12-inch-300x300-mm_170-gsm-65lb-uncoated_4-0_hor,https://upload.wikimedia.org/wikipedia/commons/c/ca/1x1.png,Yes
Posters with hangers — ver,"Personalised posters with hangers from Pixora. Upload your photo, preview on a live product mockup, and we print and ship premium quality to your door. Ideal for home décor or gifting.",wall_hanging_poster_310-mm_white_wood_w14xt20-mm_12x12-inch-300x300-mm_170-gsm-65lb-uncoated_4-0_ver,https://upload.wikimedia.org/wikipedia/commons/c/ca/1x1.png,Yes
Posters with hangers — hor,"Personalised posters with hangers from Pixora. Upload your photo, preview on a live product mockup, and we print and ship premium quality to your door. Ideal for home décor or gifting.",wall_hanging_poster_310-mm_white_wood_w14xt20-mm_12x12-inch-300x300-mm_200-gsm-80lb-coated-silk_4-0_hor,https://upload.wikimedia.org/wikipedia/commons/c/ca/1x1.png,Yes
Posters with hangers — ver,"Personalised posters with hangers from Pixora. Upload your photo, preview on a live product mockup, and we print and ship premium quality to your door. Ideal for home décor or gifting.",wall_hanging_poster_310-mm_white_wood_w14xt20-mm_12x12-inch-300x300-mm_200-gsm-80lb-coated-silk_4-0_ver,https://upload.wikimedia.org/wikipedia/commons/c/ca/1x1.png,Yes
Posters with hangers — hor,"Personalised posters with hangers from Pixora. Upload your photo, preview on a live product mockup, and we print and ship premium quality to your door. Ideal for home décor or gifting.",wall_hanging_poster_310-mm_white_wood_w14xt20-mm_12x12-inch-300x300-mm_200-gsm-80lb-uncoated_4-0_hor,https://upload.wikimedia.org/wikipedia/commons/c/ca/1x1.png,Yes
Posters with hangers — ver,"Personalised posters with hangers from Pixora. Upload your photo, preview on a live product mockup, and we print and ship premium quality to your door. Ideal for home décor or gifting.",wall_hanging_poster_310-mm_white_wood_w14xt20-mm_12x12-inch-300x300-mm_200-gsm-80lb-uncoated_4-0_ver,https://upload.wikimedia.org/wikipedia/commons/c/ca/1x1.png,Yes
Posters with hangers — hor,"Personalised posters with hangers from Pixora. Upload your photo, preview on a live product mockup, and we print and ship premium quality to your door. Ideal for home décor or gifting.",wall_hanging_poster_310-mm_white_wood_w14xt20-mm_12x12-inch-300x300-mm_250-gsm-100lb-uncoated-offwhite-archival_4-0_hor,https://upload.wikimedia.org/wikipedia/commons/c/ca/1x1.png,Yes
Posters with hangers — ver,"Personalised posters with hangers from Pixora. Upload your photo, preview on a live product mockup, and we print and ship premium quality to your door. Ideal for home décor or gifting.",wall_hanging_poster_310-mm_white_wood_w14xt20-mm_12x12-inch-300x300-mm_250-gsm-100lb-uncoated-offwhite-archival_4-0_ver,https://upload.wikimedia.org/wikipedia/commons/c/ca/1x1.png,Yes
Posters with hangers — ver,"Personalised posters with hangers from Pixora. Upload your photo, preview on a live product mockup, and we print and ship premium quality to your door. Ideal for home décor or gifting.",wall_hanging_poster_310-mm_white_wood_w14xt20-mm_12x16-inch-300x400-mm_170-gsm-65lb-coated-silk_4-0_ver,https://upload.wikimedia.org/wikipedia/commons/c/ca/1x1.png,Yes
Posters with hangers — ver,"Personalised posters with hangers from Pixora. Upload your photo, preview on a live product mockup, and we print and ship premium quality to your door. Ideal for home décor or gifting.",wall_hanging_poster_310-mm_white_wood_w14xt20-mm_12x16-inch-300x400-mm_170-gsm-65lb-uncoated_4-0_ver,https://upload.wikimedia.org/wikipedia/commons/c/ca/1x1.png,Yes
Posters with hangers — ver,"Personalised posters with hangers from Pixora. Upload your photo, preview on a live product mockup, and we print and ship premium quality to your door. Ideal for home décor or gifting.",wall_hanging_poster_310-mm_white_wood_w14xt20-mm_12x16-inch-300x400-mm_200-gsm-80lb-coated-silk_4-0_ver,https://upload.wikimedia.org/wikipedia/commons/c/ca/1x1.png,Yes
Posters with hangers — ver,"Personalised posters with hangers from Pixora. Upload your photo, preview on a live product mockup, and we print and ship premium quality to your door. Ideal for home décor or gifting.",wall_hanging_poster_310-mm_white_wood_w14xt20-mm_12x16-inch-300x400-mm_200-gsm-80lb-uncoated_4-0_ver,https://upload.wikimedia.org/wikipedia/commons/c/ca/1x1.png,Yes
Posters with hangers — ver,"Personalised posters with hangers from Pixora. Upload your photo, preview on a live product mockup, and we print and ship premium quality to your door. Ideal for home décor or gifting.",wall_hanging_poster_310-mm_white_wood_w14xt20-mm_12x16-inch-300x400-mm_250-gsm-100lb-uncoated-offwhite-archival_4-0_ver,https://upload.wikimedia.org/wikipedia/commons/c/ca/1x1.png,Yes
Posters with hangers — ver,"Personalised posters with hangers from Pixora. Upload your photo, preview on a live product mockup, and we print and ship premium quality to your door. Ideal for home décor or gifting.",wall_hanging_poster_310-mm_white_wood_w14xt20-mm_12x18-inch-300x450-mm_170-gsm-65lb-coated-silk_4-0_ver,https://upload.wikimedia.org/wikipedia/commons/c/ca/1x1.png,Yes
Posters with hangers — ver,"Personalised posters with hangers from Pixora. Upload your photo, preview on a live product mockup, and we print and ship premium quality to your door. Ideal for home décor or gifting.",wall_hanging_poster_310-mm_white_wood_w14xt20-mm_12x18-inch-300x450-mm_170-gsm-65lb-uncoated_4-0_ver,https://upload.wikimedia.org/wikipedia/commons/c/ca/1x1.png,Yes
Posters with hangers — ver,"Personalised posters with hangers from Pixora. Upload your photo, preview on a live product mockup, and we print and ship premium quality to your door. Ideal for home décor or gifting.",wall_hanging_poster_310-mm_white_wood_w14xt20-mm_12x18-inch-300x450-mm_200-gsm-80lb-coated-silk_4-0_ver,https://upload.wikimedia.org/wikipedia/commons/c/ca/1x1.png,Yes
Posters with hangers — ver,"Personalised posters with hangers from Pixora. Upload your photo, preview on a live product mockup, and we print and ship premium quality to your door. Ideal for home décor or gifting.",wall_hanging_poster_310-mm_white_wood_w14xt20-mm_12x18-inch-300x450-mm_200-gsm-80lb-uncoated_4-0_ver,https://upload.wikimedia.org/wikipedia/commons/c/ca/1x1.png,Yes
Posters with hangers — ver,"Personalised posters with hangers from Pixora. Upload your photo, preview on a live product mockup, and we print and ship premium quality to your door. Ideal for home décor or gifting.",wall_hanging_poster_310-mm_white_wood_w14xt20-mm_12x18-inch-300x450-mm_250-gsm-100lb-uncoated-offwhite-archival_4-0_ver,https://upload.wikimedia.org/wikipedia/commons/c/ca/1x1.png,Yes
Posters with hangers — ver,"Personalised posters with hangers from Pixora. Upload your photo, preview on a live product mockup, and we print and ship premium quality to your door. Ideal for home décor or gifting.",wall_hanging_poster_310-mm_white_wood_w14xt20-mm_280x430-mm-xl_170-gsm-65lb-coated-silk_4-0_ver,https://upload.wikimedia.org/wikipedia/commons/c/ca/1x1.png,Yes
Posters with hangers — ver,"Personalised posters with hangers from Pixora. Upload your photo, preview on a live product mockup, and we print and ship premium quality to your door. Ideal for home décor or gifting.",wall_hanging_poster_310-mm_white_wood_w14xt20-mm_280x430-mm-xl_170-gsm-65lb-uncoated_4-0_ver,https://upload.wikimedia.org/wikipedia/commons/c/ca/1x1.png,Yes
Posters with hangers — ver,"Personalised posters with hangers from Pixora. Upload your photo, preview on a live product mockup, and we print and ship premium quality to your door. Ideal for home décor or gifting.",wall_hanging_poster_310-mm_white_wood_w14xt20-mm_280x430-mm-xl_200-gsm-80lb-coated-silk_4-0_ver,https://upload.wikimedia.org/wikipedia/commons/c/ca/1x1.png,Yes
Posters with hangers — ver,"Personalised posters with hangers from Pixora. Upload your photo, preview on a live product mockup, and we print and ship premium quality to your door. Ideal for home décor or gifting.",wall_hanging_poster_310-mm_white_wood_w14xt20-mm_280x430-mm-xl_200-gsm-80lb-uncoated_4-0_ver,https://upload.wikimedia.org/wikipedia/commons/c/ca/1x1.png,Yes
Posters with hangers — ver,"Personalised posters with hangers from Pixora. Upload your photo, preview on a live product mockup, and we print and ship premium quality to your door. Ideal for home décor or gifting.",wall_hanging_poster_310-mm_white_wood_w14xt20-mm_280x430-mm-xl_250-gsm-100lb-uncoated-offwhite-archival_4-0_ver,https://upload.wikimedia.org/wikipedia/commons/c/ca/1x1.png,Yes
Posters with hangers — hor,"Personalised posters with hangers from Pixora. Upload your photo, preview on a live product mockup, and we print and ship premium quality to your door. Ideal for home décor or gifting.",wall_hanging_poster_310-mm_white_wood_w14xt20-mm_300x300-mm-12x12-inch_170-gsm-65lb-coated-silk_4-0_hor,https://upload.wikimedia.org/wikipedia/commons/c/ca/1x1.png,Yes
Posters with hangers — ver,"Personalised posters with hangers from Pixora. Upload your photo, preview on a live product mockup, and we print and ship premium quality to your door. Ideal for home décor or gifting.",wall_hanging_poster_310-mm_white_wood_w14xt20-mm_300x300-mm-12x12-inch_170-gsm-65lb-coated-silk_4-0_ver,https://upload.wikimedia.org/wikipedia/commons/c/ca/1x1.png,Yes
Posters with hangers — hor,"Personalised posters with hangers from Pixora. Upload your photo, preview on a live product mockup, and we print and ship premium quality to your door. Ideal for home décor or gifting.",wall_hanging_poster_310-mm_white_wood_w14xt20-mm_300x300-mm-12x12-inch_170-gsm-65lb-uncoated_4-0_hor,https://upload.wikimedia.org/wikipedia/commons/c/ca/1x1.png,Yes
Posters with hangers — ver,"Personalised posters with hangers from Pixora. Upload your photo, preview on a live product mockup, and we print and ship premium quality to your door. Ideal for home décor or gifting.",wall_hanging_poster_310-mm_white_wood_w14xt20-mm_300x300-mm-12x12-inch_170-gsm-65lb-uncoated_4-0_ver,https://upload.wikimedia.org/wikipedia/commons/c/ca/1x1.png,Yes
Posters with hangers — hor,"Personalised posters with hangers from Pixora. Upload your photo, preview on a live product mockup, and we print and ship premium quality to your door. Ideal for home décor or gifting.",wall_hanging_poster_310-mm_white_wood_w14xt20-mm_300x300-mm-12x12-inch_200-gsm-80lb-coated-silk_4-0_hor,https://upload.wikimedia.org/wikipedia/commons/c/ca/1x1.png,Yes
Posters with hangers — ver,"Personalised posters with hangers from Pixora. Upload your photo, preview on a live product mockup, and we print and ship premium quality to your door. Ideal for home décor or gifting.",wall_hanging_poster_310-mm_white_wood_w14xt20-mm_300x300-mm-12x12-inch_200-gsm-80lb-coated-silk_4-0_ver,https://upload.wikimedia.org/wikipedia/commons/c/ca/1x1.png,Yes
Posters with hangers — hor,"Personalised posters with hangers from Pixora. Upload your photo, preview on a live product mockup, and we print and ship premium quality to your door. Ideal for home décor or gifting.",wall_hanging_poster_310-mm_white_wood_w14xt20-mm_300x300-mm-12x12-inch_200-gsm-80lb-uncoated_4-0_hor,https://upload.wikimedia.org/wikipedia/commons/c/ca/1x1.png,Yes
Posters with hangers — ver,"Personalised posters with hangers from Pixora. Upload your photo, preview on a live product mockup, and we print and ship premium quality to your door. Ideal for home décor or gifting.",wall_hanging_poster_310-mm_white_wood_w14xt20-mm_300x300-mm-12x12-inch_200-gsm-80lb-uncoated_4-0_ver,https://upload.wikimedia.org/wikipedia/commons/c/ca/1x1.png,Yes
Posters with hangers — hor,"Personalised posters with hangers from Pixora. Upload your photo, preview on a live product mockup, and we print and ship premium quality to your door. Ideal for home décor or gifting.",wall_hanging_poster_310-mm_white_wood_w14xt20-mm_300x300-mm-12x12-inch_250-gsm-100lb-uncoated-offwhite-archival_4-0_hor,https://upload.wikimedia.org/wikipedia/commons/c/ca/1x1.png,Yes
Posters with hangers — ver,"Personalised posters with hangers from Pixora. Upload your photo, preview on a live product mockup, and we print and ship premium quality to your door. Ideal for home décor or gifting.",wall_hanging_poster_310-mm_white_wood_w14xt20-mm_300x300-mm-12x12-inch_250-gsm-100lb-uncoated-offwhite-archival_4-0_ver,https://upload.wikimedia.org/wikipedia/commons/c/ca/1x1.png,Yes
Posters with hangers — ver,"Personalised posters with hangers from Pixora. Upload your photo, preview on a live product mockup, and we print and ship premium quality to your door. Ideal for home décor or gifting.",wall_hanging_poster_310-mm_white_wood_w14xt20-mm_300x400-mm-12x16-inch_170-gsm-65lb-coated-silk_4-0_ver,https://upload.wikimedia.org/wikipedia/commons/c/ca/1x1.png,Yes
Posters with hangers — ver,"Personalised posters with hangers from Pixora. Upload your photo, preview on a live product mockup, and we print and ship premium quality to your door. Ideal for home décor or gifting.",wall_hanging_poster_310-mm_white_wood_w14xt20-mm_300x400-mm-12x16-inch_170-gsm-65lb-uncoated_4-0_ver,https://upload.wikimedia.org/wikipedia/commons/c/ca/1x1.png,Yes
Posters with hangers — ver,"Personalised posters with hangers from Pixora. Upload your photo, preview on a live product mockup, and we print and ship premium quality to your door. Ideal for home décor or gifting.",wall_hanging_poster_310-mm_white_wood_w14xt20-mm_300x400-mm-12x16-inch_200-gsm-80lb-coated-silk_4-0_ver,https://upload.wikimedia.org/wikipedia/commons/c/ca/1x1.png,Yes
Posters with hangers — ver,"Personalised posters with hangers from Pixora. Upload your photo, preview on a live product mockup, and we print and ship premium quality to your door. Ideal for home décor or gifting.",wall_hanging_poster_310-mm_white_wood_w14xt20-mm_300x400-mm-12x16-inch_200-gsm-80lb-uncoated_4-0_ver,https://upload.wikimedia.org/wikipedia/commons/c/ca/1x1.png,Yes
Posters with hangers — ver,"Personalised posters with hangers from Pixora. Upload your photo, preview on a live product mockup, and we print and ship premium quality to your door. Ideal for home décor or gifting.",wall_hanging_poster_310-mm_white_wood_w14xt20-mm_300x400-mm-12x16-inch_250-gsm-100lb-uncoated-offwhite-archival_4-0_ver,https://upload.wikimedia.org/wikipedia/commons/c/ca/1x1.png,Yes
Posters with hangers — ver,"Personalised posters with hangers from Pixora. Upload your photo, preview on a live product mockup, and we print and ship premium quality to your door. Ideal for home décor or gifting.",wall_hanging_poster_310-mm_white_wood_w14xt20-mm_300x450-mm-12x18-inch_170-gsm-65lb-coated-silk_4-0_ver,https://upload.wikimedia.org/wikipedia/commons/c/ca/1x1.png,Yes
Posters with hangers — ver,"Personalised posters with hangers from Pixora. Upload your photo, preview on a live product mockup, and we print and ship premium quality to your door. Ideal for home décor or gifting.",wall_hanging_poster_310-mm_white_wood_w14xt20-mm_300x450-mm-12x18-inch_170-gsm-65lb-uncoated_4-0_ver,https://upload.wikimedia.org/wikipedia/commons/c/ca/1x1.png,Yes
Posters with hangers — ver,"Personalised posters with hangers from Pixora. Upload your photo, preview on a live product mockup, and we print and ship premium quality to your door. Ideal for home décor or gifting.",wall_hanging_poster_310-mm_white_wood_w14xt20-mm_300x450-mm-12x18-inch_200-gsm-80lb-coated-silk_4-0_ver,https://upload.wikimedia.org/wikipedia/commons/c/ca/1x1.png,Yes
Posters with hangers — ver,"Personalised posters with hangers from Pixora. Upload your photo, preview on a live product mockup, and we print and ship premium quality to your door. Ideal for home décor or gifting.",wall_hanging_poster_310-mm_white_wood_w14xt20-mm_300x450-mm-12x18-inch_200-gsm-80lb-uncoated_4-0_ver,https://upload.wikimedia.org/wikipedia/commons/c/ca/1x1.png,Yes
Posters with hangers — ver,"Personalised posters with hangers from Pixora. Upload your photo, preview on a live product mockup, and we print and ship premium quality to your door. Ideal for home décor or gifting.",wall_hanging_poster_310-mm_white_wood_w14xt20-mm_300x450-mm-12x18-inch_250-gsm-100lb-uncoated-offwhite-archival_4-0_ver,https://upload.wikimedia.org/wikipedia/commons/c/ca/1x1.png,Yes
Posters with hangers — hor,"Personalised posters with hangers from Pixora. Upload your photo, preview on a live product mockup, and we print and ship premium quality to your door. Ideal for home décor or gifting.",wall_hanging_poster_310-mm_white_wood_w14xt20-mm_8x12-inch-a4_170-gsm-65lb-coated-silk_4-0_hor,https://upload.wikimedia.org/wikipedia/commons/c/ca/1x1.png,Yes
Posters with hangers — hor,"Personalised posters with hangers from Pixora. Upload your photo, preview on a live product mockup, and we print and ship premium quality to your door. Ideal for home décor or gifting.",wall_hanging_poster_310-mm_white_wood_w14xt20-mm_8x12-inch-a4_170-gsm-65lb-uncoated_4-0_hor,https://upload.wikimedia.org/wikipedia/commons/c/ca/1x1.png,Yes
Posters with hangers — hor,"Personalised posters with hangers from Pixora. Upload your photo, preview on a live product mockup, and we print and ship premium quality to your door. Ideal for home décor or gifting.",wall_hanging_poster_310-mm_white_wood_w14xt20-mm_8x12-inch-a4_200-gsm-80lb-coated-silk_4-0_hor,https://upload.wikimedia.org/wikipedia/commons/c/ca/1x1.png,Yes
Posters with hangers — hor,"Personalised posters with hangers from Pixora. Upload your photo, preview on a live product mockup, and we print and ship premium quality to your door. Ideal for home décor or gifting.",wall_hanging_poster_310-mm_white_wood_w14xt20-mm_8x12-inch-a4_200-gsm-80lb-uncoated_4-0_hor,https://upload.wikimedia.org/wikipedia/commons/c/ca/1x1.png,Yes
Posters with hangers — hor,"Personalised posters with hangers from Pixora. Upload your photo, preview on a live product mockup, and we print and ship premium quality to your door. Ideal for home décor or gifting.",wall_hanging_poster_310-mm_white_wood_w14xt20-mm_8x12-inch-a4_250-gsm-100lb-uncoated-offwhite-archival_4-0_hor,https://upload.wikimedia.org/wikipedia/commons/c/ca/1x1.png,Yes
Posters with hangers — ver,"Personalised posters with hangers from Pixora. Upload your photo, preview on a live product mockup, and we print and ship premium quality to your door. Ideal for home décor or gifting.",wall_hanging_poster_310-mm_white_wood_w14xt20-mm_a3_170-gsm-65lb-coated-silk_4-0_ver,https://upload.wikimedia.org/wikipedia/commons/c/ca/1x1.png,Yes
Posters with hangers — ver,"Personalised posters with hangers from Pixora. Upload your photo, preview on a live product mockup, and we print and ship premium quality to your door. Ideal for home décor or gifting.",wall_hanging_poster_310-mm_white_wood_w14xt20-mm_a3_170-gsm-65lb-uncoated_4-0_ver,https://upload.wikimedia.org/wikipedia/commons/c/ca/1x1.png,Yes
Posters with hangers — ver,"Personalised posters with hangers from Pixora. Upload your photo, preview on a live product mockup, and we print and ship premium quality to your door. Ideal for home décor or gifting.",wall_hanging_poster_310-mm_white_wood_w14xt20-mm_a3_200-gsm-80lb-coated-silk_4-0_ver,https://upload.wikimedia.org/wikipedia/commons/c/ca/1x1.png,Yes
Posters with hangers — ver,"Personalised posters with hangers from Pixora. Upload your photo, preview on a live product mockup, and we print and ship premium quality to your door. Ideal for home décor or gifting.",wall_hanging_poster_310-mm_white_wood_w14xt20-mm_a3_200-gsm-80lb-uncoated_4-0_ver,https://upload.wikimedia.org/wikipedia/commons/c/ca/1x1.png,Yes
Posters with hangers — ver,"Personalised posters with hangers from Pixora. Upload your photo, preview on a live product mockup, and we print and ship premium quality to your door. Ideal for home décor or gifting.",wall_hanging_poster_310-mm_white_wood_w14xt20-mm_a3_250-gsm-100lb-uncoated-offwhite-archival_4-0_ver,https://upload.wikimedia.org/wikipedia/commons/c/ca/1x1.png,Yes
Posters with hangers — hor,"Personalised posters with hangers from Pixora. Upload your photo, preview on a live product mockup, and we print and ship premium quality to your door. Ideal for home décor or gifting.",wall_hanging_poster_310-mm_white_wood_w14xt20-mm_a4-8x12-inch_170-gsm-65lb-coated-silk_4-0_hor,https://upload.wikimedia.org/wikipedia/commons/c/ca/1x1.png,Yes
Posters with hangers — hor,"Personalised posters with hangers from Pixora. Upload your photo, preview on a live product mockup, and we print and ship premium quality to your door. Ideal for home décor or gifting.",wall_hanging_poster_310-mm_white_wood_w14xt20-mm_a4-8x12-inch_170-gsm-65lb-uncoated_4-0_hor,https://upload.wikimedia.org/wikipedia/commons/c/ca/1x1.png,Yes
Posters with hangers — hor,"Personalised posters with hangers from Pixora. Upload your photo, preview on a live product mockup, and we print and ship premium quality to your door. Ideal for home décor or gifting.",wall_hanging_poster_310-mm_white_wood_w14xt20-mm_a4-8x12-inch_200-gsm-80lb-coated-silk_4-0_hor,https://upload.wikimedia.org/wikipedia/commons/c/ca/1x1.png,Yes
Posters with hangers — hor,"Personalised posters with hangers from Pixora. Upload your photo, preview on a live product mockup, and we print and ship premium quality to your door. Ideal for home décor or gifting.",wall_hanging_poster_310-mm_white_wood_w14xt20-mm_a4-8x12-inch_200-gsm-80lb-uncoated_4-0_hor,https://upload.wikimedia.org/wikipedia/commons/c/ca/1x1.png,Yes
Posters with hangers — hor,"Personalised posters with hangers from Pixora. Upload your photo, preview on a live product mockup, and we print and ship premium quality to your door. Ideal for home décor or gifting.",wall_hanging_poster_310-mm_white_wood_w14xt20-mm_a4-8x12-inch_250-gsm-100lb-uncoated-offwhite-archival_4-0_hor,https://upload.wikimedia.org/wikipedia/commons/c/ca/1x1.png,Yes
Posters with hangers — ver,"Personalised posters with hangers from Pixora. Upload your photo, preview on a live product mockup, and we print and ship premium quality to your door. Ideal for home décor or gifting.",wall_hanging_poster_310-mm_white_wood_w14xt20-mm_xl-280x430-mm_170-gsm-65lb-coated-silk_4-0_ver,https://upload.wikimedia.org/wikipedia/commons/c/ca/1x1.png,Yes
Posters with hangers — ver,"Personalised posters with hangers from Pixora. Upload your photo, preview on a live product mockup, and we print and ship premium quality to your door. Ideal for home décor or gifting.",wall_hanging_poster_310-mm_white_wood_w14xt20-mm_xl-280x430-mm_170-gsm-65lb-uncoated_4-0_ver,https://upload.wikimedia.org/wikipedia/commons/c/ca/1x1.png,Yes
Posters with hangers — ver,"Personalised posters with hangers from Pixora. Upload your photo, preview on a live product mockup, and we print and ship premium quality to your door. Ideal for home décor or gifting.",wall_hanging_poster_310-mm_white_wood_w14xt20-mm_xl-280x430-mm_200-gsm-80lb-coated-silk_4-0_ver,https://upload.wikimedia.org/wikipedia/commons/c/ca/1x1.png,Yes
Posters with hangers — ver,"Personalised posters with hangers from Pixora. Upload your photo, preview on a live product mockup, and we print and ship premium quality to your door. Ideal for home décor or gifting.",wall_hanging_poster_310-mm_white_wood_w14xt20-mm_xl-280x430-mm_200-gsm-80lb-uncoated_4-0_ver,https://upload.wikimedia.org/wikipedia/commons/c/ca/1x1.png,Yes
Posters with hangers — ver,"Personalised posters with hangers from Pixora. Upload your photo, preview on a live product mockup, and we print and ship premium quality to your door. Ideal for home décor or gifting.",wall_hanging_poster_310-mm_white_wood_w14xt20-mm_xl-280x430-mm_250-gsm-100lb-uncoated-offwhite-archival_4-0_ver,https://upload.wikimedia.org/wikipedia/commons/c/ca/1x1.png,Yes
Posters with hangers — hor,"Personalised posters with hangers from Pixora. Upload your photo, preview on a live product mockup, and we print and ship premium quality to your door. Ideal for home décor or gifting.",wall_hanging_poster_410-mm_black_wood_w14xt20-mm_11x14-inch-270x350-mm_170-gsm-65lb-coated-silk_4-0_hor,https://upload.wikimedia.org/wikipedia/commons/c/ca/1x1.png,Yes
Posters with hangers — hor,"Personalised posters with hangers from Pixora. Upload your photo, preview on a live product mockup, and we print and ship premium quality to your door. Ideal for home décor or gifting.",wall_hanging_poster_410-mm_black_wood_w14xt20-mm_11x14-inch-270x350-mm_170-gsm-65lb-uncoated_4-0_hor,https://upload.wikimedia.org/wikipedia/commons/c/ca/1x1.png,Yes
Posters with hangers — hor,"Personalised posters with hangers from Pixora. Upload your photo, preview on a live product mockup, and we print and ship premium quality to your door. Ideal for home décor or gifting.",wall_hanging_poster_410-mm_black_wood_w14xt20-mm_11x14-inch-270x350-mm_200-gsm-80lb-coated-silk_4-0_hor,https://upload.wikimedia.org/wikipedia/commons/c/ca/1x1.png,Yes
Posters with hangers — hor,"Personalised posters with hangers from Pixora. Upload your photo, preview on a live product mockup, and we print and ship premium quality to your door. Ideal for home décor or gifting.",wall_hanging_poster_410-mm_black_wood_w14xt20-mm_11x14-inch-270x350-mm_200-gsm-80lb-uncoated_4-0_hor,https://upload.wikimedia.org/wikipedia/commons/c/ca/1x1.png,Yes
Posters with hangers — hor,"Personalised posters with hangers from Pixora. Upload your photo, preview on a live product mockup, and we print and ship premium quality to your door. Ideal for home décor or gifting.",wall_hanging_poster_410-mm_black_wood_w14xt20-mm_11x14-inch-270x350-mm_250-gsm-100lb-uncoated-offwhite-archival_4-0_hor,https://upload.wikimedia.org/wikipedia/commons/c/ca/1x1.png,Yes
Posters with hangers — hor,"Personalised posters with hangers from Pixora. Upload your photo, preview on a live product mockup, and we print and ship premium quality to your door. Ideal for home décor or gifting.",wall_hanging_poster_410-mm_black_wood_w14xt20-mm_12x16-inch-300x400-mm_170-gsm-65lb-coated-silk_4-0_hor,https://upload.wikimedia.org/wikipedia/commons/c/ca/1x1.png,Yes
Posters with hangers — hor,"Personalised posters with hangers from Pixora. Upload your photo, preview on a live product mockup, and we print and ship premium quality to your door. Ideal for home décor or gifting.",wall_hanging_poster_410-mm_black_wood_w14xt20-mm_12x16-inch-300x400-mm_170-gsm-65lb-uncoated_4-0_hor,https://upload.wikimedia.org/wikipedia/commons/c/ca/1x1.png,Yes
Posters with hangers — hor,"Personalised posters with hangers from Pixora. Upload your photo, preview on a live product mockup, and we print and ship premium quality to your door. Ideal for home décor or gifting.",wall_hanging_poster_410-mm_black_wood_w14xt20-mm_12x16-inch-300x400-mm_200-gsm-80lb-coated-silk_4-0_hor,https://upload.wikimedia.org/wikipedia/commons/c/ca/1x1.png,Yes
Posters with hangers — hor,"Personalised posters with hangers from Pixora. Upload your photo, preview on a live product mockup, and we print and ship premium quality to your door. Ideal for home décor or gifting.",wall_hanging_poster_410-mm_black_wood_w14xt20-mm_12x16-inch-300x400-mm_200-gsm-80lb-uncoated_4-0_hor,https://upload.wikimedia.org/wikipedia/commons/c/ca/1x1.png,Yes
Posters with hangers — hor,"Personalised posters with hangers from Pixora. Upload your photo, preview on a live product mockup, and we print and ship premium quality to your door. Ideal for home décor or gifting.",wall_hanging_poster_410-mm_black_wood_w14xt20-mm_12x16-inch-300x400-mm_250-gsm-100lb-uncoated-offwhite-archival_4-0_hor,https://upload.wikimedia.org/wikipedia/commons/c/ca/1x1.png,Yes
Posters with hangers — hor,"Personalised posters with hangers from Pixora. Upload your photo, preview on a live product mockup, and we print and ship premium quality to your door. Ideal for home décor or gifting.",wall_hanging_poster_410-mm_black_wood_w14xt20-mm_14x14-inch-350x350-mm_170-gsm-65lb-coated-silk_4-0_hor,https://upload.wikimedia.org/wikipedia/commons/c/ca/1x1.png,Yes
Posters with hangers — ver,"Personalised posters with hangers from Pixora. Upload your photo, preview on a live product mockup, and we print and ship premium quality to your door. Ideal for home décor or gifting.",wall_hanging_poster_410-mm_black_wood_w14xt20-mm_14x14-inch-350x350-mm_170-gsm-65lb-coated-silk_4-0_ver,https://upload.wikimedia.org/wikipedia/commons/c/ca/1x1.png,Yes
Posters with hangers — hor,"Personalised posters with hangers from Pixora. Upload your photo, preview on a live product mockup, and we print and ship premium quality to your door. Ideal for home décor or gifting.",wall_hanging_poster_410-mm_black_wood_w14xt20-mm_14x14-inch-350x350-mm_170-gsm-65lb-uncoated_4-0_hor,https://upload.wikimedia.org/wikipedia/commons/c/ca/1x1.png,Yes
Posters with hangers — ver,"Personalised posters with hangers from Pixora. Upload your photo, preview on a live product mockup, and we print and ship premium quality to your door. Ideal for home décor or gifting.",wall_hanging_poster_410-mm_black_wood_w14xt20-mm_14x14-inch-350x350-mm_170-gsm-65lb-uncoated_4-0_ver,https://upload.wikimedia.org/wikipedia/commons/c/ca/1x1.png,Yes
Posters with hangers — hor,"Personalised posters with hangers from Pixora. Upload your photo, preview on a live product mockup, and we print and ship premium quality to your door. Ideal for home décor or gifting.",wall_hanging_poster_410-mm_black_wood_w14xt20-mm_14x14-inch-350x350-mm_200-gsm-80lb-coated-silk_4-0_hor,https://upload.wikimedia.org/wikipedia/commons/c/ca/1x1.png,Yes
Posters with hangers — ver,"Personalised posters with hangers from Pixora. Upload your photo, preview on a live product mockup, and we print and ship premium quality to your door. Ideal for home décor or gifting.",wall_hanging_poster_410-mm_black_wood_w14xt20-mm_14x14-inch-350x350-mm_200-gsm-80lb-coated-silk_4-0_ver,https://upload.wikimedia.org/wikipedia/commons/c/ca/1x1.png,Yes
Posters with hangers — hor,"Personalised posters with hangers from Pixora. Upload your photo, preview on a live product mockup, and we print and ship premium quality to your door. Ideal for home décor or gifting.",wall_hanging_poster_410-mm_black_wood_w14xt20-mm_14x14-inch-350x350-mm_200-gsm-80lb-uncoated_4-0_hor,https://upload.wikimedia.org/wikipedia/commons/c/ca/1x1.png,Yes
Posters with hangers — ver,"Personalised posters with hangers from Pixora. Upload your photo, preview on a live product mockup, and we print and ship premium quality to your door. Ideal for home décor or gifting.",wall_hanging_poster_410-mm_black_wood_w14xt20-mm_14x14-inch-350x350-mm_200-gsm-80lb-uncoated_4-0_ver,https://upload.wikimedia.org/wikipedia/commons/c/ca/1x1.png,Yes
Posters with hangers — hor,"Personalised posters with hangers from Pixora. Upload your photo, preview on a live product mockup, and we print and ship premium quality to your door. Ideal for home décor or gifting.",wall_hanging_poster_410-mm_black_wood_w14xt20-mm_14x14-inch-350x350-mm_250-gsm-100lb-uncoated-offwhite-archival_4-0_hor,https://upload.wikimedia.org/wikipedia/commons/c/ca/1x1.png,Yes
Posters with hangers — ver,"Personalised posters with hangers from Pixora. Upload your photo, preview on a live product mockup, and we print and ship premium quality to your door. Ideal for home décor or gifting.",wall_hanging_poster_410-mm_black_wood_w14xt20-mm_14x14-inch-350x350-mm_250-gsm-100lb-uncoated-offwhite-archival_4-0_ver,https://upload.wikimedia.org/wikipedia/commons/c/ca/1x1.png,Yes
Posters with hangers — hor,"Personalised posters with hangers from Pixora. Upload your photo, preview on a live product mockup, and we print and ship premium quality to your door. Ideal for home décor or gifting.",wall_hanging_poster_410-mm_black_wood_w14xt20-mm_16x16-inch-400x400-mm_170-gsm-65lb-coated-silk_4-0_hor,https://upload.wikimedia.org/wikipedia/commons/c/ca/1x1.png,Yes
Posters with hangers — ver,"Personalised posters with hangers from Pixora. Upload your photo, preview on a live product mockup, and we print and ship premium quality to your door. Ideal for home décor or gifting.",wall_hanging_poster_410-mm_black_wood_w14xt20-mm_16x16-inch-400x400-mm_170-gsm-65lb-coated-silk_4-0_ver,https://upload.wikimedia.org/wikipedia/commons/c/ca/1x1.png,Yes
Posters with hangers — hor,"Personalised posters with hangers from Pixora. Upload your photo, preview on a live product mockup, and we print and ship premium quality to your door. Ideal for home décor or gifting.",wall_hanging_poster_410-mm_black_wood_w14xt20-mm_16x16-inch-400x400-mm_170-gsm-65lb-uncoated_4-0_hor,https://upload.wikimedia.org/wikipedia/commons/c/ca/1x1.png,Yes
Posters with hangers — ver,"Personalised posters with hangers from Pixora. Upload your photo, preview on a live product mockup, and we print and ship premium quality to your door. Ideal for home décor or gifting.",wall_hanging_poster_410-mm_black_wood_w14xt20-mm_16x16-inch-400x400-mm_170-gsm-65lb-uncoated_4-0_ver,https://upload.wikimedia.org/wikipedia/commons/c/ca/1x1.png,Yes
Posters with hangers — hor,"Personalised posters with hangers from Pixora. Upload your photo, preview on a live product mockup, and we print and ship premium quality to your door. Ideal for home décor or gifting.",wall_hanging_poster_410-mm_black_wood_w14xt20-mm_16x16-inch-400x400-mm_200-gsm-80lb-coated-silk_4-0_hor,https://upload.wikimedia.org/wikipedia/commons/c/ca/1x1.png,Yes
Posters with hangers — ver,"Personalised posters with hangers from Pixora. Upload your photo, preview on a live product mockup, and we print and ship premium quality to your door. Ideal for home décor or gifting.",wall_hanging_poster_410-mm_black_wood_w14xt20-mm_16x16-inch-400x400-mm_200-gsm-80lb-coated-silk_4-0_ver,https://upload.wikimedia.org/wikipedia/commons/c/ca/1x1.png,Yes
Posters with hangers — hor,"Personalised posters with hangers from Pixora. Upload your photo, preview on a live product mockup, and we print and ship premium quality to your door. Ideal for home décor or gifting.",wall_hanging_poster_410-mm_black_wood_w14xt20-mm_16x16-inch-400x400-mm_200-gsm-80lb-uncoated_4-0_hor,https://upload.wikimedia.org/wikipedia/commons/c/ca/1x1.png,Yes
Posters with hangers — ver,"Personalised posters with hangers from Pixora. Upload your photo, preview on a live product mockup, and we print and ship premium quality to your door. Ideal for home décor or gifting.",wall_hanging_poster_410-mm_black_wood_w14xt20-mm_16x16-inch-400x400-mm_200-gsm-80lb-uncoated_4-0_ver,https://upload.wikimedia.org/wikipedia/commons/c/ca/1x1.png,Yes
Posters with hangers — hor,"Personalised posters with hangers from Pixora. Upload your photo, preview on a live product mockup, and we print and ship premium quality to your door. Ideal for home décor or gifting.",wall_hanging_poster_410-mm_black_wood_w14xt20-mm_16x16-inch-400x400-mm_250-gsm-100lb-uncoated-offwhite-archival_4-0_hor,https://upload.wikimedia.org/wikipedia/commons/c/ca/1x1.png,Yes
Posters with hangers — ver,"Personalised posters with hangers from Pixora. Upload your photo, preview on a live product mockup, and we print and ship premium quality to your door. Ideal for home décor or gifting.",wall_hanging_poster_410-mm_black_wood_w14xt20-mm_16x16-inch-400x400-mm_250-gsm-100lb-uncoated-offwhite-archival_4-0_ver,https://upload.wikimedia.org/wikipedia/commons/c/ca/1x1.png,Yes
Posters with hangers — ver,"Personalised posters with hangers from Pixora. Upload your photo, preview on a live product mockup, and we print and ship premium quality to your door. Ideal for home décor or gifting.",wall_hanging_poster_410-mm_black_wood_w14xt20-mm_16x20-inch-400x500-mm_170-gsm-65lb-coated-silk_4-0_ver,https://upload.wikimedia.org/wikipedia/commons/c/ca/1x1.png,Yes
Posters with hangers — ver,"Personalised posters with hangers from Pixora. Upload your photo, preview on a live product mockup, and we print and ship premium quality to your door. Ideal for home décor or gifting.",wall_hanging_poster_410-mm_black_wood_w14xt20-mm_16x20-inch-400x500-mm_170-gsm-65lb-uncoated_4-0_ver,https://upload.wikimedia.org/wikipedia/commons/c/ca/1x1.png,Yes
Posters with hangers — ver,"Personalised posters with hangers from Pixora. Upload your photo, preview on a live product mockup, and we print and ship premium quality to your door. Ideal for home décor or gifting.",wall_hanging_poster_410-mm_black_wood_w14xt20-mm_16x20-inch-400x500-mm_200-gsm-80lb-coated-silk_4-0_ver,https://upload.wikimedia.org/wikipedia/commons/c/ca/1x1.png,Yes
Posters with hangers — ver,"Personalised posters with hangers from Pixora. Upload your photo, preview on a live product mockup, and we print and ship premium quality to your door. Ideal for home décor or gifting.",wall_hanging_poster_410-mm_black_wood_w14xt20-mm_16x20-inch-400x500-mm_200-gsm-80lb-uncoated_4-0_ver,https://upload.wikimedia.org/wikipedia/commons/c/ca/1x1.png,Yes
Posters with hangers — ver,"Personalised posters with hangers from Pixora. Upload your photo, preview on a live product mockup, and we print and ship premium quality to your door. Ideal for home décor or gifting.",wall_hanging_poster_410-mm_black_wood_w14xt20-mm_16x20-inch-400x500-mm_250-gsm-100lb-uncoated-offwhite-archival_4-0_ver,https://upload.wikimedia.org/wikipedia/commons/c/ca/1x1.png,Yes
Posters with hangers — ver,"Personalised posters with hangers from Pixora. Upload your photo, preview on a live product mockup, and we print and ship premium quality to your door. Ideal for home décor or gifting.",wall_hanging_poster_410-mm_black_wood_w14xt20-mm_16x24-inch-400x600-mm_170-gsm-65lb-coated-silk_4-0_ver,https://upload.wikimedia.org/wikipedia/commons/c/ca/1x1.png,Yes
Posters with hangers — ver,"Personalised posters with hangers from Pixora. Upload your photo, preview on a live product mockup, and we print and ship premium quality to your door. Ideal for home décor or gifting.",wall_hanging_poster_410-mm_black_wood_w14xt20-mm_16x24-inch-400x600-mm_170-gsm-65lb-uncoated_4-0_ver,https://upload.wikimedia.org/wikipedia/commons/c/ca/1x1.png,Yes
Posters with hangers — ver,"Personalised posters with hangers from Pixora. Upload your photo, preview on a live product mockup, and we print and ship premium quality to your door. Ideal for home décor or gifting.",wall_hanging_poster_410-mm_black_wood_w14xt20-mm_16x24-inch-400x600-mm_200-gsm-80lb-coated-silk_4-0_ver,https://upload.wikimedia.org/wikipedia/commons/c/ca/1x1.png,Yes
Posters with hangers — ver,"Personalised posters with hangers from Pixora. Upload your photo, preview on a live product mockup, and we print and ship premium quality to your door. Ideal for home décor or gifting.",wall_hanging_poster_410-mm_black_wood_w14xt20-mm_16x24-inch-400x600-mm_200-gsm-80lb-uncoated_4-0_ver,https://upload.wikimedia.org/wikipedia/commons/c/ca/1x1.png,Yes
Posters with hangers — ver,"Personalised posters with hangers from Pixora. Upload your photo, preview on a live product mockup, and we print and ship premium quality to your door. Ideal for home décor or gifting.",wall_hanging_poster_410-mm_black_wood_w14xt20-mm_16x24-inch-400x600-mm_250-gsm-100lb-uncoated-offwhite-archival_4-0_ver,https://upload.wikimedia.org/wikipedia/commons/c/ca/1x1.png,Yes
Posters with hangers — hor,"Personalised posters with hangers from Pixora. Upload your photo, preview on a live product mockup, and we print and ship premium quality to your door. Ideal for home décor or gifting.",wall_hanging_poster_410-mm_black_wood_w14xt20-mm_270x350-mm-11x14-inch_170-gsm-65lb-coated-silk_4-0_hor,https://upload.wikimedia.org/wikipedia/commons/c/ca/1x1.png,Yes
Posters with hangers — hor,"Personalised posters with hangers from Pixora. Upload your photo, preview on a live product mockup, and we print and ship premium quality to your door. Ideal for home décor or gifting.",wall_hanging_poster_410-mm_black_wood_w14xt20-mm_270x350-mm-11x14-inch_170-gsm-65lb-uncoated_4-0_hor,https://upload.wikimedia.org/wikipedia/commons/c/ca/1x1.png,Yes
Posters with hangers — hor,"Personalised posters with hangers from Pixora. Upload your photo, preview on a live product mockup, and we print and ship premium quality to your door. Ideal for home décor or gifting.",wall_hanging_poster_410-mm_black_wood_w14xt20-mm_270x350-mm-11x14-inch_200-gsm-80lb-coated-silk_4-0_hor,https://upload.wikimedia.org/wikipedia/commons/c/ca/1x1.png,Yes
Posters with hangers — hor,"Personalised posters with hangers from Pixora. Upload your photo, preview on a live product mockup, and we print and ship premium quality to your door. Ideal for home décor or gifting.",wall_hanging_poster_410-mm_black_wood_w14xt20-mm_270x350-mm-11x14-inch_200-gsm-80lb-uncoated_4-0_hor,https://upload.wikimedia.org/wikipedia/commons/c/ca/1x1.png,Yes
Posters with hangers — hor,"Personalised posters with hangers from Pixora. Upload your photo, preview on a live product mockup, and we print and ship premium quality to your door. Ideal for home décor or gifting.",wall_hanging_poster_410-mm_black_wood_w14xt20-mm_270x350-mm-11x14-inch_250-gsm-100lb-uncoated-offwhite-archival_4-0_hor,https://upload.wikimedia.org/wikipedia/commons/c/ca/1x1.png,Yes
Posters with hangers — hor,"Personalised posters with hangers from Pixora. Upload your photo, preview on a live product mockup, and we print and ship premium quality to your door. Ideal for home décor or gifting.",wall_hanging_poster_410-mm_black_wood_w14xt20-mm_300x400-mm-12x16-inch_170-gsm-65lb-coated-silk_4-0_hor,https://upload.wikimedia.org/wikipedia/commons/c/ca/1x1.png,Yes
Posters with hangers — hor,"Personalised posters with hangers from Pixora. Upload your photo, preview on a live product mockup, and we print and ship premium quality to your door. Ideal for home décor or gifting.",wall_hanging_poster_410-mm_black_wood_w14xt20-mm_300x400-mm-12x16-inch_170-gsm-65lb-uncoated_4-0_hor,https://upload.wikimedia.org/wikipedia/commons/c/ca/1x1.png,Yes
Posters with hangers — hor,"Personalised posters with hangers from Pixora. Upload your photo, preview on a live product mockup, and we print and ship premium quality to your door. Ideal for home décor or gifting.",wall_hanging_poster_410-mm_black_wood_w14xt20-mm_300x400-mm-12x16-inch_200-gsm-80lb-coated-silk_4-0_hor,https://upload.wikimedia.org/wikipedia/commons/c/ca/1x1.png,Yes
Posters with hangers — hor,"Personalised posters with hangers from Pixora. Upload your photo, preview on a live product mockup, and we print and ship premium quality to your door. Ideal for home décor or gifting.",wall_hanging_poster_410-mm_black_wood_w14xt20-mm_300x400-mm-12x16-inch_200-gsm-80lb-uncoated_4-0_hor,https://upload.wikimedia.org/wikipedia/commons/c/ca/1x1.png,Yes
Posters with hangers — hor,"Personalised posters with hangers from Pixora. Upload your photo, preview on a live product mockup, and we print and ship premium quality to your door. Ideal for home décor or gifting.",wall_hanging_poster_410-mm_black_wood_w14xt20-mm_300x400-mm-12x16-inch_250-gsm-100lb-uncoated-offwhite-archival_4-0_hor,https://upload.wikimedia.org/wikipedia/commons/c/ca/1x1.png,Yes
Posters with hangers — hor,"Personalised posters with hangers from Pixora. Upload your photo, preview on a live product mockup, and we print and ship premium quality to your door. Ideal for home décor or gifting.",wall_hanging_poster_410-mm_black_wood_w14xt20-mm_350x350-mm-14x14-inch_170-gsm-65lb-coated-silk_4-0_hor,https://upload.wikimedia.org/wikipedia/commons/c/ca/1x1.png,Yes
Posters with hangers — ver,"Personalised posters with hangers from Pixora. Upload your photo, preview on a live product mockup, and we print and ship premium quality to your door. Ideal for home décor or gifting.",wall_hanging_poster_410-mm_black_wood_w14xt20-mm_350x350-mm-14x14-inch_170-gsm-65lb-coated-silk_4-0_ver,https://upload.wikimedia.org/wikipedia/commons/c/ca/1x1.png,Yes
Posters with hangers — hor,"Personalised posters with hangers from Pixora. Upload your photo, preview on a live product mockup, and we print and ship premium quality to your door. Ideal for home décor or gifting.",wall_hanging_poster_410-mm_black_wood_w14xt20-mm_350x350-mm-14x14-inch_170-gsm-65lb-uncoated_4-0_hor,https://upload.wikimedia.org/wikipedia/commons/c/ca/1x1.png,Yes
Posters with hangers — ver,"Personalised posters with hangers from Pixora. Upload your photo, preview on a live product mockup, and we print and ship premium quality to your door. Ideal for home décor or gifting.",wall_hanging_poster_410-mm_black_wood_w14xt20-mm_350x350-mm-14x14-inch_170-gsm-65lb-uncoated_4-0_ver,https://upload.wikimedia.org/wikipedia/commons/c/ca/1x1.png,Yes
Posters with hangers — hor,"Personalised posters with hangers from Pixora. Upload your photo, preview on a live product mockup, and we print and ship premium quality to your door. Ideal for home décor or gifting.",wall_hanging_poster_410-mm_black_wood_w14xt20-mm_350x350-mm-14x14-inch_200-gsm-80lb-coated-silk_4-0_hor,https://upload.wikimedia.org/wikipedia/commons/c/ca/1x1.png,Yes
Posters with hangers — ver,"Personalised posters with hangers from Pixora. Upload your photo, preview on a live product mockup, and we print and ship premium quality to your door. Ideal for home décor or gifting.",wall_hanging_poster_410-mm_black_wood_w14xt20-mm_350x350-mm-14x14-inch_200-gsm-80lb-coated-silk_4-0_ver,https://upload.wikimedia.org/wikipedia/commons/c/ca/1x1.png,Yes
Posters with hangers — hor,"Personalised posters with hangers from Pixora. Upload your photo, preview on a live product mockup, and we print and ship premium quality to your door. Ideal for home décor or gifting.",wall_hanging_poster_410-mm_black_wood_w14xt20-mm_350x350-mm-14x14-inch_200-gsm-80lb-uncoated_4-0_hor,https://upload.wikimedia.org/wikipedia/commons/c/ca/1x1.png,Yes
Posters with hangers — ver,"Personalised posters with hangers from Pixora. Upload your photo, preview on a live product mockup, and we print and ship premium quality to your door. Ideal for home décor or gifting.",wall_hanging_poster_410-mm_black_wood_w14xt20-mm_350x350-mm-14x14-inch_200-gsm-80lb-uncoated_4-0_ver,https://upload.wikimedia.org/wikipedia/commons/c/ca/1x1.png,Yes
Posters with hangers — hor,"Personalised posters with hangers from Pixora. Upload your photo, preview on a live product mockup, and we print and ship premium quality to your door. Ideal for home décor or gifting.",wall_hanging_poster_410-mm_black_wood_w14xt20-mm_350x350-mm-14x14-inch_250-gsm-100lb-uncoated-offwhite-archival_4-0_hor,https://upload.wikimedia.org/wikipedia/commons/c/ca/1x1.png,Yes
Posters with hangers — ver,"Personalised posters with hangers from Pixora. Upload your photo, preview on a live product mockup, and we print and ship premium quality to your door. Ideal for home décor or gifting.",wall_hanging_poster_410-mm_black_wood_w14xt20-mm_350x350-mm-14x14-inch_250-gsm-100lb-uncoated-offwhite-archival_4-0_ver,https://upload.wikimedia.org/wikipedia/commons/c/ca/1x1.png,Yes
Posters with hangers — hor,"Personalised posters with hangers from Pixora. Upload your photo, preview on a live product mockup, and we print and ship premium quality to your door. Ideal for home décor or gifting.",wall_hanging_poster_410-mm_black_wood_w14xt20-mm_400x400-mm-16x16-inch_170-gsm-65lb-coated-silk_4-0_hor,https://upload.wikimedia.org/wikipedia/commons/c/ca/1x1.png,Yes
Posters with hangers — ver,"Personalised posters with hangers from Pixora. Upload your photo, preview on a live product mockup, and we print and ship premium quality to your door. Ideal for home décor or gifting.",wall_hanging_poster_410-mm_black_wood_w14xt20-mm_400x400-mm-16x16-inch_170-gsm-65lb-coated-silk_4-0_ver,https://upload.wikimedia.org/wikipedia/commons/c/ca/1x1.png,Yes
Posters with hangers — hor,"Personalised posters with hangers from Pixora. Upload your photo, preview on a live product mockup, and we print and ship premium quality to your door. Ideal for home décor or gifting.",wall_hanging_poster_410-mm_black_wood_w14xt20-mm_400x400-mm-16x16-inch_170-gsm-65lb-uncoated_4-0_hor,https://upload.wikimedia.org/wikipedia/commons/c/ca/1x1.png,Yes
Posters with hangers — ver,"Personalised posters with hangers from Pixora. Upload your photo, preview on a live product mockup, and we print and ship premium quality to your door. Ideal for home décor or gifting.",wall_hanging_poster_410-mm_black_wood_w14xt20-mm_400x400-mm-16x16-inch_170-gsm-65lb-uncoated_4-0_ver,https://upload.wikimedia.org/wikipedia/commons/c/ca/1x1.png,Yes
Posters with hangers — hor,"Personalised posters with hangers from Pixora. Upload your photo, preview on a live product mockup, and we print and ship premium quality to your door. Ideal for home décor or gifting.",wall_hanging_poster_410-mm_black_wood_w14xt20-mm_400x400-mm-16x16-inch_200-gsm-80lb-coated-silk_4-0_hor,https://upload.wikimedia.org/wikipedia/commons/c/ca/1x1.png,Yes
Posters with hangers — ver,"Personalised posters with hangers from Pixora. Upload your photo, preview on a live product mockup, and we print and ship premium quality to your door. Ideal for home décor or gifting.",wall_hanging_poster_410-mm_black_wood_w14xt20-mm_400x400-mm-16x16-inch_200-gsm-80lb-coated-silk_4-0_ver,https://upload.wikimedia.org/wikipedia/commons/c/ca/1x1.png,Yes
Posters with hangers — hor,"Personalised posters with hangers from Pixora. Upload your photo, preview on a live product mockup, and we print and ship premium quality to your door. Ideal for home décor or gifting.",wall_hanging_poster_410-mm_black_wood_w14xt20-mm_400x400-mm-16x16-inch_200-gsm-80lb-uncoated_4-0_hor,https://upload.wikimedia.org/wikipedia/commons/c/ca/1x1.png,Yes
Posters with hangers — ver,"Personalised posters with hangers from Pixora. Upload your photo, preview on a live product mockup, and we print and ship premium quality to your door. Ideal for home décor or gifting.",wall_hanging_poster_410-mm_black_wood_w14xt20-mm_400x400-mm-16x16-inch_200-gsm-80lb-uncoated_4-0_ver,https://upload.wikimedia.org/wikipedia/commons/c/ca/1x1.png,Yes
Posters with hangers — hor,"Personalised posters with hangers from Pixora. Upload your photo, preview on a live product mockup, and we print and ship premium quality to your door. Ideal for home décor or gifting.",wall_hanging_poster_410-mm_black_wood_w14xt20-mm_400x400-mm-16x16-inch_250-gsm-100lb-uncoated-offwhite-archival_4-0_hor,https://upload.wikimedia.org/wikipedia/commons/c/ca/1x1.png,Yes
Posters with hangers — ver,"Personalised posters with hangers from Pixora. Upload your photo, preview on a live product mockup, and we print and ship premium quality to your door. Ideal for home décor or gifting.",wall_hanging_poster_410-mm_black_wood_w14xt20-mm_400x400-mm-16x16-inch_250-gsm-100lb-uncoated-offwhite-archival_4-0_ver,https://upload.wikimedia.org/wikipedia/commons/c/ca/1x1.png,Yes
Posters with hangers — ver,"Personalised posters with hangers from Pixora. Upload your photo, preview on a live product mockup, and we print and ship premium quality to your door. Ideal for home décor or gifting.",wall_hanging_poster_410-mm_black_wood_w14xt20-mm_400x500-mm-16x20-inch_170-gsm-65lb-coated-silk_4-0_ver,https://upload.wikimedia.org/wikipedia/commons/c/ca/1x1.png,Yes
Posters with hangers — ver,"Personalised posters with hangers from Pixora. Upload your photo, preview on a live product mockup, and we print and ship premium quality to your door. Ideal for home décor or gifting.",wall_hanging_poster_410-mm_black_wood_w14xt20-mm_400x500-mm-16x20-inch_170-gsm-65lb-uncoated_4-0_ver,https://upload.wikimedia.org/wikipedia/commons/c/ca/1x1.png,Yes
Posters with hangers — ver,"Personalised posters with hangers from Pixora. Upload your photo, preview on a live product mockup, and we print and ship premium quality to your door. Ideal for home décor or gifting.",wall_hanging_poster_410-mm_black_wood_w14xt20-mm_400x500-mm-16x20-inch_200-gsm-80lb-coated-silk_4-0_ver,https://upload.wikimedia.org/wikipedia/commons/c/ca/1x1.png,Yes
Posters with hangers — ver,"Personalised posters with hangers from Pixora. Upload your photo, preview on a live product mockup, and we print and ship premium quality to your door. Ideal for home décor or gifting.",wall_hanging_poster_410-mm_black_wood_w14xt20-mm_400x500-mm-16x20-inch_200-gsm-80lb-uncoated_4-0_ver,https://upload.wikimedia.org/wikipedia/commons/c/ca/1x1.png,Yes
Posters with hangers — ver,"Personalised posters with hangers from Pixora. Upload your photo, preview on a live product mockup, and we print and ship premium quality to your door. Ideal for home décor or gifting.",wall_hanging_poster_410-mm_black_wood_w14xt20-mm_400x500-mm-16x20-inch_250-gsm-100lb-uncoated-offwhite-archival_4-0_ver,https://upload.wikimedia.org/wikipedia/commons/c/ca/1x1.png,Yes
Posters with hangers — ver,"Personalised posters with hangers from Pixora. Upload your photo, preview on a live product mockup, and we print and ship premium quality to your door. Ideal for home décor or gifting.",wall_hanging_poster_410-mm_black_wood_w14xt20-mm_400x600-mm-16x24-inch_170-gsm-65lb-coated-silk_4-0_ver,https://upload.wikimedia.org/wikipedia/commons/c/ca/1x1.png,Yes
Posters with hangers — ver,"Personalised posters with hangers from Pixora. Upload your photo, preview on a live product mockup, and we print and ship premium quality to your door. Ideal for home décor or gifting.",wall_hanging_poster_410-mm_black_wood_w14xt20-mm_400x600-mm-16x24-inch_170-gsm-65lb-uncoated_4-0_ver,https://upload.wikimedia.org/wikipedia/commons/c/ca/1x1.png,Yes
Posters with hangers — ver,"Personalised posters with hangers from Pixora. Upload your photo, preview on a live product mockup, and we print and ship premium quality to your door. Ideal for home décor or gifting.",wall_hanging_poster_410-mm_black_wood_w14xt20-mm_400x600-mm-16x24-inch_200-gsm-80lb-coated-silk_4-0_ver,https://upload.wikimedia.org/wikipedia/commons/c/ca/1x1.png,Yes
Posters with hangers — ver,"Personalised posters with hangers from Pixora. Upload your photo, preview on a live product mockup, and we print and ship premium quality to your door. Ideal for home décor or gifting.",wall_hanging_poster_410-mm_black_wood_w14xt20-mm_400x600-mm-16x24-inch_200-gsm-80lb-uncoated_4-0_ver,https://upload.wikimedia.org/wikipedia/commons/c/ca/1x1.png,Yes
Posters with hangers — ver,"Personalised posters with hangers from Pixora. Upload your photo, preview on a live product mockup, and we print and ship premium quality to your door. Ideal for home décor or gifting.",wall_hanging_poster_410-mm_black_wood_w14xt20-mm_400x600-mm-16x24-inch_250-gsm-100lb-uncoated-offwhite-archival_4-0_ver,https://upload.wikimedia.org/wikipedia/commons/c/ca/1x1.png,Yes
Posters with hangers — hor,"Personalised posters with hangers from Pixora. Upload your photo, preview on a live product mockup, and we print and ship premium quality to your door. Ideal for home décor or gifting.",wall_hanging_poster_410-mm_dark-wood_wood_w14xt20-mm_11x14-inch-270x350-mm_170-gsm-65lb-coated-silk_4-0_hor,https://upload.wikimedia.org/wikipedia/commons/c/ca/1x1.png,Yes
Posters with hangers — hor,"Personalised posters with hangers from Pixora. Upload your photo, preview on a live product mockup, and we print and ship premium quality to your door. Ideal for home décor or gifting.",wall_hanging_poster_410-mm_dark-wood_wood_w14xt20-mm_11x14-inch-270x350-mm_170-gsm-65lb-uncoated_4-0_hor,https://upload.wikimedia.org/wikipedia/commons/c/ca/1x1.png,Yes
Posters with hangers — hor,"Personalised posters with hangers from Pixora. Upload your photo, preview on a live product mockup, and we print and ship premium quality to your door. Ideal for home décor or gifting.",wall_hanging_poster_410-mm_dark-wood_wood_w14xt20-mm_11x14-inch-270x350-mm_200-gsm-80lb-coated-silk_4-0_hor,https://upload.wikimedia.org/wikipedia/commons/c/ca/1x1.png,Yes
Posters with hangers — hor,"Personalised posters with hangers from Pixora. Upload your photo, preview on a live product mockup, and we print and ship premium quality to your door. Ideal for home décor or gifting.",wall_hanging_poster_410-mm_dark-wood_wood_w14xt20-mm_11x14-inch-270x350-mm_200-gsm-80lb-uncoated_4-0_hor,https://upload.wikimedia.org/wikipedia/commons/c/ca/1x1.png,Yes
Posters with hangers — hor,"Personalised posters with hangers from Pixora. Upload your photo, preview on a live product mockup, and we print and ship premium quality to your door. Ideal for home décor or gifting.",wall_hanging_poster_410-mm_dark-wood_wood_w14xt20-mm_11x14-inch-270x350-mm_250-gsm-100lb-uncoated-offwhite-archival_4-0_hor,https://upload.wikimedia.org/wikipedia/commons/c/ca/1x1.png,Yes
Posters with hangers — hor,"Personalised posters with hangers from Pixora. Upload your photo, preview on a live product mockup, and we print and ship premium quality to your door. Ideal for home décor or gifting.",wall_hanging_poster_410-mm_dark-wood_wood_w14xt20-mm_12x16-inch-300x400-mm_170-gsm-65lb-coated-silk_4-0_hor,https://upload.wikimedia.org/wikipedia/commons/c/ca/1x1.png,Yes
Posters with hangers — hor,"Personalised posters with hangers from Pixora. Upload your photo, preview on a live product mockup, and we print and ship premium quality to your door. Ideal for home décor or gifting.",wall_hanging_poster_410-mm_dark-wood_wood_w14xt20-mm_12x16-inch-300x400-mm_170-gsm-65lb-uncoated_4-0_hor,https://upload.wikimedia.org/wikipedia/commons/c/ca/1x1.png,Yes
Posters with hangers — hor,"Personalised posters with hangers from Pixora. Upload your photo, preview on a live product mockup, and we print and ship premium quality to your door. Ideal for home décor or gifting.",wall_hanging_poster_410-mm_dark-wood_wood_w14xt20-mm_12x16-inch-300x400-mm_200-gsm-80lb-coated-silk_4-0_hor,https://upload.wikimedia.org/wikipedia/commons/c/ca/1x1.png,Yes
Posters with hangers — hor,"Personalised posters with hangers from Pixora. Upload your photo, preview on a live product mockup, and we print and ship premium quality to your door. Ideal for home décor or gifting.",wall_hanging_poster_410-mm_dark-wood_wood_w14xt20-mm_12x16-inch-300x400-mm_200-gsm-80lb-uncoated_4-0_hor,https://upload.wikimedia.org/wikipedia/commons/c/ca/1x1.png,Yes
Posters with hangers — hor,"Personalised posters with hangers from Pixora. Upload your photo, preview on a live product mockup, and we print and ship premium quality to your door. Ideal for home décor or gifting.",wall_hanging_poster_410-mm_dark-wood_wood_w14xt20-mm_12x16-inch-300x400-mm_250-gsm-100lb-uncoated-offwhite-archival_4-0_hor,https://upload.wikimedia.org/wikipedia/commons/c/ca/1x1.png,Yes
Posters with hangers — hor,"Personalised posters with hangers from Pixora. Upload your photo, preview on a live product mockup, and we print and ship premium quality to your door. Ideal for home décor or gifting.",wall_hanging_poster_410-mm_dark-wood_wood_w14xt20-mm_14x14-inch-350x350-mm_170-gsm-65lb-coated-silk_4-0_hor,https://upload.wikimedia.org/wikipedia/commons/c/ca/1x1.png,Yes
Posters with hangers — ver,"Personalised posters with hangers from Pixora. Upload your photo, preview on a live product mockup, and we print and ship premium quality to your door. Ideal for home décor or gifting.",wall_hanging_poster_410-mm_dark-wood_wood_w14xt20-mm_14x14-inch-350x350-mm_170-gsm-65lb-coated-silk_4-0_ver,https://upload.wikimedia.org/wikipedia/commons/c/ca/1x1.png,Yes
Posters with hangers — hor,"Personalised posters with hangers from Pixora. Upload your photo, preview on a live product mockup, and we print and ship premium quality to your door. Ideal for home décor or gifting.",wall_hanging_poster_410-mm_dark-wood_wood_w14xt20-mm_14x14-inch-350x350-mm_170-gsm-65lb-uncoated_4-0_hor,https://upload.wikimedia.org/wikipedia/commons/c/ca/1x1.png,Yes
Posters with hangers — ver,"Personalised posters with hangers from Pixora. Upload your photo, preview on a live product mockup, and we print and ship premium quality to your door. Ideal for home décor or gifting.",wall_hanging_poster_410-mm_dark-wood_wood_w14xt20-mm_14x14-inch-350x350-mm_170-gsm-65lb-uncoated_4-0_ver,https://upload.wikimedia.org/wikipedia/commons/c/ca/1x1.png,Yes
Posters with hangers — hor,"Personalised posters with hangers from Pixora. Upload your photo, preview on a live product mockup, and we print and ship premium quality to your door. Ideal for home décor or gifting.",wall_hanging_poster_410-mm_dark-wood_wood_w14xt20-mm_14x14-inch-350x350-mm_200-gsm-80lb-coated-silk_4-0_hor,https://upload.wikimedia.org/wikipedia/commons/c/ca/1x1.png,Yes
Posters with hangers — ver,"Personalised posters with hangers from Pixora. Upload your photo, preview on a live product mockup, and we print and ship premium quality to your door. Ideal for home décor or gifting.",wall_hanging_poster_410-mm_dark-wood_wood_w14xt20-mm_14x14-inch-350x350-mm_200-gsm-80lb-coated-silk_4-0_ver,https://upload.wikimedia.org/wikipedia/commons/c/ca/1x1.png,Yes
Posters with hangers — hor,"Personalised posters with hangers from Pixora. Upload your photo, preview on a live product mockup, and we print and ship premium quality to your door. Ideal for home décor or gifting.",wall_hanging_poster_410-mm_dark-wood_wood_w14xt20-mm_14x14-inch-350x350-mm_200-gsm-80lb-uncoated_4-0_hor,https://upload.wikimedia.org/wikipedia/commons/c/ca/1x1.png,Yes
Posters with hangers — ver,"Personalised posters with hangers from Pixora. Upload your photo, preview on a live product mockup, and we print and ship premium quality to your door. Ideal for home décor or gifting.",wall_hanging_poster_410-mm_dark-wood_wood_w14xt20-mm_14x14-inch-350x350-mm_200-gsm-80lb-uncoated_4-0_ver,https://upload.wikimedia.org/wikipedia/commons/c/ca/1x1.png,Yes
Posters with hangers — hor,"Personalised posters with hangers from Pixora. Upload your photo, preview on a live product mockup, and we print and ship premium quality to your door. Ideal for home décor or gifting.",wall_hanging_poster_410-mm_dark-wood_wood_w14xt20-mm_14x14-inch-350x350-mm_250-gsm-100lb-uncoated-offwhite-archival_4-0_hor,https://upload.wikimedia.org/wikipedia/commons/c/ca/1x1.png,Yes
Posters with hangers — ver,"Personalised posters with hangers from Pixora. Upload your photo, preview on a live product mockup, and we print and ship premium quality to your door. Ideal for home décor or gifting.",wall_hanging_poster_410-mm_dark-wood_wood_w14xt20-mm_14x14-inch-350x350-mm_250-gsm-100lb-uncoated-offwhite-archival_4-0_ver,https://upload.wikimedia.org/wikipedia/commons/c/ca/1x1.png,Yes
Posters with hangers — hor,"Personalised posters with hangers from Pixora. Upload your photo, preview on a live product mockup, and we print and ship premium quality to your door. Ideal for home décor or gifting.",wall_hanging_poster_410-mm_dark-wood_wood_w14xt20-mm_16x16-inch-400x400-mm_170-gsm-65lb-coated-silk_4-0_hor,https://upload.wikimedia.org/wikipedia/commons/c/ca/1x1.png,Yes
Posters with hangers — ver,"Personalised posters with hangers from Pixora. Upload your photo, preview on a live product mockup, and we print and ship premium quality to your door. Ideal for home décor or gifting.",wall_hanging_poster_410-mm_dark-wood_wood_w14xt20-mm_16x16-inch-400x400-mm_170-gsm-65lb-coated-silk_4-0_ver,https://upload.wikimedia.org/wikipedia/commons/c/ca/1x1.png,Yes
Posters with hangers — hor,"Personalised posters with hangers from Pixora. Upload your photo, preview on a live product mockup, and we print and ship premium quality to your door. Ideal for home décor or gifting.",wall_hanging_poster_410-mm_dark-wood_wood_w14xt20-mm_16x16-inch-400x400-mm_170-gsm-65lb-uncoated_4-0_hor,https://upload.wikimedia.org/wikipedia/commons/c/ca/1x1.png,Yes
Posters with hangers — ver,"Personalised posters with hangers from Pixora. Upload your photo, preview on a live product mockup, and we print and ship premium quality to your door. Ideal for home décor or gifting.",wall_hanging_poster_410-mm_dark-wood_wood_w14xt20-mm_16x16-inch-400x400-mm_170-gsm-65lb-uncoated_4-0_ver,https://upload.wikimedia.org/wikipedia/commons/c/ca/1x1.png,Yes
Posters with hangers — hor,"Personalised posters with hangers from Pixora. Upload your photo, preview on a live product mockup, and we print and ship premium quality to your door. Ideal for home décor or gifting.",wall_hanging_poster_410-mm_dark-wood_wood_w14xt20-mm_16x16-inch-400x400-mm_200-gsm-80lb-coated-silk_4-0_hor,https://upload.wikimedia.org/wikipedia/commons/c/ca/1x1.png,Yes
Posters with hangers — ver,"Personalised posters with hangers from Pixora. Upload your photo, preview on a live product mockup, and we print and ship premium quality to your door. Ideal for home décor or gifting.",wall_hanging_poster_410-mm_dark-wood_wood_w14xt20-mm_16x16-inch-400x400-mm_200-gsm-80lb-coated-silk_4-0_ver,https://upload.wikimedia.org/wikipedia/commons/c/ca/1x1.png,Yes
Posters with hangers — hor,"Personalised posters with hangers from Pixora. Upload your photo, preview on a live product mockup, and we print and ship premium quality to your door. Ideal for home décor or gifting.",wall_hanging_poster_410-mm_dark-wood_wood_w14xt20-mm_16x16-inch-400x400-mm_200-gsm-80lb-uncoated_4-0_hor,https://upload.wikimedia.org/wikipedia/commons/c/ca/1x1.png,Yes
Posters with hangers — ver,"Personalised posters with hangers from Pixora. Upload your photo, preview on a live product mockup, and we print and ship premium quality to your door. Ideal for home décor or gifting.",wall_hanging_poster_410-mm_dark-wood_wood_w14xt20-mm_16x16-inch-400x400-mm_200-gsm-80lb-uncoated_4-0_ver,https://upload.wikimedia.org/wikipedia/commons/c/ca/1x1.png,Yes
Posters with hangers — hor,"Personalised posters with hangers from Pixora. Upload your photo, preview on a live product mockup, and we print and ship premium quality to your door. Ideal for home décor or gifting.",wall_hanging_poster_410-mm_dark-wood_wood_w14xt20-mm_16x16-inch-400x400-mm_250-gsm-100lb-uncoated-offwhite-archival_4-0_hor,https://upload.wikimedia.org/wikipedia/commons/c/ca/1x1.png,Yes
Posters with hangers — ver,"Personalised posters with hangers from Pixora. Upload your photo, preview on a live product mockup, and we print and ship premium quality to your door. Ideal for home décor or gifting.",wall_hanging_poster_410-mm_dark-wood_wood_w14xt20-mm_16x16-inch-400x400-mm_250-gsm-100lb-uncoated-offwhite-archival_4-0_ver,https://upload.wikimedia.org/wikipedia/commons/c/ca/1x1.png,Yes
Posters with hangers — ver,"Personalised posters with hangers from Pixora. Upload your photo, preview on a live product mockup, and we print and ship premium quality to your door. Ideal for home décor or gifting.",wall_hanging_poster_410-mm_dark-wood_wood_w14xt20-mm_16x20-inch-400x500-mm_170-gsm-65lb-coated-silk_4-0_ver,https://upload.wikimedia.org/wikipedia/commons/c/ca/1x1.png,Yes
Posters with hangers — ver,"Personalised posters with hangers from Pixora. Upload your photo, preview on a live product mockup, and we print and ship premium quality to your door. Ideal for home décor or gifting.",wall_hanging_poster_410-mm_dark-wood_wood_w14xt20-mm_16x20-inch-400x500-mm_170-gsm-65lb-uncoated_4-0_ver,https://upload.wikimedia.org/wikipedia/commons/c/ca/1x1.png,Yes
Posters with hangers — ver,"Personalised posters with hangers from Pixora. Upload your photo, preview on a live product mockup, and we print and ship premium quality to your door. Ideal for home décor or gifting.",wall_hanging_poster_410-mm_dark-wood_wood_w14xt20-mm_16x20-inch-400x500-mm_200-gsm-80lb-coated-silk_4-0_ver,https://upload.wikimedia.org/wikipedia/commons/c/ca/1x1.png,Yes
Posters with hangers — ver,"Personalised posters with hangers from Pixora. Upload your photo, preview on a live product mockup, and we print and ship premium quality to your door. Ideal for home décor or gifting.",wall_hanging_poster_410-mm_dark-wood_wood_w14xt20-mm_16x20-inch-400x500-mm_200-gsm-80lb-uncoated_4-0_ver,https://upload.wikimedia.org/wikipedia/commons/c/ca/1x1.png,Yes
Posters with hangers — ver,"Personalised posters with hangers from Pixora. Upload your photo, preview on a live product mockup, and we print and ship premium quality to your door. Ideal for home décor or gifting.",wall_hanging_poster_410-mm_dark-wood_wood_w14xt20-mm_16x20-inch-400x500-mm_250-gsm-100lb-uncoated-offwhite-archival_4-0_ver,https://upload.wikimedia.org/wikipedia/commons/c/ca/1x1.png,Yes
Posters with hangers — ver,"Personalised posters with hangers from Pixora. Upload your photo, preview on a live product mockup, and we print and ship premium quality to your door. Ideal for home décor or gifting.",wall_hanging_poster_410-mm_dark-wood_wood_w14xt20-mm_16x24-inch-400x600-mm_170-gsm-65lb-coated-silk_4-0_ver,https://upload.wikimedia.org/wikipedia/commons/c/ca/1x1.png,Yes
Posters with hangers — ver,"Personalised posters with hangers from Pixora. Upload your photo, preview on a live product mockup, and we print and ship premium quality to your door. Ideal for home décor or gifting.",wall_hanging_poster_410-mm_dark-wood_wood_w14xt20-mm_16x24-inch-400x600-mm_170-gsm-65lb-uncoated_4-0_ver,https://upload.wikimedia.org/wikipedia/commons/c/ca/1x1.png,Yes
Posters with hangers — ver,"Personalised posters with hangers from Pixora. Upload your photo, preview on a live product mockup, and we print and ship premium quality to your door. Ideal for home décor or gifting.",wall_hanging_poster_410-mm_dark-wood_wood_w14xt20-mm_16x24-inch-400x600-mm_200-gsm-80lb-coated-silk_4-0_ver,https://upload.wikimedia.org/wikipedia/commons/c/ca/1x1.png,Yes
Posters with hangers — ver,"Personalised posters with hangers from Pixora. Upload your photo, preview on a live product mockup, and we print and ship premium quality to your door. Ideal for home décor or gifting.",wall_hanging_poster_410-mm_dark-wood_wood_w14xt20-mm_16x24-inch-400x600-mm_200-gsm-80lb-uncoated_4-0_ver,https://upload.wikimedia.org/wikipedia/commons/c/ca/1x1.png,Yes
Posters with hangers — ver,"Personalised posters with hangers from Pixora. Upload your photo, preview on a live product mockup, and we print and ship premium quality to your door. Ideal for home décor or gifting.",wall_hanging_poster_410-mm_dark-wood_wood_w14xt20-mm_16x24-inch-400x600-mm_250-gsm-100lb-uncoated-offwhite-archival_4-0_ver,https://upload.wikimedia.org/wikipedia/commons/c/ca/1x1.png,Yes
Posters with hangers — hor,"Personalised posters with hangers from Pixora. Upload your photo, preview on a live product mockup, and we print and ship premium quality to your door. Ideal for home décor or gifting.",wall_hanging_poster_410-mm_dark-wood_wood_w14xt20-mm_270x350-mm-11x14-inch_170-gsm-65lb-coated-silk_4-0_hor,https://upload.wikimedia.org/wikipedia/commons/c/ca/1x1.png,Yes
Posters with hangers — hor,"Personalised posters with hangers from Pixora. Upload your photo, preview on a live product mockup, and we print and ship premium quality to your door. Ideal for home décor or gifting.",wall_hanging_poster_410-mm_dark-wood_wood_w14xt20-mm_270x350-mm-11x14-inch_170-gsm-65lb-uncoated_4-0_hor,https://upload.wikimedia.org/wikipedia/commons/c/ca/1x1.png,Yes
Posters with hangers — hor,"Personalised posters with hangers from Pixora. Upload your photo, preview on a live product mockup, and we print and ship premium quality to your door. Ideal for home décor or gifting.",wall_hanging_poster_410-mm_dark-wood_wood_w14xt20-mm_270x350-mm-11x14-inch_200-gsm-80lb-coated-silk_4-0_hor,https://upload.wikimedia.org/wikipedia/commons/c/ca/1x1.png,Yes
Posters with hangers — hor,"Personalised posters with hangers from Pixora. Upload your photo, preview on a live product mockup, and we print and ship premium quality to your door. Ideal for home décor or gifting.",wall_hanging_poster_410-mm_dark-wood_wood_w14xt20-mm_270x350-mm-11x14-inch_200-gsm-80lb-uncoated_4-0_hor,https://upload.wikimedia.org/wikipedia/commons/c/ca/1x1.png,Yes
Posters with hangers — hor,"Personalised posters with hangers from Pixora. Upload your photo, preview on a live product mockup, and we print and ship premium quality to your door. Ideal for home décor or gifting.",wall_hanging_poster_410-mm_dark-wood_wood_w14xt20-mm_270x350-mm-11x14-inch_250-gsm-100lb-uncoated-offwhite-archival_4-0_hor,https://upload.wikimedia.org/wikipedia/commons/c/ca/1x1.png,Yes
Posters with hangers — hor,"Personalised posters with hangers from Pixora. Upload your photo, preview on a live product mockup, and we print and ship premium quality to your door. Ideal for home décor or gifting.",wall_hanging_poster_410-mm_dark-wood_wood_w14xt20-mm_300x400-mm-12x16-inch_170-gsm-65lb-coated-silk_4-0_hor,https://upload.wikimedia.org/wikipedia/commons/c/ca/1x1.png,Yes
Posters with hangers — hor,"Personalised posters with hangers from Pixora. Upload your photo, preview on a live product mockup, and we print and ship premium quality to your door. Ideal for home décor or gifting.",wall_hanging_poster_410-mm_dark-wood_wood_w14xt20-mm_300x400-mm-12x16-inch_170-gsm-65lb-uncoated_4-0_hor,https://upload.wikimedia.org/wikipedia/commons/c/ca/1x1.png,Yes
Posters with hangers — hor,"Personalised posters with hangers from Pixora. Upload your photo, preview on a live product mockup, and we print and ship premium quality to your door. Ideal for home décor or gifting.",wall_hanging_poster_410-mm_dark-wood_wood_w14xt20-mm_300x400-mm-12x16-inch_200-gsm-80lb-coated-silk_4-0_hor,https://upload.wikimedia.org/wikipedia/commons/c/ca/1x1.png,Yes
Posters with hangers — hor,"Personalised posters with hangers from Pixora. Upload your photo, preview on a live product mockup, and we print and ship premium quality to your door. Ideal for home décor or gifting.",wall_hanging_poster_410-mm_dark-wood_wood_w14xt20-mm_300x400-mm-12x16-inch_200-gsm-80lb-uncoated_4-0_hor,https://upload.wikimedia.org/wikipedia/commons/c/ca/1x1.png,Yes
Posters with hangers — hor,"Personalised posters with hangers from Pixora. Upload your photo, preview on a live product mockup, and we print and ship premium quality to your door. Ideal for home décor or gifting.",wall_hanging_poster_410-mm_dark-wood_wood_w14xt20-mm_300x400-mm-12x16-inch_250-gsm-100lb-uncoated-offwhite-archival_4-0_hor,https://upload.wikimedia.org/wikipedia/commons/c/ca/1x1.png,Yes
Posters with hangers — hor,"Personalised posters with hangers from Pixora. Upload your photo, preview on a live product mockup, and we print and ship premium quality to your door. Ideal for home décor or gifting.",wall_hanging_poster_410-mm_dark-wood_wood_w14xt20-mm_350x350-mm-14x14-inch_170-gsm-65lb-coated-silk_4-0_hor,https://upload.wikimedia.org/wikipedia/commons/c/ca/1x1.png,Yes
Posters with hangers — ver,"Personalised posters with hangers from Pixora. Upload your photo, preview on a live product mockup, and we print and ship premium quality to your door. Ideal for home décor or gifting.",wall_hanging_poster_410-mm_dark-wood_wood_w14xt20-mm_350x350-mm-14x14-inch_170-gsm-65lb-coated-silk_4-0_ver,https://upload.wikimedia.org/wikipedia/commons/c/ca/1x1.png,Yes
Posters with hangers — hor,"Personalised posters with hangers from Pixora. Upload your photo, preview on a live product mockup, and we print and ship premium quality to your door. Ideal for home décor or gifting.",wall_hanging_poster_410-mm_dark-wood_wood_w14xt20-mm_350x350-mm-14x14-inch_170-gsm-65lb-uncoated_4-0_hor,https://upload.wikimedia.org/wikipedia/commons/c/ca/1x1.png,Yes
Posters with hangers — ver,"Personalised posters with hangers from Pixora. Upload your photo, preview on a live product mockup, and we print and ship premium quality to your door. Ideal for home décor or gifting.",wall_hanging_poster_410-mm_dark-wood_wood_w14xt20-mm_350x350-mm-14x14-inch_170-gsm-65lb-uncoated_4-0_ver,https://upload.wikimedia.org/wikipedia/commons/c/ca/1x1.png,Yes
Posters with hangers — hor,"Personalised posters with hangers from Pixora. Upload your photo, preview on a live product mockup, and we print and ship premium quality to your door. Ideal for home décor or gifting.",wall_hanging_poster_410-mm_dark-wood_wood_w14xt20-mm_350x350-mm-14x14-inch_200-gsm-80lb-coated-silk_4-0_hor,https://upload.wikimedia.org/wikipedia/commons/c/ca/1x1.png,Yes
Posters with hangers — ver,"Personalised posters with hangers from Pixora. Upload your photo, preview on a live product mockup, and we print and ship premium quality to your door. Ideal for home décor or gifting.",wall_hanging_poster_410-mm_dark-wood_wood_w14xt20-mm_350x350-mm-14x14-inch_200-gsm-80lb-coated-silk_4-0_ver,https://upload.wikimedia.org/wikipedia/commons/c/ca/1x1.png,Yes
Posters with hangers — hor,"Personalised posters with hangers from Pixora. Upload your photo, preview on a live product mockup, and we print and ship premium quality to your door. Ideal for home décor or gifting.",wall_hanging_poster_410-mm_dark-wood_wood_w14xt20-mm_350x350-mm-14x14-inch_200-gsm-80lb-uncoated_4-0_hor,https://upload.wikimedia.org/wikipedia/commons/c/ca/1x1.png,Yes
Posters with hangers — ver,"Personalised posters with hangers from Pixora. Upload your photo, preview on a live product mockup, and we print and ship premium quality to your door. Ideal for home décor or gifting.",wall_hanging_poster_410-mm_dark-wood_wood_w14xt20-mm_350x350-mm-14x14-inch_200-gsm-80lb-uncoated_4-0_ver,https://upload.wikimedia.org/wikipedia/commons/c/ca/1x1.png,Yes
Posters with hangers — hor,"Personalised posters with hangers from Pixora. Upload your photo, preview on a live product mockup, and we print and ship premium quality to your door. Ideal for home décor or gifting.",wall_hanging_poster_410-mm_dark-wood_wood_w14xt20-mm_350x350-mm-14x14-inch_250-gsm-100lb-uncoated-offwhite-archival_4-0_hor,https://upload.wikimedia.org/wikipedia/commons/c/ca/1x1.png,Yes
Posters with hangers — ver,"Personalised posters with hangers from Pixora. Upload your photo, preview on a live product mockup, and we print and ship premium quality to your door. Ideal for home décor or gifting.",wall_hanging_poster_410-mm_dark-wood_wood_w14xt20-mm_350x350-mm-14x14-inch_250-gsm-100lb-uncoated-offwhite-archival_4-0_ver,https://upload.wikimedia.org/wikipedia/commons/c/ca/1x1.png,Yes
Posters with hangers — hor,"Personalised posters with hangers from Pixora. Upload your photo, preview on a live product mockup, and we print and ship premium quality to your door. Ideal for home décor or gifting.",wall_hanging_poster_410-mm_dark-wood_wood_w14xt20-mm_400x400-mm-16x16-inch_170-gsm-65lb-coated-silk_4-0_hor,https://upload.wikimedia.org/wikipedia/commons/c/ca/1x1.png,Yes
Posters with hangers — ver,"Personalised posters with hangers from Pixora. Upload your photo, preview on a live product mockup, and we print and ship premium quality to your door. Ideal for home décor or gifting.",wall_hanging_poster_410-mm_dark-wood_wood_w14xt20-mm_400x400-mm-16x16-inch_170-gsm-65lb-coated-silk_4-0_ver,https://upload.wikimedia.org/wikipedia/commons/c/ca/1x1.png,Yes
Posters with hangers — hor,"Personalised posters with hangers from Pixora. Upload your photo, preview on a live product mockup, and we print and ship premium quality to your door. Ideal for home décor or gifting.",wall_hanging_poster_410-mm_dark-wood_wood_w14xt20-mm_400x400-mm-16x16-inch_170-gsm-65lb-uncoated_4-0_hor,https://upload.wikimedia.org/wikipedia/commons/c/ca/1x1.png,Yes
Posters with hangers — ver,"Personalised posters with hangers from Pixora. Upload your photo, preview on a live product mockup, and we print and ship premium quality to your door. Ideal for home décor or gifting.",wall_hanging_poster_410-mm_dark-wood_wood_w14xt20-mm_400x400-mm-16x16-inch_170-gsm-65lb-uncoated_4-0_ver,https://upload.wikimedia.org/wikipedia/commons/c/ca/1x1.png,Yes
Posters with hangers — hor,"Personalised posters with hangers from Pixora. Upload your photo, preview on a live product mockup, and we print and ship premium quality to your door. Ideal for home décor or gifting.",wall_hanging_poster_410-mm_dark-wood_wood_w14xt20-mm_400x400-mm-16x16-inch_200-gsm-80lb-coated-silk_4-0_hor,https://upload.wikimedia.org/wikipedia/commons/c/ca/1x1.png,Yes
Posters with hangers — ver,"Personalised posters with hangers from Pixora. Upload your photo, preview on a live product mockup, and we print and ship premium quality to your door. Ideal for home décor or gifting.",wall_hanging_poster_410-mm_dark-wood_wood_w14xt20-mm_400x400-mm-16x16-inch_200-gsm-80lb-coated-silk_4-0_ver,https://upload.wikimedia.org/wikipedia/commons/c/ca/1x1.png,Yes
Posters with hangers — hor,"Personalised posters with hangers from Pixora. Upload your photo, preview on a live product mockup, and we print and ship premium quality to your door. Ideal for home décor or gifting.",wall_hanging_poster_410-mm_dark-wood_wood_w14xt20-mm_400x400-mm-16x16-inch_200-gsm-80lb-uncoated_4-0_hor,https://upload.wikimedia.org/wikipedia/commons/c/ca/1x1.png,Yes
Posters with hangers — ver,"Personalised posters with hangers from Pixora. Upload your photo, preview on a live product mockup, and we print and ship premium quality to your door. Ideal for home décor or gifting.",wall_hanging_poster_410-mm_dark-wood_wood_w14xt20-mm_400x400-mm-16x16-inch_200-gsm-80lb-uncoated_4-0_ver,https://upload.wikimedia.org/wikipedia/commons/c/ca/1x1.png,Yes
Posters with hangers — hor,"Personalised posters with hangers from Pixora. Upload your photo, preview on a live product mockup, and we print and ship premium quality to your door. Ideal for home décor or gifting.",wall_hanging_poster_410-mm_dark-wood_wood_w14xt20-mm_400x400-mm-16x16-inch_250-gsm-100lb-uncoated-offwhite-archival_4-0_hor,https://upload.wikimedia.org/wikipedia/commons/c/ca/1x1.png,Yes
Posters with hangers — ver,"Personalised posters with hangers from Pixora. Upload your photo, preview on a live product mockup, and we print and ship premium quality to your door. Ideal for home décor or gifting.",wall_hanging_poster_410-mm_dark-wood_wood_w14xt20-mm_400x400-mm-16x16-inch_250-gsm-100lb-uncoated-offwhite-archival_4-0_ver,https://upload.wikimedia.org/wikipedia/commons/c/ca/1x1.png,Yes
Posters with hangers — ver,"Personalised posters with hangers from Pixora. Upload your photo, preview on a live product mockup, and we print and ship premium quality to your door. Ideal for home décor or gifting.",wall_hanging_poster_410-mm_dark-wood_wood_w14xt20-mm_400x500-mm-16x20-inch_170-gsm-65lb-coated-silk_4-0_ver,https://upload.wikimedia.org/wikipedia/commons/c/ca/1x1.png,Yes
Posters with hangers — ver,"Personalised posters with hangers from Pixora. Upload your photo, preview on a live product mockup, and we print and ship premium quality to your door. Ideal for home décor or gifting.",wall_hanging_poster_410-mm_dark-wood_wood_w14xt20-mm_400x500-mm-16x20-inch_170-gsm-65lb-uncoated_4-0_ver,https://upload.wikimedia.org/wikipedia/commons/c/ca/1x1.png,Yes
Posters with hangers — ver,"Personalised posters with hangers from Pixora. Upload your photo, preview on a live product mockup, and we print and ship premium quality to your door. Ideal for home décor or gifting.",wall_hanging_poster_410-mm_dark-wood_wood_w14xt20-mm_400x500-mm-16x20-inch_200-gsm-80lb-coated-silk_4-0_ver,https://upload.wikimedia.org/wikipedia/commons/c/ca/1x1.png,Yes
Posters with hangers — ver,"Personalised posters with hangers from Pixora. Upload your photo, preview on a live product mockup, and we print and ship premium quality to your door. Ideal for home décor or gifting.",wall_hanging_poster_410-mm_dark-wood_wood_w14xt20-mm_400x500-mm-16x20-inch_200-gsm-80lb-uncoated_4-0_ver,https://upload.wikimedia.org/wikipedia/commons/c/ca/1x1.png,Yes
Posters with hangers — ver,"Personalised posters with hangers from Pixora. Upload your photo, preview on a live product mockup, and we print and ship premium quality to your door. Ideal for home décor or gifting.",wall_hanging_poster_410-mm_dark-wood_wood_w14xt20-mm_400x500-mm-16x20-inch_250-gsm-100lb-uncoated-offwhite-archival_4-0_ver,https://upload.wikimedia.org/wikipedia/commons/c/ca/1x1.png,Yes
Posters with hangers — ver,"Personalised posters with hangers from Pixora. Upload your photo, preview on a live product mockup, and we print and ship premium quality to your door. Ideal for home décor or gifting.",wall_hanging_poster_410-mm_dark-wood_wood_w14xt20-mm_400x600-mm-16x24-inch_170-gsm-65lb-coated-silk_4-0_ver,https://upload.wikimedia.org/wikipedia/commons/c/ca/1x1.png,Yes
Posters with hangers — ver,"Personalised posters with hangers from Pixora. Upload your photo, preview on a live product mockup, and we print and ship premium quality to your door. Ideal for home décor or gifting.",wall_hanging_poster_410-mm_dark-wood_wood_w14xt20-mm_400x600-mm-16x24-inch_170-gsm-65lb-uncoated_4-0_ver,https://upload.wikimedia.org/wikipedia/commons/c/ca/1x1.png,Yes
Posters with hangers — ver,"Personalised posters with hangers from Pixora. Upload your photo, preview on a live product mockup, and we print and ship premium quality to your door. Ideal for home décor or gifting.",wall_hanging_poster_410-mm_dark-wood_wood_w14xt20-mm_400x600-mm-16x24-inch_200-gsm-80lb-coated-silk_4-0_ver,https://upload.wikimedia.org/wikipedia/commons/c/ca/1x1.png,Yes
Posters with hangers — ver,"Personalised posters with hangers from Pixora. Upload your photo, preview on a live product mockup, and we print and ship premium quality to your door. Ideal for home décor or gifting.",wall_hanging_poster_410-mm_dark-wood_wood_w14xt20-mm_400x600-mm-16x24-inch_200-gsm-80lb-uncoated_4-0_ver,https://upload.wikimedia.org/wikipedia/commons/c/ca/1x1.png,Yes
Posters with hangers — ver,"Personalised posters with hangers from Pixora. Upload your photo, preview on a live product mockup, and we print and ship premium quality to your door. Ideal for home décor or gifting.",wall_hanging_poster_410-mm_dark-wood_wood_w14xt20-mm_400x600-mm-16x24-inch_250-gsm-100lb-uncoated-offwhite-archival_4-0_ver,https://upload.wikimedia.org/wikipedia/commons/c/ca/1x1.png,Yes
Posters with hangers — hor,"Personalised posters with hangers from Pixora. Upload your photo, preview on a live product mockup, and we print and ship premium quality to your door. Ideal for home décor or gifting.",wall_hanging_poster_410-mm_natural-wood_wood_w14xt20-mm_11x14-inch-270x350-mm_170-gsm-65lb-coated-silk_4-0_hor,https://upload.wikimedia.org/wikipedia/commons/c/ca/1x1.png,Yes
Posters with hangers — hor,"Personalised posters with hangers from Pixora. Upload your photo, preview on a live product mockup, and we print and ship premium quality to your door. Ideal for home décor or gifting.",wall_hanging_poster_410-mm_natural-wood_wood_w14xt20-mm_11x14-inch-270x350-mm_170-gsm-65lb-uncoated_4-0_hor,https://upload.wikimedia.org/wikipedia/commons/c/ca/1x1.png,Yes
Posters with hangers — hor,"Personalised posters with hangers from Pixora. Upload your photo, preview on a live product mockup, and we print and ship premium quality to your door. Ideal for home décor or gifting.",wall_hanging_poster_410-mm_natural-wood_wood_w14xt20-mm_11x14-inch-270x350-mm_200-gsm-80lb-coated-silk_4-0_hor,https://upload.wikimedia.org/wikipedia/commons/c/ca/1x1.png,Yes
Posters with hangers — hor,"Personalised posters with hangers from Pixora. Upload your photo, preview on a live product mockup, and we print and ship premium quality to your door. Ideal for home décor or gifting.",wall_hanging_poster_410-mm_natural-wood_wood_w14xt20-mm_11x14-inch-270x350-mm_200-gsm-80lb-uncoated_4-0_hor,https://upload.wikimedia.org/wikipedia/commons/c/ca/1x1.png,Yes
Posters with hangers — hor,"Personalised posters with hangers from Pixora. Upload your photo, preview on a live product mockup, and we print and ship premium quality to your door. Ideal for home décor or gifting.",wall_hanging_poster_410-mm_natural-wood_wood_w14xt20-mm_11x14-inch-270x350-mm_250-gsm-100lb-uncoated-offwhite-archival_4-0_hor,https://upload.wikimedia.org/wikipedia/commons/c/ca/1x1.png,Yes
Posters with hangers — hor,"Personalised posters with hangers from Pixora. Upload your photo, preview on a live product mockup, and we print and ship premium quality to your door. Ideal for home décor or gifting.",wall_hanging_poster_410-mm_natural-wood_wood_w14xt20-mm_12x16-inch-300x400-mm_170-gsm-65lb-coated-silk_4-0_hor,https://upload.wikimedia.org/wikipedia/commons/c/ca/1x1.png,Yes
Posters with hangers — hor,"Personalised posters with hangers from Pixora. Upload your photo, preview on a live product mockup, and we print and ship premium quality to your door. Ideal for home décor or gifting.",wall_hanging_poster_410-mm_natural-wood_wood_w14xt20-mm_12x16-inch-300x400-mm_170-gsm-65lb-uncoated_4-0_hor,https://upload.wikimedia.org/wikipedia/commons/c/ca/1x1.png,Yes
Posters with hangers — hor,"Personalised posters with hangers from Pixora. Upload your photo, preview on a live product mockup, and we print and ship premium quality to your door. Ideal for home décor or gifting.",wall_hanging_poster_410-mm_natural-wood_wood_w14xt20-mm_12x16-inch-300x400-mm_200-gsm-80lb-coated-silk_4-0_hor,https://upload.wikimedia.org/wikipedia/commons/c/ca/1x1.png,Yes
Posters with hangers — hor,"Personalised posters with hangers from Pixora. Upload your photo, preview on a live product mockup, and we print and ship premium quality to your door. Ideal for home décor or gifting.",wall_hanging_poster_410-mm_natural-wood_wood_w14xt20-mm_12x16-inch-300x400-mm_200-gsm-80lb-uncoated_4-0_hor,https://upload.wikimedia.org/wikipedia/commons/c/ca/1x1.png,Yes
Posters with hangers — hor,"Personalised posters with hangers from Pixora. Upload your photo, preview on a live product mockup, and we print and ship premium quality to your door. Ideal for home décor or gifting.",wall_hanging_poster_410-mm_natural-wood_wood_w14xt20-mm_12x16-inch-300x400-mm_250-gsm-100lb-uncoated-offwhite-archival_4-0_hor,https://upload.wikimedia.org/wikipedia/commons/c/ca/1x1.png,Yes
Posters with hangers — hor,"Personalised posters with hangers from Pixora. Upload your photo, preview on a live product mockup, and we print and ship premium quality to your door. Ideal for home décor or gifting.",wall_hanging_poster_410-mm_natural-wood_wood_w14xt20-mm_14x14-inch-350x350-mm_170-gsm-65lb-coated-silk_4-0_hor,https://upload.wikimedia.org/wikipedia/commons/c/ca/1x1.png,Yes
Posters with hangers — ver,"Personalised posters with hangers from Pixora. Upload your photo, preview on a live product mockup, and we print and ship premium quality to your door. Ideal for home décor or gifting.",wall_hanging_poster_410-mm_natural-wood_wood_w14xt20-mm_14x14-inch-350x350-mm_170-gsm-65lb-coated-silk_4-0_ver,https://upload.wikimedia.org/wikipedia/commons/c/ca/1x1.png,Yes
Posters with hangers — hor,"Personalised posters with hangers from Pixora. Upload your photo, preview on a live product mockup, and we print and ship premium quality to your door. Ideal for home décor or gifting.",wall_hanging_poster_410-mm_natural-wood_wood_w14xt20-mm_14x14-inch-350x350-mm_170-gsm-65lb-uncoated_4-0_hor,https://upload.wikimedia.org/wikipedia/commons/c/ca/1x1.png,Yes
Posters with hangers — ver,"Personalised posters with hangers from Pixora. Upload your photo, preview on a live product mockup, and we print and ship premium quality to your door. Ideal for home décor or gifting.",wall_hanging_poster_410-mm_natural-wood_wood_w14xt20-mm_14x14-inch-350x350-mm_170-gsm-65lb-uncoated_4-0_ver,https://upload.wikimedia.org/wikipedia/commons/c/ca/1x1.png,Yes
Posters with hangers — hor,"Personalised posters with hangers from Pixora. Upload your photo, preview on a live product mockup, and we print and ship premium quality to your door. Ideal for home décor or gifting.",wall_hanging_poster_410-mm_natural-wood_wood_w14xt20-mm_14x14-inch-350x350-mm_200-gsm-80lb-coated-silk_4-0_hor,https://upload.wikimedia.org/wikipedia/commons/c/ca/1x1.png,Yes
Posters with hangers — ver,"Personalised posters with hangers from Pixora. Upload your photo, preview on a live product mockup, and we print and ship premium quality to your door. Ideal for home décor or gifting.",wall_hanging_poster_410-mm_natural-wood_wood_w14xt20-mm_14x14-inch-350x350-mm_200-gsm-80lb-coated-silk_4-0_ver,https://upload.wikimedia.org/wikipedia/commons/c/ca/1x1.png,Yes
Posters with hangers — hor,"Personalised posters with hangers from Pixora. Upload your photo, preview on a live product mockup, and we print and ship premium quality to your door. Ideal for home décor or gifting.",wall_hanging_poster_410-mm_natural-wood_wood_w14xt20-mm_14x14-inch-350x350-mm_200-gsm-80lb-uncoated_4-0_hor,https://upload.wikimedia.org/wikipedia/commons/c/ca/1x1.png,Yes
Posters with hangers — ver,"Personalised posters with hangers from Pixora. Upload your photo, preview on a live product mockup, and we print and ship premium quality to your door. Ideal for home décor or gifting.",wall_hanging_poster_410-mm_natural-wood_wood_w14xt20-mm_14x14-inch-350x350-mm_200-gsm-80lb-uncoated_4-0_ver,https://upload.wikimedia.org/wikipedia/commons/c/ca/1x1.png,Yes
Posters with hangers — hor,"Personalised posters with hangers from Pixora. Upload your photo, preview on a live product mockup, and we print and ship premium quality to your door. Ideal for home décor or gifting.",wall_hanging_poster_410-mm_natural-wood_wood_w14xt20-mm_14x14-inch-350x350-mm_250-gsm-100lb-uncoated-offwhite-archival_4-0_hor,https://upload.wikimedia.org/wikipedia/commons/c/ca/1x1.png,Yes
Posters with hangers — ver,"Personalised posters with hangers from Pixora. Upload your photo, preview on a live product mockup, and we print and ship premium quality to your door. Ideal for home décor or gifting.",wall_hanging_poster_410-mm_natural-wood_wood_w14xt20-mm_14x14-inch-350x350-mm_250-gsm-100lb-uncoated-offwhite-archival_4-0_ver,https://upload.wikimedia.org/wikipedia/commons/c/ca/1x1.png,Yes
Posters with hangers — hor,"Personalised posters with hangers from Pixora. Upload your photo, preview on a live product mockup, and we print and ship premium quality to your door. Ideal for home décor or gifting.",wall_hanging_poster_410-mm_natural-wood_wood_w14xt20-mm_16x16-inch-400x400-mm_170-gsm-65lb-coated-silk_4-0_hor,https://upload.wikimedia.org/wikipedia/commons/c/ca/1x1.png,Yes
Posters with hangers — ver,"Personalised posters with hangers from Pixora. Upload your photo, preview on a live product mockup, and we print and ship premium quality to your door. Ideal for home décor or gifting.",wall_hanging_poster_410-mm_natural-wood_wood_w14xt20-mm_16x16-inch-400x400-mm_170-gsm-65lb-coated-silk_4-0_ver,https://upload.wikimedia.org/wikipedia/commons/c/ca/1x1.png,Yes
Posters with hangers — hor,"Personalised posters with hangers from Pixora. Upload your photo, preview on a live product mockup, and we print and ship premium quality to your door. Ideal for home décor or gifting.",wall_hanging_poster_410-mm_natural-wood_wood_w14xt20-mm_16x16-inch-400x400-mm_170-gsm-65lb-uncoated_4-0_hor,https://upload.wikimedia.org/wikipedia/commons/c/ca/1x1.png,Yes
Posters with hangers — ver,"Personalised posters with hangers from Pixora. Upload your photo, preview on a live product mockup, and we print and ship premium quality to your door. Ideal for home décor or gifting.",wall_hanging_poster_410-mm_natural-wood_wood_w14xt20-mm_16x16-inch-400x400-mm_170-gsm-65lb-uncoated_4-0_ver,https://upload.wikimedia.org/wikipedia/commons/c/ca/1x1.png,Yes
Posters with hangers — hor,"Personalised posters with hangers from Pixora. Upload your photo, preview on a live product mockup, and we print and ship premium quality to your door. Ideal for home décor or gifting.",wall_hanging_poster_410-mm_natural-wood_wood_w14xt20-mm_16x16-inch-400x400-mm_200-gsm-80lb-coated-silk_4-0_hor,https://upload.wikimedia.org/wikipedia/commons/c/ca/1x1.png,Yes
Posters with hangers — ver,"Personalised posters with hangers from Pixora. Upload your photo, preview on a live product mockup, and we print and ship premium quality to your door. Ideal for home décor or gifting.",wall_hanging_poster_410-mm_natural-wood_wood_w14xt20-mm_16x16-inch-400x400-mm_200-gsm-80lb-coated-silk_4-0_ver,https://upload.wikimedia.org/wikipedia/commons/c/ca/1x1.png,Yes
Posters with hangers — hor,"Personalised posters with hangers from Pixora. Upload your photo, preview on a live product mockup, and we print and ship premium quality to your door. Ideal for home décor or gifting.",wall_hanging_poster_410-mm_natural-wood_wood_w14xt20-mm_16x16-inch-400x400-mm_200-gsm-80lb-uncoated_4-0_hor,https://upload.wikimedia.org/wikipedia/commons/c/ca/1x1.png,Yes
Posters with hangers — ver,"Personalised posters with hangers from Pixora. Upload your photo, preview on a live product mockup, and we print and ship premium quality to your door. Ideal for home décor or gifting.",wall_hanging_poster_410-mm_natural-wood_wood_w14xt20-mm_16x16-inch-400x400-mm_200-gsm-80lb-uncoated_4-0_ver,https://upload.wikimedia.org/wikipedia/commons/c/ca/1x1.png,Yes
Posters with hangers — hor,"Personalised posters with hangers from Pixora. Upload your photo, preview on a live product mockup, and we print and ship premium quality to your door. Ideal for home décor or gifting.",wall_hanging_poster_410-mm_natural-wood_wood_w14xt20-mm_16x16-inch-400x400-mm_250-gsm-100lb-uncoated-offwhite-archival_4-0_hor,https://upload.wikimedia.org/wikipedia/commons/c/ca/1x1.png,Yes
Posters with hangers — ver,"Personalised posters with hangers from Pixora. Upload your photo, preview on a live product mockup, and we print and ship premium quality to your door. Ideal for home décor or gifting.",wall_hanging_poster_410-mm_natural-wood_wood_w14xt20-mm_16x16-inch-400x400-mm_250-gsm-100lb-uncoated-offwhite-archival_4-0_ver,https://upload.wikimedia.org/wikipedia/commons/c/ca/1x1.png,Yes
Posters with hangers — ver,"Personalised posters with hangers from Pixora. Upload your photo, preview on a live product mockup, and we print and ship premium quality to your door. Ideal for home décor or gifting.",wall_hanging_poster_410-mm_natural-wood_wood_w14xt20-mm_16x20-inch-400x500-mm_170-gsm-65lb-coated-silk_4-0_ver,https://upload.wikimedia.org/wikipedia/commons/c/ca/1x1.png,Yes
Posters with hangers — ver,"Personalised posters with hangers from Pixora. Upload your photo, preview on a live product mockup, and we print and ship premium quality to your door. Ideal for home décor or gifting.",wall_hanging_poster_410-mm_natural-wood_wood_w14xt20-mm_16x20-inch-400x500-mm_170-gsm-65lb-uncoated_4-0_ver,https://upload.wikimedia.org/wikipedia/commons/c/ca/1x1.png,Yes
Posters with hangers — ver,"Personalised posters with hangers from Pixora. Upload your photo, preview on a live product mockup, and we print and ship premium quality to your door. Ideal for home décor or gifting.",wall_hanging_poster_410-mm_natural-wood_wood_w14xt20-mm_16x20-inch-400x500-mm_200-gsm-80lb-coated-silk_4-0_ver,https://upload.wikimedia.org/wikipedia/commons/c/ca/1x1.png,Yes
Posters with hangers — ver,"Personalised posters with hangers from Pixora. Upload your photo, preview on a live product mockup, and we print and ship premium quality to your door. Ideal for home décor or gifting.",wall_hanging_poster_410-mm_natural-wood_wood_w14xt20-mm_16x20-inch-400x500-mm_200-gsm-80lb-uncoated_4-0_ver,https://upload.wikimedia.org/wikipedia/commons/c/ca/1x1.png,Yes
Posters with hangers — ver,"Personalised posters with hangers from Pixora. Upload your photo, preview on a live product mockup, and we print and ship premium quality to your door. Ideal for home décor or gifting.",wall_hanging_poster_410-mm_natural-wood_wood_w14xt20-mm_16x20-inch-400x500-mm_250-gsm-100lb-uncoated-offwhite-archival_4-0_ver,https://upload.wikimedia.org/wikipedia/commons/c/ca/1x1.png,Yes
Posters with hangers — ver,"Personalised posters with hangers from Pixora. Upload your photo, preview on a live product mockup, and we print and ship premium quality to your door. Ideal for home décor or gifting.",wall_hanging_poster_410-mm_natural-wood_wood_w14xt20-mm_16x24-inch-400x600-mm_170-gsm-65lb-coated-silk_4-0_ver,https://upload.wikimedia.org/wikipedia/commons/c/ca/1x1.png,Yes
Posters with hangers — ver,"Personalised posters with hangers from Pixora. Upload your photo, preview on a live product mockup, and we print and ship premium quality to your door. Ideal for home décor or gifting.",wall_hanging_poster_410-mm_natural-wood_wood_w14xt20-mm_16x24-inch-400x600-mm_170-gsm-65lb-uncoated_4-0_ver,https://upload.wikimedia.org/wikipedia/commons/c/ca/1x1.png,Yes
Posters with hangers — ver,"Personalised posters with hangers from Pixora. Upload your photo, preview on a live product mockup, and we print and ship premium quality to your door. Ideal for home décor or gifting.",wall_hanging_poster_410-mm_natural-wood_wood_w14xt20-mm_16x24-inch-400x600-mm_200-gsm-80lb-coated-silk_4-0_ver,https://upload.wikimedia.org/wikipedia/commons/c/ca/1x1.png,Yes
Posters with hangers — ver,"Personalised posters with hangers from Pixora. Upload your photo, preview on a live product mockup, and we print and ship premium quality to your door. Ideal for home décor or gifting.",wall_hanging_poster_410-mm_natural-wood_wood_w14xt20-mm_16x24-inch-400x600-mm_200-gsm-80lb-uncoated_4-0_ver,https://upload.wikimedia.org/wikipedia/commons/c/ca/1x1.png,Yes
Posters with hangers — ver,"Personalised posters with hangers from Pixora. Upload your photo, preview on a live product mockup, and we print and ship premium quality to your door. Ideal for home décor or gifting.",wall_hanging_poster_410-mm_natural-wood_wood_w14xt20-mm_16x24-inch-400x600-mm_250-gsm-100lb-uncoated-offwhite-archival_4-0_ver,https://upload.wikimedia.org/wikipedia/commons/c/ca/1x1.png,Yes
Posters with hangers — hor,"Personalised posters with hangers from Pixora. Upload your photo, preview on a live product mockup, and we print and ship premium quality to your door. Ideal for home décor or gifting.",wall_hanging_poster_410-mm_natural-wood_wood_w14xt20-mm_270x350-mm-11x14-inch_170-gsm-65lb-coated-silk_4-0_hor,https://upload.wikimedia.org/wikipedia/commons/c/ca/1x1.png,Yes
Posters with hangers — hor,"Personalised posters with hangers from Pixora. Upload your photo, preview on a live product mockup, and we print and ship premium quality to your door. Ideal for home décor or gifting.",wall_hanging_poster_410-mm_natural-wood_wood_w14xt20-mm_270x350-mm-11x14-inch_170-gsm-65lb-uncoated_4-0_hor,https://upload.wikimedia.org/wikipedia/commons/c/ca/1x1.png,Yes
Posters with hangers — hor,"Personalised posters with hangers from Pixora. Upload your photo, preview on a live product mockup, and we print and ship premium quality to your door. Ideal for home décor or gifting.",wall_hanging_poster_410-mm_natural-wood_wood_w14xt20-mm_270x350-mm-11x14-inch_200-gsm-80lb-coated-silk_4-0_hor,https://upload.wikimedia.org/wikipedia/commons/c/ca/1x1.png,Yes
Posters with hangers — hor,"Personalised posters with hangers from Pixora. Upload your photo, preview on a live product mockup, and we print and ship premium quality to your door. Ideal for home décor or gifting.",wall_hanging_poster_410-mm_natural-wood_wood_w14xt20-mm_270x350-mm-11x14-inch_200-gsm-80lb-uncoated_4-0_hor,https://upload.wikimedia.org/wikipedia/commons/c/ca/1x1.png,Yes
Posters with hangers — hor,"Personalised posters with hangers from Pixora. Upload your photo, preview on a live product mockup, and we print and ship premium quality to your door. Ideal for home décor or gifting.",wall_hanging_poster_410-mm_natural-wood_wood_w14xt20-mm_270x350-mm-11x14-inch_250-gsm-100lb-uncoated-offwhite-archival_4-0_hor,https://upload.wikimedia.org/wikipedia/commons/c/ca/1x1.png,Yes
Posters with hangers — hor,"Personalised posters with hangers from Pixora. Upload your photo, preview on a live product mockup, and we print and ship premium quality to your door. Ideal for home décor or gifting.",wall_hanging_poster_410-mm_natural-wood_wood_w14xt20-mm_300x400-mm-12x16-inch_170-gsm-65lb-coated-silk_4-0_hor,https://upload.wikimedia.org/wikipedia/commons/c/ca/1x1.png,Yes
Posters with hangers — hor,"Personalised posters with hangers from Pixora. Upload your photo, preview on a live product mockup, and we print and ship premium quality to your door. Ideal for home décor or gifting.",wall_hanging_poster_410-mm_natural-wood_wood_w14xt20-mm_300x400-mm-12x16-inch_170-gsm-65lb-uncoated_4-0_hor,https://upload.wikimedia.org/wikipedia/commons/c/ca/1x1.png,Yes
Posters with hangers — hor,"Personalised posters with hangers from Pixora. Upload your photo, preview on a live product mockup, and we print and ship premium quality to your door. Ideal for home décor or gifting.",wall_hanging_poster_410-mm_natural-wood_wood_w14xt20-mm_300x400-mm-12x16-inch_200-gsm-80lb-coated-silk_4-0_hor,https://upload.wikimedia.org/wikipedia/commons/c/ca/1x1.png,Yes
Posters with hangers — hor,"Personalised posters with hangers from Pixora. Upload your photo, preview on a live product mockup, and we print and ship premium quality to your door. Ideal for home décor or gifting.",wall_hanging_poster_410-mm_natural-wood_wood_w14xt20-mm_300x400-mm-12x16-inch_200-gsm-80lb-uncoated_4-0_hor,https://upload.wikimedia.org/wikipedia/commons/c/ca/1x1.png,Yes
Posters with hangers — hor,"Personalised posters with hangers from Pixora. Upload your photo, preview on a live product mockup, and we print and ship premium quality to your door. Ideal for home décor or gifting.",wall_hanging_poster_410-mm_natural-wood_wood_w14xt20-mm_300x400-mm-12x16-inch_250-gsm-100lb-uncoated-offwhite-archival_4-0_hor,https://upload.wikimedia.org/wikipedia/commons/c/ca/1x1.png,Yes
Posters with hangers — hor,"Personalised posters with hangers from Pixora. Upload your photo, preview on a live product mockup, and we print and ship premium quality to your door. Ideal for home décor or gifting.",wall_hanging_poster_410-mm_natural-wood_wood_w14xt20-mm_350x350-mm-14x14-inch_170-gsm-65lb-coated-silk_4-0_hor,https://upload.wikimedia.org/wikipedia/commons/c/ca/1x1.png,Yes
Posters with hangers — ver,"Personalised posters with hangers from Pixora. Upload your photo, preview on a live product mockup, and we print and ship premium quality to your door. Ideal for home décor or gifting.",wall_hanging_poster_410-mm_natural-wood_wood_w14xt20-mm_350x350-mm-14x14-inch_170-gsm-65lb-coated-silk_4-0_ver,https://upload.wikimedia.org/wikipedia/commons/c/ca/1x1.png,Yes
Posters with hangers — hor,"Personalised posters with hangers from Pixora. Upload your photo, preview on a live product mockup, and we print and ship premium quality to your door. Ideal for home décor or gifting.",wall_hanging_poster_410-mm_natural-wood_wood_w14xt20-mm_350x350-mm-14x14-inch_170-gsm-65lb-uncoated_4-0_hor,https://upload.wikimedia.org/wikipedia/commons/c/ca/1x1.png,Yes
Posters with hangers — ver,"Personalised posters with hangers from Pixora. Upload your photo, preview on a live product mockup, and we print and ship premium quality to your door. Ideal for home décor or gifting.",wall_hanging_poster_410-mm_natural-wood_wood_w14xt20-mm_350x350-mm-14x14-inch_170-gsm-65lb-uncoated_4-0_ver,https://upload.wikimedia.org/wikipedia/commons/c/ca/1x1.png,Yes
Posters with hangers — hor,"Personalised posters with hangers from Pixora. Upload your photo, preview on a live product mockup, and we print and ship premium quality to your door. Ideal for home décor or gifting.",wall_hanging_poster_410-mm_natural-wood_wood_w14xt20-mm_350x350-mm-14x14-inch_200-gsm-80lb-coated-silk_4-0_hor,https://upload.wikimedia.org/wikipedia/commons/c/ca/1x1.png,Yes
Posters with hangers — ver,"Personalised posters with hangers from Pixora. Upload your photo, preview on a live product mockup, and we print and ship premium quality to your door. Ideal for home décor or gifting.",wall_hanging_poster_410-mm_natural-wood_wood_w14xt20-mm_350x350-mm-14x14-inch_200-gsm-80lb-coated-silk_4-0_ver,https://upload.wikimedia.org/wikipedia/commons/c/ca/1x1.png,Yes
Posters with hangers — hor,"Personalised posters with hangers from Pixora. Upload your photo, preview on a live product mockup, and we print and ship premium quality to your door. Ideal for home décor or gifting.",wall_hanging_poster_410-mm_natural-wood_wood_w14xt20-mm_350x350-mm-14x14-inch_200-gsm-80lb-uncoated_4-0_hor,https://upload.wikimedia.org/wikipedia/commons/c/ca/1x1.png,Yes
Posters with hangers — ver,"Personalised posters with hangers from Pixora. Upload your photo, preview on a live product mockup, and we print and ship premium quality to your door. Ideal for home décor or gifting.",wall_hanging_poster_410-mm_natural-wood_wood_w14xt20-mm_350x350-mm-14x14-inch_200-gsm-80lb-uncoated_4-0_ver,https://upload.wikimedia.org/wikipedia/commons/c/ca/1x1.png,Yes
Posters with hangers — hor,"Personalised posters with hangers from Pixora. Upload your photo, preview on a live product mockup, and we print and ship premium quality to your door. Ideal for home décor or gifting.",wall_hanging_poster_410-mm_natural-wood_wood_w14xt20-mm_350x350-mm-14x14-inch_250-gsm-100lb-uncoated-offwhite-archival_4-0_hor,https://upload.wikimedia.org/wikipedia/commons/c/ca/1x1.png,Yes
Posters with hangers — ver,"Personalised posters with hangers from Pixora. Upload your photo, preview on a live product mockup, and we print and ship premium quality to your door. Ideal for home décor or gifting.",wall_hanging_poster_410-mm_natural-wood_wood_w14xt20-mm_350x350-mm-14x14-inch_250-gsm-100lb-uncoated-offwhite-archival_4-0_ver,https://upload.wikimedia.org/wikipedia/commons/c/ca/1x1.png,Yes
Posters with hangers — hor,"Personalised posters with hangers from Pixora. Upload your photo, preview on a live product mockup, and we print and ship premium quality to your door. Ideal for home décor or gifting.",wall_hanging_poster_410-mm_natural-wood_wood_w14xt20-mm_400x400-mm-16x16-inch_170-gsm-65lb-coated-silk_4-0_hor,https://upload.wikimedia.org/wikipedia/commons/c/ca/1x1.png,Yes
Posters with hangers — ver,"Personalised posters with hangers from Pixora. Upload your photo, preview on a live product mockup, and we print and ship premium quality to your door. Ideal for home décor or gifting.",wall_hanging_poster_410-mm_natural-wood_wood_w14xt20-mm_400x400-mm-16x16-inch_170-gsm-65lb-coated-silk_4-0_ver,https://upload.wikimedia.org/wikipedia/commons/c/ca/1x1.png,Yes
Posters with hangers — hor,"Personalised posters with hangers from Pixora. Upload your photo, preview on a live product mockup, and we print and ship premium quality to your door. Ideal for home décor or gifting.",wall_hanging_poster_410-mm_natural-wood_wood_w14xt20-mm_400x400-mm-16x16-inch_170-gsm-65lb-uncoated_4-0_hor,https://upload.wikimedia.org/wikipedia/commons/c/ca/1x1.png,Yes
Posters with hangers — ver,"Personalised posters with hangers from Pixora. Upload your photo, preview on a live product mockup, and we print and ship premium quality to your door. Ideal for home décor or gifting.",wall_hanging_poster_410-mm_natural-wood_wood_w14xt20-mm_400x400-mm-16x16-inch_170-gsm-65lb-uncoated_4-0_ver,https://upload.wikimedia.org/wikipedia/commons/c/ca/1x1.png,Yes
Posters with hangers — hor,"Personalised posters with hangers from Pixora. Upload your photo, preview on a live product mockup, and we print and ship premium quality to your door. Ideal for home décor or gifting.",wall_hanging_poster_410-mm_natural-wood_wood_w14xt20-mm_400x400-mm-16x16-inch_200-gsm-80lb-coated-silk_4-0_hor,https://upload.wikimedia.org/wikipedia/commons/c/ca/1x1.png,Yes
Posters with hangers — ver,"Personalised posters with hangers from Pixora. Upload your photo, preview on a live product mockup, and we print and ship premium quality to your door. Ideal for home décor or gifting.",wall_hanging_poster_410-mm_natural-wood_wood_w14xt20-mm_400x400-mm-16x16-inch_200-gsm-80lb-coated-silk_4-0_ver,https://upload.wikimedia.org/wikipedia/commons/c/ca/1x1.png,Yes
Posters with hangers — hor,"Personalised posters with hangers from Pixora. Upload your photo, preview on a live product mockup, and we print and ship premium quality to your door. Ideal for home décor or gifting.",wall_hanging_poster_410-mm_natural-wood_wood_w14xt20-mm_400x400-mm-16x16-inch_200-gsm-80lb-uncoated_4-0_hor,https://upload.wikimedia.org/wikipedia/commons/c/ca/1x1.png,Yes
Posters with hangers — ver,"Personalised posters with hangers from Pixora. Upload your photo, preview on a live product mockup, and we print and ship premium quality to your door. Ideal for home décor or gifting.",wall_hanging_poster_410-mm_natural-wood_wood_w14xt20-mm_400x400-mm-16x16-inch_200-gsm-80lb-uncoated_4-0_ver,https://upload.wikimedia.org/wikipedia/commons/c/ca/1x1.png,Yes
Posters with hangers — hor,"Personalised posters with hangers from Pixora. Upload your photo, preview on a live product mockup, and we print and ship premium quality to your door. Ideal for home décor or gifting.",wall_hanging_poster_410-mm_natural-wood_wood_w14xt20-mm_400x400-mm-16x16-inch_250-gsm-100lb-uncoated-offwhite-archival_4-0_hor,https://upload.wikimedia.org/wikipedia/commons/c/ca/1x1.png,Yes
Posters with hangers — ver,"Personalised posters with hangers from Pixora. Upload your photo, preview on a live product mockup, and we print and ship premium quality to your door. Ideal for home décor or gifting.",wall_hanging_poster_410-mm_natural-wood_wood_w14xt20-mm_400x400-mm-16x16-inch_250-gsm-100lb-uncoated-offwhite-archival_4-0_ver,https://upload.wikimedia.org/wikipedia/commons/c/ca/1x1.png,Yes
Posters with hangers — ver,"Personalised posters with hangers from Pixora. Upload your photo, preview on a live product mockup, and we print and ship premium quality to your door. Ideal for home décor or gifting.",wall_hanging_poster_410-mm_natural-wood_wood_w14xt20-mm_400x500-mm-16x20-inch_170-gsm-65lb-coated-silk_4-0_ver,https://upload.wikimedia.org/wikipedia/commons/c/ca/1x1.png,Yes
Posters with hangers — ver,"Personalised posters with hangers from Pixora. Upload your photo, preview on a live product mockup, and we print and ship premium quality to your door. Ideal for home décor or gifting.",wall_hanging_poster_410-mm_natural-wood_wood_w14xt20-mm_400x500-mm-16x20-inch_170-gsm-65lb-uncoated_4-0_ver,https://upload.wikimedia.org/wikipedia/commons/c/ca/1x1.png,Yes
Posters with hangers — ver,"Personalised posters with hangers from Pixora. Upload your photo, preview on a live product mockup, and we print and ship premium quality to your door. Ideal for home décor or gifting.",wall_hanging_poster_410-mm_natural-wood_wood_w14xt20-mm_400x500-mm-16x20-inch_200-gsm-80lb-coated-silk_4-0_ver,https://upload.wikimedia.org/wikipedia/commons/c/ca/1x1.png,Yes
Posters with hangers — ver,"Personalised posters with hangers from Pixora. Upload your photo, preview on a live product mockup, and we print and ship premium quality to your door. Ideal for home décor or gifting.",wall_hanging_poster_410-mm_natural-wood_wood_w14xt20-mm_400x500-mm-16x20-inch_200-gsm-80lb-uncoated_4-0_ver,https://upload.wikimedia.org/wikipedia/commons/c/ca/1x1.png,Yes
Posters with hangers — ver,"Personalised posters with hangers from Pixora. Upload your photo, preview on a live product mockup, and we print and ship premium quality to your door. Ideal for home décor or gifting.",wall_hanging_poster_410-mm_natural-wood_wood_w14xt20-mm_400x500-mm-16x20-inch_250-gsm-100lb-uncoated-offwhite-archival_4-0_ver,https://upload.wikimedia.org/wikipedia/commons/c/ca/1x1.png,Yes
Posters with hangers — ver,"Personalised posters with hangers from Pixora. Upload your photo, preview on a live product mockup, and we print and ship premium quality to your door. Ideal for home décor or gifting.",wall_hanging_poster_410-mm_natural-wood_wood_w14xt20-mm_400x600-mm-16x24-inch_170-gsm-65lb-coated-silk_4-0_ver,https://upload.wikimedia.org/wikipedia/commons/c/ca/1x1.png,Yes
Posters with hangers — ver,"Personalised posters with hangers from Pixora. Upload your photo, preview on a live product mockup, and we print and ship premium quality to your door. Ideal for home décor or gifting.",wall_hanging_poster_410-mm_natural-wood_wood_w14xt20-mm_400x600-mm-16x24-inch_170-gsm-65lb-uncoated_4-0_ver,https://upload.wikimedia.org/wikipedia/commons/c/ca/1x1.png,Yes
Posters with hangers — ver,"Personalised posters with hangers from Pixora. Upload your photo, preview on a live product mockup, and we print and ship premium quality to your door. Ideal for home décor or gifting.",wall_hanging_poster_410-mm_natural-wood_wood_w14xt20-mm_400x600-mm-16x24-inch_200-gsm-80lb-coated-silk_4-0_ver,https://upload.wikimedia.org/wikipedia/commons/c/ca/1x1.png,Yes
Posters with hangers — ver,"Personalised posters with hangers from Pixora. Upload your photo, preview on a live product mockup, and we print and ship premium quality to your door. Ideal for home décor or gifting.",wall_hanging_poster_410-mm_natural-wood_wood_w14xt20-mm_400x600-mm-16x24-inch_200-gsm-80lb-uncoated_4-0_ver,https://upload.wikimedia.org/wikipedia/commons/c/ca/1x1.png,Yes
Posters with hangers — ver,"Personalised posters with hangers from Pixora. Upload your photo, preview on a live product mockup, and we print and ship premium quality to your door. Ideal for home décor or gifting.",wall_hanging_poster_410-mm_natural-wood_wood_w14xt20-mm_400x600-mm-16x24-inch_250-gsm-100lb-uncoated-offwhite-archival_4-0_ver,https://upload.wikimedia.org/wikipedia/commons/c/ca/1x1.png,Yes
Posters with hangers — hor,"Personalised posters with hangers from Pixora. Upload your photo, preview on a live product mockup, and we print and ship premium quality to your door. Ideal for home décor or gifting.",wall_hanging_poster_410-mm_white_wood_w14xt20-mm_11x14-inch-270x350-mm_170-gsm-65lb-coated-silk_4-0_hor,https://upload.wikimedia.org/wikipedia/commons/c/ca/1x1.png,Yes
Posters with hangers — hor,"Personalised posters with hangers from Pixora. Upload your photo, preview on a live product mockup, and we print and ship premium quality to your door. Ideal for home décor or gifting.",wall_hanging_poster_410-mm_white_wood_w14xt20-mm_11x14-inch-270x350-mm_170-gsm-65lb-uncoated_4-0_hor,https://upload.wikimedia.org/wikipedia/commons/c/ca/1x1.png,Yes
Posters with hangers — hor,"Personalised posters with hangers from Pixora. Upload your photo, preview on a live product mockup, and we print and ship premium quality to your door. Ideal for home décor or gifting.",wall_hanging_poster_410-mm_white_wood_w14xt20-mm_11x14-inch-270x350-mm_200-gsm-80lb-coated-silk_4-0_hor,https://upload.wikimedia.org/wikipedia/commons/c/ca/1x1.png,Yes
Posters with hangers — hor,"Personalised posters with hangers from Pixora. Upload your photo, preview on a live product mockup, and we print and ship premium quality to your door. Ideal for home décor or gifting.",wall_hanging_poster_410-mm_white_wood_w14xt20-mm_11x14-inch-270x350-mm_200-gsm-80lb-uncoated_4-0_hor,https://upload.wikimedia.org/wikipedia/commons/c/ca/1x1.png,Yes
Posters with hangers — hor,"Personalised posters with hangers from Pixora. Upload your photo, preview on a live product mockup, and we print and ship premium quality to your door. Ideal for home décor or gifting.",wall_hanging_poster_410-mm_white_wood_w14xt20-mm_11x14-inch-270x350-mm_250-gsm-100lb-uncoated-offwhite-archival_4-0_hor,https://upload.wikimedia.org/wikipedia/commons/c/ca/1x1.png,Yes
Posters with hangers — hor,"Personalised posters with hangers from Pixora. Upload your photo, preview on a live product mockup, and we print and ship premium quality to your door. Ideal for home décor or gifting.",wall_hanging_poster_410-mm_white_wood_w14xt20-mm_12x16-inch-300x400-mm_170-gsm-65lb-coated-silk_4-0_hor,https://upload.wikimedia.org/wikipedia/commons/c/ca/1x1.png,Yes
Posters with hangers — hor,"Personalised posters with hangers from Pixora. Upload your photo, preview on a live product mockup, and we print and ship premium quality to your door. Ideal for home décor or gifting.",wall_hanging_poster_410-mm_white_wood_w14xt20-mm_12x16-inch-300x400-mm_170-gsm-65lb-uncoated_4-0_hor,https://upload.wikimedia.org/wikipedia/commons/c/ca/1x1.png,Yes
Posters with hangers — hor,"Personalised posters with hangers from Pixora. Upload your photo, preview on a live product mockup, and we print and ship premium quality to your door. Ideal for home décor or gifting.",wall_hanging_poster_410-mm_white_wood_w14xt20-mm_12x16-inch-300x400-mm_200-gsm-80lb-coated-silk_4-0_hor,https://upload.wikimedia.org/wikipedia/commons/c/ca/1x1.png,Yes
Posters with hangers — hor,"Personalised posters with hangers from Pixora. Upload your photo, preview on a live product mockup, and we print and ship premium quality to your door. Ideal for home décor or gifting.",wall_hanging_poster_410-mm_white_wood_w14xt20-mm_12x16-inch-300x400-mm_200-gsm-80lb-uncoated_4-0_hor,https://upload.wikimedia.org/wikipedia/commons/c/ca/1x1.png,Yes
Posters with hangers — hor,"Personalised posters with hangers from Pixora. Upload your photo, preview on a live product mockup, and we print and ship premium quality to your door. Ideal for home décor or gifting.",wall_hanging_poster_410-mm_white_wood_w14xt20-mm_12x16-inch-300x400-mm_250-gsm-100lb-uncoated-offwhite-archival_4-0_hor,https://upload.wikimedia.org/wikipedia/commons/c/ca/1x1.png,Yes
Posters with hangers — hor,"Personalised posters with hangers from Pixora. Upload your photo, preview on a live product mockup, and we print and ship premium quality to your door. Ideal for home décor or gifting.",wall_hanging_poster_410-mm_white_wood_w14xt20-mm_14x14-inch-350x350-mm_170-gsm-65lb-coated-silk_4-0_hor,https://upload.wikimedia.org/wikipedia/commons/c/ca/1x1.png,Yes
Posters with hangers — ver,"Personalised posters with hangers from Pixora. Upload your photo, preview on a live product mockup, and we print and ship premium quality to your door. Ideal for home décor or gifting.",wall_hanging_poster_410-mm_white_wood_w14xt20-mm_14x14-inch-350x350-mm_170-gsm-65lb-coated-silk_4-0_ver,https://upload.wikimedia.org/wikipedia/commons/c/ca/1x1.png,Yes
Posters with hangers — hor,"Personalised posters with hangers from Pixora. Upload your photo, preview on a live product mockup, and we print and ship premium quality to your door. Ideal for home décor or gifting.",wall_hanging_poster_410-mm_white_wood_w14xt20-mm_14x14-inch-350x350-mm_170-gsm-65lb-uncoated_4-0_hor,https://upload.wikimedia.org/wikipedia/commons/c/ca/1x1.png,Yes
Posters with hangers — ver,"Personalised posters with hangers from Pixora. Upload your photo, preview on a live product mockup, and we print and ship premium quality to your door. Ideal for home décor or gifting.",wall_hanging_poster_410-mm_white_wood_w14xt20-mm_14x14-inch-350x350-mm_170-gsm-65lb-uncoated_4-0_ver,https://upload.wikimedia.org/wikipedia/commons/c/ca/1x1.png,Yes
Posters with hangers — hor,"Personalised posters with hangers from Pixora. Upload your photo, preview on a live product mockup, and we print and ship premium quality to your door. Ideal for home décor or gifting.",wall_hanging_poster_410-mm_white_wood_w14xt20-mm_14x14-inch-350x350-mm_200-gsm-80lb-coated-silk_4-0_hor,https://upload.wikimedia.org/wikipedia/commons/c/ca/1x1.png,Yes
Posters with hangers — ver,"Personalised posters with hangers from Pixora. Upload your photo, preview on a live product mockup, and we print and ship premium quality to your door. Ideal for home décor or gifting.",wall_hanging_poster_410-mm_white_wood_w14xt20-mm_14x14-inch-350x350-mm_200-gsm-80lb-coated-silk_4-0_ver,https://upload.wikimedia.org/wikipedia/commons/c/ca/1x1.png,Yes
Posters with hangers — hor,"Personalised posters with hangers from Pixora. Upload your photo, preview on a live product mockup, and we print and ship premium quality to your door. Ideal for home décor or gifting.",wall_hanging_poster_410-mm_white_wood_w14xt20-mm_14x14-inch-350x350-mm_200-gsm-80lb-uncoated_4-0_hor,https://upload.wikimedia.org/wikipedia/commons/c/ca/1x1.png,Yes
Posters with hangers — ver,"Personalised posters with hangers from Pixora. Upload your photo, preview on a live product mockup, and we print and ship premium quality to your door. Ideal for home décor or gifting.",wall_hanging_poster_410-mm_white_wood_w14xt20-mm_14x14-inch-350x350-mm_200-gsm-80lb-uncoated_4-0_ver,https://upload.wikimedia.org/wikipedia/commons/c/ca/1x1.png,Yes
Posters with hangers — hor,"Personalised posters with hangers from Pixora. Upload your photo, preview on a live product mockup, and we print and ship premium quality to your door. Ideal for home décor or gifting.",wall_hanging_poster_410-mm_white_wood_w14xt20-mm_14x14-inch-350x350-mm_250-gsm-100lb-uncoated-offwhite-archival_4-0_hor,https://upload.wikimedia.org/wikipedia/commons/c/ca/1x1.png,Yes
Posters with hangers — ver,"Personalised posters with hangers from Pixora. Upload your photo, preview on a live product mockup, and we print and ship premium quality to your door. Ideal for home décor or gifting.",wall_hanging_poster_410-mm_white_wood_w14xt20-mm_14x14-inch-350x350-mm_250-gsm-100lb-uncoated-offwhite-archival_4-0_ver,https://upload.wikimedia.org/wikipedia/commons/c/ca/1x1.png,Yes
Posters with hangers — hor,"Personalised posters with hangers from Pixora. Upload your photo, preview on a live product mockup, and we print and ship premium quality to your door. Ideal for home décor or gifting.",wall_hanging_poster_410-mm_white_wood_w14xt20-mm_16x16-inch-400x400-mm_170-gsm-65lb-coated-silk_4-0_hor,https://upload.wikimedia.org/wikipedia/commons/c/ca/1x1.png,Yes
Posters with hangers — ver,"Personalised posters with hangers from Pixora. Upload your photo, preview on a live product mockup, and we print and ship premium quality to your door. Ideal for home décor or gifting.",wall_hanging_poster_410-mm_white_wood_w14xt20-mm_16x16-inch-400x400-mm_170-gsm-65lb-coated-silk_4-0_ver,https://upload.wikimedia.org/wikipedia/commons/c/ca/1x1.png,Yes
Posters with hangers — hor,"Personalised posters with hangers from Pixora. Upload your photo, preview on a live product mockup, and we print and ship premium quality to your door. Ideal for home décor or gifting.",wall_hanging_poster_410-mm_white_wood_w14xt20-mm_16x16-inch-400x400-mm_170-gsm-65lb-uncoated_4-0_hor,https://upload.wikimedia.org/wikipedia/commons/c/ca/1x1.png,Yes
Posters with hangers — ver,"Personalised posters with hangers from Pixora. Upload your photo, preview on a live product mockup, and we print and ship premium quality to your door. Ideal for home décor or gifting.",wall_hanging_poster_410-mm_white_wood_w14xt20-mm_16x16-inch-400x400-mm_170-gsm-65lb-uncoated_4-0_ver,https://upload.wikimedia.org/wikipedia/commons/c/ca/1x1.png,Yes
Posters with hangers — hor,"Personalised posters with hangers from Pixora. Upload your photo, preview on a live product mockup, and we print and ship premium quality to your door. Ideal for home décor or gifting.",wall_hanging_poster_410-mm_white_wood_w14xt20-mm_16x16-inch-400x400-mm_200-gsm-80lb-coated-silk_4-0_hor,https://upload.wikimedia.org/wikipedia/commons/c/ca/1x1.png,Yes
Posters with hangers — ver,"Personalised posters with hangers from Pixora. Upload your photo, preview on a live product mockup, and we print and ship premium quality to your door. Ideal for home décor or gifting.",wall_hanging_poster_410-mm_white_wood_w14xt20-mm_16x16-inch-400x400-mm_200-gsm-80lb-coated-silk_4-0_ver,https://upload.wikimedia.org/wikipedia/commons/c/ca/1x1.png,Yes
Posters with hangers — hor,"Personalised posters with hangers from Pixora. Upload your photo, preview on a live product mockup, and we print and ship premium quality to your door. Ideal for home décor or gifting.",wall_hanging_poster_410-mm_white_wood_w14xt20-mm_16x16-inch-400x400-mm_200-gsm-80lb-uncoated_4-0_hor,https://upload.wikimedia.org/wikipedia/commons/c/ca/1x1.png,Yes
Posters with hangers — ver,"Personalised posters with hangers from Pixora. Upload your photo, preview on a live product mockup, and we print and ship premium quality to your door. Ideal for home décor or gifting.",wall_hanging_poster_410-mm_white_wood_w14xt20-mm_16x16-inch-400x400-mm_200-gsm-80lb-uncoated_4-0_ver,https://upload.wikimedia.org/wikipedia/commons/c/ca/1x1.png,Yes
Posters with hangers — hor,"Personalised posters with hangers from Pixora. Upload your photo, preview on a live product mockup, and we print and ship premium quality to your door. Ideal for home décor or gifting.",wall_hanging_poster_410-mm_white_wood_w14xt20-mm_16x16-inch-400x400-mm_250-gsm-100lb-uncoated-offwhite-archival_4-0_hor,https://upload.wikimedia.org/wikipedia/commons/c/ca/1x1.png,Yes
Posters with hangers — ver,"Personalised posters with hangers from Pixora. Upload your photo, preview on a live product mockup, and we print and ship premium quality to your door. Ideal for home décor or gifting.",wall_hanging_poster_410-mm_white_wood_w14xt20-mm_16x16-inch-400x400-mm_250-gsm-100lb-uncoated-offwhite-archival_4-0_ver,https://upload.wikimedia.org/wikipedia/commons/c/ca/1x1.png,Yes
Posters with hangers — ver,"Personalised posters with hangers from Pixora. Upload your photo, preview on a live product mockup, and we print and ship premium quality to your door. Ideal for home décor or gifting.",wall_hanging_poster_410-mm_white_wood_w14xt20-mm_16x20-inch-400x500-mm_170-gsm-65lb-coated-silk_4-0_ver,https://upload.wikimedia.org/wikipedia/commons/c/ca/1x1.png,Yes
Posters with hangers — ver,"Personalised posters with hangers from Pixora. Upload your photo, preview on a live product mockup, and we print and ship premium quality to your door. Ideal for home décor or gifting.",wall_hanging_poster_410-mm_white_wood_w14xt20-mm_16x20-inch-400x500-mm_170-gsm-65lb-uncoated_4-0_ver,https://upload.wikimedia.org/wikipedia/commons/c/ca/1x1.png,Yes
Posters with hangers — ver,"Personalised posters with hangers from Pixora. Upload your photo, preview on a live product mockup, and we print and ship premium quality to your door. Ideal for home décor or gifting.",wall_hanging_poster_410-mm_white_wood_w14xt20-mm_16x20-inch-400x500-mm_200-gsm-80lb-coated-silk_4-0_ver,https://upload.wikimedia.org/wikipedia/commons/c/ca/1x1.png,Yes
Posters with hangers — ver,"Personalised posters with hangers from Pixora. Upload your photo, preview on a live product mockup, and we print and ship premium quality to your door. Ideal for home décor or gifting.",wall_hanging_poster_410-mm_white_wood_w14xt20-mm_16x20-inch-400x500-mm_200-gsm-80lb-uncoated_4-0_ver,https://upload.wikimedia.org/wikipedia/commons/c/ca/1x1.png,Yes
Posters with hangers — ver,"Personalised posters with hangers from Pixora. Upload your photo, preview on a live product mockup, and we print and ship premium quality to your door. Ideal for home décor or gifting.",wall_hanging_poster_410-mm_white_wood_w14xt20-mm_16x20-inch-400x500-mm_250-gsm-100lb-uncoated-offwhite-archival_4-0_ver,https://upload.wikimedia.org/wikipedia/commons/c/ca/1x1.png,Yes
Posters with hangers — ver,"Personalised posters with hangers from Pixora. Upload your photo, preview on a live product mockup, and we print and ship premium quality to your door. Ideal for home décor or gifting.",wall_hanging_poster_410-mm_white_wood_w14xt20-mm_16x24-inch-400x600-mm_170-gsm-65lb-coated-silk_4-0_ver,https://upload.wikimedia.org/wikipedia/commons/c/ca/1x1.png,Yes
Posters with hangers — ver,"Personalised posters with hangers from Pixora. Upload your photo, preview on a live product mockup, and we print and ship premium quality to your door. Ideal for home décor or gifting.",wall_hanging_poster_410-mm_white_wood_w14xt20-mm_16x24-inch-400x600-mm_170-gsm-65lb-uncoated_4-0_ver,https://upload.wikimedia.org/wikipedia/commons/c/ca/1x1.png,Yes
Posters with hangers — ver,"Personalised posters with hangers from Pixora. Upload your photo, preview on a live product mockup, and we print and ship premium quality to your door. Ideal for home décor or gifting.",wall_hanging_poster_410-mm_white_wood_w14xt20-mm_16x24-inch-400x600-mm_200-gsm-80lb-coated-silk_4-0_ver,https://upload.wikimedia.org/wikipedia/commons/c/ca/1x1.png,Yes
Posters with hangers — ver,"Personalised posters with hangers from Pixora. Upload your photo, preview on a live product mockup, and we print and ship premium quality to your door. Ideal for home décor or gifting.",wall_hanging_poster_410-mm_white_wood_w14xt20-mm_16x24-inch-400x600-mm_200-gsm-80lb-uncoated_4-0_ver,https://upload.wikimedia.org/wikipedia/commons/c/ca/1x1.png,Yes
Posters with hangers — ver,"Personalised posters with hangers from Pixora. Upload your photo, preview on a live product mockup, and we print and ship premium quality to your door. Ideal for home décor or gifting.",wall_hanging_poster_410-mm_white_wood_w14xt20-mm_16x24-inch-400x600-mm_250-gsm-100lb-uncoated-offwhite-archival_4-0_ver,https://upload.wikimedia.org/wikipedia/commons/c/ca/1x1.png,Yes
Posters with hangers — hor,"Personalised posters with hangers from Pixora. Upload your photo, preview on a live product mockup, and we print and ship premium quality to your door. Ideal for home décor or gifting.",wall_hanging_poster_410-mm_white_wood_w14xt20-mm_270x350-mm-11x14-inch_170-gsm-65lb-coated-silk_4-0_hor,https://upload.wikimedia.org/wikipedia/commons/c/ca/1x1.png,Yes
Posters with hangers — hor,"Personalised posters with hangers from Pixora. Upload your photo, preview on a live product mockup, and we print and ship premium quality to your door. Ideal for home décor or gifting.",wall_hanging_poster_410-mm_white_wood_w14xt20-mm_270x350-mm-11x14-inch_170-gsm-65lb-uncoated_4-0_hor,https://upload.wikimedia.org/wikipedia/commons/c/ca/1x1.png,Yes
Posters with hangers — hor,"Personalised posters with hangers from Pixora. Upload your photo, preview on a live product mockup, and we print and ship premium quality to your door. Ideal for home décor or gifting.",wall_hanging_poster_410-mm_white_wood_w14xt20-mm_270x350-mm-11x14-inch_200-gsm-80lb-coated-silk_4-0_hor,https://upload.wikimedia.org/wikipedia/commons/c/ca/1x1.png,Yes
Posters with hangers — hor,"Personalised posters with hangers from Pixora. Upload your photo, preview on a live product mockup, and we print and ship premium quality to your door. Ideal for home décor or gifting.",wall_hanging_poster_410-mm_white_wood_w14xt20-mm_270x350-mm-11x14-inch_200-gsm-80lb-uncoated_4-0_hor,https://upload.wikimedia.org/wikipedia/commons/c/ca/1x1.png,Yes
Posters with hangers — hor,"Personalised posters with hangers from Pixora. Upload your photo, preview on a live product mockup, and we print and ship premium quality to your door. Ideal for home décor or gifting.",wall_hanging_poster_410-mm_white_wood_w14xt20-mm_270x350-mm-11x14-inch_250-gsm-100lb-uncoated-offwhite-archival_4-0_hor,https://upload.wikimedia.org/wikipedia/commons/c/ca/1x1.png,Yes
Posters with hangers — hor,"Personalised posters with hangers from Pixora. Upload your photo, preview on a live product mockup, and we print and ship premium quality to your door. Ideal for home décor or gifting.",wall_hanging_poster_410-mm_white_wood_w14xt20-mm_300x400-mm-12x16-inch_170-gsm-65lb-coated-silk_4-0_hor,https://upload.wikimedia.org/wikipedia/commons/c/ca/1x1.png,Yes
Posters with hangers — hor,"Personalised posters with hangers from Pixora. Upload your photo, preview on a live product mockup, and we print and ship premium quality to your door. Ideal for home décor or gifting.",wall_hanging_poster_410-mm_white_wood_w14xt20-mm_300x400-mm-12x16-inch_170-gsm-65lb-uncoated_4-0_hor,https://upload.wikimedia.org/wikipedia/commons/c/ca/1x1.png,Yes
Posters with hangers — hor,"Personalised posters with hangers from Pixora. Upload your photo, preview on a live product mockup, and we print and ship premium quality to your door. Ideal for home décor or gifting.",wall_hanging_poster_410-mm_white_wood_w14xt20-mm_300x400-mm-12x16-inch_200-gsm-80lb-coated-silk_4-0_hor,https://upload.wikimedia.org/wikipedia/commons/c/ca/1x1.png,Yes
Posters with hangers — hor,"Personalised posters with hangers from Pixora. Upload your photo, preview on a live product mockup, and we print and ship premium quality to your door. Ideal for home décor or gifting.",wall_hanging_poster_410-mm_white_wood_w14xt20-mm_300x400-mm-12x16-inch_200-gsm-80lb-uncoated_4-0_hor,https://upload.wikimedia.org/wikipedia/commons/c/ca/1x1.png,Yes
Posters with hangers — hor,"Personalised posters with hangers from Pixora. Upload your photo, preview on a live product mockup, and we print and ship premium quality to your door. Ideal for home décor or gifting.",wall_hanging_poster_410-mm_white_wood_w14xt20-mm_300x400-mm-12x16-inch_250-gsm-100lb-uncoated-offwhite-archival_4-0_hor,https://upload.wikimedia.org/wikipedia/commons/c/ca/1x1.png,Yes
Posters with hangers — hor,"Personalised posters with hangers from Pixora. Upload your photo, preview on a live product mockup, and we print and ship premium quality to your door. Ideal for home décor or gifting.",wall_hanging_poster_410-mm_white_wood_w14xt20-mm_350x350-mm-14x14-inch_170-gsm-65lb-coated-silk_4-0_hor,https://upload.wikimedia.org/wikipedia/commons/c/ca/1x1.png,Yes
Posters with hangers — ver,"Personalised posters with hangers from Pixora. Upload your photo, preview on a live product mockup, and we print and ship premium quality to your door. Ideal for home décor or gifting.",wall_hanging_poster_410-mm_white_wood_w14xt20-mm_350x350-mm-14x14-inch_170-gsm-65lb-coated-silk_4-0_ver,https://upload.wikimedia.org/wikipedia/commons/c/ca/1x1.png,Yes
Posters with hangers — hor,"Personalised posters with hangers from Pixora. Upload your photo, preview on a live product mockup, and we print and ship premium quality to your door. Ideal for home décor or gifting.",wall_hanging_poster_410-mm_white_wood_w14xt20-mm_350x350-mm-14x14-inch_170-gsm-65lb-uncoated_4-0_hor,https://upload.wikimedia.org/wikipedia/commons/c/ca/1x1.png,Yes
Posters with hangers — ver,"Personalised posters with hangers from Pixora. Upload your photo, preview on a live product mockup, and we print and ship premium quality to your door. Ideal for home décor or gifting.",wall_hanging_poster_410-mm_white_wood_w14xt20-mm_350x350-mm-14x14-inch_170-gsm-65lb-uncoated_4-0_ver,https://upload.wikimedia.org/wikipedia/commons/c/ca/1x1.png,Yes
Posters with hangers — hor,"Personalised posters with hangers from Pixora. Upload your photo, preview on a live product mockup, and we print and ship premium quality to your door. Ideal for home décor or gifting.",wall_hanging_poster_410-mm_white_wood_w14xt20-mm_350x350-mm-14x14-inch_200-gsm-80lb-coated-silk_4-0_hor,https://upload.wikimedia.org/wikipedia/commons/c/ca/1x1.png,Yes
Posters with hangers — ver,"Personalised posters with hangers from Pixora. Upload your photo, preview on a live product mockup, and we print and ship premium quality to your door. Ideal for home décor or gifting.",wall_hanging_poster_410-mm_white_wood_w14xt20-mm_350x350-mm-14x14-inch_200-gsm-80lb-coated-silk_4-0_ver,https://upload.wikimedia.org/wikipedia/commons/c/ca/1x1.png,Yes
Posters with hangers — hor,"Personalised posters with hangers from Pixora. Upload your photo, preview on a live product mockup, and we print and ship premium quality to your door. Ideal for home décor or gifting.",wall_hanging_poster_410-mm_white_wood_w14xt20-mm_350x350-mm-14x14-inch_200-gsm-80lb-uncoated_4-0_hor,https://upload.wikimedia.org/wikipedia/commons/c/ca/1x1.png,Yes
Posters with hangers — ver,"Personalised posters with hangers from Pixora. Upload your photo, preview on a live product mockup, and we print and ship premium quality to your door. Ideal for home décor or gifting.",wall_hanging_poster_410-mm_white_wood_w14xt20-mm_350x350-mm-14x14-inch_200-gsm-80lb-uncoated_4-0_ver,https://upload.wikimedia.org/wikipedia/commons/c/ca/1x1.png,Yes
Posters with hangers — hor,"Personalised posters with hangers from Pixora. Upload your photo, preview on a live product mockup, and we print and ship premium quality to your door. Ideal for home décor or gifting.",wall_hanging_poster_410-mm_white_wood_w14xt20-mm_350x350-mm-14x14-inch_250-gsm-100lb-uncoated-offwhite-archival_4-0_hor,https://upload.wikimedia.org/wikipedia/commons/c/ca/1x1.png,Yes
Posters with hangers — ver,"Personalised posters with hangers from Pixora. Upload your photo, preview on a live product mockup, and we print and ship premium quality to your door. Ideal for home décor or gifting.",wall_hanging_poster_410-mm_white_wood_w14xt20-mm_350x350-mm-14x14-inch_250-gsm-100lb-uncoated-offwhite-archival_4-0_ver,https://upload.wikimedia.org/wikipedia/commons/c/ca/1x1.png,Yes
Posters with hangers — hor,"Personalised posters with hangers from Pixora. Upload your photo, preview on a live product mockup, and we print and ship premium quality to your door. Ideal for home décor or gifting.",wall_hanging_poster_410-mm_white_wood_w14xt20-mm_400x400-mm-16x16-inch_170-gsm-65lb-coated-silk_4-0_hor,https://upload.wikimedia.org/wikipedia/commons/c/ca/1x1.png,Yes
Posters with hangers — ver,"Personalised posters with hangers from Pixora. Upload your photo, preview on a live product mockup, and we print and ship premium quality to your door. Ideal for home décor or gifting.",wall_hanging_poster_410-mm_white_wood_w14xt20-mm_400x400-mm-16x16-inch_170-gsm-65lb-coated-silk_4-0_ver,https://upload.wikimedia.org/wikipedia/commons/c/ca/1x1.png,Yes
Posters with hangers — hor,"Personalised posters with hangers from Pixora. Upload your photo, preview on a live product mockup, and we print and ship premium quality to your door. Ideal for home décor or gifting.",wall_hanging_poster_410-mm_white_wood_w14xt20-mm_400x400-mm-16x16-inch_170-gsm-65lb-uncoated_4-0_hor,https://upload.wikimedia.org/wikipedia/commons/c/ca/1x1.png,Yes
Posters with hangers — ver,"Personalised posters with hangers from Pixora. Upload your photo, preview on a live product mockup, and we print and ship premium quality to your door. Ideal for home décor or gifting.",wall_hanging_poster_410-mm_white_wood_w14xt20-mm_400x400-mm-16x16-inch_170-gsm-65lb-uncoated_4-0_ver,https://upload.wikimedia.org/wikipedia/commons/c/ca/1x1.png,Yes
Posters with hangers — hor,"Personalised posters with hangers from Pixora. Upload your photo, preview on a live product mockup, and we print and ship premium quality to your door. Ideal for home décor or gifting.",wall_hanging_poster_410-mm_white_wood_w14xt20-mm_400x400-mm-16x16-inch_200-gsm-80lb-coated-silk_4-0_hor,https://upload.wikimedia.org/wikipedia/commons/c/ca/1x1.png,Yes
Posters with hangers — ver,"Personalised posters with hangers from Pixora. Upload your photo, preview on a live product mockup, and we print and ship premium quality to your door. Ideal for home décor or gifting.",wall_hanging_poster_410-mm_white_wood_w14xt20-mm_400x400-mm-16x16-inch_200-gsm-80lb-coated-silk_4-0_ver,https://upload.wikimedia.org/wikipedia/commons/c/ca/1x1.png,Yes
Posters with hangers — hor,"Personalised posters with hangers from Pixora. Upload your photo, preview on a live product mockup, and we print and ship premium quality to your door. Ideal for home décor or gifting.",wall_hanging_poster_410-mm_white_wood_w14xt20-mm_400x400-mm-16x16-inch_200-gsm-80lb-uncoated_4-0_hor,https://upload.wikimedia.org/wikipedia/commons/c/ca/1x1.png,Yes
Posters with hangers — ver,"Personalised posters with hangers from Pixora. Upload your photo, preview on a live product mockup, and we print and ship premium quality to your door. Ideal for home décor or gifting.",wall_hanging_poster_410-mm_white_wood_w14xt20-mm_400x400-mm-16x16-inch_200-gsm-80lb-uncoated_4-0_ver,https://upload.wikimedia.org/wikipedia/commons/c/ca/1x1.png,Yes
Posters with hangers — hor,"Personalised posters with hangers from Pixora. Upload your photo, preview on a live product mockup, and we print and ship premium quality to your door. Ideal for home décor or gifting.",wall_hanging_poster_410-mm_white_wood_w14xt20-mm_400x400-mm-16x16-inch_250-gsm-100lb-uncoated-offwhite-archival_4-0_hor,https://upload.wikimedia.org/wikipedia/commons/c/ca/1x1.png,Yes
Posters with hangers — ver,"Personalised posters with hangers from Pixora. Upload your photo, preview on a live product mockup, and we print and ship premium quality to your door. Ideal for home décor or gifting.",wall_hanging_poster_410-mm_white_wood_w14xt20-mm_400x400-mm-16x16-inch_250-gsm-100lb-uncoated-offwhite-archival_4-0_ver,https://upload.wikimedia.org/wikipedia/commons/c/ca/1x1.png,Yes
Posters with hangers — ver,"Personalised posters with hangers from Pixora. Upload your photo, preview on a live product mockup, and we print and ship premium quality to your door. Ideal for home décor or gifting.",wall_hanging_poster_410-mm_white_wood_w14xt20-mm_400x500-mm-16x20-inch_170-gsm-65lb-coated-silk_4-0_ver,https://upload.wikimedia.org/wikipedia/commons/c/ca/1x1.png,Yes
Posters with hangers — ver,"Personalised posters with hangers from Pixora. Upload your photo, preview on a live product mockup, and we print and ship premium quality to your door. Ideal for home décor or gifting.",wall_hanging_poster_410-mm_white_wood_w14xt20-mm_400x500-mm-16x20-inch_170-gsm-65lb-uncoated_4-0_ver,https://upload.wikimedia.org/wikipedia/commons/c/ca/1x1.png,Yes
Posters with hangers — ver,"Personalised posters with hangers from Pixora. Upload your photo, preview on a live product mockup, and we print and ship premium quality to your door. Ideal for home décor or gifting.",wall_hanging_poster_410-mm_white_wood_w14xt20-mm_400x500-mm-16x20-inch_200-gsm-80lb-coated-silk_4-0_ver,https://upload.wikimedia.org/wikipedia/commons/c/ca/1x1.png,Yes
Posters with hangers — ver,"Personalised posters with hangers from Pixora. Upload your photo, preview on a live product mockup, and we print and ship premium quality to your door. Ideal for home décor or gifting.",wall_hanging_poster_410-mm_white_wood_w14xt20-mm_400x500-mm-16x20-inch_200-gsm-80lb-uncoated_4-0_ver,https://upload.wikimedia.org/wikipedia/commons/c/ca/1x1.png,Yes
Posters with hangers — ver,"Personalised posters with hangers from Pixora. Upload your photo, preview on a live product mockup, and we print and ship premium quality to your door. Ideal for home décor or gifting.",wall_hanging_poster_410-mm_white_wood_w14xt20-mm_400x500-mm-16x20-inch_250-gsm-100lb-uncoated-offwhite-archival_4-0_ver,https://upload.wikimedia.org/wikipedia/commons/c/ca/1x1.png,Yes
Posters with hangers — ver,"Personalised posters with hangers from Pixora. Upload your photo, preview on a live product mockup, and we print and ship premium quality to your door. Ideal for home décor or gifting.",wall_hanging_poster_410-mm_white_wood_w14xt20-mm_400x600-mm-16x24-inch_170-gsm-65lb-coated-silk_4-0_ver,https://upload.wikimedia.org/wikipedia/commons/c/ca/1x1.png,Yes
Posters with hangers — ver,"Personalised posters with hangers from Pixora. Upload your photo, preview on a live product mockup, and we print and ship premium quality to your door. Ideal for home décor or gifting.",wall_hanging_poster_410-mm_white_wood_w14xt20-mm_400x600-mm-16x24-inch_170-gsm-65lb-uncoated_4-0_ver,https://upload.wikimedia.org/wikipedia/commons/c/ca/1x1.png,Yes
Posters with hangers — ver,"Personalised posters with hangers from Pixora. Upload your photo, preview on a live product mockup, and we print and ship premium quality to your door. Ideal for home décor or gifting.",wall_hanging_poster_410-mm_white_wood_w14xt20-mm_400x600-mm-16x24-inch_200-gsm-80lb-coated-silk_4-0_ver,https://upload.wikimedia.org/wikipedia/commons/c/ca/1x1.png,Yes
Posters with hangers — ver,"Personalised posters with hangers from Pixora. Upload your photo, preview on a live product mockup, and we print and ship premium quality to your door. Ideal for home décor or gifting.",wall_hanging_poster_410-mm_white_wood_w14xt20-mm_400x600-mm-16x24-inch_200-gsm-80lb-uncoated_4-0_ver,https://upload.wikimedia.org/wikipedia/commons/c/ca/1x1.png,Yes
Posters with hangers — ver,"Personalised posters with hangers from Pixora. Upload your photo, preview on a live product mockup, and we print and ship premium quality to your door. Ideal for home décor or gifting.",wall_hanging_poster_410-mm_white_wood_w14xt20-mm_400x600-mm-16x24-inch_250-gsm-100lb-uncoated-offwhite-archival_4-0_ver,https://upload.wikimedia.org/wikipedia/commons/c/ca/1x1.png,Yes
Posters with hangers — hor,"Personalised posters with hangers from Pixora. Upload your photo, preview on a live product mockup, and we print and ship premium quality to your door. Ideal for home décor or gifting.",wall_hanging_poster_450-mm_black_wood_w14xt20-mm_18x18-inch-450x450-mm_170-gsm-65lb-coated-silk_4-0_hor,https://upload.wikimedia.org/wikipedia/commons/c/ca/1x1.png,Yes
Posters with hangers — ver,"Personalised posters with hangers from Pixora. Upload your photo, preview on a live product mockup, and we print and ship premium quality to your door. Ideal for home décor or gifting.",wall_hanging_poster_450-mm_black_wood_w14xt20-mm_18x18-inch-450x450-mm_170-gsm-65lb-coated-silk_4-0_ver,https://upload.wikimedia.org/wikipedia/commons/c/ca/1x1.png,Yes
Posters with hangers — hor,"Personalised posters with hangers from Pixora. Upload your photo, preview on a live product mockup, and we print and ship premium quality to your door. Ideal for home décor or gifting.",wall_hanging_poster_450-mm_black_wood_w14xt20-mm_18x18-inch-450x450-mm_170-gsm-65lb-uncoated_4-0_hor,https://upload.wikimedia.org/wikipedia/commons/c/ca/1x1.png,Yes
Posters with hangers — ver,"Personalised posters with hangers from Pixora. Upload your photo, preview on a live product mockup, and we print and ship premium quality to your door. Ideal for home décor or gifting.",wall_hanging_poster_450-mm_black_wood_w14xt20-mm_18x18-inch-450x450-mm_170-gsm-65lb-uncoated_4-0_ver,https://upload.wikimedia.org/wikipedia/commons/c/ca/1x1.png,Yes
Posters with hangers — hor,"Personalised posters with hangers from Pixora. Upload your photo, preview on a live product mockup, and we print and ship premium quality to your door. Ideal for home décor or gifting.",wall_hanging_poster_450-mm_black_wood_w14xt20-mm_18x18-inch-450x450-mm_200-gsm-80lb-coated-silk_4-0_hor,https://upload.wikimedia.org/wikipedia/commons/c/ca/1x1.png,Yes
Posters with hangers — ver,"Personalised posters with hangers from Pixora. Upload your photo, preview on a live product mockup, and we print and ship premium quality to your door. Ideal for home décor or gifting.",wall_hanging_poster_450-mm_black_wood_w14xt20-mm_18x18-inch-450x450-mm_200-gsm-80lb-coated-silk_4-0_ver,https://upload.wikimedia.org/wikipedia/commons/c/ca/1x1.png,Yes
Posters with hangers — hor,"Personalised posters with hangers from Pixora. Upload your photo, preview on a live product mockup, and we print and ship premium quality to your door. Ideal for home décor or gifting.",wall_hanging_poster_450-mm_black_wood_w14xt20-mm_18x18-inch-450x450-mm_200-gsm-80lb-uncoated_4-0_hor,https://upload.wikimedia.org/wikipedia/commons/c/ca/1x1.png,Yes
Posters with hangers — ver,"Personalised posters with hangers from Pixora. Upload your photo, preview on a live product mockup, and we print and ship premium quality to your door. Ideal for home décor or gifting.",wall_hanging_poster_450-mm_black_wood_w14xt20-mm_18x18-inch-450x450-mm_200-gsm-80lb-uncoated_4-0_ver,https://upload.wikimedia.org/wikipedia/commons/c/ca/1x1.png,Yes
Posters with hangers — hor,"Personalised posters with hangers from Pixora. Upload your photo, preview on a live product mockup, and we print and ship premium quality to your door. Ideal for home décor or gifting.",wall_hanging_poster_450-mm_black_wood_w14xt20-mm_18x18-inch-450x450-mm_250-gsm-100lb-uncoated-offwhite-archival_4-0_hor,https://upload.wikimedia.org/wikipedia/commons/c/ca/1x1.png,Yes
Posters with hangers — ver,"Personalised posters with hangers from Pixora. Upload your photo, preview on a live product mockup, and we print and ship premium quality to your door. Ideal for home décor or gifting.",wall_hanging_poster_450-mm_black_wood_w14xt20-mm_18x18-inch-450x450-mm_250-gsm-100lb-uncoated-offwhite-archival_4-0_ver,https://upload.wikimedia.org/wikipedia/commons/c/ca/1x1.png,Yes
Posters with hangers — ver,"Personalised posters with hangers from Pixora. Upload your photo, preview on a live product mockup, and we print and ship premium quality to your door. Ideal for home décor or gifting.",wall_hanging_poster_450-mm_black_wood_w14xt20-mm_18x24-inch-450x600-mm_170-gsm-65lb-coated-silk_4-0_ver,https://upload.wikimedia.org/wikipedia/commons/c/ca/1x1.png,Yes
Posters with hangers — ver,"Personalised posters with hangers from Pixora. Upload your photo, preview on a live product mockup, and we print and ship premium quality to your door. Ideal for home décor or gifting.",wall_hanging_poster_450-mm_black_wood_w14xt20-mm_18x24-inch-450x600-mm_170-gsm-65lb-uncoated_4-0_ver,https://upload.wikimedia.org/wikipedia/commons/c/ca/1x1.png,Yes
Posters with hangers — ver,"Personalised posters with hangers from Pixora. Upload your photo, preview on a live product mockup, and we print and ship premium quality to your door. Ideal for home décor or gifting.",wall_hanging_poster_450-mm_black_wood_w14xt20-mm_18x24-inch-450x600-mm_200-gsm-80lb-coated-silk_4-0_ver,https://upload.wikimedia.org/wikipedia/commons/c/ca/1x1.png,Yes
Posters with hangers — ver,"Personalised posters with hangers from Pixora. Upload your photo, preview on a live product mockup, and we print and ship premium quality to your door. Ideal for home décor or gifting.",wall_hanging_poster_450-mm_black_wood_w14xt20-mm_18x24-inch-450x600-mm_200-gsm-80lb-uncoated_4-0_ver,https://upload.wikimedia.org/wikipedia/commons/c/ca/1x1.png,Yes
Posters with hangers — ver,"Personalised posters with hangers from Pixora. Upload your photo, preview on a live product mockup, and we print and ship premium quality to your door. Ideal for home décor or gifting.",wall_hanging_poster_450-mm_black_wood_w14xt20-mm_18x24-inch-450x600-mm_250-gsm-100lb-uncoated-offwhite-archival_4-0_ver,https://upload.wikimedia.org/wikipedia/commons/c/ca/1x1.png,Yes
Posters with hangers — hor,"Personalised posters with hangers from Pixora. Upload your photo, preview on a live product mockup, and we print and ship premium quality to your door. Ideal for home décor or gifting.",wall_hanging_poster_450-mm_black_wood_w14xt20-mm_280x430-mm-xl_170-gsm-65lb-coated-silk_4-0_hor,https://upload.wikimedia.org/wikipedia/commons/c/ca/1x1.png,Yes
Posters with hangers — hor,"Personalised posters with hangers from Pixora. Upload your photo, preview on a live product mockup, and we print and ship premium quality to your door. Ideal for home décor or gifting.",wall_hanging_poster_450-mm_black_wood_w14xt20-mm_280x430-mm-xl_170-gsm-65lb-uncoated_4-0_hor,https://upload.wikimedia.org/wikipedia/commons/c/ca/1x1.png,Yes
Posters with hangers — hor,"Personalised posters with hangers from Pixora. Upload your photo, preview on a live product mockup, and we print and ship premium quality to your door. Ideal for home décor or gifting.",wall_hanging_poster_450-mm_black_wood_w14xt20-mm_280x430-mm-xl_200-gsm-80lb-coated-silk_4-0_hor,https://upload.wikimedia.org/wikipedia/commons/c/ca/1x1.png,Yes
Posters with hangers — hor,"Personalised posters with hangers from Pixora. Upload your photo, preview on a live product mockup, and we print and ship premium quality to your door. Ideal for home décor or gifting.",wall_hanging_poster_450-mm_black_wood_w14xt20-mm_280x430-mm-xl_200-gsm-80lb-uncoated_4-0_hor,https://upload.wikimedia.org/wikipedia/commons/c/ca/1x1.png,Yes
Posters with hangers — hor,"Personalised posters with hangers from Pixora. Upload your photo, preview on a live product mockup, and we print and ship premium quality to your door. Ideal for home décor or gifting.",wall_hanging_poster_450-mm_black_wood_w14xt20-mm_280x430-mm-xl_250-gsm-100lb-uncoated-offwhite-archival_4-0_hor,https://upload.wikimedia.org/wikipedia/commons/c/ca/1x1.png,Yes
Posters with hangers — hor,"Personalised posters with hangers from Pixora. Upload your photo, preview on a live product mockup, and we print and ship premium quality to your door. Ideal for home décor or gifting.",wall_hanging_poster_450-mm_black_wood_w14xt20-mm_450x450-mm-18x18-inch_170-gsm-65lb-coated-silk_4-0_hor,https://upload.wikimedia.org/wikipedia/commons/c/ca/1x1.png,Yes
Posters with hangers — ver,"Personalised posters with hangers from Pixora. Upload your photo, preview on a live product mockup, and we print and ship premium quality to your door. Ideal for home décor or gifting.",wall_hanging_poster_450-mm_black_wood_w14xt20-mm_450x450-mm-18x18-inch_170-gsm-65lb-coated-silk_4-0_ver,https://upload.wikimedia.org/wikipedia/commons/c/ca/1x1.png,Yes
Posters with hangers — hor,"Personalised posters with hangers from Pixora. Upload your photo, preview on a live product mockup, and we print and ship premium quality to your door. Ideal for home décor or gifting.",wall_hanging_poster_450-mm_black_wood_w14xt20-mm_450x450-mm-18x18-inch_170-gsm-65lb-uncoated_4-0_hor,https://upload.wikimedia.org/wikipedia/commons/c/ca/1x1.png,Yes
Posters with hangers — ver,"Personalised posters with hangers from Pixora. Upload your photo, preview on a live product mockup, and we print and ship premium quality to your door. Ideal for home décor or gifting.",wall_hanging_poster_450-mm_black_wood_w14xt20-mm_450x450-mm-18x18-inch_170-gsm-65lb-uncoated_4-0_ver,https://upload.wikimedia.org/wikipedia/commons/c/ca/1x1.png,Yes
Posters with hangers — hor,"Personalised posters with hangers from Pixora. Upload your photo, preview on a live product mockup, and we print and ship premium quality to your door. Ideal for home décor or gifting.",wall_hanging_poster_450-mm_black_wood_w14xt20-mm_450x450-mm-18x18-inch_200-gsm-80lb-coated-silk_4-0_hor,https://upload.wikimedia.org/wikipedia/commons/c/ca/1x1.png,Yes
Posters with hangers — ver,"Personalised posters with hangers from Pixora. Upload your photo, preview on a live product mockup, and we print and ship premium quality to your door. Ideal for home décor or gifting.",wall_hanging_poster_450-mm_black_wood_w14xt20-mm_450x450-mm-18x18-inch_200-gsm-80lb-coated-silk_4-0_ver,https://upload.wikimedia.org/wikipedia/commons/c/ca/1x1.png,Yes
Posters with hangers — hor,"Personalised posters with hangers from Pixora. Upload your photo, preview on a live product mockup, and we print and ship premium quality to your door. Ideal for home décor or gifting.",wall_hanging_poster_450-mm_black_wood_w14xt20-mm_450x450-mm-18x18-inch_200-gsm-80lb-uncoated_4-0_hor,https://upload.wikimedia.org/wikipedia/commons/c/ca/1x1.png,Yes
Posters with hangers — ver,"Personalised posters with hangers from Pixora. Upload your photo, preview on a live product mockup, and we print and ship premium quality to your door. Ideal for home décor or gifting.",wall_hanging_poster_450-mm_black_wood_w14xt20-mm_450x450-mm-18x18-inch_200-gsm-80lb-uncoated_4-0_ver,https://upload.wikimedia.org/wikipedia/commons/c/ca/1x1.png,Yes
Posters with hangers — hor,"Personalised posters with hangers from Pixora. Upload your photo, preview on a live product mockup, and we print and ship premium quality to your door. Ideal for home décor or gifting.",wall_hanging_poster_450-mm_black_wood_w14xt20-mm_450x450-mm-18x18-inch_250-gsm-100lb-uncoated-offwhite-archival_4-0_hor,https://upload.wikimedia.org/wikipedia/commons/c/ca/1x1.png,Yes
Posters with hangers — ver,"Personalised posters with hangers from Pixora. Upload your photo, preview on a live product mockup, and we print and ship premium quality to your door. Ideal for home décor or gifting.",wall_hanging_poster_450-mm_black_wood_w14xt20-mm_450x450-mm-18x18-inch_250-gsm-100lb-uncoated-offwhite-archival_4-0_ver,https://upload.wikimedia.org/wikipedia/commons/c/ca/1x1.png,Yes
Posters with hangers — ver,"Personalised posters with hangers from Pixora. Upload your photo, preview on a live product mockup, and we print and ship premium quality to your door. Ideal for home décor or gifting.",wall_hanging_poster_450-mm_black_wood_w14xt20-mm_450x600-mm-18x24-inch_170-gsm-65lb-coated-silk_4-0_ver,https://upload.wikimedia.org/wikipedia/commons/c/ca/1x1.png,Yes
Posters with hangers — ver,"Personalised posters with hangers from Pixora. Upload your photo, preview on a live product mockup, and we print and ship premium quality to your door. Ideal for home décor or gifting.",wall_hanging_poster_450-mm_black_wood_w14xt20-mm_450x600-mm-18x24-inch_170-gsm-65lb-uncoated_4-0_ver,https://upload.wikimedia.org/wikipedia/commons/c/ca/1x1.png,Yes
Posters with hangers — ver,"Personalised posters with hangers from Pixora. Upload your photo, preview on a live product mockup, and we print and ship premium quality to your door. Ideal for home décor or gifting.",wall_hanging_poster_450-mm_black_wood_w14xt20-mm_450x600-mm-18x24-inch_200-gsm-80lb-coated-silk_4-0_ver,https://upload.wikimedia.org/wikipedia/commons/c/ca/1x1.png,Yes
Posters with hangers — ver,"Personalised posters with hangers from Pixora. Upload your photo, preview on a live product mockup, and we print and ship premium quality to your door. Ideal for home décor or gifting.",wall_hanging_poster_450-mm_black_wood_w14xt20-mm_450x600-mm-18x24-inch_200-gsm-80lb-uncoated_4-0_ver,https://upload.wikimedia.org/wikipedia/commons/c/ca/1x1.png,Yes
Posters with hangers — ver,"Personalised posters with hangers from Pixora. Upload your photo, preview on a live product mockup, and we print and ship premium quality to your door. Ideal for home décor or gifting.",wall_hanging_poster_450-mm_black_wood_w14xt20-mm_450x600-mm-18x24-inch_250-gsm-100lb-uncoated-offwhite-archival_4-0_ver,https://upload.wikimedia.org/wikipedia/commons/c/ca/1x1.png,Yes
Posters with hangers — ver,"Personalised posters with hangers from Pixora. Upload your photo, preview on a live product mockup, and we print and ship premium quality to your door. Ideal for home décor or gifting.",wall_hanging_poster_450-mm_black_wood_w14xt20-mm_a2_170-gsm-65lb-coated-silk_4-0_ver,https://upload.wikimedia.org/wikipedia/commons/c/ca/1x1.png,Yes
Posters with hangers — ver,"Personalised posters with hangers from Pixora. Upload your photo, preview on a live product mockup, and we print and ship premium quality to your door. Ideal for home décor or gifting.",wall_hanging_poster_450-mm_black_wood_w14xt20-mm_a2_170-gsm-65lb-uncoated_4-0_ver,https://upload.wikimedia.org/wikipedia/commons/c/ca/1x1.png,Yes
Posters with hangers — ver,"Personalised posters with hangers from Pixora. Upload your photo, preview on a live product mockup, and we print and ship premium quality to your door. Ideal for home décor or gifting.",wall_hanging_poster_450-mm_black_wood_w14xt20-mm_a2_200-gsm-80lb-coated-silk_4-0_ver,https://upload.wikimedia.org/wikipedia/commons/c/ca/1x1.png,Yes
Posters with hangers — ver,"Personalised posters with hangers from Pixora. Upload your photo, preview on a live product mockup, and we print and ship premium quality to your door. Ideal for home décor or gifting.",wall_hanging_poster_450-mm_black_wood_w14xt20-mm_a2_200-gsm-80lb-uncoated_4-0_ver,https://upload.wikimedia.org/wikipedia/commons/c/ca/1x1.png,Yes
Posters with hangers — ver,"Personalised posters with hangers from Pixora. Upload your photo, preview on a live product mockup, and we print and ship premium quality to your door. Ideal for home décor or gifting.",wall_hanging_poster_450-mm_black_wood_w14xt20-mm_a2_250-gsm-100lb-uncoated-offwhite-archival_4-0_ver,https://upload.wikimedia.org/wikipedia/commons/c/ca/1x1.png,Yes
Posters with hangers — hor,"Personalised posters with hangers from Pixora. Upload your photo, preview on a live product mockup, and we print and ship premium quality to your door. Ideal for home décor or gifting.",wall_hanging_poster_450-mm_black_wood_w14xt20-mm_a3_170-gsm-65lb-coated-silk_4-0_hor,https://upload.wikimedia.org/wikipedia/commons/c/ca/1x1.png,Yes
Posters with hangers — hor,"Personalised posters with hangers from Pixora. Upload your photo, preview on a live product mockup, and we print and ship premium quality to your door. Ideal for home décor or gifting.",wall_hanging_poster_450-mm_black_wood_w14xt20-mm_a3_170-gsm-65lb-uncoated_4-0_hor,https://upload.wikimedia.org/wikipedia/commons/c/ca/1x1.png,Yes
Posters with hangers — hor,"Personalised posters with hangers from Pixora. Upload your photo, preview on a live product mockup, and we print and ship premium quality to your door. Ideal for home décor or gifting.",wall_hanging_poster_450-mm_black_wood_w14xt20-mm_a3_200-gsm-80lb-coated-silk_4-0_hor,https://upload.wikimedia.org/wikipedia/commons/c/ca/1x1.png,Yes
Posters with hangers — hor,"Personalised posters with hangers from Pixora. Upload your photo, preview on a live product mockup, and we print and ship premium quality to your door. Ideal for home décor or gifting.",wall_hanging_poster_450-mm_black_wood_w14xt20-mm_a3_200-gsm-80lb-uncoated_4-0_hor,https://upload.wikimedia.org/wikipedia/commons/c/ca/1x1.png,Yes
Posters with hangers — hor,"Personalised posters with hangers from Pixora. Upload your photo, preview on a live product mockup, and we print and ship premium quality to your door. Ideal for home décor or gifting.",wall_hanging_poster_450-mm_black_wood_w14xt20-mm_a3_250-gsm-100lb-uncoated-offwhite-archival_4-0_hor,https://upload.wikimedia.org/wikipedia/commons/c/ca/1x1.png,Yes
Posters with hangers — hor,"Personalised posters with hangers from Pixora. Upload your photo, preview on a live product mockup, and we print and ship premium quality to your door. Ideal for home décor or gifting.",wall_hanging_poster_450-mm_black_wood_w14xt20-mm_xl-280x430-mm_170-gsm-65lb-coated-silk_4-0_hor,https://upload.wikimedia.org/wikipedia/commons/c/ca/1x1.png,Yes
Posters with hangers — hor,"Personalised posters with hangers from Pixora. Upload your photo, preview on a live product mockup, and we print and ship premium quality to your door. Ideal for home décor or gifting.",wall_hanging_poster_450-mm_black_wood_w14xt20-mm_xl-280x430-mm_170-gsm-65lb-uncoated_4-0_hor,https://upload.wikimedia.org/wikipedia/commons/c/ca/1x1.png,Yes
Posters with hangers — hor,"Personalised posters with hangers from Pixora. Upload your photo, preview on a live product mockup, and we print and ship premium quality to your door. Ideal for home décor or gifting.",wall_hanging_poster_450-mm_black_wood_w14xt20-mm_xl-280x430-mm_200-gsm-80lb-coated-silk_4-0_hor,https://upload.wikimedia.org/wikipedia/commons/c/ca/1x1.png,Yes
Posters with hangers — hor,"Personalised posters with hangers from Pixora. Upload your photo, preview on a live product mockup, and we print and ship premium quality to your door. Ideal for home décor or gifting.",wall_hanging_poster_450-mm_black_wood_w14xt20-mm_xl-280x430-mm_200-gsm-80lb-uncoated_4-0_hor,https://upload.wikimedia.org/wikipedia/commons/c/ca/1x1.png,Yes
Posters with hangers — hor,"Personalised posters with hangers from Pixora. Upload your photo, preview on a live product mockup, and we print and ship premium quality to your door. Ideal for home décor or gifting.",wall_hanging_poster_450-mm_black_wood_w14xt20-mm_xl-280x430-mm_250-gsm-100lb-uncoated-offwhite-archival_4-0_hor,https://upload.wikimedia.org/wikipedia/commons/c/ca/1x1.png,Yes
Posters with hangers — hor,"Personalised posters with hangers from Pixora. Upload your photo, preview on a live product mockup, and we print and ship premium quality to your door. Ideal for home décor or gifting.",wall_hanging_poster_450-mm_dark-wood_wood_w14xt20-mm_18x18-inch-450x450-mm_170-gsm-65lb-coated-silk_4-0_hor,https://upload.wikimedia.org/wikipedia/commons/c/ca/1x1.png,Yes
Posters with hangers — ver,"Personalised posters with hangers from Pixora. Upload your photo, preview on a live product mockup, and we print and ship premium quality to your door. Ideal for home décor or gifting.",wall_hanging_poster_450-mm_dark-wood_wood_w14xt20-mm_18x18-inch-450x450-mm_170-gsm-65lb-coated-silk_4-0_ver,https://upload.wikimedia.org/wikipedia/commons/c/ca/1x1.png,Yes
Posters with hangers — hor,"Personalised posters with hangers from Pixora. Upload your photo, preview on a live product mockup, and we print and ship premium quality to your door. Ideal for home décor or gifting.",wall_hanging_poster_450-mm_dark-wood_wood_w14xt20-mm_18x18-inch-450x450-mm_170-gsm-65lb-uncoated_4-0_hor,https://upload.wikimedia.org/wikipedia/commons/c/ca/1x1.png,Yes
Posters with hangers — ver,"Personalised posters with hangers from Pixora. Upload your photo, preview on a live product mockup, and we print and ship premium quality to your door. Ideal for home décor or gifting.",wall_hanging_poster_450-mm_dark-wood_wood_w14xt20-mm_18x18-inch-450x450-mm_170-gsm-65lb-uncoated_4-0_ver,https://upload.wikimedia.org/wikipedia/commons/c/ca/1x1.png,Yes
Posters with hangers — hor,"Personalised posters with hangers from Pixora. Upload your photo, preview on a live product mockup, and we print and ship premium quality to your door. Ideal for home décor or gifting.",wall_hanging_poster_450-mm_dark-wood_wood_w14xt20-mm_18x18-inch-450x450-mm_200-gsm-80lb-coated-silk_4-0_hor,https://upload.wikimedia.org/wikipedia/commons/c/ca/1x1.png,Yes
Posters with hangers — ver,"Personalised posters with hangers from Pixora. Upload your photo, preview on a live product mockup, and we print and ship premium quality to your door. Ideal for home décor or gifting.",wall_hanging_poster_450-mm_dark-wood_wood_w14xt20-mm_18x18-inch-450x450-mm_200-gsm-80lb-coated-silk_4-0_ver,https://upload.wikimedia.org/wikipedia/commons/c/ca/1x1.png,Yes
Posters with hangers — hor,"Personalised posters with hangers from Pixora. Upload your photo, preview on a live product mockup, and we print and ship premium quality to your door. Ideal for home décor or gifting.",wall_hanging_poster_450-mm_dark-wood_wood_w14xt20-mm_18x18-inch-450x450-mm_200-gsm-80lb-uncoated_4-0_hor,https://upload.wikimedia.org/wikipedia/commons/c/ca/1x1.png,Yes
Posters with hangers — ver,"Personalised posters with hangers from Pixora. Upload your photo, preview on a live product mockup, and we print and ship premium quality to your door. Ideal for home décor or gifting.",wall_hanging_poster_450-mm_dark-wood_wood_w14xt20-mm_18x18-inch-450x450-mm_200-gsm-80lb-uncoated_4-0_ver,https://upload.wikimedia.org/wikipedia/commons/c/ca/1x1.png,Yes
Posters with hangers — hor,"Personalised posters with hangers from Pixora. Upload your photo, preview on a live product mockup, and we print and ship premium quality to your door. Ideal for home décor or gifting.",wall_hanging_poster_450-mm_dark-wood_wood_w14xt20-mm_18x18-inch-450x450-mm_250-gsm-100lb-uncoated-offwhite-archival_4-0_hor,https://upload.wikimedia.org/wikipedia/commons/c/ca/1x1.png,Yes
Posters with hangers — ver,"Personalised posters with hangers from Pixora. Upload your photo, preview on a live product mockup, and we print and ship premium quality to your door. Ideal for home décor or gifting.",wall_hanging_poster_450-mm_dark-wood_wood_w14xt20-mm_18x18-inch-450x450-mm_250-gsm-100lb-uncoated-offwhite-archival_4-0_ver,https://upload.wikimedia.org/wikipedia/commons/c/ca/1x1.png,Yes
Posters with hangers — ver,"Personalised posters with hangers from Pixora. Upload your photo, preview on a live product mockup, and we print and ship premium quality to your door. Ideal for home décor or gifting.",wall_hanging_poster_450-mm_dark-wood_wood_w14xt20-mm_18x24-inch-450x600-mm_170-gsm-65lb-coated-silk_4-0_ver,https://upload.wikimedia.org/wikipedia/commons/c/ca/1x1.png,Yes
Posters with hangers — ver,"Personalised posters with hangers from Pixora. Upload your photo, preview on a live product mockup, and we print and ship premium quality to your door. Ideal for home décor or gifting.",wall_hanging_poster_450-mm_dark-wood_wood_w14xt20-mm_18x24-inch-450x600-mm_170-gsm-65lb-uncoated_4-0_ver,https://upload.wikimedia.org/wikipedia/commons/c/ca/1x1.png,Yes
Posters with hangers — ver,"Personalised posters with hangers from Pixora. Upload your photo, preview on a live product mockup, and we print and ship premium quality to your door. Ideal for home décor or gifting.",wall_hanging_poster_450-mm_dark-wood_wood_w14xt20-mm_18x24-inch-450x600-mm_200-gsm-80lb-coated-silk_4-0_ver,https://upload.wikimedia.org/wikipedia/commons/c/ca/1x1.png,Yes
Posters with hangers — ver,"Personalised posters with hangers from Pixora. Upload your photo, preview on a live product mockup, and we print and ship premium quality to your door. Ideal for home décor or gifting.",wall_hanging_poster_450-mm_dark-wood_wood_w14xt20-mm_18x24-inch-450x600-mm_200-gsm-80lb-uncoated_4-0_ver,https://upload.wikimedia.org/wikipedia/commons/c/ca/1x1.png,Yes
Posters with hangers — ver,"Personalised posters with hangers from Pixora. Upload your photo, preview on a live product mockup, and we print and ship premium quality to your door. Ideal for home décor or gifting.",wall_hanging_poster_450-mm_dark-wood_wood_w14xt20-mm_18x24-inch-450x600-mm_250-gsm-100lb-uncoated-offwhite-archival_4-0_ver,https://upload.wikimedia.org/wikipedia/commons/c/ca/1x1.png,Yes
Posters with hangers — hor,"Personalised posters with hangers from Pixora. Upload your photo, preview on a live product mockup, and we print and ship premium quality to your door. Ideal for home décor or gifting.",wall_hanging_poster_450-mm_dark-wood_wood_w14xt20-mm_280x430-mm-xl_170-gsm-65lb-coated-silk_4-0_hor,https://upload.wikimedia.org/wikipedia/commons/c/ca/1x1.png,Yes
Posters with hangers — hor,"Personalised posters with hangers from Pixora. Upload your photo, preview on a live product mockup, and we print and ship premium quality to your door. Ideal for home décor or gifting.",wall_hanging_poster_450-mm_dark-wood_wood_w14xt20-mm_280x430-mm-xl_170-gsm-65lb-uncoated_4-0_hor,https://upload.wikimedia.org/wikipedia/commons/c/ca/1x1.png,Yes
Posters with hangers — hor,"Personalised posters with hangers from Pixora. Upload your photo, preview on a live product mockup, and we print and ship premium quality to your door. Ideal for home décor or gifting.",wall_hanging_poster_450-mm_dark-wood_wood_w14xt20-mm_280x430-mm-xl_200-gsm-80lb-coated-silk_4-0_hor,https://upload.wikimedia.org/wikipedia/commons/c/ca/1x1.png,Yes
Posters with hangers — hor,"Personalised posters with hangers from Pixora. Upload your photo, preview on a live product mockup, and we print and ship premium quality to your door. Ideal for home décor or gifting.",wall_hanging_poster_450-mm_dark-wood_wood_w14xt20-mm_280x430-mm-xl_200-gsm-80lb-uncoated_4-0_hor,https://upload.wikimedia.org/wikipedia/commons/c/ca/1x1.png,Yes
Posters with hangers — hor,"Personalised posters with hangers from Pixora. Upload your photo, preview on a live product mockup, and we print and ship premium quality to your door. Ideal for home décor or gifting.",wall_hanging_poster_450-mm_dark-wood_wood_w14xt20-mm_280x430-mm-xl_250-gsm-100lb-uncoated-offwhite-archival_4-0_hor,https://upload.wikimedia.org/wikipedia/commons/c/ca/1x1.png,Yes
Posters with hangers — hor,"Personalised posters with hangers from Pixora. Upload your photo, preview on a live product mockup, and we print and ship premium quality to your door. Ideal for home décor or gifting.",wall_hanging_poster_450-mm_dark-wood_wood_w14xt20-mm_450x450-mm-18x18-inch_170-gsm-65lb-coated-silk_4-0_hor,https://upload.wikimedia.org/wikipedia/commons/c/ca/1x1.png,Yes
Posters with hangers — ver,"Personalised posters with hangers from Pixora. Upload your photo, preview on a live product mockup, and we print and ship premium quality to your door. Ideal for home décor or gifting.",wall_hanging_poster_450-mm_dark-wood_wood_w14xt20-mm_450x450-mm-18x18-inch_170-gsm-65lb-coated-silk_4-0_ver,https://upload.wikimedia.org/wikipedia/commons/c/ca/1x1.png,Yes
Posters with hangers — hor,"Personalised posters with hangers from Pixora. Upload your photo, preview on a live product mockup, and we print and ship premium quality to your door. Ideal for home décor or gifting.",wall_hanging_poster_450-mm_dark-wood_wood_w14xt20-mm_450x450-mm-18x18-inch_170-gsm-65lb-uncoated_4-0_hor,https://upload.wikimedia.org/wikipedia/commons/c/ca/1x1.png,Yes
Posters with hangers — ver,"Personalised posters with hangers from Pixora. Upload your photo, preview on a live product mockup, and we print and ship premium quality to your door. Ideal for home décor or gifting.",wall_hanging_poster_450-mm_dark-wood_wood_w14xt20-mm_450x450-mm-18x18-inch_170-gsm-65lb-uncoated_4-0_ver,https://upload.wikimedia.org/wikipedia/commons/c/ca/1x1.png,Yes
Posters with hangers — hor,"Personalised posters with hangers from Pixora. Upload your photo, preview on a live product mockup, and we print and ship premium quality to your door. Ideal for home décor or gifting.",wall_hanging_poster_450-mm_dark-wood_wood_w14xt20-mm_450x450-mm-18x18-inch_200-gsm-80lb-coated-silk_4-0_hor,https://upload.wikimedia.org/wikipedia/commons/c/ca/1x1.png,Yes
Posters with hangers — ver,"Personalised posters with hangers from Pixora. Upload your photo, preview on a live product mockup, and we print and ship premium quality to your door. Ideal for home décor or gifting.",wall_hanging_poster_450-mm_dark-wood_wood_w14xt20-mm_450x450-mm-18x18-inch_200-gsm-80lb-coated-silk_4-0_ver,https://upload.wikimedia.org/wikipedia/commons/c/ca/1x1.png,Yes
Posters with hangers — hor,"Personalised posters with hangers from Pixora. Upload your photo, preview on a live product mockup, and we print and ship premium quality to your door. Ideal for home décor or gifting.",wall_hanging_poster_450-mm_dark-wood_wood_w14xt20-mm_450x450-mm-18x18-inch_200-gsm-80lb-uncoated_4-0_hor,https://upload.wikimedia.org/wikipedia/commons/c/ca/1x1.png,Yes
Posters with hangers — ver,"Personalised posters with hangers from Pixora. Upload your photo, preview on a live product mockup, and we print and ship premium quality to your door. Ideal for home décor or gifting.",wall_hanging_poster_450-mm_dark-wood_wood_w14xt20-mm_450x450-mm-18x18-inch_200-gsm-80lb-uncoated_4-0_ver,https://upload.wikimedia.org/wikipedia/commons/c/ca/1x1.png,Yes
Posters with hangers — hor,"Personalised posters with hangers from Pixora. Upload your photo, preview on a live product mockup, and we print and ship premium quality to your door. Ideal for home décor or gifting.",wall_hanging_poster_450-mm_dark-wood_wood_w14xt20-mm_450x450-mm-18x18-inch_250-gsm-100lb-uncoated-offwhite-archival_4-0_hor,https://upload.wikimedia.org/wikipedia/commons/c/ca/1x1.png,Yes
Posters with hangers — ver,"Personalised posters with hangers from Pixora. Upload your photo, preview on a live product mockup, and we print and ship premium quality to your door. Ideal for home décor or gifting.",wall_hanging_poster_450-mm_dark-wood_wood_w14xt20-mm_450x450-mm-18x18-inch_250-gsm-100lb-uncoated-offwhite-archival_4-0_ver,https://upload.wikimedia.org/wikipedia/commons/c/ca/1x1.png,Yes
Posters with hangers — ver,"Personalised posters with hangers from Pixora. Upload your photo, preview on a live product mockup, and we print and ship premium quality to your door. Ideal for home décor or gifting.",wall_hanging_poster_450-mm_dark-wood_wood_w14xt20-mm_450x600-mm-18x24-inch_170-gsm-65lb-coated-silk_4-0_ver,https://upload.wikimedia.org/wikipedia/commons/c/ca/1x1.png,Yes
Posters with hangers — ver,"Personalised posters with hangers from Pixora. Upload your photo, preview on a live product mockup, and we print and ship premium quality to your door. Ideal for home décor or gifting.",wall_hanging_poster_450-mm_dark-wood_wood_w14xt20-mm_450x600-mm-18x24-inch_170-gsm-65lb-uncoated_4-0_ver,https://upload.wikimedia.org/wikipedia/commons/c/ca/1x1.png,Yes
Posters with hangers — ver,"Personalised posters with hangers from Pixora. Upload your photo, preview on a live product mockup, and we print and ship premium quality to your door. Ideal for home décor or gifting.",wall_hanging_poster_450-mm_dark-wood_wood_w14xt20-mm_450x600-mm-18x24-inch_200-gsm-80lb-coated-silk_4-0_ver,https://upload.wikimedia.org/wikipedia/commons/c/ca/1x1.png,Yes
Posters with hangers — ver,"Personalised posters with hangers from Pixora. Upload your photo, preview on a live product mockup, and we print and ship premium quality to your door. Ideal for home décor or gifting.",wall_hanging_poster_450-mm_dark-wood_wood_w14xt20-mm_450x600-mm-18x24-inch_200-gsm-80lb-uncoated_4-0_ver,https://upload.wikimedia.org/wikipedia/commons/c/ca/1x1.png,Yes
Posters with hangers — ver,"Personalised posters with hangers from Pixora. Upload your photo, preview on a live product mockup, and we print and ship premium quality to your door. Ideal for home décor or gifting.",wall_hanging_poster_450-mm_dark-wood_wood_w14xt20-mm_450x600-mm-18x24-inch_250-gsm-100lb-uncoated-offwhite-archival_4-0_ver,https://upload.wikimedia.org/wikipedia/commons/c/ca/1x1.png,Yes
Posters with hangers — ver,"Personalised posters with hangers from Pixora. Upload your photo, preview on a live product mockup, and we print and ship premium quality to your door. Ideal for home décor or gifting.",wall_hanging_poster_450-mm_dark-wood_wood_w14xt20-mm_a2_170-gsm-65lb-coated-silk_4-0_ver,https://upload.wikimedia.org/wikipedia/commons/c/ca/1x1.png,Yes
Posters with hangers — ver,"Personalised posters with hangers from Pixora. Upload your photo, preview on a live product mockup, and we print and ship premium quality to your door. Ideal for home décor or gifting.",wall_hanging_poster_450-mm_dark-wood_wood_w14xt20-mm_a2_170-gsm-65lb-uncoated_4-0_ver,https://upload.wikimedia.org/wikipedia/commons/c/ca/1x1.png,Yes
Posters with hangers — ver,"Personalised posters with hangers from Pixora. Upload your photo, preview on a live product mockup, and we print and ship premium quality to your door. Ideal for home décor or gifting.",wall_hanging_poster_450-mm_dark-wood_wood_w14xt20-mm_a2_200-gsm-80lb-coated-silk_4-0_ver,https://upload.wikimedia.org/wikipedia/commons/c/ca/1x1.png,Yes
Posters with hangers — ver,"Personalised posters with hangers from Pixora. Upload your photo, preview on a live product mockup, and we print and ship premium quality to your door. Ideal for home décor or gifting.",wall_hanging_poster_450-mm_dark-wood_wood_w14xt20-mm_a2_200-gsm-80lb-uncoated_4-0_ver,https://upload.wikimedia.org/wikipedia/commons/c/ca/1x1.png,Yes
Posters with hangers — ver,"Personalised posters with hangers from Pixora. Upload your photo, preview on a live product mockup, and we print and ship premium quality to your door. Ideal for home décor or gifting.",wall_hanging_poster_450-mm_dark-wood_wood_w14xt20-mm_a2_250-gsm-100lb-uncoated-offwhite-archival_4-0_ver,https://upload.wikimedia.org/wikipedia/commons/c/ca/1x1.png,Yes
Posters with hangers — hor,"Personalised posters with hangers from Pixora. Upload your photo, preview on a live product mockup, and we print and ship premium quality to your door. Ideal for home décor or gifting.",wall_hanging_poster_450-mm_dark-wood_wood_w14xt20-mm_a3_170-gsm-65lb-coated-silk_4-0_hor,https://upload.wikimedia.org/wikipedia/commons/c/ca/1x1.png,Yes
Posters with hangers — hor,"Personalised posters with hangers from Pixora. Upload your photo, preview on a live product mockup, and we print and ship premium quality to your door. Ideal for home décor or gifting.",wall_hanging_poster_450-mm_dark-wood_wood_w14xt20-mm_a3_170-gsm-65lb-uncoated_4-0_hor,https://upload.wikimedia.org/wikipedia/commons/c/ca/1x1.png,Yes
Posters with hangers — hor,"Personalised posters with hangers from Pixora. Upload your photo, preview on a live product mockup, and we print and ship premium quality to your door. Ideal for home décor or gifting.",wall_hanging_poster_450-mm_dark-wood_wood_w14xt20-mm_a3_200-gsm-80lb-coated-silk_4-0_hor,https://upload.wikimedia.org/wikipedia/commons/c/ca/1x1.png,Yes
Posters with hangers — hor,"Personalised posters with hangers from Pixora. Upload your photo, preview on a live product mockup, and we print and ship premium quality to your door. Ideal for home décor or gifting.",wall_hanging_poster_450-mm_dark-wood_wood_w14xt20-mm_a3_200-gsm-80lb-uncoated_4-0_hor,https://upload.wikimedia.org/wikipedia/commons/c/ca/1x1.png,Yes
Posters with hangers — hor,"Personalised posters with hangers from Pixora. Upload your photo, preview on a live product mockup, and we print and ship premium quality to your door. Ideal for home décor or gifting.",wall_hanging_poster_450-mm_dark-wood_wood_w14xt20-mm_a3_250-gsm-100lb-uncoated-offwhite-archival_4-0_hor,https://upload.wikimedia.org/wikipedia/commons/c/ca/1x1.png,Yes
Posters with hangers — hor,"Personalised posters with hangers from Pixora. Upload your photo, preview on a live product mockup, and we print and ship premium quality to your door. Ideal for home décor or gifting.",wall_hanging_poster_450-mm_dark-wood_wood_w14xt20-mm_xl-280x430-mm_170-gsm-65lb-coated-silk_4-0_hor,https://upload.wikimedia.org/wikipedia/commons/c/ca/1x1.png,Yes
Posters with hangers — hor,"Personalised posters with hangers from Pixora. Upload your photo, preview on a live product mockup, and we print and ship premium quality to your door. Ideal for home décor or gifting.",wall_hanging_poster_450-mm_dark-wood_wood_w14xt20-mm_xl-280x430-mm_170-gsm-65lb-uncoated_4-0_hor,https://upload.wikimedia.org/wikipedia/commons/c/ca/1x1.png,Yes
Posters with hangers — hor,"Personalised posters with hangers from Pixora. Upload your photo, preview on a live product mockup, and we print and ship premium quality to your door. Ideal for home décor or gifting.",wall_hanging_poster_450-mm_dark-wood_wood_w14xt20-mm_xl-280x430-mm_200-gsm-80lb-coated-silk_4-0_hor,https://upload.wikimedia.org/wikipedia/commons/c/ca/1x1.png,Yes
Posters with hangers — hor,"Personalised posters with hangers from Pixora. Upload your photo, preview on a live product mockup, and we print and ship premium quality to your door. Ideal for home décor or gifting.",wall_hanging_poster_450-mm_dark-wood_wood_w14xt20-mm_xl-280x430-mm_200-gsm-80lb-uncoated_4-0_hor,https://upload.wikimedia.org/wikipedia/commons/c/ca/1x1.png,Yes
Posters with hangers — hor,"Personalised posters with hangers from Pixora. Upload your photo, preview on a live product mockup, and we print and ship premium quality to your door. Ideal for home décor or gifting.",wall_hanging_poster_450-mm_dark-wood_wood_w14xt20-mm_xl-280x430-mm_250-gsm-100lb-uncoated-offwhite-archival_4-0_hor,https://upload.wikimedia.org/wikipedia/commons/c/ca/1x1.png,Yes
Posters with hangers — hor,"Personalised posters with hangers from Pixora. Upload your photo, preview on a live product mockup, and we print and ship premium quality to your door. Ideal for home décor or gifting.",wall_hanging_poster_450-mm_natural-wood_wood_w14xt20-mm_18x18-inch-450x450-mm_170-gsm-65lb-coated-silk_4-0_hor,https://upload.wikimedia.org/wikipedia/commons/c/ca/1x1.png,Yes
Posters with hangers — ver,"Personalised posters with hangers from Pixora. Upload your photo, preview on a live product mockup, and we print and ship premium quality to your door. Ideal for home décor or gifting.",wall_hanging_poster_450-mm_natural-wood_wood_w14xt20-mm_18x18-inch-450x450-mm_170-gsm-65lb-coated-silk_4-0_ver,https://upload.wikimedia.org/wikipedia/commons/c/ca/1x1.png,Yes
Posters with hangers — hor,"Personalised posters with hangers from Pixora. Upload your photo, preview on a live product mockup, and we print and ship premium quality to your door. Ideal for home décor or gifting.",wall_hanging_poster_450-mm_natural-wood_wood_w14xt20-mm_18x18-inch-450x450-mm_170-gsm-65lb-uncoated_4-0_hor,https://upload.wikimedia.org/wikipedia/commons/c/ca/1x1.png,Yes
Posters with hangers — ver,"Personalised posters with hangers from Pixora. Upload your photo, preview on a live product mockup, and we print and ship premium quality to your door. Ideal for home décor or gifting.",wall_hanging_poster_450-mm_natural-wood_wood_w14xt20-mm_18x18-inch-450x450-mm_170-gsm-65lb-uncoated_4-0_ver,https://upload.wikimedia.org/wikipedia/commons/c/ca/1x1.png,Yes
Posters with hangers — hor,"Personalised posters with hangers from Pixora. Upload your photo, preview on a live product mockup, and we print and ship premium quality to your door. Ideal for home décor or gifting.",wall_hanging_poster_450-mm_natural-wood_wood_w14xt20-mm_18x18-inch-450x450-mm_200-gsm-80lb-coated-silk_4-0_hor,https://upload.wikimedia.org/wikipedia/commons/c/ca/1x1.png,Yes
Posters with hangers — ver,"Personalised posters with hangers from Pixora. Upload your photo, preview on a live product mockup, and we print and ship premium quality to your door. Ideal for home décor or gifting.",wall_hanging_poster_450-mm_natural-wood_wood_w14xt20-mm_18x18-inch-450x450-mm_200-gsm-80lb-coated-silk_4-0_ver,https://upload.wikimedia.org/wikipedia/commons/c/ca/1x1.png,Yes
Posters with hangers — hor,"Personalised posters with hangers from Pixora. Upload your photo, preview on a live product mockup, and we print and ship premium quality to your door. Ideal for home décor or gifting.",wall_hanging_poster_450-mm_natural-wood_wood_w14xt20-mm_18x18-inch-450x450-mm_200-gsm-80lb-uncoated_4-0_hor,https://upload.wikimedia.org/wikipedia/commons/c/ca/1x1.png,Yes
Posters with hangers — ver,"Personalised posters with hangers from Pixora. Upload your photo, preview on a live product mockup, and we print and ship premium quality to your door. Ideal for home décor or gifting.",wall_hanging_poster_450-mm_natural-wood_wood_w14xt20-mm_18x18-inch-450x450-mm_200-gsm-80lb-uncoated_4-0_ver,https://upload.wikimedia.org/wikipedia/commons/c/ca/1x1.png,Yes
Posters with hangers — hor,"Personalised posters with hangers from Pixora. Upload your photo, preview on a live product mockup, and we print and ship premium quality to your door. Ideal for home décor or gifting.",wall_hanging_poster_450-mm_natural-wood_wood_w14xt20-mm_18x18-inch-450x450-mm_250-gsm-100lb-uncoated-offwhite-archival_4-0_hor,https://upload.wikimedia.org/wikipedia/commons/c/ca/1x1.png,Yes
Posters with hangers — ver,"Personalised posters with hangers from Pixora. Upload your photo, preview on a live product mockup, and we print and ship premium quality to your door. Ideal for home décor or gifting.",wall_hanging_poster_450-mm_natural-wood_wood_w14xt20-mm_18x18-inch-450x450-mm_250-gsm-100lb-uncoated-offwhite-archival_4-0_ver,https://upload.wikimedia.org/wikipedia/commons/c/ca/1x1.png,Yes
Posters with hangers — ver,"Personalised posters with hangers from Pixora. Upload your photo, preview on a live product mockup, and we print and ship premium quality to your door. Ideal for home décor or gifting.",wall_hanging_poster_450-mm_natural-wood_wood_w14xt20-mm_18x24-inch-450x600-mm_170-gsm-65lb-coated-silk_4-0_ver,https://upload.wikimedia.org/wikipedia/commons/c/ca/1x1.png,Yes
Posters with hangers — ver,"Personalised posters with hangers from Pixora. Upload your photo, preview on a live product mockup, and we print and ship premium quality to your door. Ideal for home décor or gifting.",wall_hanging_poster_450-mm_natural-wood_wood_w14xt20-mm_18x24-inch-450x600-mm_170-gsm-65lb-uncoated_4-0_ver,https://upload.wikimedia.org/wikipedia/commons/c/ca/1x1.png,Yes
Posters with hangers — ver,"Personalised posters with hangers from Pixora. Upload your photo, preview on a live product mockup, and we print and ship premium quality to your door. Ideal for home décor or gifting.",wall_hanging_poster_450-mm_natural-wood_wood_w14xt20-mm_18x24-inch-450x600-mm_200-gsm-80lb-coated-silk_4-0_ver,https://upload.wikimedia.org/wikipedia/commons/c/ca/1x1.png,Yes
Posters with hangers — ver,"Personalised posters with hangers from Pixora. Upload your photo, preview on a live product mockup, and we print and ship premium quality to your door. Ideal for home décor or gifting.",wall_hanging_poster_450-mm_natural-wood_wood_w14xt20-mm_18x24-inch-450x600-mm_200-gsm-80lb-uncoated_4-0_ver,https://upload.wikimedia.org/wikipedia/commons/c/ca/1x1.png,Yes
Posters with hangers — ver,"Personalised posters with hangers from Pixora. Upload your photo, preview on a live product mockup, and we print and ship premium quality to your door. Ideal for home décor or gifting.",wall_hanging_poster_450-mm_natural-wood_wood_w14xt20-mm_18x24-inch-450x600-mm_250-gsm-100lb-uncoated-offwhite-archival_4-0_ver,https://upload.wikimedia.org/wikipedia/commons/c/ca/1x1.png,Yes
Posters with hangers — hor,"Personalised posters with hangers from Pixora. Upload your photo, preview on a live product mockup, and we print and ship premium quality to your door. Ideal for home décor or gifting.",wall_hanging_poster_450-mm_natural-wood_wood_w14xt20-mm_280x430-mm-xl_170-gsm-65lb-coated-silk_4-0_hor,https://upload.wikimedia.org/wikipedia/commons/c/ca/1x1.png,Yes
Posters with hangers — hor,"Personalised posters with hangers from Pixora. Upload your photo, preview on a live product mockup, and we print and ship premium quality to your door. Ideal for home décor or gifting.",wall_hanging_poster_450-mm_natural-wood_wood_w14xt20-mm_280x430-mm-xl_170-gsm-65lb-uncoated_4-0_hor,https://upload.wikimedia.org/wikipedia/commons/c/ca/1x1.png,Yes
Posters with hangers — hor,"Personalised posters with hangers from Pixora. Upload your photo, preview on a live product mockup, and we print and ship premium quality to your door. Ideal for home décor or gifting.",wall_hanging_poster_450-mm_natural-wood_wood_w14xt20-mm_280x430-mm-xl_200-gsm-80lb-coated-silk_4-0_hor,https://upload.wikimedia.org/wikipedia/commons/c/ca/1x1.png,Yes
Posters with hangers — hor,"Personalised posters with hangers from Pixora. Upload your photo, preview on a live product mockup, and we print and ship premium quality to your door. Ideal for home décor or gifting.",wall_hanging_poster_450-mm_natural-wood_wood_w14xt20-mm_280x430-mm-xl_200-gsm-80lb-uncoated_4-0_hor,https://upload.wikimedia.org/wikipedia/commons/c/ca/1x1.png,Yes
Posters with hangers — hor,"Personalised posters with hangers from Pixora. Upload your photo, preview on a live product mockup, and we print and ship premium quality to your door. Ideal for home décor or gifting.",wall_hanging_poster_450-mm_natural-wood_wood_w14xt20-mm_280x430-mm-xl_250-gsm-100lb-uncoated-offwhite-archival_4-0_hor,https://upload.wikimedia.org/wikipedia/commons/c/ca/1x1.png,Yes
Posters with hangers — hor,"Personalised posters with hangers from Pixora. Upload your photo, preview on a live product mockup, and we print and ship premium quality to your door. Ideal for home décor or gifting.",wall_hanging_poster_450-mm_natural-wood_wood_w14xt20-mm_450x450-mm-18x18-inch_170-gsm-65lb-coated-silk_4-0_hor,https://upload.wikimedia.org/wikipedia/commons/c/ca/1x1.png,Yes
Posters with hangers — ver,"Personalised posters with hangers from Pixora. Upload your photo, preview on a live product mockup, and we print and ship premium quality to your door. Ideal for home décor or gifting.",wall_hanging_poster_450-mm_natural-wood_wood_w14xt20-mm_450x450-mm-18x18-inch_170-gsm-65lb-coated-silk_4-0_ver,https://upload.wikimedia.org/wikipedia/commons/c/ca/1x1.png,Yes
Posters with hangers — hor,"Personalised posters with hangers from Pixora. Upload your photo, preview on a live product mockup, and we print and ship premium quality to your door. Ideal for home décor or gifting.",wall_hanging_poster_450-mm_natural-wood_wood_w14xt20-mm_450x450-mm-18x18-inch_170-gsm-65lb-uncoated_4-0_hor,https://upload.wikimedia.org/wikipedia/commons/c/ca/1x1.png,Yes
Posters with hangers — ver,"Personalised posters with hangers from Pixora. Upload your photo, preview on a live product mockup, and we print and ship premium quality to your door. Ideal for home décor or gifting.",wall_hanging_poster_450-mm_natural-wood_wood_w14xt20-mm_450x450-mm-18x18-inch_170-gsm-65lb-uncoated_4-0_ver,https://upload.wikimedia.org/wikipedia/commons/c/ca/1x1.png,Yes
Posters with hangers — hor,"Personalised posters with hangers from Pixora. Upload your photo, preview on a live product mockup, and we print and ship premium quality to your door. Ideal for home décor or gifting.",wall_hanging_poster_450-mm_natural-wood_wood_w14xt20-mm_450x450-mm-18x18-inch_200-gsm-80lb-coated-silk_4-0_hor,https://upload.wikimedia.org/wikipedia/commons/c/ca/1x1.png,Yes
Posters with hangers — ver,"Personalised posters with hangers from Pixora. Upload your photo, preview on a live product mockup, and we print and ship premium quality to your door. Ideal for home décor or gifting.",wall_hanging_poster_450-mm_natural-wood_wood_w14xt20-mm_450x450-mm-18x18-inch_200-gsm-80lb-coated-silk_4-0_ver,https://upload.wikimedia.org/wikipedia/commons/c/ca/1x1.png,Yes
Posters with hangers — hor,"Personalised posters with hangers from Pixora. Upload your photo, preview on a live product mockup, and we print and ship premium quality to your door. Ideal for home décor or gifting.",wall_hanging_poster_450-mm_natural-wood_wood_w14xt20-mm_450x450-mm-18x18-inch_200-gsm-80lb-uncoated_4-0_hor,https://upload.wikimedia.org/wikipedia/commons/c/ca/1x1.png,Yes
Posters with hangers — ver,"Personalised posters with hangers from Pixora. Upload your photo, preview on a live product mockup, and we print and ship premium quality to your door. Ideal for home décor or gifting.",wall_hanging_poster_450-mm_natural-wood_wood_w14xt20-mm_450x450-mm-18x18-inch_200-gsm-80lb-uncoated_4-0_ver,https://upload.wikimedia.org/wikipedia/commons/c/ca/1x1.png,Yes
Posters with hangers — hor,"Personalised posters with hangers from Pixora. Upload your photo, preview on a live product mockup, and we print and ship premium quality to your door. Ideal for home décor or gifting.",wall_hanging_poster_450-mm_natural-wood_wood_w14xt20-mm_450x450-mm-18x18-inch_250-gsm-100lb-uncoated-offwhite-archival_4-0_hor,https://upload.wikimedia.org/wikipedia/commons/c/ca/1x1.png,Yes
Posters with hangers — ver,"Personalised posters with hangers from Pixora. Upload your photo, preview on a live product mockup, and we print and ship premium quality to your door. Ideal for home décor or gifting.",wall_hanging_poster_450-mm_natural-wood_wood_w14xt20-mm_450x450-mm-18x18-inch_250-gsm-100lb-uncoated-offwhite-archival_4-0_ver,https://upload.wikimedia.org/wikipedia/commons/c/ca/1x1.png,Yes
Posters with hangers — ver,"Personalised posters with hangers from Pixora. Upload your photo, preview on a live product mockup, and we print and ship premium quality to your door. Ideal for home décor or gifting.",wall_hanging_poster_450-mm_natural-wood_wood_w14xt20-mm_450x600-mm-18x24-inch_170-gsm-65lb-coated-silk_4-0_ver,https://upload.wikimedia.org/wikipedia/commons/c/ca/1x1.png,Yes
Posters with hangers — ver,"Personalised posters with hangers from Pixora. Upload your photo, preview on a live product mockup, and we print and ship premium quality to your door. Ideal for home décor or gifting.",wall_hanging_poster_450-mm_natural-wood_wood_w14xt20-mm_450x600-mm-18x24-inch_170-gsm-65lb-uncoated_4-0_ver,https://upload.wikimedia.org/wikipedia/commons/c/ca/1x1.png,Yes
Posters with hangers — ver,"Personalised posters with hangers from Pixora. Upload your photo, preview on a live product mockup, and we print and ship premium quality to your door. Ideal for home décor or gifting.",wall_hanging_poster_450-mm_natural-wood_wood_w14xt20-mm_450x600-mm-18x24-inch_200-gsm-80lb-coated-silk_4-0_ver,https://upload.wikimedia.org/wikipedia/commons/c/ca/1x1.png,Yes
Posters with hangers — ver,"Personalised posters with hangers from Pixora. Upload your photo, preview on a live product mockup, and we print and ship premium quality to your door. Ideal for home décor or gifting.",wall_hanging_poster_450-mm_natural-wood_wood_w14xt20-mm_450x600-mm-18x24-inch_200-gsm-80lb-uncoated_4-0_ver,https://upload.wikimedia.org/wikipedia/commons/c/ca/1x1.png,Yes
Posters with hangers — ver,"Personalised posters with hangers from Pixora. Upload your photo, preview on a live product mockup, and we print and ship premium quality to your door. Ideal for home décor or gifting.",wall_hanging_poster_450-mm_natural-wood_wood_w14xt20-mm_450x600-mm-18x24-inch_250-gsm-100lb-uncoated-offwhite-archival_4-0_ver,https://upload.wikimedia.org/wikipedia/commons/c/ca/1x1.png,Yes
Posters with hangers — ver,"Personalised posters with hangers from Pixora. Upload your photo, preview on a live product mockup, and we print and ship premium quality to your door. Ideal for home décor or gifting.",wall_hanging_poster_450-mm_natural-wood_wood_w14xt20-mm_a2_170-gsm-65lb-coated-silk_4-0_ver,https://upload.wikimedia.org/wikipedia/commons/c/ca/1x1.png,Yes
Posters with hangers — ver,"Personalised posters with hangers from Pixora. Upload your photo, preview on a live product mockup, and we print and ship premium quality to your door. Ideal for home décor or gifting.",wall_hanging_poster_450-mm_natural-wood_wood_w14xt20-mm_a2_170-gsm-65lb-uncoated_4-0_ver,https://upload.wikimedia.org/wikipedia/commons/c/ca/1x1.png,Yes
Posters with hangers — ver,"Personalised posters with hangers from Pixora. Upload your photo, preview on a live product mockup, and we print and ship premium quality to your door. Ideal for home décor or gifting.",wall_hanging_poster_450-mm_natural-wood_wood_w14xt20-mm_a2_200-gsm-80lb-coated-silk_4-0_ver,https://upload.wikimedia.org/wikipedia/commons/c/ca/1x1.png,Yes
Posters with hangers — ver,"Personalised posters with hangers from Pixora. Upload your photo, preview on a live product mockup, and we print and ship premium quality to your door. Ideal for home décor or gifting.",wall_hanging_poster_450-mm_natural-wood_wood_w14xt20-mm_a2_200-gsm-80lb-uncoated_4-0_ver,https://upload.wikimedia.org/wikipedia/commons/c/ca/1x1.png,Yes
Posters with hangers — ver,"Personalised posters with hangers from Pixora. Upload your photo, preview on a live product mockup, and we print and ship premium quality to your door. Ideal for home décor or gifting.",wall_hanging_poster_450-mm_natural-wood_wood_w14xt20-mm_a2_250-gsm-100lb-uncoated-offwhite-archival_4-0_ver,https://upload.wikimedia.org/wikipedia/commons/c/ca/1x1.png,Yes
Posters with hangers — hor,"Personalised posters with hangers from Pixora. Upload your photo, preview on a live product mockup, and we print and ship premium quality to your door. Ideal for home décor or gifting.",wall_hanging_poster_450-mm_natural-wood_wood_w14xt20-mm_a3_170-gsm-65lb-coated-silk_4-0_hor,https://upload.wikimedia.org/wikipedia/commons/c/ca/1x1.png,Yes
Posters with hangers — hor,"Personalised posters with hangers from Pixora. Upload your photo, preview on a live product mockup, and we print and ship premium quality to your door. Ideal for home décor or gifting.",wall_hanging_poster_450-mm_natural-wood_wood_w14xt20-mm_a3_170-gsm-65lb-uncoated_4-0_hor,https://upload.wikimedia.org/wikipedia/commons/c/ca/1x1.png,Yes
Posters with hangers — hor,"Personalised posters with hangers from Pixora. Upload your photo, preview on a live product mockup, and we print and ship premium quality to your door. Ideal for home décor or gifting.",wall_hanging_poster_450-mm_natural-wood_wood_w14xt20-mm_a3_200-gsm-80lb-coated-silk_4-0_hor,https://upload.wikimedia.org/wikipedia/commons/c/ca/1x1.png,Yes
Posters with hangers — hor,"Personalised posters with hangers from Pixora. Upload your photo, preview on a live product mockup, and we print and ship premium quality to your door. Ideal for home décor or gifting.",wall_hanging_poster_450-mm_natural-wood_wood_w14xt20-mm_a3_200-gsm-80lb-uncoated_4-0_hor,https://upload.wikimedia.org/wikipedia/commons/c/ca/1x1.png,Yes
Posters with hangers — hor,"Personalised posters with hangers from Pixora. Upload your photo, preview on a live product mockup, and we print and ship premium quality to your door. Ideal for home décor or gifting.",wall_hanging_poster_450-mm_natural-wood_wood_w14xt20-mm_a3_250-gsm-100lb-uncoated-offwhite-archival_4-0_hor,https://upload.wikimedia.org/wikipedia/commons/c/ca/1x1.png,Yes
Posters with hangers — hor,"Personalised posters with hangers from Pixora. Upload your photo, preview on a live product mockup, and we print and ship premium quality to your door. Ideal for home décor or gifting.",wall_hanging_poster_450-mm_natural-wood_wood_w14xt20-mm_xl-280x430-mm_170-gsm-65lb-coated-silk_4-0_hor,https://upload.wikimedia.org/wikipedia/commons/c/ca/1x1.png,Yes
Posters with hangers — hor,"Personalised posters with hangers from Pixora. Upload your photo, preview on a live product mockup, and we print and ship premium quality to your door. Ideal for home décor or gifting.",wall_hanging_poster_450-mm_natural-wood_wood_w14xt20-mm_xl-280x430-mm_170-gsm-65lb-uncoated_4-0_hor,https://upload.wikimedia.org/wikipedia/commons/c/ca/1x1.png,Yes
Posters with hangers — hor,"Personalised posters with hangers from Pixora. Upload your photo, preview on a live product mockup, and we print and ship premium quality to your door. Ideal for home décor or gifting.",wall_hanging_poster_450-mm_natural-wood_wood_w14xt20-mm_xl-280x430-mm_200-gsm-80lb-coated-silk_4-0_hor,https://upload.wikimedia.org/wikipedia/commons/c/ca/1x1.png,Yes
Posters with hangers — hor,"Personalised posters with hangers from Pixora. Upload your photo, preview on a live product mockup, and we print and ship premium quality to your door. Ideal for home décor or gifting.",wall_hanging_poster_450-mm_natural-wood_wood_w14xt20-mm_xl-280x430-mm_200-gsm-80lb-uncoated_4-0_hor,https://upload.wikimedia.org/wikipedia/commons/c/ca/1x1.png,Yes
Posters with hangers — hor,"Personalised posters with hangers from Pixora. Upload your photo, preview on a live product mockup, and we print and ship premium quality to your door. Ideal for home décor or gifting.",wall_hanging_poster_450-mm_natural-wood_wood_w14xt20-mm_xl-280x430-mm_250-gsm-100lb-uncoated-offwhite-archival_4-0_hor,https://upload.wikimedia.org/wikipedia/commons/c/ca/1x1.png,Yes
Posters with hangers — hor,"Personalised posters with hangers from Pixora. Upload your photo, preview on a live product mockup, and we print and ship premium quality to your door. Ideal for home décor or gifting.",wall_hanging_poster_450-mm_white_wood_w14xt20-mm_18x18-inch-450x450-mm_170-gsm-65lb-coated-silk_4-0_hor,https://upload.wikimedia.org/wikipedia/commons/c/ca/1x1.png,Yes
Posters with hangers — ver,"Personalised posters with hangers from Pixora. Upload your photo, preview on a live product mockup, and we print and ship premium quality to your door. Ideal for home décor or gifting.",wall_hanging_poster_450-mm_white_wood_w14xt20-mm_18x18-inch-450x450-mm_170-gsm-65lb-coated-silk_4-0_ver,https://upload.wikimedia.org/wikipedia/commons/c/ca/1x1.png,Yes
Posters with hangers — hor,"Personalised posters with hangers from Pixora. Upload your photo, preview on a live product mockup, and we print and ship premium quality to your door. Ideal for home décor or gifting.",wall_hanging_poster_450-mm_white_wood_w14xt20-mm_18x18-inch-450x450-mm_170-gsm-65lb-uncoated_4-0_hor,https://upload.wikimedia.org/wikipedia/commons/c/ca/1x1.png,Yes
Posters with hangers — ver,"Personalised posters with hangers from Pixora. Upload your photo, preview on a live product mockup, and we print and ship premium quality to your door. Ideal for home décor or gifting.",wall_hanging_poster_450-mm_white_wood_w14xt20-mm_18x18-inch-450x450-mm_170-gsm-65lb-uncoated_4-0_ver,https://upload.wikimedia.org/wikipedia/commons/c/ca/1x1.png,Yes
Posters with hangers — hor,"Personalised posters with hangers from Pixora. Upload your photo, preview on a live product mockup, and we print and ship premium quality to your door. Ideal for home décor or gifting.",wall_hanging_poster_450-mm_white_wood_w14xt20-mm_18x18-inch-450x450-mm_200-gsm-80lb-coated-silk_4-0_hor,https://upload.wikimedia.org/wikipedia/commons/c/ca/1x1.png,Yes
Posters with hangers — ver,"Personalised posters with hangers from Pixora. Upload your photo, preview on a live product mockup, and we print and ship premium quality to your door. Ideal for home décor or gifting.",wall_hanging_poster_450-mm_white_wood_w14xt20-mm_18x18-inch-450x450-mm_200-gsm-80lb-coated-silk_4-0_ver,https://upload.wikimedia.org/wikipedia/commons/c/ca/1x1.png,Yes
Posters with hangers — hor,"Personalised posters with hangers from Pixora. Upload your photo, preview on a live product mockup, and we print and ship premium quality to your door. Ideal for home décor or gifting.",wall_hanging_poster_450-mm_white_wood_w14xt20-mm_18x18-inch-450x450-mm_200-gsm-80lb-uncoated_4-0_hor,https://upload.wikimedia.org/wikipedia/commons/c/ca/1x1.png,Yes
Posters with hangers — ver,"Personalised posters with hangers from Pixora. Upload your photo, preview on a live product mockup, and we print and ship premium quality to your door. Ideal for home décor or gifting.",wall_hanging_poster_450-mm_white_wood_w14xt20-mm_18x18-inch-450x450-mm_200-gsm-80lb-uncoated_4-0_ver,https://upload.wikimedia.org/wikipedia/commons/c/ca/1x1.png,Yes
Posters with hangers — hor,"Personalised posters with hangers from Pixora. Upload your photo, preview on a live product mockup, and we print and ship premium quality to your door. Ideal for home décor or gifting.",wall_hanging_poster_450-mm_white_wood_w14xt20-mm_18x18-inch-450x450-mm_250-gsm-100lb-uncoated-offwhite-archival_4-0_hor,https://upload.wikimedia.org/wikipedia/commons/c/ca/1x1.png,Yes
Posters with hangers — ver,"Personalised posters with hangers from Pixora. Upload your photo, preview on a live product mockup, and we print and ship premium quality to your door. Ideal for home décor or gifting.",wall_hanging_poster_450-mm_white_wood_w14xt20-mm_18x18-inch-450x450-mm_250-gsm-100lb-uncoated-offwhite-archival_4-0_ver,https://upload.wikimedia.org/wikipedia/commons/c/ca/1x1.png,Yes
Posters with hangers — ver,"Personalised posters with hangers from Pixora. Upload your photo, preview on a live product mockup, and we print and ship premium quality to your door. Ideal for home décor or gifting.",wall_hanging_poster_450-mm_white_wood_w14xt20-mm_18x24-inch-450x600-mm_170-gsm-65lb-coated-silk_4-0_ver,https://upload.wikimedia.org/wikipedia/commons/c/ca/1x1.png,Yes
Posters with hangers — ver,"Personalised posters with hangers from Pixora. Upload your photo, preview on a live product mockup, and we print and ship premium quality to your door. Ideal for home décor or gifting.",wall_hanging_poster_450-mm_white_wood_w14xt20-mm_18x24-inch-450x600-mm_170-gsm-65lb-uncoated_4-0_ver,https://upload.wikimedia.org/wikipedia/commons/c/ca/1x1.png,Yes
Posters with hangers — ver,"Personalised posters with hangers from Pixora. Upload your photo, preview on a live product mockup, and we print and ship premium quality to your door. Ideal for home décor or gifting.",wall_hanging_poster_450-mm_white_wood_w14xt20-mm_18x24-inch-450x600-mm_200-gsm-80lb-coated-silk_4-0_ver,https://upload.wikimedia.org/wikipedia/commons/c/ca/1x1.png,Yes
Posters with hangers — ver,"Personalised posters with hangers from Pixora. Upload your photo, preview on a live product mockup, and we print and ship premium quality to your door. Ideal for home décor or gifting.",wall_hanging_poster_450-mm_white_wood_w14xt20-mm_18x24-inch-450x600-mm_200-gsm-80lb-uncoated_4-0_ver,https://upload.wikimedia.org/wikipedia/commons/c/ca/1x1.png,Yes
Posters with hangers — ver,"Personalised posters with hangers from Pixora. Upload your photo, preview on a live product mockup, and we print and ship premium quality to your door. Ideal for home décor or gifting.",wall_hanging_poster_450-mm_white_wood_w14xt20-mm_18x24-inch-450x600-mm_250-gsm-100lb-uncoated-offwhite-archival_4-0_ver,https://upload.wikimedia.org/wikipedia/commons/c/ca/1x1.png,Yes
Posters with hangers — hor,"Personalised posters with hangers from Pixora. Upload your photo, preview on a live product mockup, and we print and ship premium quality to your door. Ideal for home décor or gifting.",wall_hanging_poster_450-mm_white_wood_w14xt20-mm_280x430-mm-xl_170-gsm-65lb-coated-silk_4-0_hor,https://upload.wikimedia.org/wikipedia/commons/c/ca/1x1.png,Yes
Posters with hangers — hor,"Personalised posters with hangers from Pixora. Upload your photo, preview on a live product mockup, and we print and ship premium quality to your door. Ideal for home décor or gifting.",wall_hanging_poster_450-mm_white_wood_w14xt20-mm_280x430-mm-xl_170-gsm-65lb-uncoated_4-0_hor,https://upload.wikimedia.org/wikipedia/commons/c/ca/1x1.png,Yes
Posters with hangers — hor,"Personalised posters with hangers from Pixora. Upload your photo, preview on a live product mockup, and we print and ship premium quality to your door. Ideal for home décor or gifting.",wall_hanging_poster_450-mm_white_wood_w14xt20-mm_280x430-mm-xl_200-gsm-80lb-coated-silk_4-0_hor,https://upload.wikimedia.org/wikipedia/commons/c/ca/1x1.png,Yes
Posters with hangers — hor,"Personalised posters with hangers from Pixora. Upload your photo, preview on a live product mockup, and we print and ship premium quality to your door. Ideal for home décor or gifting.",wall_hanging_poster_450-mm_white_wood_w14xt20-mm_280x430-mm-xl_200-gsm-80lb-uncoated_4-0_hor,https://upload.wikimedia.org/wikipedia/commons/c/ca/1x1.png,Yes
Posters with hangers — hor,"Personalised posters with hangers from Pixora. Upload your photo, preview on a live product mockup, and we print and ship premium quality to your door. Ideal for home décor or gifting.",wall_hanging_poster_450-mm_white_wood_w14xt20-mm_280x430-mm-xl_250-gsm-100lb-uncoated-offwhite-archival_4-0_hor,https://upload.wikimedia.org/wikipedia/commons/c/ca/1x1.png,Yes
Posters with hangers — hor,"Personalised posters with hangers from Pixora. Upload your photo, preview on a live product mockup, and we print and ship premium quality to your door. Ideal for home décor or gifting.",wall_hanging_poster_450-mm_white_wood_w14xt20-mm_450x450-mm-18x18-inch_170-gsm-65lb-coated-silk_4-0_hor,https://upload.wikimedia.org/wikipedia/commons/c/ca/1x1.png,Yes
Posters with hangers — ver,"Personalised posters with hangers from Pixora. Upload your photo, preview on a live product mockup, and we print and ship premium quality to your door. Ideal for home décor or gifting.",wall_hanging_poster_450-mm_white_wood_w14xt20-mm_450x450-mm-18x18-inch_170-gsm-65lb-coated-silk_4-0_ver,https://upload.wikimedia.org/wikipedia/commons/c/ca/1x1.png,Yes
Posters with hangers — hor,"Personalised posters with hangers from Pixora. Upload your photo, preview on a live product mockup, and we print and ship premium quality to your door. Ideal for home décor or gifting.",wall_hanging_poster_450-mm_white_wood_w14xt20-mm_450x450-mm-18x18-inch_170-gsm-65lb-uncoated_4-0_hor,https://upload.wikimedia.org/wikipedia/commons/c/ca/1x1.png,Yes
Posters with hangers — ver,"Personalised posters with hangers from Pixora. Upload your photo, preview on a live product mockup, and we print and ship premium quality to your door. Ideal for home décor or gifting.",wall_hanging_poster_450-mm_white_wood_w14xt20-mm_450x450-mm-18x18-inch_170-gsm-65lb-uncoated_4-0_ver,https://upload.wikimedia.org/wikipedia/commons/c/ca/1x1.png,Yes
Posters with hangers — hor,"Personalised posters with hangers from Pixora. Upload your photo, preview on a live product mockup, and we print and ship premium quality to your door. Ideal for home décor or gifting.",wall_hanging_poster_450-mm_white_wood_w14xt20-mm_450x450-mm-18x18-inch_200-gsm-80lb-coated-silk_4-0_hor,https://upload.wikimedia.org/wikipedia/commons/c/ca/1x1.png,Yes
Posters with hangers — ver,"Personalised posters with hangers from Pixora. Upload your photo, preview on a live product mockup, and we print and ship premium quality to your door. Ideal for home décor or gifting.",wall_hanging_poster_450-mm_white_wood_w14xt20-mm_450x450-mm-18x18-inch_200-gsm-80lb-coated-silk_4-0_ver,https://upload.wikimedia.org/wikipedia/commons/c/ca/1x1.png,Yes
Posters with hangers — hor,"Personalised posters with hangers from Pixora. Upload your photo, preview on a live product mockup, and we print and ship premium quality to your door. Ideal for home décor or gifting.",wall_hanging_poster_450-mm_white_wood_w14xt20-mm_450x450-mm-18x18-inch_200-gsm-80lb-uncoated_4-0_hor,https://upload.wikimedia.org/wikipedia/commons/c/ca/1x1.png,Yes
Posters with hangers — ver,"Personalised posters with hangers from Pixora. Upload your photo, preview on a live product mockup, and we print and ship premium quality to your door. Ideal for home décor or gifting.",wall_hanging_poster_450-mm_white_wood_w14xt20-mm_450x450-mm-18x18-inch_200-gsm-80lb-uncoated_4-0_ver,https://upload.wikimedia.org/wikipedia/commons/c/ca/1x1.png,Yes
Posters with hangers — hor,"Personalised posters with hangers from Pixora. Upload your photo, preview on a live product mockup, and we print and ship premium quality to your door. Ideal for home décor or gifting.",wall_hanging_poster_450-mm_white_wood_w14xt20-mm_450x450-mm-18x18-inch_250-gsm-100lb-uncoated-offwhite-archival_4-0_hor,https://upload.wikimedia.org/wikipedia/commons/c/ca/1x1.png,Yes
Posters with hangers — ver,"Personalised posters with hangers from Pixora. Upload your photo, preview on a live product mockup, and we print and ship premium quality to your door. Ideal for home décor or gifting.",wall_hanging_poster_450-mm_white_wood_w14xt20-mm_450x450-mm-18x18-inch_250-gsm-100lb-uncoated-offwhite-archival_4-0_ver,https://upload.wikimedia.org/wikipedia/commons/c/ca/1x1.png,Yes
Posters with hangers — ver,"Personalised posters with hangers from Pixora. Upload your photo, preview on a live product mockup, and we print and ship premium quality to your door. Ideal for home décor or gifting.",wall_hanging_poster_450-mm_white_wood_w14xt20-mm_450x600-mm-18x24-inch_170-gsm-65lb-coated-silk_4-0_ver,https://upload.wikimedia.org/wikipedia/commons/c/ca/1x1.png,Yes
Posters with hangers — ver,"Personalised posters with hangers from Pixora. Upload your photo, preview on a live product mockup, and we print and ship premium quality to your door. Ideal for home décor or gifting.",wall_hanging_poster_450-mm_white_wood_w14xt20-mm_450x600-mm-18x24-inch_170-gsm-65lb-uncoated_4-0_ver,https://upload.wikimedia.org/wikipedia/commons/c/ca/1x1.png,Yes
Posters with hangers — ver,"Personalised posters with hangers from Pixora. Upload your photo, preview on a live product mockup, and we print and ship premium quality to your door. Ideal for home décor or gifting.",wall_hanging_poster_450-mm_white_wood_w14xt20-mm_450x600-mm-18x24-inch_200-gsm-80lb-coated-silk_4-0_ver,https://upload.wikimedia.org/wikipedia/commons/c/ca/1x1.png,Yes
Posters with hangers — ver,"Personalised posters with hangers from Pixora. Upload your photo, preview on a live product mockup, and we print and ship premium quality to your door. Ideal for home décor or gifting.",wall_hanging_poster_450-mm_white_wood_w14xt20-mm_450x600-mm-18x24-inch_200-gsm-80lb-uncoated_4-0_ver,https://upload.wikimedia.org/wikipedia/commons/c/ca/1x1.png,Yes
Posters with hangers — ver,"Personalised posters with hangers from Pixora. Upload your photo, preview on a live product mockup, and we print and ship premium quality to your door. Ideal for home décor or gifting.",wall_hanging_poster_450-mm_white_wood_w14xt20-mm_450x600-mm-18x24-inch_250-gsm-100lb-uncoated-offwhite-archival_4-0_ver,https://upload.wikimedia.org/wikipedia/commons/c/ca/1x1.png,Yes
Posters with hangers — ver,"Personalised posters with hangers from Pixora. Upload your photo, preview on a live product mockup, and we print and ship premium quality to your door. Ideal for home décor or gifting.",wall_hanging_poster_450-mm_white_wood_w14xt20-mm_a2_170-gsm-65lb-coated-silk_4-0_ver,https://upload.wikimedia.org/wikipedia/commons/c/ca/1x1.png,Yes
Posters with hangers — ver,"Personalised posters with hangers from Pixora. Upload your photo, preview on a live product mockup, and we print and ship premium quality to your door. Ideal for home décor or gifting.",wall_hanging_poster_450-mm_white_wood_w14xt20-mm_a2_170-gsm-65lb-uncoated_4-0_ver,https://upload.wikimedia.org/wikipedia/commons/c/ca/1x1.png,Yes
Posters with hangers — ver,"Personalised posters with hangers from Pixora. Upload your photo, preview on a live product mockup, and we print and ship premium quality to your door. Ideal for home décor or gifting.",wall_hanging_poster_450-mm_white_wood_w14xt20-mm_a2_200-gsm-80lb-coated-silk_4-0_ver,https://upload.wikimedia.org/wikipedia/commons/c/ca/1x1.png,Yes
Posters with hangers — ver,"Personalised posters with hangers from Pixora. Upload your photo, preview on a live product mockup, and we print and ship premium quality to your door. Ideal for home décor or gifting.",wall_hanging_poster_450-mm_white_wood_w14xt20-mm_a2_200-gsm-80lb-uncoated_4-0_ver,https://upload.wikimedia.org/wikipedia/commons/c/ca/1x1.png,Yes
Posters with hangers — ver,"Personalised posters with hangers from Pixora. Upload your photo, preview on a live product mockup, and we print and ship premium quality to your door. Ideal for home décor or gifting.",wall_hanging_poster_450-mm_white_wood_w14xt20-mm_a2_250-gsm-100lb-uncoated-offwhite-archival_4-0_ver,https://upload.wikimedia.org/wikipedia/commons/c/ca/1x1.png,Yes
Posters with hangers — hor,"Personalised posters with hangers from Pixora. Upload your photo, preview on a live product mockup, and we print and ship premium quality to your door. Ideal for home décor or gifting.",wall_hanging_poster_450-mm_white_wood_w14xt20-mm_a3_170-gsm-65lb-coated-silk_4-0_hor,https://upload.wikimedia.org/wikipedia/commons/c/ca/1x1.png,Yes
Posters with hangers — hor,"Personalised posters with hangers from Pixora. Upload your photo, preview on a live product mockup, and we print and ship premium quality to your door. Ideal for home décor or gifting.",wall_hanging_poster_450-mm_white_wood_w14xt20-mm_a3_170-gsm-65lb-uncoated_4-0_hor,https://upload.wikimedia.org/wikipedia/commons/c/ca/1x1.png,Yes
Posters with hangers — hor,"Personalised posters with hangers from Pixora. Upload your photo, preview on a live product mockup, and we print and ship premium quality to your door. Ideal for home décor or gifting.",wall_hanging_poster_450-mm_white_wood_w14xt20-mm_a3_200-gsm-80lb-coated-silk_4-0_hor,https://upload.wikimedia.org/wikipedia/commons/c/ca/1x1.png,Yes
Posters with hangers — hor,"Personalised posters with hangers from Pixora. Upload your photo, preview on a live product mockup, and we print and ship premium quality to your door. Ideal for home décor or gifting.",wall_hanging_poster_450-mm_white_wood_w14xt20-mm_a3_200-gsm-80lb-uncoated_4-0_hor,https://upload.wikimedia.org/wikipedia/commons/c/ca/1x1.png,Yes
Posters with hangers — hor,"Personalised posters with hangers from Pixora. Upload your photo, preview on a live product mockup, and we print and ship premium quality to your door. Ideal for home décor or gifting.",wall_hanging_poster_450-mm_white_wood_w14xt20-mm_a3_250-gsm-100lb-uncoated-offwhite-archival_4-0_hor,https://upload.wikimedia.org/wikipedia/commons/c/ca/1x1.png,Yes
Posters with hangers — hor,"Personalised posters with hangers from Pixora. Upload your photo, preview on a live product mockup, and we print and ship premium quality to your door. Ideal for home décor or gifting.",wall_hanging_poster_450-mm_white_wood_w14xt20-mm_xl-280x430-mm_170-gsm-65lb-coated-silk_4-0_hor,https://upload.wikimedia.org/wikipedia/commons/c/ca/1x1.png,Yes
Posters with hangers — hor,"Personalised posters with hangers from Pixora. Upload your photo, preview on a live product mockup, and we print and ship premium quality to your door. Ideal for home décor or gifting.",wall_hanging_poster_450-mm_white_wood_w14xt20-mm_xl-280x430-mm_170-gsm-65lb-uncoated_4-0_hor,https://upload.wikimedia.org/wikipedia/commons/c/ca/1x1.png,Yes
Posters with hangers — hor,"Personalised posters with hangers from Pixora. Upload your photo, preview on a live product mockup, and we print and ship premium quality to your door. Ideal for home décor or gifting.",wall_hanging_poster_450-mm_white_wood_w14xt20-mm_xl-280x430-mm_200-gsm-80lb-coated-silk_4-0_hor,https://upload.wikimedia.org/wikipedia/commons/c/ca/1x1.png,Yes
Posters with hangers — hor,"Personalised posters with hangers from Pixora. Upload your photo, preview on a live product mockup, and we print and ship premium quality to your door. Ideal for home décor or gifting.",wall_hanging_poster_450-mm_white_wood_w14xt20-mm_xl-280x430-mm_200-gsm-80lb-uncoated_4-0_hor,https://upload.wikimedia.org/wikipedia/commons/c/ca/1x1.png,Yes
Posters with hangers — hor,"Personalised posters with hangers from Pixora. Upload your photo, preview on a live product mockup, and we print and ship premium quality to your door. Ideal for home décor or gifting.",wall_hanging_poster_450-mm_white_wood_w14xt20-mm_xl-280x430-mm_250-gsm-100lb-uncoated-offwhite-archival_4-0_hor,https://upload.wikimedia.org/wikipedia/commons/c/ca/1x1.png,Yes
Posters with hangers — hor,"Personalised posters with hangers from Pixora. Upload your photo, preview on a live product mockup, and we print and ship premium quality to your door. Ideal for home décor or gifting.",wall_hanging_poster_480-mm_black_wood_w14xt20-mm_12x18-inch-300x450-mm_170-gsm-65lb-coated-silk_4-0_hor,https://upload.wikimedia.org/wikipedia/commons/c/ca/1x1.png,Yes
Posters with hangers — hor,"Personalised posters with hangers from Pixora. Upload your photo, preview on a live product mockup, and we print and ship premium quality to your door. Ideal for home décor or gifting.",wall_hanging_poster_480-mm_black_wood_w14xt20-mm_12x18-inch-300x450-mm_170-gsm-65lb-uncoated_4-0_hor,https://upload.wikimedia.org/wikipedia/commons/c/ca/1x1.png,Yes
Posters with hangers — hor,"Personalised posters with hangers from Pixora. Upload your photo, preview on a live product mockup, and we print and ship premium quality to your door. Ideal for home décor or gifting.",wall_hanging_poster_480-mm_black_wood_w14xt20-mm_12x18-inch-300x450-mm_200-gsm-80lb-coated-silk_4-0_hor,https://upload.wikimedia.org/wikipedia/commons/c/ca/1x1.png,Yes
Posters with hangers — hor,"Personalised posters with hangers from Pixora. Upload your photo, preview on a live product mockup, and we print and ship premium quality to your door. Ideal for home décor or gifting.",wall_hanging_poster_480-mm_black_wood_w14xt20-mm_12x18-inch-300x450-mm_200-gsm-80lb-uncoated_4-0_hor,https://upload.wikimedia.org/wikipedia/commons/c/ca/1x1.png,Yes
Posters with hangers — hor,"Personalised posters with hangers from Pixora. Upload your photo, preview on a live product mockup, and we print and ship premium quality to your door. Ideal for home décor or gifting.",wall_hanging_poster_480-mm_black_wood_w14xt20-mm_12x18-inch-300x450-mm_250-gsm-100lb-uncoated-offwhite-archival_4-0_hor,https://upload.wikimedia.org/wikipedia/commons/c/ca/1x1.png,Yes
Posters with hangers — hor,"Personalised posters with hangers from Pixora. Upload your photo, preview on a live product mockup, and we print and ship premium quality to your door. Ideal for home décor or gifting.",wall_hanging_poster_480-mm_black_wood_w14xt20-mm_300x450-mm-12x18-inch_170-gsm-65lb-coated-silk_4-0_hor,https://upload.wikimedia.org/wikipedia/commons/c/ca/1x1.png,Yes
Posters with hangers — hor,"Personalised posters with hangers from Pixora. Upload your photo, preview on a live product mockup, and we print and ship premium quality to your door. Ideal for home décor or gifting.",wall_hanging_poster_480-mm_black_wood_w14xt20-mm_300x450-mm-12x18-inch_170-gsm-65lb-uncoated_4-0_hor,https://upload.wikimedia.org/wikipedia/commons/c/ca/1x1.png,Yes
Posters with hangers — hor,"Personalised posters with hangers from Pixora. Upload your photo, preview on a live product mockup, and we print and ship premium quality to your door. Ideal for home décor or gifting.",wall_hanging_poster_480-mm_black_wood_w14xt20-mm_300x450-mm-12x18-inch_200-gsm-80lb-coated-silk_4-0_hor,https://upload.wikimedia.org/wikipedia/commons/c/ca/1x1.png,Yes
Posters with hangers — hor,"Personalised posters with hangers from Pixora. Upload your photo, preview on a live product mockup, and we print and ship premium quality to your door. Ideal for home décor or gifting.",wall_hanging_poster_480-mm_black_wood_w14xt20-mm_300x450-mm-12x18-inch_200-gsm-80lb-uncoated_4-0_hor,https://upload.wikimedia.org/wikipedia/commons/c/ca/1x1.png,Yes
Posters with hangers — hor,"Personalised posters with hangers from Pixora. Upload your photo, preview on a live product mockup, and we print and ship premium quality to your door. Ideal for home décor or gifting.",wall_hanging_poster_480-mm_black_wood_w14xt20-mm_300x450-mm-12x18-inch_250-gsm-100lb-uncoated-offwhite-archival_4-0_hor,https://upload.wikimedia.org/wikipedia/commons/c/ca/1x1.png,Yes
Posters with hangers — hor,"Personalised posters with hangers from Pixora. Upload your photo, preview on a live product mockup, and we print and ship premium quality to your door. Ideal for home décor or gifting.",wall_hanging_poster_480-mm_dark-wood_wood_w14xt20-mm_12x18-inch-300x450-mm_170-gsm-65lb-coated-silk_4-0_hor,https://upload.wikimedia.org/wikipedia/commons/c/ca/1x1.png,Yes
Posters with hangers — hor,"Personalised posters with hangers from Pixora. Upload your photo, preview on a live product mockup, and we print and ship premium quality to your door. Ideal for home décor or gifting.",wall_hanging_poster_480-mm_dark-wood_wood_w14xt20-mm_12x18-inch-300x450-mm_170-gsm-65lb-uncoated_4-0_hor,https://upload.wikimedia.org/wikipedia/commons/c/ca/1x1.png,Yes
Posters with hangers — hor,"Personalised posters with hangers from Pixora. Upload your photo, preview on a live product mockup, and we print and ship premium quality to your door. Ideal for home décor or gifting.",wall_hanging_poster_480-mm_dark-wood_wood_w14xt20-mm_12x18-inch-300x450-mm_200-gsm-80lb-coated-silk_4-0_hor,https://upload.wikimedia.org/wikipedia/commons/c/ca/1x1.png,Yes
Posters with hangers — hor,"Personalised posters with hangers from Pixora. Upload your photo, preview on a live product mockup, and we print and ship premium quality to your door. Ideal for home décor or gifting.",wall_hanging_poster_480-mm_dark-wood_wood_w14xt20-mm_12x18-inch-300x450-mm_200-gsm-80lb-uncoated_4-0_hor,https://upload.wikimedia.org/wikipedia/commons/c/ca/1x1.png,Yes
Posters with hangers — hor,"Personalised posters with hangers from Pixora. Upload your photo, preview on a live product mockup, and we print and ship premium quality to your door. Ideal for home décor or gifting.",wall_hanging_poster_480-mm_dark-wood_wood_w14xt20-mm_12x18-inch-300x450-mm_250-gsm-100lb-uncoated-offwhite-archival_4-0_hor,https://upload.wikimedia.org/wikipedia/commons/c/ca/1x1.png,Yes
Posters with hangers — hor,"Personalised posters with hangers from Pixora. Upload your photo, preview on a live product mockup, and we print and ship premium quality to your door. Ideal for home décor or gifting.",wall_hanging_poster_480-mm_dark-wood_wood_w14xt20-mm_300x450-mm-12x18-inch_170-gsm-65lb-coated-silk_4-0_hor,https://upload.wikimedia.org/wikipedia/commons/c/ca/1x1.png,Yes
Posters with hangers — hor,"Personalised posters with hangers from Pixora. Upload your photo, preview on a live product mockup, and we print and ship premium quality to your door. Ideal for home décor or gifting.",wall_hanging_poster_480-mm_dark-wood_wood_w14xt20-mm_300x450-mm-12x18-inch_170-gsm-65lb-uncoated_4-0_hor,https://upload.wikimedia.org/wikipedia/commons/c/ca/1x1.png,Yes
Posters with hangers — hor,"Personalised posters with hangers from Pixora. Upload your photo, preview on a live product mockup, and we print and ship premium quality to your door. Ideal for home décor or gifting.",wall_hanging_poster_480-mm_dark-wood_wood_w14xt20-mm_300x450-mm-12x18-inch_200-gsm-80lb-coated-silk_4-0_hor,https://upload.wikimedia.org/wikipedia/commons/c/ca/1x1.png,Yes
Posters with hangers — hor,"Personalised posters with hangers from Pixora. Upload your photo, preview on a live product mockup, and we print and ship premium quality to your door. Ideal for home décor or gifting.",wall_hanging_poster_480-mm_dark-wood_wood_w14xt20-mm_300x450-mm-12x18-inch_200-gsm-80lb-uncoated_4-0_hor,https://upload.wikimedia.org/wikipedia/commons/c/ca/1x1.png,Yes
Posters with hangers — hor,"Personalised posters with hangers from Pixora. Upload your photo, preview on a live product mockup, and we print and ship premium quality to your door. Ideal for home décor or gifting.",wall_hanging_poster_480-mm_dark-wood_wood_w14xt20-mm_300x450-mm-12x18-inch_250-gsm-100lb-uncoated-offwhite-archival_4-0_hor,https://upload.wikimedia.org/wikipedia/commons/c/ca/1x1.png,Yes
Posters with hangers — hor,"Personalised posters with hangers from Pixora. Upload your photo, preview on a live product mockup, and we print and ship premium quality to your door. Ideal for home décor or gifting.",wall_hanging_poster_480-mm_natural-wood_wood_w14xt20-mm_12x18-inch-300x450-mm_170-gsm-65lb-coated-silk_4-0_hor,https://upload.wikimedia.org/wikipedia/commons/c/ca/1x1.png,Yes
Posters with hangers — hor,"Personalised posters with hangers from Pixora. Upload your photo, preview on a live product mockup, and we print and ship premium quality to your door. Ideal for home décor or gifting.",wall_hanging_poster_480-mm_natural-wood_wood_w14xt20-mm_12x18-inch-300x450-mm_170-gsm-65lb-uncoated_4-0_hor,https://upload.wikimedia.org/wikipedia/commons/c/ca/1x1.png,Yes
Posters with hangers — hor,"Personalised posters with hangers from Pixora. Upload your photo, preview on a live product mockup, and we print and ship premium quality to your door. Ideal for home décor or gifting.",wall_hanging_poster_480-mm_natural-wood_wood_w14xt20-mm_12x18-inch-300x450-mm_200-gsm-80lb-coated-silk_4-0_hor,https://upload.wikimedia.org/wikipedia/commons/c/ca/1x1.png,Yes
Posters with hangers — hor,"Personalised posters with hangers from Pixora. Upload your photo, preview on a live product mockup, and we print and ship premium quality to your door. Ideal for home décor or gifting.",wall_hanging_poster_480-mm_natural-wood_wood_w14xt20-mm_12x18-inch-300x450-mm_200-gsm-80lb-uncoated_4-0_hor,https://upload.wikimedia.org/wikipedia/commons/c/ca/1x1.png,Yes
Posters with hangers — hor,"Personalised posters with hangers from Pixora. Upload your photo, preview on a live product mockup, and we print and ship premium quality to your door. Ideal for home décor or gifting.",wall_hanging_poster_480-mm_natural-wood_wood_w14xt20-mm_12x18-inch-300x450-mm_250-gsm-100lb-uncoated-offwhite-archival_4-0_hor,https://upload.wikimedia.org/wikipedia/commons/c/ca/1x1.png,Yes
Posters with hangers — hor,"Personalised posters with hangers from Pixora. Upload your photo, preview on a live product mockup, and we print and ship premium quality to your door. Ideal for home décor or gifting.",wall_hanging_poster_480-mm_natural-wood_wood_w14xt20-mm_300x450-mm-12x18-inch_170-gsm-65lb-coated-silk_4-0_hor,https://upload.wikimedia.org/wikipedia/commons/c/ca/1x1.png,Yes
Posters with hangers — hor,"Personalised posters with hangers from Pixora. Upload your photo, preview on a live product mockup, and we print and ship premium quality to your door. Ideal for home décor or gifting.",wall_hanging_poster_480-mm_natural-wood_wood_w14xt20-mm_300x450-mm-12x18-inch_170-gsm-65lb-uncoated_4-0_hor,https://upload.wikimedia.org/wikipedia/commons/c/ca/1x1.png,Yes
Posters with hangers — hor,"Personalised posters with hangers from Pixora. Upload your photo, preview on a live product mockup, and we print and ship premium quality to your door. Ideal for home décor or gifting.",wall_hanging_poster_480-mm_natural-wood_wood_w14xt20-mm_300x450-mm-12x18-inch_200-gsm-80lb-coated-silk_4-0_hor,https://upload.wikimedia.org/wikipedia/commons/c/ca/1x1.png,Yes
Posters with hangers — hor,"Personalised posters with hangers from Pixora. Upload your photo, preview on a live product mockup, and we print and ship premium quality to your door. Ideal for home décor or gifting.",wall_hanging_poster_480-mm_natural-wood_wood_w14xt20-mm_300x450-mm-12x18-inch_200-gsm-80lb-uncoated_4-0_hor,https://upload.wikimedia.org/wikipedia/commons/c/ca/1x1.png,Yes
Posters with hangers — hor,"Personalised posters with hangers from Pixora. Upload your photo, preview on a live product mockup, and we print and ship premium quality to your door. Ideal for home décor or gifting.",wall_hanging_poster_480-mm_natural-wood_wood_w14xt20-mm_300x450-mm-12x18-inch_250-gsm-100lb-uncoated-offwhite-archival_4-0_hor,https://upload.wikimedia.org/wikipedia/commons/c/ca/1x1.png,Yes
Posters with hangers — hor,"Personalised posters with hangers from Pixora. Upload your photo, preview on a live product mockup, and we print and ship premium quality to your door. Ideal for home décor or gifting.",wall_hanging_poster_480-mm_white_wood_w14xt20-mm_12x18-inch-300x450-mm_170-gsm-65lb-coated-silk_4-0_hor,https://upload.wikimedia.org/wikipedia/commons/c/ca/1x1.png,Yes
Posters with hangers — hor,"Personalised posters with hangers from Pixora. Upload your photo, preview on a live product mockup, and we print and ship premium quality to your door. Ideal for home décor or gifting.",wall_hanging_poster_480-mm_white_wood_w14xt20-mm_12x18-inch-300x450-mm_170-gsm-65lb-uncoated_4-0_hor,https://upload.wikimedia.org/wikipedia/commons/c/ca/1x1.png,Yes
Posters with hangers — hor,"Personalised posters with hangers from Pixora. Upload your photo, preview on a live product mockup, and we print and ship premium quality to your door. Ideal for home décor or gifting.",wall_hanging_poster_480-mm_white_wood_w14xt20-mm_12x18-inch-300x450-mm_200-gsm-80lb-coated-silk_4-0_hor,https://upload.wikimedia.org/wikipedia/commons/c/ca/1x1.png,Yes
Posters with hangers — hor,"Personalised posters with hangers from Pixora. Upload your photo, preview on a live product mockup, and we print and ship premium quality to your door. Ideal for home décor or gifting.",wall_hanging_poster_480-mm_white_wood_w14xt20-mm_12x18-inch-300x450-mm_200-gsm-80lb-uncoated_4-0_hor,https://upload.wikimedia.org/wikipedia/commons/c/ca/1x1.png,Yes
Posters with hangers — hor,"Personalised posters with hangers from Pixora. Upload your photo, preview on a live product mockup, and we print and ship premium quality to your door. Ideal for home décor or gifting.",wall_hanging_poster_480-mm_white_wood_w14xt20-mm_12x18-inch-300x450-mm_250-gsm-100lb-uncoated-offwhite-archival_4-0_hor,https://upload.wikimedia.org/wikipedia/commons/c/ca/1x1.png,Yes
Posters with hangers — hor,"Personalised posters with hangers from Pixora. Upload your photo, preview on a live product mockup, and we print and ship premium quality to your door. Ideal for home décor or gifting.",wall_hanging_poster_480-mm_white_wood_w14xt20-mm_300x450-mm-12x18-inch_170-gsm-65lb-coated-silk_4-0_hor,https://upload.wikimedia.org/wikipedia/commons/c/ca/1x1.png,Yes
Posters with hangers — hor,"Personalised posters with hangers from Pixora. Upload your photo, preview on a live product mockup, and we print and ship premium quality to your door. Ideal for home décor or gifting.",wall_hanging_poster_480-mm_white_wood_w14xt20-mm_300x450-mm-12x18-inch_170-gsm-65lb-uncoated_4-0_hor,https://upload.wikimedia.org/wikipedia/commons/c/ca/1x1.png,Yes
Posters with hangers — hor,"Personalised posters with hangers from Pixora. Upload your photo, preview on a live product mockup, and we print and ship premium quality to your door. Ideal for home décor or gifting.",wall_hanging_poster_480-mm_white_wood_w14xt20-mm_300x450-mm-12x18-inch_200-gsm-80lb-coated-silk_4-0_hor,https://upload.wikimedia.org/wikipedia/commons/c/ca/1x1.png,Yes
Posters with hangers — hor,"Personalised posters with hangers from Pixora. Upload your photo, preview on a live product mockup, and we print and ship premium quality to your door. Ideal for home décor or gifting.",wall_hanging_poster_480-mm_white_wood_w14xt20-mm_300x450-mm-12x18-inch_200-gsm-80lb-uncoated_4-0_hor,https://upload.wikimedia.org/wikipedia/commons/c/ca/1x1.png,Yes
Posters with hangers — hor,"Personalised posters with hangers from Pixora. Upload your photo, preview on a live product mockup, and we print and ship premium quality to your door. Ideal for home décor or gifting.",wall_hanging_poster_480-mm_white_wood_w14xt20-mm_300x450-mm-12x18-inch_250-gsm-100lb-uncoated-offwhite-archival_4-0_hor,https://upload.wikimedia.org/wikipedia/commons/c/ca/1x1.png,Yes
Posters with hangers — hor,"Personalised posters with hangers from Pixora. Upload your photo, preview on a live product mockup, and we print and ship premium quality to your door. Ideal for home décor or gifting.",wall_hanging_poster_510-mm_black_wood_w14xt20-mm_16x20-inch-400x500-mm_170-gsm-65lb-coated-silk_4-0_hor,https://upload.wikimedia.org/wikipedia/commons/c/ca/1x1.png,Yes
Posters with hangers — hor,"Personalised posters with hangers from Pixora. Upload your photo, preview on a live product mockup, and we print and ship premium quality to your door. Ideal for home décor or gifting.",wall_hanging_poster_510-mm_black_wood_w14xt20-mm_16x20-inch-400x500-mm_170-gsm-65lb-uncoated_4-0_hor,https://upload.wikimedia.org/wikipedia/commons/c/ca/1x1.png,Yes
Posters with hangers — hor,"Personalised posters with hangers from Pixora. Upload your photo, preview on a live product mockup, and we print and ship premium quality to your door. Ideal for home décor or gifting.",wall_hanging_poster_510-mm_black_wood_w14xt20-mm_16x20-inch-400x500-mm_200-gsm-80lb-coated-silk_4-0_hor,https://upload.wikimedia.org/wikipedia/commons/c/ca/1x1.png,Yes
Posters with hangers — hor,"Personalised posters with hangers from Pixora. Upload your photo, preview on a live product mockup, and we print and ship premium quality to your door. Ideal for home décor or gifting.",wall_hanging_poster_510-mm_black_wood_w14xt20-mm_16x20-inch-400x500-mm_200-gsm-80lb-uncoated_4-0_hor,https://upload.wikimedia.org/wikipedia/commons/c/ca/1x1.png,Yes
Posters with hangers — hor,"Personalised posters with hangers from Pixora. Upload your photo, preview on a live product mockup, and we print and ship premium quality to your door. Ideal for home décor or gifting.",wall_hanging_poster_510-mm_black_wood_w14xt20-mm_16x20-inch-400x500-mm_250-gsm-100lb-uncoated-offwhite-archival_4-0_hor,https://upload.wikimedia.org/wikipedia/commons/c/ca/1x1.png,Yes
Posters with hangers — hor,"Personalised posters with hangers from Pixora. Upload your photo, preview on a live product mockup, and we print and ship premium quality to your door. Ideal for home décor or gifting.",wall_hanging_poster_510-mm_black_wood_w14xt20-mm_200x500-mm-8x20-inch_170-gsm-65lb-coated-silk_4-0_hor,https://upload.wikimedia.org/wikipedia/commons/c/ca/1x1.png,Yes
Posters with hangers — hor,"Personalised posters with hangers from Pixora. Upload your photo, preview on a live product mockup, and we print and ship premium quality to your door. Ideal for home décor or gifting.",wall_hanging_poster_510-mm_black_wood_w14xt20-mm_200x500-mm-8x20-inch_170-gsm-65lb-uncoated_4-0_hor,https://upload.wikimedia.org/wikipedia/commons/c/ca/1x1.png,Yes
Posters with hangers — hor,"Personalised posters with hangers from Pixora. Upload your photo, preview on a live product mockup, and we print and ship premium quality to your door. Ideal for home décor or gifting.",wall_hanging_poster_510-mm_black_wood_w14xt20-mm_200x500-mm-8x20-inch_200-gsm-80lb-coated-silk_4-0_hor,https://upload.wikimedia.org/wikipedia/commons/c/ca/1x1.png,Yes
Posters with hangers — hor,"Personalised posters with hangers from Pixora. Upload your photo, preview on a live product mockup, and we print and ship premium quality to your door. Ideal for home décor or gifting.",wall_hanging_poster_510-mm_black_wood_w14xt20-mm_200x500-mm-8x20-inch_200-gsm-80lb-uncoated_4-0_hor,https://upload.wikimedia.org/wikipedia/commons/c/ca/1x1.png,Yes
Posters with hangers — hor,"Personalised posters with hangers from Pixora. Upload your photo, preview on a live product mockup, and we print and ship premium quality to your door. Ideal for home décor or gifting.",wall_hanging_poster_510-mm_black_wood_w14xt20-mm_200x500-mm-8x20-inch_250-gsm-100lb-uncoated-offwhite-archival_4-0_hor,https://upload.wikimedia.org/wikipedia/commons/c/ca/1x1.png,Yes
Posters with hangers — hor,"Personalised posters with hangers from Pixora. Upload your photo, preview on a live product mockup, and we print and ship premium quality to your door. Ideal for home décor or gifting.",wall_hanging_poster_510-mm_black_wood_w14xt20-mm_20x20-inch-500x500-mm_170-gsm-65lb-coated-silk_4-0_hor,https://upload.wikimedia.org/wikipedia/commons/c/ca/1x1.png,Yes
Posters with hangers — ver,"Personalised posters with hangers from Pixora. Upload your photo, preview on a live product mockup, and we print and ship premium quality to your door. Ideal for home décor or gifting.",wall_hanging_poster_510-mm_black_wood_w14xt20-mm_20x20-inch-500x500-mm_170-gsm-65lb-coated-silk_4-0_ver,https://upload.wikimedia.org/wikipedia/commons/c/ca/1x1.png,Yes
Posters with hangers — hor,"Personalised posters with hangers from Pixora. Upload your photo, preview on a live product mockup, and we print and ship premium quality to your door. Ideal for home décor or gifting.",wall_hanging_poster_510-mm_black_wood_w14xt20-mm_20x20-inch-500x500-mm_170-gsm-65lb-uncoated_4-0_hor,https://upload.wikimedia.org/wikipedia/commons/c/ca/1x1.png,Yes
Posters with hangers — ver,"Personalised posters with hangers from Pixora. Upload your photo, preview on a live product mockup, and we print and ship premium quality to your door. Ideal for home décor or gifting.",wall_hanging_poster_510-mm_black_wood_w14xt20-mm_20x20-inch-500x500-mm_170-gsm-65lb-uncoated_4-0_ver,https://upload.wikimedia.org/wikipedia/commons/c/ca/1x1.png,Yes
Posters with hangers — hor,"Personalised posters with hangers from Pixora. Upload your photo, preview on a live product mockup, and we print and ship premium quality to your door. Ideal for home décor or gifting.",wall_hanging_poster_510-mm_black_wood_w14xt20-mm_20x20-inch-500x500-mm_200-gsm-80lb-coated-silk_4-0_hor,https://upload.wikimedia.org/wikipedia/commons/c/ca/1x1.png,Yes
Posters with hangers — ver,"Personalised posters with hangers from Pixora. Upload your photo, preview on a live product mockup, and we print and ship premium quality to your door. Ideal for home décor or gifting.",wall_hanging_poster_510-mm_black_wood_w14xt20-mm_20x20-inch-500x500-mm_200-gsm-80lb-coated-silk_4-0_ver,https://upload.wikimedia.org/wikipedia/commons/c/ca/1x1.png,Yes
Posters with hangers — hor,"Personalised posters with hangers from Pixora. Upload your photo, preview on a live product mockup, and we print and ship premium quality to your door. Ideal for home décor or gifting.",wall_hanging_poster_510-mm_black_wood_w14xt20-mm_20x20-inch-500x500-mm_200-gsm-80lb-uncoated_4-0_hor,https://upload.wikimedia.org/wikipedia/commons/c/ca/1x1.png,Yes
Posters with hangers — ver,"Personalised posters with hangers from Pixora. Upload your photo, preview on a live product mockup, and we print and ship premium quality to your door. Ideal for home décor or gifting.",wall_hanging_poster_510-mm_black_wood_w14xt20-mm_20x20-inch-500x500-mm_200-gsm-80lb-uncoated_4-0_ver,https://upload.wikimedia.org/wikipedia/commons/c/ca/1x1.png,Yes
Posters with hangers — hor,"Personalised posters with hangers from Pixora. Upload your photo, preview on a live product mockup, and we print and ship premium quality to your door. Ideal for home décor or gifting.",wall_hanging_poster_510-mm_black_wood_w14xt20-mm_20x20-inch-500x500-mm_250-gsm-100lb-uncoated-offwhite-archival_4-0_hor,https://upload.wikimedia.org/wikipedia/commons/c/ca/1x1.png,Yes
Posters with hangers — ver,"Personalised posters with hangers from Pixora. Upload your photo, preview on a live product mockup, and we print and ship premium quality to your door. Ideal for home décor or gifting.",wall_hanging_poster_510-mm_black_wood_w14xt20-mm_20x20-inch-500x500-mm_250-gsm-100lb-uncoated-offwhite-archival_4-0_ver,https://upload.wikimedia.org/wikipedia/commons/c/ca/1x1.png,Yes
Posters with hangers — ver,"Personalised posters with hangers from Pixora. Upload your photo, preview on a live product mockup, and we print and ship premium quality to your door. Ideal for home décor or gifting.",wall_hanging_poster_510-mm_black_wood_w14xt20-mm_20x28-inch-500x700-mm_170-gsm-65lb-coated-silk_4-0_ver,https://upload.wikimedia.org/wikipedia/commons/c/ca/1x1.png,Yes
Posters with hangers — ver,"Personalised posters with hangers from Pixora. Upload your photo, preview on a live product mockup, and we print and ship premium quality to your door. Ideal for home décor or gifting.",wall_hanging_poster_510-mm_black_wood_w14xt20-mm_20x28-inch-500x700-mm_170-gsm-65lb-uncoated_4-0_ver,https://upload.wikimedia.org/wikipedia/commons/c/ca/1x1.png,Yes
Posters with hangers — ver,"Personalised posters with hangers from Pixora. Upload your photo, preview on a live product mockup, and we print and ship premium quality to your door. Ideal for home décor or gifting.",wall_hanging_poster_510-mm_black_wood_w14xt20-mm_20x28-inch-500x700-mm_200-gsm-80lb-coated-silk_4-0_ver,https://upload.wikimedia.org/wikipedia/commons/c/ca/1x1.png,Yes
Posters with hangers — ver,"Personalised posters with hangers from Pixora. Upload your photo, preview on a live product mockup, and we print and ship premium quality to your door. Ideal for home décor or gifting.",wall_hanging_poster_510-mm_black_wood_w14xt20-mm_20x28-inch-500x700-mm_200-gsm-80lb-uncoated_4-0_ver,https://upload.wikimedia.org/wikipedia/commons/c/ca/1x1.png,Yes
Posters with hangers — ver,"Personalised posters with hangers from Pixora. Upload your photo, preview on a live product mockup, and we print and ship premium quality to your door. Ideal for home décor or gifting.",wall_hanging_poster_510-mm_black_wood_w14xt20-mm_20x28-inch-500x700-mm_250-gsm-100lb-uncoated-offwhite-archival_4-0_ver,https://upload.wikimedia.org/wikipedia/commons/c/ca/1x1.png,Yes
Posters with hangers — hor,"Personalised posters with hangers from Pixora. Upload your photo, preview on a live product mockup, and we print and ship premium quality to your door. Ideal for home décor or gifting.",wall_hanging_poster_510-mm_black_wood_w14xt20-mm_400x500-mm-16x20-inch_170-gsm-65lb-coated-silk_4-0_hor,https://upload.wikimedia.org/wikipedia/commons/c/ca/1x1.png,Yes
Posters with hangers — hor,"Personalised posters with hangers from Pixora. Upload your photo, preview on a live product mockup, and we print and ship premium quality to your door. Ideal for home décor or gifting.",wall_hanging_poster_510-mm_black_wood_w14xt20-mm_400x500-mm-16x20-inch_170-gsm-65lb-uncoated_4-0_hor,https://upload.wikimedia.org/wikipedia/commons/c/ca/1x1.png,Yes
Posters with hangers — hor,"Personalised posters with hangers from Pixora. Upload your photo, preview on a live product mockup, and we print and ship premium quality to your door. Ideal for home décor or gifting.",wall_hanging_poster_510-mm_black_wood_w14xt20-mm_400x500-mm-16x20-inch_200-gsm-80lb-coated-silk_4-0_hor,https://upload.wikimedia.org/wikipedia/commons/c/ca/1x1.png,Yes
Posters with hangers — hor,"Personalised posters with hangers from Pixora. Upload your photo, preview on a live product mockup, and we print and ship premium quality to your door. Ideal for home décor or gifting.",wall_hanging_poster_510-mm_black_wood_w14xt20-mm_400x500-mm-16x20-inch_200-gsm-80lb-uncoated_4-0_hor,https://upload.wikimedia.org/wikipedia/commons/c/ca/1x1.png,Yes
Posters with hangers — hor,"Personalised posters with hangers from Pixora. Upload your photo, preview on a live product mockup, and we print and ship premium quality to your door. Ideal for home décor or gifting.",wall_hanging_poster_510-mm_black_wood_w14xt20-mm_400x500-mm-16x20-inch_250-gsm-100lb-uncoated-offwhite-archival_4-0_hor,https://upload.wikimedia.org/wikipedia/commons/c/ca/1x1.png,Yes
Posters with hangers — hor,"Personalised posters with hangers from Pixora. Upload your photo, preview on a live product mockup, and we print and ship premium quality to your door. Ideal for home décor or gifting.",wall_hanging_poster_510-mm_black_wood_w14xt20-mm_500x500-mm-20x20-inch_170-gsm-65lb-coated-silk_4-0_hor,https://upload.wikimedia.org/wikipedia/commons/c/ca/1x1.png,Yes
Posters with hangers — ver,"Personalised posters with hangers from Pixora. Upload your photo, preview on a live product mockup, and we print and ship premium quality to your door. Ideal for home décor or gifting.",wall_hanging_poster_510-mm_black_wood_w14xt20-mm_500x500-mm-20x20-inch_170-gsm-65lb-coated-silk_4-0_ver,https://upload.wikimedia.org/wikipedia/commons/c/ca/1x1.png,Yes
Posters with hangers — hor,"Personalised posters with hangers from Pixora. Upload your photo, preview on a live product mockup, and we print and ship premium quality to your door. Ideal for home décor or gifting.",wall_hanging_poster_510-mm_black_wood_w14xt20-mm_500x500-mm-20x20-inch_170-gsm-65lb-uncoated_4-0_hor,https://upload.wikimedia.org/wikipedia/commons/c/ca/1x1.png,Yes
Posters with hangers — ver,"Personalised posters with hangers from Pixora. Upload your photo, preview on a live product mockup, and we print and ship premium quality to your door. Ideal for home décor or gifting.",wall_hanging_poster_510-mm_black_wood_w14xt20-mm_500x500-mm-20x20-inch_170-gsm-65lb-uncoated_4-0_ver,https://upload.wikimedia.org/wikipedia/commons/c/ca/1x1.png,Yes
Posters with hangers — hor,"Personalised posters with hangers from Pixora. Upload your photo, preview on a live product mockup, and we print and ship premium quality to your door. Ideal for home décor or gifting.",wall_hanging_poster_510-mm_black_wood_w14xt20-mm_500x500-mm-20x20-inch_200-gsm-80lb-coated-silk_4-0_hor,https://upload.wikimedia.org/wikipedia/commons/c/ca/1x1.png,Yes
Posters with hangers — ver,"Personalised posters with hangers from Pixora. Upload your photo, preview on a live product mockup, and we print and ship premium quality to your door. Ideal for home décor or gifting.",wall_hanging_poster_510-mm_black_wood_w14xt20-mm_500x500-mm-20x20-inch_200-gsm-80lb-coated-silk_4-0_ver,https://upload.wikimedia.org/wikipedia/commons/c/ca/1x1.png,Yes
Posters with hangers — hor,"Personalised posters with hangers from Pixora. Upload your photo, preview on a live product mockup, and we print and ship premium quality to your door. Ideal for home décor or gifting.",wall_hanging_poster_510-mm_black_wood_w14xt20-mm_500x500-mm-20x20-inch_200-gsm-80lb-uncoated_4-0_hor,https://upload.wikimedia.org/wikipedia/commons/c/ca/1x1.png,Yes
Posters with hangers — ver,"Personalised posters with hangers from Pixora. Upload your photo, preview on a live product mockup, and we print and ship premium quality to your door. Ideal for home décor or gifting.",wall_hanging_poster_510-mm_black_wood_w14xt20-mm_500x500-mm-20x20-inch_200-gsm-80lb-uncoated_4-0_ver,https://upload.wikimedia.org/wikipedia/commons/c/ca/1x1.png,Yes
Posters with hangers — hor,"Personalised posters with hangers from Pixora. Upload your photo, preview on a live product mockup, and we print and ship premium quality to your door. Ideal for home décor or gifting.",wall_hanging_poster_510-mm_black_wood_w14xt20-mm_500x500-mm-20x20-inch_250-gsm-100lb-uncoated-offwhite-archival_4-0_hor,https://upload.wikimedia.org/wikipedia/commons/c/ca/1x1.png,Yes
Posters with hangers — ver,"Personalised posters with hangers from Pixora. Upload your photo, preview on a live product mockup, and we print and ship premium quality to your door. Ideal for home décor or gifting.",wall_hanging_poster_510-mm_black_wood_w14xt20-mm_500x500-mm-20x20-inch_250-gsm-100lb-uncoated-offwhite-archival_4-0_ver,https://upload.wikimedia.org/wikipedia/commons/c/ca/1x1.png,Yes
Posters with hangers — ver,"Personalised posters with hangers from Pixora. Upload your photo, preview on a live product mockup, and we print and ship premium quality to your door. Ideal for home décor or gifting.",wall_hanging_poster_510-mm_black_wood_w14xt20-mm_500x700-mm-20x28-inch_170-gsm-65lb-coated-silk_4-0_ver,https://upload.wikimedia.org/wikipedia/commons/c/ca/1x1.png,Yes
Posters with hangers — ver,"Personalised posters with hangers from Pixora. Upload your photo, preview on a live product mockup, and we print and ship premium quality to your door. Ideal for home décor or gifting.",wall_hanging_poster_510-mm_black_wood_w14xt20-mm_500x700-mm-20x28-inch_170-gsm-65lb-uncoated_4-0_ver,https://upload.wikimedia.org/wikipedia/commons/c/ca/1x1.png,Yes
Posters with hangers — ver,"Personalised posters with hangers from Pixora. Upload your photo, preview on a live product mockup, and we print and ship premium quality to your door. Ideal for home décor or gifting.",wall_hanging_poster_510-mm_black_wood_w14xt20-mm_500x700-mm-20x28-inch_200-gsm-80lb-coated-silk_4-0_ver,https://upload.wikimedia.org/wikipedia/commons/c/ca/1x1.png,Yes
Posters with hangers — ver,"Personalised posters with hangers from Pixora. Upload your photo, preview on a live product mockup, and we print and ship premium quality to your door. Ideal for home décor or gifting.",wall_hanging_poster_510-mm_black_wood_w14xt20-mm_500x700-mm-20x28-inch_200-gsm-80lb-uncoated_4-0_ver,https://upload.wikimedia.org/wikipedia/commons/c/ca/1x1.png,Yes
Posters with hangers — ver,"Personalised posters with hangers from Pixora. Upload your photo, preview on a live product mockup, and we print and ship premium quality to your door. Ideal for home décor or gifting.",wall_hanging_poster_510-mm_black_wood_w14xt20-mm_500x700-mm-20x28-inch_250-gsm-100lb-uncoated-offwhite-archival_4-0_ver,https://upload.wikimedia.org/wikipedia/commons/c/ca/1x1.png,Yes
Posters with hangers — hor,"Personalised posters with hangers from Pixora. Upload your photo, preview on a live product mockup, and we print and ship premium quality to your door. Ideal for home décor or gifting.",wall_hanging_poster_510-mm_black_wood_w14xt20-mm_8x20-inch-200x500-mm_170-gsm-65lb-coated-silk_4-0_hor,https://upload.wikimedia.org/wikipedia/commons/c/ca/1x1.png,Yes
Posters with hangers — hor,"Personalised posters with hangers from Pixora. Upload your photo, preview on a live product mockup, and we print and ship premium quality to your door. Ideal for home décor or gifting.",wall_hanging_poster_510-mm_black_wood_w14xt20-mm_8x20-inch-200x500-mm_170-gsm-65lb-uncoated_4-0_hor,https://upload.wikimedia.org/wikipedia/commons/c/ca/1x1.png,Yes
Posters with hangers — hor,"Personalised posters with hangers from Pixora. Upload your photo, preview on a live product mockup, and we print and ship premium quality to your door. Ideal for home décor or gifting.",wall_hanging_poster_510-mm_black_wood_w14xt20-mm_8x20-inch-200x500-mm_200-gsm-80lb-coated-silk_4-0_hor,https://upload.wikimedia.org/wikipedia/commons/c/ca/1x1.png,Yes
Posters with hangers — hor,"Personalised posters with hangers from Pixora. Upload your photo, preview on a live product mockup, and we print and ship premium quality to your door. Ideal for home décor or gifting.",wall_hanging_poster_510-mm_black_wood_w14xt20-mm_8x20-inch-200x500-mm_200-gsm-80lb-uncoated_4-0_hor,https://upload.wikimedia.org/wikipedia/commons/c/ca/1x1.png,Yes
Posters with hangers — hor,"Personalised posters with hangers from Pixora. Upload your photo, preview on a live product mockup, and we print and ship premium quality to your door. Ideal for home décor or gifting.",wall_hanging_poster_510-mm_black_wood_w14xt20-mm_8x20-inch-200x500-mm_250-gsm-100lb-uncoated-offwhite-archival_4-0_hor,https://upload.wikimedia.org/wikipedia/commons/c/ca/1x1.png,Yes
Posters with hangers — hor,"Personalised posters with hangers from Pixora. Upload your photo, preview on a live product mockup, and we print and ship premium quality to your door. Ideal for home décor or gifting.",wall_hanging_poster_510-mm_dark-wood_wood_w14xt20-mm_16x20-inch-400x500-mm_170-gsm-65lb-coated-silk_4-0_hor,https://upload.wikimedia.org/wikipedia/commons/c/ca/1x1.png,Yes
Posters with hangers — hor,"Personalised posters with hangers from Pixora. Upload your photo, preview on a live product mockup, and we print and ship premium quality to your door. Ideal for home décor or gifting.",wall_hanging_poster_510-mm_dark-wood_wood_w14xt20-mm_16x20-inch-400x500-mm_170-gsm-65lb-uncoated_4-0_hor,https://upload.wikimedia.org/wikipedia/commons/c/ca/1x1.png,Yes
Posters with hangers — hor,"Personalised posters with hangers from Pixora. Upload your photo, preview on a live product mockup, and we print and ship premium quality to your door. Ideal for home décor or gifting.",wall_hanging_poster_510-mm_dark-wood_wood_w14xt20-mm_16x20-inch-400x500-mm_200-gsm-80lb-coated-silk_4-0_hor,https://upload.wikimedia.org/wikipedia/commons/c/ca/1x1.png,Yes
Posters with hangers — hor,"Personalised posters with hangers from Pixora. Upload your photo, preview on a live product mockup, and we print and ship premium quality to your door. Ideal for home décor or gifting.",wall_hanging_poster_510-mm_dark-wood_wood_w14xt20-mm_16x20-inch-400x500-mm_200-gsm-80lb-uncoated_4-0_hor,https://upload.wikimedia.org/wikipedia/commons/c/ca/1x1.png,Yes
Posters with hangers — hor,"Personalised posters with hangers from Pixora. Upload your photo, preview on a live product mockup, and we print and ship premium quality to your door. Ideal for home décor or gifting.",wall_hanging_poster_510-mm_dark-wood_wood_w14xt20-mm_16x20-inch-400x500-mm_250-gsm-100lb-uncoated-offwhite-archival_4-0_hor,https://upload.wikimedia.org/wikipedia/commons/c/ca/1x1.png,Yes
Posters with hangers — hor,"Personalised posters with hangers from Pixora. Upload your photo, preview on a live product mockup, and we print and ship premium quality to your door. Ideal for home décor or gifting.",wall_hanging_poster_510-mm_dark-wood_wood_w14xt20-mm_200x500-mm-8x20-inch_170-gsm-65lb-coated-silk_4-0_hor,https://upload.wikimedia.org/wikipedia/commons/c/ca/1x1.png,Yes
Posters with hangers — hor,"Personalised posters with hangers from Pixora. Upload your photo, preview on a live product mockup, and we print and ship premium quality to your door. Ideal for home décor or gifting.",wall_hanging_poster_510-mm_dark-wood_wood_w14xt20-mm_200x500-mm-8x20-inch_170-gsm-65lb-uncoated_4-0_hor,https://upload.wikimedia.org/wikipedia/commons/c/ca/1x1.png,Yes
Posters with hangers — hor,"Personalised posters with hangers from Pixora. Upload your photo, preview on a live product mockup, and we print and ship premium quality to your door. Ideal for home décor or gifting.",wall_hanging_poster_510-mm_dark-wood_wood_w14xt20-mm_200x500-mm-8x20-inch_200-gsm-80lb-coated-silk_4-0_hor,https://upload.wikimedia.org/wikipedia/commons/c/ca/1x1.png,Yes
Posters with hangers — hor,"Personalised posters with hangers from Pixora. Upload your photo, preview on a live product mockup, and we print and ship premium quality to your door. Ideal for home décor or gifting.",wall_hanging_poster_510-mm_dark-wood_wood_w14xt20-mm_200x500-mm-8x20-inch_200-gsm-80lb-uncoated_4-0_hor,https://upload.wikimedia.org/wikipedia/commons/c/ca/1x1.png,Yes
Posters with hangers — hor,"Personalised posters with hangers from Pixora. Upload your photo, preview on a live product mockup, and we print and ship premium quality to your door. Ideal for home décor or gifting.",wall_hanging_poster_510-mm_dark-wood_wood_w14xt20-mm_200x500-mm-8x20-inch_250-gsm-100lb-uncoated-offwhite-archival_4-0_hor,https://upload.wikimedia.org/wikipedia/commons/c/ca/1x1.png,Yes
Posters with hangers — hor,"Personalised posters with hangers from Pixora. Upload your photo, preview on a live product mockup, and we print and ship premium quality to your door. Ideal for home décor or gifting.",wall_hanging_poster_510-mm_dark-wood_wood_w14xt20-mm_20x20-inch-500x500-mm_170-gsm-65lb-coated-silk_4-0_hor,https://upload.wikimedia.org/wikipedia/commons/c/ca/1x1.png,Yes
Posters with hangers — ver,"Personalised posters with hangers from Pixora. Upload your photo, preview on a live product mockup, and we print and ship premium quality to your door. Ideal for home décor or gifting.",wall_hanging_poster_510-mm_dark-wood_wood_w14xt20-mm_20x20-inch-500x500-mm_170-gsm-65lb-coated-silk_4-0_ver,https://upload.wikimedia.org/wikipedia/commons/c/ca/1x1.png,Yes
Posters with hangers — hor,"Personalised posters with hangers from Pixora. Upload your photo, preview on a live product mockup, and we print and ship premium quality to your door. Ideal for home décor or gifting.",wall_hanging_poster_510-mm_dark-wood_wood_w14xt20-mm_20x20-inch-500x500-mm_170-gsm-65lb-uncoated_4-0_hor,https://upload.wikimedia.org/wikipedia/commons/c/ca/1x1.png,Yes
Posters with hangers — ver,"Personalised posters with hangers from Pixora. Upload your photo, preview on a live product mockup, and we print and ship premium quality to your door. Ideal for home décor or gifting.",wall_hanging_poster_510-mm_dark-wood_wood_w14xt20-mm_20x20-inch-500x500-mm_170-gsm-65lb-uncoated_4-0_ver,https://upload.wikimedia.org/wikipedia/commons/c/ca/1x1.png,Yes
Posters with hangers — hor,"Personalised posters with hangers from Pixora. Upload your photo, preview on a live product mockup, and we print and ship premium quality to your door. Ideal for home décor or gifting.",wall_hanging_poster_510-mm_dark-wood_wood_w14xt20-mm_20x20-inch-500x500-mm_200-gsm-80lb-coated-silk_4-0_hor,https://upload.wikimedia.org/wikipedia/commons/c/ca/1x1.png,Yes
Posters with hangers — ver,"Personalised posters with hangers from Pixora. Upload your photo, preview on a live product mockup, and we print and ship premium quality to your door. Ideal for home décor or gifting.",wall_hanging_poster_510-mm_dark-wood_wood_w14xt20-mm_20x20-inch-500x500-mm_200-gsm-80lb-coated-silk_4-0_ver,https://upload.wikimedia.org/wikipedia/commons/c/ca/1x1.png,Yes
Posters with hangers — hor,"Personalised posters with hangers from Pixora. Upload your photo, preview on a live product mockup, and we print and ship premium quality to your door. Ideal for home décor or gifting.",wall_hanging_poster_510-mm_dark-wood_wood_w14xt20-mm_20x20-inch-500x500-mm_200-gsm-80lb-uncoated_4-0_hor,https://upload.wikimedia.org/wikipedia/commons/c/ca/1x1.png,Yes
Posters with hangers — ver,"Personalised posters with hangers from Pixora. Upload your photo, preview on a live product mockup, and we print and ship premium quality to your door. Ideal for home décor or gifting.",wall_hanging_poster_510-mm_dark-wood_wood_w14xt20-mm_20x20-inch-500x500-mm_200-gsm-80lb-uncoated_4-0_ver,https://upload.wikimedia.org/wikipedia/commons/c/ca/1x1.png,Yes
Posters with hangers — hor,"Personalised posters with hangers from Pixora. Upload your photo, preview on a live product mockup, and we print and ship premium quality to your door. Ideal for home décor or gifting.",wall_hanging_poster_510-mm_dark-wood_wood_w14xt20-mm_20x20-inch-500x500-mm_250-gsm-100lb-uncoated-offwhite-archival_4-0_hor,https://upload.wikimedia.org/wikipedia/commons/c/ca/1x1.png,Yes
Posters with hangers — ver,"Personalised posters with hangers from Pixora. Upload your photo, preview on a live product mockup, and we print and ship premium quality to your door. Ideal for home décor or gifting.",wall_hanging_poster_510-mm_dark-wood_wood_w14xt20-mm_20x20-inch-500x500-mm_250-gsm-100lb-uncoated-offwhite-archival_4-0_ver,https://upload.wikimedia.org/wikipedia/commons/c/ca/1x1.png,Yes
Posters with hangers — ver,"Personalised posters with hangers from Pixora. Upload your photo, preview on a live product mockup, and we print and ship premium quality to your door. Ideal for home décor or gifting.",wall_hanging_poster_510-mm_dark-wood_wood_w14xt20-mm_20x28-inch-500x700-mm_170-gsm-65lb-coated-silk_4-0_ver,https://upload.wikimedia.org/wikipedia/commons/c/ca/1x1.png,Yes
Posters with hangers — ver,"Personalised posters with hangers from Pixora. Upload your photo, preview on a live product mockup, and we print and ship premium quality to your door. Ideal for home décor or gifting.",wall_hanging_poster_510-mm_dark-wood_wood_w14xt20-mm_20x28-inch-500x700-mm_170-gsm-65lb-uncoated_4-0_ver,https://upload.wikimedia.org/wikipedia/commons/c/ca/1x1.png,Yes
Posters with hangers — ver,"Personalised posters with hangers from Pixora. Upload your photo, preview on a live product mockup, and we print and ship premium quality to your door. Ideal for home décor or gifting.",wall_hanging_poster_510-mm_dark-wood_wood_w14xt20-mm_20x28-inch-500x700-mm_200-gsm-80lb-coated-silk_4-0_ver,https://upload.wikimedia.org/wikipedia/commons/c/ca/1x1.png,Yes
Posters with hangers — ver,"Personalised posters with hangers from Pixora. Upload your photo, preview on a live product mockup, and we print and ship premium quality to your door. Ideal for home décor or gifting.",wall_hanging_poster_510-mm_dark-wood_wood_w14xt20-mm_20x28-inch-500x700-mm_200-gsm-80lb-uncoated_4-0_ver,https://upload.wikimedia.org/wikipedia/commons/c/ca/1x1.png,Yes
Posters with hangers — ver,"Personalised posters with hangers from Pixora. Upload your photo, preview on a live product mockup, and we print and ship premium quality to your door. Ideal for home décor or gifting.",wall_hanging_poster_510-mm_dark-wood_wood_w14xt20-mm_20x28-inch-500x700-mm_250-gsm-100lb-uncoated-offwhite-archival_4-0_ver,https://upload.wikimedia.org/wikipedia/commons/c/ca/1x1.png,Yes
Posters with hangers — hor,"Personalised posters with hangers from Pixora. Upload your photo, preview on a live product mockup, and we print and ship premium quality to your door. Ideal for home décor or gifting.",wall_hanging_poster_510-mm_dark-wood_wood_w14xt20-mm_400x500-mm-16x20-inch_170-gsm-65lb-coated-silk_4-0_hor,https://upload.wikimedia.org/wikipedia/commons/c/ca/1x1.png,Yes
Posters with hangers — hor,"Personalised posters with hangers from Pixora. Upload your photo, preview on a live product mockup, and we print and ship premium quality to your door. Ideal for home décor or gifting.",wall_hanging_poster_510-mm_dark-wood_wood_w14xt20-mm_400x500-mm-16x20-inch_170-gsm-65lb-uncoated_4-0_hor,https://upload.wikimedia.org/wikipedia/commons/c/ca/1x1.png,Yes
Posters with hangers — hor,"Personalised posters with hangers from Pixora. Upload your photo, preview on a live product mockup, and we print and ship premium quality to your door. Ideal for home décor or gifting.",wall_hanging_poster_510-mm_dark-wood_wood_w14xt20-mm_400x500-mm-16x20-inch_200-gsm-80lb-coated-silk_4-0_hor,https://upload.wikimedia.org/wikipedia/commons/c/ca/1x1.png,Yes
Posters with hangers — hor,"Personalised posters with hangers from Pixora. Upload your photo, preview on a live product mockup, and we print and ship premium quality to your door. Ideal for home décor or gifting.",wall_hanging_poster_510-mm_dark-wood_wood_w14xt20-mm_400x500-mm-16x20-inch_200-gsm-80lb-uncoated_4-0_hor,https://upload.wikimedia.org/wikipedia/commons/c/ca/1x1.png,Yes
Posters with hangers — hor,"Personalised posters with hangers from Pixora. Upload your photo, preview on a live product mockup, and we print and ship premium quality to your door. Ideal for home décor or gifting.",wall_hanging_poster_510-mm_dark-wood_wood_w14xt20-mm_400x500-mm-16x20-inch_250-gsm-100lb-uncoated-offwhite-archival_4-0_hor,https://upload.wikimedia.org/wikipedia/commons/c/ca/1x1.png,Yes
Posters with hangers — hor,"Personalised posters with hangers from Pixora. Upload your photo, preview on a live product mockup, and we print and ship premium quality to your door. Ideal for home décor or gifting.",wall_hanging_poster_510-mm_dark-wood_wood_w14xt20-mm_500x500-mm-20x20-inch_170-gsm-65lb-coated-silk_4-0_hor,https://upload.wikimedia.org/wikipedia/commons/c/ca/1x1.png,Yes
Posters with hangers — ver,"Personalised posters with hangers from Pixora. Upload your photo, preview on a live product mockup, and we print and ship premium quality to your door. Ideal for home décor or gifting.",wall_hanging_poster_510-mm_dark-wood_wood_w14xt20-mm_500x500-mm-20x20-inch_170-gsm-65lb-coated-silk_4-0_ver,https://upload.wikimedia.org/wikipedia/commons/c/ca/1x1.png,Yes
Posters with hangers — hor,"Personalised posters with hangers from Pixora. Upload your photo, preview on a live product mockup, and we print and ship premium quality to your door. Ideal for home décor or gifting.",wall_hanging_poster_510-mm_dark-wood_wood_w14xt20-mm_500x500-mm-20x20-inch_170-gsm-65lb-uncoated_4-0_hor,https://upload.wikimedia.org/wikipedia/commons/c/ca/1x1.png,Yes
Posters with hangers — ver,"Personalised posters with hangers from Pixora. Upload your photo, preview on a live product mockup, and we print and ship premium quality to your door. Ideal for home décor or gifting.",wall_hanging_poster_510-mm_dark-wood_wood_w14xt20-mm_500x500-mm-20x20-inch_170-gsm-65lb-uncoated_4-0_ver,https://upload.wikimedia.org/wikipedia/commons/c/ca/1x1.png,Yes
Posters with hangers — hor,"Personalised posters with hangers from Pixora. Upload your photo, preview on a live product mockup, and we print and ship premium quality to your door. Ideal for home décor or gifting.",wall_hanging_poster_510-mm_dark-wood_wood_w14xt20-mm_500x500-mm-20x20-inch_200-gsm-80lb-coated-silk_4-0_hor,https://upload.wikimedia.org/wikipedia/commons/c/ca/1x1.png,Yes
Posters with hangers — ver,"Personalised posters with hangers from Pixora. Upload your photo, preview on a live product mockup, and we print and ship premium quality to your door. Ideal for home décor or gifting.",wall_hanging_poster_510-mm_dark-wood_wood_w14xt20-mm_500x500-mm-20x20-inch_200-gsm-80lb-coated-silk_4-0_ver,https://upload.wikimedia.org/wikipedia/commons/c/ca/1x1.png,Yes
Posters with hangers — hor,"Personalised posters with hangers from Pixora. Upload your photo, preview on a live product mockup, and we print and ship premium quality to your door. Ideal for home décor or gifting.",wall_hanging_poster_510-mm_dark-wood_wood_w14xt20-mm_500x500-mm-20x20-inch_200-gsm-80lb-uncoated_4-0_hor,https://upload.wikimedia.org/wikipedia/commons/c/ca/1x1.png,Yes
Posters with hangers — ver,"Personalised posters with hangers from Pixora. Upload your photo, preview on a live product mockup, and we print and ship premium quality to your door. Ideal for home décor or gifting.",wall_hanging_poster_510-mm_dark-wood_wood_w14xt20-mm_500x500-mm-20x20-inch_200-gsm-80lb-uncoated_4-0_ver,https://upload.wikimedia.org/wikipedia/commons/c/ca/1x1.png,Yes
Posters with hangers — hor,"Personalised posters with hangers from Pixora. Upload your photo, preview on a live product mockup, and we print and ship premium quality to your door. Ideal for home décor or gifting.",wall_hanging_poster_510-mm_dark-wood_wood_w14xt20-mm_500x500-mm-20x20-inch_250-gsm-100lb-uncoated-offwhite-archival_4-0_hor,https://upload.wikimedia.org/wikipedia/commons/c/ca/1x1.png,Yes
Posters with hangers — ver,"Personalised posters with hangers from Pixora. Upload your photo, preview on a live product mockup, and we print and ship premium quality to your door. Ideal for home décor or gifting.",wall_hanging_poster_510-mm_dark-wood_wood_w14xt20-mm_500x500-mm-20x20-inch_250-gsm-100lb-uncoated-offwhite-archival_4-0_ver,https://upload.wikimedia.org/wikipedia/commons/c/ca/1x1.png,Yes
Posters with hangers — ver,"Personalised posters with hangers from Pixora. Upload your photo, preview on a live product mockup, and we print and ship premium quality to your door. Ideal for home décor or gifting.",wall_hanging_poster_510-mm_dark-wood_wood_w14xt20-mm_500x700-mm-20x28-inch_170-gsm-65lb-coated-silk_4-0_ver,https://upload.wikimedia.org/wikipedia/commons/c/ca/1x1.png,Yes
Posters with hangers — ver,"Personalised posters with hangers from Pixora. Upload your photo, preview on a live product mockup, and we print and ship premium quality to your door. Ideal for home décor or gifting.",wall_hanging_poster_510-mm_dark-wood_wood_w14xt20-mm_500x700-mm-20x28-inch_170-gsm-65lb-uncoated_4-0_ver,https://upload.wikimedia.org/wikipedia/commons/c/ca/1x1.png,Yes
Posters with hangers — ver,"Personalised posters with hangers from Pixora. Upload your photo, preview on a live product mockup, and we print and ship premium quality to your door. Ideal for home décor or gifting.",wall_hanging_poster_510-mm_dark-wood_wood_w14xt20-mm_500x700-mm-20x28-inch_200-gsm-80lb-coated-silk_4-0_ver,https://upload.wikimedia.org/wikipedia/commons/c/ca/1x1.png,Yes
Posters with hangers — ver,"Personalised posters with hangers from Pixora. Upload your photo, preview on a live product mockup, and we print and ship premium quality to your door. Ideal for home décor or gifting.",wall_hanging_poster_510-mm_dark-wood_wood_w14xt20-mm_500x700-mm-20x28-inch_200-gsm-80lb-uncoated_4-0_ver,https://upload.wikimedia.org/wikipedia/commons/c/ca/1x1.png,Yes
Posters with hangers — ver,"Personalised posters with hangers from Pixora. Upload your photo, preview on a live product mockup, and we print and ship premium quality to your door. Ideal for home décor or gifting.",wall_hanging_poster_510-mm_dark-wood_wood_w14xt20-mm_500x700-mm-20x28-inch_250-gsm-100lb-uncoated-offwhite-archival_4-0_ver,https://upload.wikimedia.org/wikipedia/commons/c/ca/1x1.png,Yes
Posters with hangers — hor,"Personalised posters with hangers from Pixora. Upload your photo, preview on a live product mockup, and we print and ship premium quality to your door. Ideal for home décor or gifting.",wall_hanging_poster_510-mm_dark-wood_wood_w14xt20-mm_8x20-inch-200x500-mm_170-gsm-65lb-coated-silk_4-0_hor,https://upload.wikimedia.org/wikipedia/commons/c/ca/1x1.png,Yes
Posters with hangers — hor,"Personalised posters with hangers from Pixora. Upload your photo, preview on a live product mockup, and we print and ship premium quality to your door. Ideal for home décor or gifting.",wall_hanging_poster_510-mm_dark-wood_wood_w14xt20-mm_8x20-inch-200x500-mm_170-gsm-65lb-uncoated_4-0_hor,https://upload.wikimedia.org/wikipedia/commons/c/ca/1x1.png,Yes
Posters with hangers — hor,"Personalised posters with hangers from Pixora. Upload your photo, preview on a live product mockup, and we print and ship premium quality to your door. Ideal for home décor or gifting.",wall_hanging_poster_510-mm_dark-wood_wood_w14xt20-mm_8x20-inch-200x500-mm_200-gsm-80lb-coated-silk_4-0_hor,https://upload.wikimedia.org/wikipedia/commons/c/ca/1x1.png,Yes
Posters with hangers — hor,"Personalised posters with hangers from Pixora. Upload your photo, preview on a live product mockup, and we print and ship premium quality to your door. Ideal for home décor or gifting.",wall_hanging_poster_510-mm_dark-wood_wood_w14xt20-mm_8x20-inch-200x500-mm_200-gsm-80lb-uncoated_4-0_hor,https://upload.wikimedia.org/wikipedia/commons/c/ca/1x1.png,Yes
Posters with hangers — hor,"Personalised posters with hangers from Pixora. Upload your photo, preview on a live product mockup, and we print and ship premium quality to your door. Ideal for home décor or gifting.",wall_hanging_poster_510-mm_dark-wood_wood_w14xt20-mm_8x20-inch-200x500-mm_250-gsm-100lb-uncoated-offwhite-archival_4-0_hor,https://upload.wikimedia.org/wikipedia/commons/c/ca/1x1.png,Yes
Posters with hangers — hor,"Personalised posters with hangers from Pixora. Upload your photo, preview on a live product mockup, and we print and ship premium quality to your door. Ideal for home décor or gifting.",wall_hanging_poster_510-mm_natural-wood_wood_w14xt20-mm_16x20-inch-400x500-mm_170-gsm-65lb-coated-silk_4-0_hor,https://upload.wikimedia.org/wikipedia/commons/c/ca/1x1.png,Yes
Posters with hangers — hor,"Personalised posters with hangers from Pixora. Upload your photo, preview on a live product mockup, and we print and ship premium quality to your door. Ideal for home décor or gifting.",wall_hanging_poster_510-mm_natural-wood_wood_w14xt20-mm_16x20-inch-400x500-mm_170-gsm-65lb-uncoated_4-0_hor,https://upload.wikimedia.org/wikipedia/commons/c/ca/1x1.png,Yes
Posters with hangers — hor,"Personalised posters with hangers from Pixora. Upload your photo, preview on a live product mockup, and we print and ship premium quality to your door. Ideal for home décor or gifting.",wall_hanging_poster_510-mm_natural-wood_wood_w14xt20-mm_16x20-inch-400x500-mm_200-gsm-80lb-coated-silk_4-0_hor,https://upload.wikimedia.org/wikipedia/commons/c/ca/1x1.png,Yes
Posters with hangers — hor,"Personalised posters with hangers from Pixora. Upload your photo, preview on a live product mockup, and we print and ship premium quality to your door. Ideal for home décor or gifting.",wall_hanging_poster_510-mm_natural-wood_wood_w14xt20-mm_16x20-inch-400x500-mm_200-gsm-80lb-uncoated_4-0_hor,https://upload.wikimedia.org/wikipedia/commons/c/ca/1x1.png,Yes
Posters with hangers — hor,"Personalised posters with hangers from Pixora. Upload your photo, preview on a live product mockup, and we print and ship premium quality to your door. Ideal for home décor or gifting.",wall_hanging_poster_510-mm_natural-wood_wood_w14xt20-mm_16x20-inch-400x500-mm_250-gsm-100lb-uncoated-offwhite-archival_4-0_hor,https://upload.wikimedia.org/wikipedia/commons/c/ca/1x1.png,Yes
Posters with hangers — hor,"Personalised posters with hangers from Pixora. Upload your photo, preview on a live product mockup, and we print and ship premium quality to your door. Ideal for home décor or gifting.",wall_hanging_poster_510-mm_natural-wood_wood_w14xt20-mm_200x500-mm-8x20-inch_170-gsm-65lb-coated-silk_4-0_hor,https://upload.wikimedia.org/wikipedia/commons/c/ca/1x1.png,Yes
Posters with hangers — hor,"Personalised posters with hangers from Pixora. Upload your photo, preview on a live product mockup, and we print and ship premium quality to your door. Ideal for home décor or gifting.",wall_hanging_poster_510-mm_natural-wood_wood_w14xt20-mm_200x500-mm-8x20-inch_170-gsm-65lb-uncoated_4-0_hor,https://upload.wikimedia.org/wikipedia/commons/c/ca/1x1.png,Yes
Posters with hangers — hor,"Personalised posters with hangers from Pixora. Upload your photo, preview on a live product mockup, and we print and ship premium quality to your door. Ideal for home décor or gifting.",wall_hanging_poster_510-mm_natural-wood_wood_w14xt20-mm_200x500-mm-8x20-inch_200-gsm-80lb-coated-silk_4-0_hor,https://upload.wikimedia.org/wikipedia/commons/c/ca/1x1.png,Yes
Posters with hangers — hor,"Personalised posters with hangers from Pixora. Upload your photo, preview on a live product mockup, and we print and ship premium quality to your door. Ideal for home décor or gifting.",wall_hanging_poster_510-mm_natural-wood_wood_w14xt20-mm_200x500-mm-8x20-inch_200-gsm-80lb-uncoated_4-0_hor,https://upload.wikimedia.org/wikipedia/commons/c/ca/1x1.png,Yes
Posters with hangers — hor,"Personalised posters with hangers from Pixora. Upload your photo, preview on a live product mockup, and we print and ship premium quality to your door. Ideal for home décor or gifting.",wall_hanging_poster_510-mm_natural-wood_wood_w14xt20-mm_200x500-mm-8x20-inch_250-gsm-100lb-uncoated-offwhite-archival_4-0_hor,https://upload.wikimedia.org/wikipedia/commons/c/ca/1x1.png,Yes
Posters with hangers — hor,"Personalised posters with hangers from Pixora. Upload your photo, preview on a live product mockup, and we print and ship premium quality to your door. Ideal for home décor or gifting.",wall_hanging_poster_510-mm_natural-wood_wood_w14xt20-mm_20x20-inch-500x500-mm_170-gsm-65lb-coated-silk_4-0_hor,https://upload.wikimedia.org/wikipedia/commons/c/ca/1x1.png,Yes
Posters with hangers — ver,"Personalised posters with hangers from Pixora. Upload your photo, preview on a live product mockup, and we print and ship premium quality to your door. Ideal for home décor or gifting.",wall_hanging_poster_510-mm_natural-wood_wood_w14xt20-mm_20x20-inch-500x500-mm_170-gsm-65lb-coated-silk_4-0_ver,https://upload.wikimedia.org/wikipedia/commons/c/ca/1x1.png,Yes
Posters with hangers — hor,"Personalised posters with hangers from Pixora. Upload your photo, preview on a live product mockup, and we print and ship premium quality to your door. Ideal for home décor or gifting.",wall_hanging_poster_510-mm_natural-wood_wood_w14xt20-mm_20x20-inch-500x500-mm_170-gsm-65lb-uncoated_4-0_hor,https://upload.wikimedia.org/wikipedia/commons/c/ca/1x1.png,Yes
Posters with hangers — ver,"Personalised posters with hangers from Pixora. Upload your photo, preview on a live product mockup, and we print and ship premium quality to your door. Ideal for home décor or gifting.",wall_hanging_poster_510-mm_natural-wood_wood_w14xt20-mm_20x20-inch-500x500-mm_170-gsm-65lb-uncoated_4-0_ver,https://upload.wikimedia.org/wikipedia/commons/c/ca/1x1.png,Yes
Posters with hangers — hor,"Personalised posters with hangers from Pixora. Upload your photo, preview on a live product mockup, and we print and ship premium quality to your door. Ideal for home décor or gifting.",wall_hanging_poster_510-mm_natural-wood_wood_w14xt20-mm_20x20-inch-500x500-mm_200-gsm-80lb-coated-silk_4-0_hor,https://upload.wikimedia.org/wikipedia/commons/c/ca/1x1.png,Yes
Posters with hangers — ver,"Personalised posters with hangers from Pixora. Upload your photo, preview on a live product mockup, and we print and ship premium quality to your door. Ideal for home décor or gifting.",wall_hanging_poster_510-mm_natural-wood_wood_w14xt20-mm_20x20-inch-500x500-mm_200-gsm-80lb-coated-silk_4-0_ver,https://upload.wikimedia.org/wikipedia/commons/c/ca/1x1.png,Yes
Posters with hangers — hor,"Personalised posters with hangers from Pixora. Upload your photo, preview on a live product mockup, and we print and ship premium quality to your door. Ideal for home décor or gifting.",wall_hanging_poster_510-mm_natural-wood_wood_w14xt20-mm_20x20-inch-500x500-mm_200-gsm-80lb-uncoated_4-0_hor,https://upload.wikimedia.org/wikipedia/commons/c/ca/1x1.png,Yes
Posters with hangers — ver,"Personalised posters with hangers from Pixora. Upload your photo, preview on a live product mockup, and we print and ship premium quality to your door. Ideal for home décor or gifting.",wall_hanging_poster_510-mm_natural-wood_wood_w14xt20-mm_20x20-inch-500x500-mm_200-gsm-80lb-uncoated_4-0_ver,https://upload.wikimedia.org/wikipedia/commons/c/ca/1x1.png,Yes
Posters with hangers — hor,"Personalised posters with hangers from Pixora. Upload your photo, preview on a live product mockup, and we print and ship premium quality to your door. Ideal for home décor or gifting.",wall_hanging_poster_510-mm_natural-wood_wood_w14xt20-mm_20x20-inch-500x500-mm_250-gsm-100lb-uncoated-offwhite-archival_4-0_hor,https://upload.wikimedia.org/wikipedia/commons/c/ca/1x1.png,Yes
Posters with hangers — ver,"Personalised posters with hangers from Pixora. Upload your photo, preview on a live product mockup, and we print and ship premium quality to your door. Ideal for home décor or gifting.",wall_hanging_poster_510-mm_natural-wood_wood_w14xt20-mm_20x20-inch-500x500-mm_250-gsm-100lb-uncoated-offwhite-archival_4-0_ver,https://upload.wikimedia.org/wikipedia/commons/c/ca/1x1.png,Yes
Posters with hangers — ver,"Personalised posters with hangers from Pixora. Upload your photo, preview on a live product mockup, and we print and ship premium quality to your door. Ideal for home décor or gifting.",wall_hanging_poster_510-mm_natural-wood_wood_w14xt20-mm_20x28-inch-500x700-mm_170-gsm-65lb-coated-silk_4-0_ver,https://upload.wikimedia.org/wikipedia/commons/c/ca/1x1.png,Yes
Posters with hangers — ver,"Personalised posters with hangers from Pixora. Upload your photo, preview on a live product mockup, and we print and ship premium quality to your door. Ideal for home décor or gifting.",wall_hanging_poster_510-mm_natural-wood_wood_w14xt20-mm_20x28-inch-500x700-mm_170-gsm-65lb-uncoated_4-0_ver,https://upload.wikimedia.org/wikipedia/commons/c/ca/1x1.png,Yes
Posters with hangers — ver,"Personalised posters with hangers from Pixora. Upload your photo, preview on a live product mockup, and we print and ship premium quality to your door. Ideal for home décor or gifting.",wall_hanging_poster_510-mm_natural-wood_wood_w14xt20-mm_20x28-inch-500x700-mm_200-gsm-80lb-coated-silk_4-0_ver,https://upload.wikimedia.org/wikipedia/commons/c/ca/1x1.png,Yes
Posters with hangers — ver,"Personalised posters with hangers from Pixora. Upload your photo, preview on a live product mockup, and we print and ship premium quality to your door. Ideal for home décor or gifting.",wall_hanging_poster_510-mm_natural-wood_wood_w14xt20-mm_20x28-inch-500x700-mm_200-gsm-80lb-uncoated_4-0_ver,https://upload.wikimedia.org/wikipedia/commons/c/ca/1x1.png,Yes
Posters with hangers — ver,"Personalised posters with hangers from Pixora. Upload your photo, preview on a live product mockup, and we print and ship premium quality to your door. Ideal for home décor or gifting.",wall_hanging_poster_510-mm_natural-wood_wood_w14xt20-mm_20x28-inch-500x700-mm_250-gsm-100lb-uncoated-offwhite-archival_4-0_ver,https://upload.wikimedia.org/wikipedia/commons/c/ca/1x1.png,Yes
Posters with hangers — hor,"Personalised posters with hangers from Pixora. Upload your photo, preview on a live product mockup, and we print and ship premium quality to your door. Ideal for home décor or gifting.",wall_hanging_poster_510-mm_natural-wood_wood_w14xt20-mm_400x500-mm-16x20-inch_170-gsm-65lb-coated-silk_4-0_hor,https://upload.wikimedia.org/wikipedia/commons/c/ca/1x1.png,Yes
Posters with hangers — hor,"Personalised posters with hangers from Pixora. Upload your photo, preview on a live product mockup, and we print and ship premium quality to your door. Ideal for home décor or gifting.",wall_hanging_poster_510-mm_natural-wood_wood_w14xt20-mm_400x500-mm-16x20-inch_170-gsm-65lb-uncoated_4-0_hor,https://upload.wikimedia.org/wikipedia/commons/c/ca/1x1.png,Yes
Posters with hangers — hor,"Personalised posters with hangers from Pixora. Upload your photo, preview on a live product mockup, and we print and ship premium quality to your door. Ideal for home décor or gifting.",wall_hanging_poster_510-mm_natural-wood_wood_w14xt20-mm_400x500-mm-16x20-inch_200-gsm-80lb-coated-silk_4-0_hor,https://upload.wikimedia.org/wikipedia/commons/c/ca/1x1.png,Yes
Posters with hangers — hor,"Personalised posters with hangers from Pixora. Upload your photo, preview on a live product mockup, and we print and ship premium quality to your door. Ideal for home décor or gifting.",wall_hanging_poster_510-mm_natural-wood_wood_w14xt20-mm_400x500-mm-16x20-inch_200-gsm-80lb-uncoated_4-0_hor,https://upload.wikimedia.org/wikipedia/commons/c/ca/1x1.png,Yes
Posters with hangers — hor,"Personalised posters with hangers from Pixora. Upload your photo, preview on a live product mockup, and we print and ship premium quality to your door. Ideal for home décor or gifting.",wall_hanging_poster_510-mm_natural-wood_wood_w14xt20-mm_400x500-mm-16x20-inch_250-gsm-100lb-uncoated-offwhite-archival_4-0_hor,https://upload.wikimedia.org/wikipedia/commons/c/ca/1x1.png,Yes
Posters with hangers — hor,"Personalised posters with hangers from Pixora. Upload your photo, preview on a live product mockup, and we print and ship premium quality to your door. Ideal for home décor or gifting.",wall_hanging_poster_510-mm_natural-wood_wood_w14xt20-mm_500x500-mm-20x20-inch_170-gsm-65lb-coated-silk_4-0_hor,https://upload.wikimedia.org/wikipedia/commons/c/ca/1x1.png,Yes
Posters with hangers — ver,"Personalised posters with hangers from Pixora. Upload your photo, preview on a live product mockup, and we print and ship premium quality to your door. Ideal for home décor or gifting.",wall_hanging_poster_510-mm_natural-wood_wood_w14xt20-mm_500x500-mm-20x20-inch_170-gsm-65lb-coated-silk_4-0_ver,https://upload.wikimedia.org/wikipedia/commons/c/ca/1x1.png,Yes
Posters with hangers — hor,"Personalised posters with hangers from Pixora. Upload your photo, preview on a live product mockup, and we print and ship premium quality to your door. Ideal for home décor or gifting.",wall_hanging_poster_510-mm_natural-wood_wood_w14xt20-mm_500x500-mm-20x20-inch_170-gsm-65lb-uncoated_4-0_hor,https://upload.wikimedia.org/wikipedia/commons/c/ca/1x1.png,Yes
Posters with hangers — ver,"Personalised posters with hangers from Pixora. Upload your photo, preview on a live product mockup, and we print and ship premium quality to your door. Ideal for home décor or gifting.",wall_hanging_poster_510-mm_natural-wood_wood_w14xt20-mm_500x500-mm-20x20-inch_170-gsm-65lb-uncoated_4-0_ver,https://upload.wikimedia.org/wikipedia/commons/c/ca/1x1.png,Yes
Posters with hangers — hor,"Personalised posters with hangers from Pixora. Upload your photo, preview on a live product mockup, and we print and ship premium quality to your door. Ideal for home décor or gifting.",wall_hanging_poster_510-mm_natural-wood_wood_w14xt20-mm_500x500-mm-20x20-inch_200-gsm-80lb-coated-silk_4-0_hor,https://upload.wikimedia.org/wikipedia/commons/c/ca/1x1.png,Yes
Posters with hangers — ver,"Personalised posters with hangers from Pixora. Upload your photo, preview on a live product mockup, and we print and ship premium quality to your door. Ideal for home décor or gifting.",wall_hanging_poster_510-mm_natural-wood_wood_w14xt20-mm_500x500-mm-20x20-inch_200-gsm-80lb-coated-silk_4-0_ver,https://upload.wikimedia.org/wikipedia/commons/c/ca/1x1.png,Yes
Posters with hangers — hor,"Personalised posters with hangers from Pixora. Upload your photo, preview on a live product mockup, and we print and ship premium quality to your door. Ideal for home décor or gifting.",wall_hanging_poster_510-mm_natural-wood_wood_w14xt20-mm_500x500-mm-20x20-inch_200-gsm-80lb-uncoated_4-0_hor,https://upload.wikimedia.org/wikipedia/commons/c/ca/1x1.png,Yes
Posters with hangers — ver,"Personalised posters with hangers from Pixora. Upload your photo, preview on a live product mockup, and we print and ship premium quality to your door. Ideal for home décor or gifting.",wall_hanging_poster_510-mm_natural-wood_wood_w14xt20-mm_500x500-mm-20x20-inch_200-gsm-80lb-uncoated_4-0_ver,https://upload.wikimedia.org/wikipedia/commons/c/ca/1x1.png,Yes
Posters with hangers — hor,"Personalised posters with hangers from Pixora. Upload your photo, preview on a live product mockup, and we print and ship premium quality to your door. Ideal for home décor or gifting.",wall_hanging_poster_510-mm_natural-wood_wood_w14xt20-mm_500x500-mm-20x20-inch_250-gsm-100lb-uncoated-offwhite-archival_4-0_hor,https://upload.wikimedia.org/wikipedia/commons/c/ca/1x1.png,Yes
Posters with hangers — ver,"Personalised posters with hangers from Pixora. Upload your photo, preview on a live product mockup, and we print and ship premium quality to your door. Ideal for home décor or gifting.",wall_hanging_poster_510-mm_natural-wood_wood_w14xt20-mm_500x500-mm-20x20-inch_250-gsm-100lb-uncoated-offwhite-archival_4-0_ver,https://upload.wikimedia.org/wikipedia/commons/c/ca/1x1.png,Yes
Posters with hangers — ver,"Personalised posters with hangers from Pixora. Upload your photo, preview on a live product mockup, and we print and ship premium quality to your door. Ideal for home décor or gifting.",wall_hanging_poster_510-mm_natural-wood_wood_w14xt20-mm_500x700-mm-20x28-inch_170-gsm-65lb-coated-silk_4-0_ver,https://upload.wikimedia.org/wikipedia/commons/c/ca/1x1.png,Yes
Posters with hangers — ver,"Personalised posters with hangers from Pixora. Upload your photo, preview on a live product mockup, and we print and ship premium quality to your door. Ideal for home décor or gifting.",wall_hanging_poster_510-mm_natural-wood_wood_w14xt20-mm_500x700-mm-20x28-inch_170-gsm-65lb-uncoated_4-0_ver,https://upload.wikimedia.org/wikipedia/commons/c/ca/1x1.png,Yes
Posters with hangers — ver,"Personalised posters with hangers from Pixora. Upload your photo, preview on a live product mockup, and we print and ship premium quality to your door. Ideal for home décor or gifting.",wall_hanging_poster_510-mm_natural-wood_wood_w14xt20-mm_500x700-mm-20x28-inch_200-gsm-80lb-coated-silk_4-0_ver,https://upload.wikimedia.org/wikipedia/commons/c/ca/1x1.png,Yes
Posters with hangers — ver,"Personalised posters with hangers from Pixora. Upload your photo, preview on a live product mockup, and we print and ship premium quality to your door. Ideal for home décor or gifting.",wall_hanging_poster_510-mm_natural-wood_wood_w14xt20-mm_500x700-mm-20x28-inch_200-gsm-80lb-uncoated_4-0_ver,https://upload.wikimedia.org/wikipedia/commons/c/ca/1x1.png,Yes
Posters with hangers — ver,"Personalised posters with hangers from Pixora. Upload your photo, preview on a live product mockup, and we print and ship premium quality to your door. Ideal for home décor or gifting.",wall_hanging_poster_510-mm_natural-wood_wood_w14xt20-mm_500x700-mm-20x28-inch_250-gsm-100lb-uncoated-offwhite-archival_4-0_ver,https://upload.wikimedia.org/wikipedia/commons/c/ca/1x1.png,Yes
Posters with hangers — hor,"Personalised posters with hangers from Pixora. Upload your photo, preview on a live product mockup, and we print and ship premium quality to your door. Ideal for home décor or gifting.",wall_hanging_poster_510-mm_natural-wood_wood_w14xt20-mm_8x20-inch-200x500-mm_170-gsm-65lb-coated-silk_4-0_hor,https://upload.wikimedia.org/wikipedia/commons/c/ca/1x1.png,Yes
Posters with hangers — hor,"Personalised posters with hangers from Pixora. Upload your photo, preview on a live product mockup, and we print and ship premium quality to your door. Ideal for home décor or gifting.",wall_hanging_poster_510-mm_natural-wood_wood_w14xt20-mm_8x20-inch-200x500-mm_170-gsm-65lb-uncoated_4-0_hor,https://upload.wikimedia.org/wikipedia/commons/c/ca/1x1.png,Yes
Posters with hangers — hor,"Personalised posters with hangers from Pixora. Upload your photo, preview on a live product mockup, and we print and ship premium quality to your door. Ideal for home décor or gifting.",wall_hanging_poster_510-mm_natural-wood_wood_w14xt20-mm_8x20-inch-200x500-mm_200-gsm-80lb-coated-silk_4-0_hor,https://upload.wikimedia.org/wikipedia/commons/c/ca/1x1.png,Yes
Posters with hangers — hor,"Personalised posters with hangers from Pixora. Upload your photo, preview on a live product mockup, and we print and ship premium quality to your door. Ideal for home décor or gifting.",wall_hanging_poster_510-mm_natural-wood_wood_w14xt20-mm_8x20-inch-200x500-mm_200-gsm-80lb-uncoated_4-0_hor,https://upload.wikimedia.org/wikipedia/commons/c/ca/1x1.png,Yes
Posters with hangers — hor,"Personalised posters with hangers from Pixora. Upload your photo, preview on a live product mockup, and we print and ship premium quality to your door. Ideal for home décor or gifting.",wall_hanging_poster_510-mm_natural-wood_wood_w14xt20-mm_8x20-inch-200x500-mm_250-gsm-100lb-uncoated-offwhite-archival_4-0_hor,https://upload.wikimedia.org/wikipedia/commons/c/ca/1x1.png,Yes
Posters with hangers — hor,"Personalised posters with hangers from Pixora. Upload your photo, preview on a live product mockup, and we print and ship premium quality to your door. Ideal for home décor or gifting.",wall_hanging_poster_510-mm_white_wood_w14xt20-mm_16x20-inch-400x500-mm_170-gsm-65lb-coated-silk_4-0_hor,https://upload.wikimedia.org/wikipedia/commons/c/ca/1x1.png,Yes
Posters with hangers — hor,"Personalised posters with hangers from Pixora. Upload your photo, preview on a live product mockup, and we print and ship premium quality to your door. Ideal for home décor or gifting.",wall_hanging_poster_510-mm_white_wood_w14xt20-mm_16x20-inch-400x500-mm_170-gsm-65lb-uncoated_4-0_hor,https://upload.wikimedia.org/wikipedia/commons/c/ca/1x1.png,Yes
Posters with hangers — hor,"Personalised posters with hangers from Pixora. Upload your photo, preview on a live product mockup, and we print and ship premium quality to your door. Ideal for home décor or gifting.",wall_hanging_poster_510-mm_white_wood_w14xt20-mm_16x20-inch-400x500-mm_200-gsm-80lb-coated-silk_4-0_hor,https://upload.wikimedia.org/wikipedia/commons/c/ca/1x1.png,Yes
Posters with hangers — hor,"Personalised posters with hangers from Pixora. Upload your photo, preview on a live product mockup, and we print and ship premium quality to your door. Ideal for home décor or gifting.",wall_hanging_poster_510-mm_white_wood_w14xt20-mm_16x20-inch-400x500-mm_200-gsm-80lb-uncoated_4-0_hor,https://upload.wikimedia.org/wikipedia/commons/c/ca/1x1.png,Yes
Posters with hangers — hor,"Personalised posters with hangers from Pixora. Upload your photo, preview on a live product mockup, and we print and ship premium quality to your door. Ideal for home décor or gifting.",wall_hanging_poster_510-mm_white_wood_w14xt20-mm_16x20-inch-400x500-mm_250-gsm-100lb-uncoated-offwhite-archival_4-0_hor,https://upload.wikimedia.org/wikipedia/commons/c/ca/1x1.png,Yes
Posters with hangers — hor,"Personalised posters with hangers from Pixora. Upload your photo, preview on a live product mockup, and we print and ship premium quality to your door. Ideal for home décor or gifting.",wall_hanging_poster_510-mm_white_wood_w14xt20-mm_200x500-mm-8x20-inch_170-gsm-65lb-coated-silk_4-0_hor,https://upload.wikimedia.org/wikipedia/commons/c/ca/1x1.png,Yes
Posters with hangers — hor,"Personalised posters with hangers from Pixora. Upload your photo, preview on a live product mockup, and we print and ship premium quality to your door. Ideal for home décor or gifting.",wall_hanging_poster_510-mm_white_wood_w14xt20-mm_200x500-mm-8x20-inch_170-gsm-65lb-uncoated_4-0_hor,https://upload.wikimedia.org/wikipedia/commons/c/ca/1x1.png,Yes
Posters with hangers — hor,"Personalised posters with hangers from Pixora. Upload your photo, preview on a live product mockup, and we print and ship premium quality to your door. Ideal for home décor or gifting.",wall_hanging_poster_510-mm_white_wood_w14xt20-mm_200x500-mm-8x20-inch_200-gsm-80lb-coated-silk_4-0_hor,https://upload.wikimedia.org/wikipedia/commons/c/ca/1x1.png,Yes
Posters with hangers — hor,"Personalised posters with hangers from Pixora. Upload your photo, preview on a live product mockup, and we print and ship premium quality to your door. Ideal for home décor or gifting.",wall_hanging_poster_510-mm_white_wood_w14xt20-mm_200x500-mm-8x20-inch_200-gsm-80lb-uncoated_4-0_hor,https://upload.wikimedia.org/wikipedia/commons/c/ca/1x1.png,Yes
Posters with hangers — hor,"Personalised posters with hangers from Pixora. Upload your photo, preview on a live product mockup, and we print and ship premium quality to your door. Ideal for home décor or gifting.",wall_hanging_poster_510-mm_white_wood_w14xt20-mm_200x500-mm-8x20-inch_250-gsm-100lb-uncoated-offwhite-archival_4-0_hor,https://upload.wikimedia.org/wikipedia/commons/c/ca/1x1.png,Yes
Posters with hangers — hor,"Personalised posters with hangers from Pixora. Upload your photo, preview on a live product mockup, and we print and ship premium quality to your door. Ideal for home décor or gifting.",wall_hanging_poster_510-mm_white_wood_w14xt20-mm_20x20-inch-500x500-mm_170-gsm-65lb-coated-silk_4-0_hor,https://upload.wikimedia.org/wikipedia/commons/c/ca/1x1.png,Yes
Posters with hangers — ver,"Personalised posters with hangers from Pixora. Upload your photo, preview on a live product mockup, and we print and ship premium quality to your door. Ideal for home décor or gifting.",wall_hanging_poster_510-mm_white_wood_w14xt20-mm_20x20-inch-500x500-mm_170-gsm-65lb-coated-silk_4-0_ver,https://upload.wikimedia.org/wikipedia/commons/c/ca/1x1.png,Yes
Posters with hangers — hor,"Personalised posters with hangers from Pixora. Upload your photo, preview on a live product mockup, and we print and ship premium quality to your door. Ideal for home décor or gifting.",wall_hanging_poster_510-mm_white_wood_w14xt20-mm_20x20-inch-500x500-mm_170-gsm-65lb-uncoated_4-0_hor,https://upload.wikimedia.org/wikipedia/commons/c/ca/1x1.png,Yes
Posters with hangers — ver,"Personalised posters with hangers from Pixora. Upload your photo, preview on a live product mockup, and we print and ship premium quality to your door. Ideal for home décor or gifting.",wall_hanging_poster_510-mm_white_wood_w14xt20-mm_20x20-inch-500x500-mm_170-gsm-65lb-uncoated_4-0_ver,https://upload.wikimedia.org/wikipedia/commons/c/ca/1x1.png,Yes
Posters with hangers — hor,"Personalised posters with hangers from Pixora. Upload your photo, preview on a live product mockup, and we print and ship premium quality to your door. Ideal for home décor or gifting.",wall_hanging_poster_510-mm_white_wood_w14xt20-mm_20x20-inch-500x500-mm_200-gsm-80lb-coated-silk_4-0_hor,https://upload.wikimedia.org/wikipedia/commons/c/ca/1x1.png,Yes
Posters with hangers — ver,"Personalised posters with hangers from Pixora. Upload your photo, preview on a live product mockup, and we print and ship premium quality to your door. Ideal for home décor or gifting.",wall_hanging_poster_510-mm_white_wood_w14xt20-mm_20x20-inch-500x500-mm_200-gsm-80lb-coated-silk_4-0_ver,https://upload.wikimedia.org/wikipedia/commons/c/ca/1x1.png,Yes
Posters with hangers — hor,"Personalised posters with hangers from Pixora. Upload your photo, preview on a live product mockup, and we print and ship premium quality to your door. Ideal for home décor or gifting.",wall_hanging_poster_510-mm_white_wood_w14xt20-mm_20x20-inch-500x500-mm_200-gsm-80lb-uncoated_4-0_hor,https://upload.wikimedia.org/wikipedia/commons/c/ca/1x1.png,Yes
Posters with hangers — ver,"Personalised posters with hangers from Pixora. Upload your photo, preview on a live product mockup, and we print and ship premium quality to your door. Ideal for home décor or gifting.",wall_hanging_poster_510-mm_white_wood_w14xt20-mm_20x20-inch-500x500-mm_200-gsm-80lb-uncoated_4-0_ver,https://upload.wikimedia.org/wikipedia/commons/c/ca/1x1.png,Yes
Posters with hangers — hor,"Personalised posters with hangers from Pixora. Upload your photo, preview on a live product mockup, and we print and ship premium quality to your door. Ideal for home décor or gifting.",wall_hanging_poster_510-mm_white_wood_w14xt20-mm_20x20-inch-500x500-mm_250-gsm-100lb-uncoated-offwhite-archival_4-0_hor,https://upload.wikimedia.org/wikipedia/commons/c/ca/1x1.png,Yes
Posters with hangers — ver,"Personalised posters with hangers from Pixora. Upload your photo, preview on a live product mockup, and we print and ship premium quality to your door. Ideal for home décor or gifting.",wall_hanging_poster_510-mm_white_wood_w14xt20-mm_20x20-inch-500x500-mm_250-gsm-100lb-uncoated-offwhite-archival_4-0_ver,https://upload.wikimedia.org/wikipedia/commons/c/ca/1x1.png,Yes
Posters with hangers — ver,"Personalised posters with hangers from Pixora. Upload your photo, preview on a live product mockup, and we print and ship premium quality to your door. Ideal for home décor or gifting.",wall_hanging_poster_510-mm_white_wood_w14xt20-mm_20x28-inch-500x700-mm_170-gsm-65lb-coated-silk_4-0_ver,https://upload.wikimedia.org/wikipedia/commons/c/ca/1x1.png,Yes
Posters with hangers — ver,"Personalised posters with hangers from Pixora. Upload your photo, preview on a live product mockup, and we print and ship premium quality to your door. Ideal for home décor or gifting.",wall_hanging_poster_510-mm_white_wood_w14xt20-mm_20x28-inch-500x700-mm_170-gsm-65lb-uncoated_4-0_ver,https://upload.wikimedia.org/wikipedia/commons/c/ca/1x1.png,Yes
Posters with hangers — ver,"Personalised posters with hangers from Pixora. Upload your photo, preview on a live product mockup, and we print and ship premium quality to your door. Ideal for home décor or gifting.",wall_hanging_poster_510-mm_white_wood_w14xt20-mm_20x28-inch-500x700-mm_200-gsm-80lb-coated-silk_4-0_ver,https://upload.wikimedia.org/wikipedia/commons/c/ca/1x1.png,Yes
Posters with hangers — ver,"Personalised posters with hangers from Pixora. Upload your photo, preview on a live product mockup, and we print and ship premium quality to your door. Ideal for home décor or gifting.",wall_hanging_poster_510-mm_white_wood_w14xt20-mm_20x28-inch-500x700-mm_200-gsm-80lb-uncoated_4-0_ver,https://upload.wikimedia.org/wikipedia/commons/c/ca/1x1.png,Yes
Posters with hangers — ver,"Personalised posters with hangers from Pixora. Upload your photo, preview on a live product mockup, and we print and ship premium quality to your door. Ideal for home décor or gifting.",wall_hanging_poster_510-mm_white_wood_w14xt20-mm_20x28-inch-500x700-mm_250-gsm-100lb-uncoated-offwhite-archival_4-0_ver,https://upload.wikimedia.org/wikipedia/commons/c/ca/1x1.png,Yes
Posters with hangers — hor,"Personalised posters with hangers from Pixora. Upload your photo, preview on a live product mockup, and we print and ship premium quality to your door. Ideal for home décor or gifting.",wall_hanging_poster_510-mm_white_wood_w14xt20-mm_400x500-mm-16x20-inch_170-gsm-65lb-coated-silk_4-0_hor,https://upload.wikimedia.org/wikipedia/commons/c/ca/1x1.png,Yes
Posters with hangers — hor,"Personalised posters with hangers from Pixora. Upload your photo, preview on a live product mockup, and we print and ship premium quality to your door. Ideal for home décor or gifting.",wall_hanging_poster_510-mm_white_wood_w14xt20-mm_400x500-mm-16x20-inch_170-gsm-65lb-uncoated_4-0_hor,https://upload.wikimedia.org/wikipedia/commons/c/ca/1x1.png,Yes
Posters with hangers — hor,"Personalised posters with hangers from Pixora. Upload your photo, preview on a live product mockup, and we print and ship premium quality to your door. Ideal for home décor or gifting.",wall_hanging_poster_510-mm_white_wood_w14xt20-mm_400x500-mm-16x20-inch_200-gsm-80lb-coated-silk_4-0_hor,https://upload.wikimedia.org/wikipedia/commons/c/ca/1x1.png,Yes
Posters with hangers — hor,"Personalised posters with hangers from Pixora. Upload your photo, preview on a live product mockup, and we print and ship premium quality to your door. Ideal for home décor or gifting.",wall_hanging_poster_510-mm_white_wood_w14xt20-mm_400x500-mm-16x20-inch_200-gsm-80lb-uncoated_4-0_hor,https://upload.wikimedia.org/wikipedia/commons/c/ca/1x1.png,Yes
Posters with hangers — hor,"Personalised posters with hangers from Pixora. Upload your photo, preview on a live product mockup, and we print and ship premium quality to your door. Ideal for home décor or gifting.",wall_hanging_poster_510-mm_white_wood_w14xt20-mm_400x500-mm-16x20-inch_250-gsm-100lb-uncoated-offwhite-archival_4-0_hor,https://upload.wikimedia.org/wikipedia/commons/c/ca/1x1.png,Yes
Posters with hangers — hor,"Personalised posters with hangers from Pixora. Upload your photo, preview on a live product mockup, and we print and ship premium quality to your door. Ideal for home décor or gifting.",wall_hanging_poster_510-mm_white_wood_w14xt20-mm_500x500-mm-20x20-inch_170-gsm-65lb-coated-silk_4-0_hor,https://upload.wikimedia.org/wikipedia/commons/c/ca/1x1.png,Yes
Posters with hangers — ver,"Personalised posters with hangers from Pixora. Upload your photo, preview on a live product mockup, and we print and ship premium quality to your door. Ideal for home décor or gifting.",wall_hanging_poster_510-mm_white_wood_w14xt20-mm_500x500-mm-20x20-inch_170-gsm-65lb-coated-silk_4-0_ver,https://upload.wikimedia.org/wikipedia/commons/c/ca/1x1.png,Yes
Posters with hangers — hor,"Personalised posters with hangers from Pixora. Upload your photo, preview on a live product mockup, and we print and ship premium quality to your door. Ideal for home décor or gifting.",wall_hanging_poster_510-mm_white_wood_w14xt20-mm_500x500-mm-20x20-inch_170-gsm-65lb-uncoated_4-0_hor,https://upload.wikimedia.org/wikipedia/commons/c/ca/1x1.png,Yes
Posters with hangers — ver,"Personalised posters with hangers from Pixora. Upload your photo, preview on a live product mockup, and we print and ship premium quality to your door. Ideal for home décor or gifting.",wall_hanging_poster_510-mm_white_wood_w14xt20-mm_500x500-mm-20x20-inch_170-gsm-65lb-uncoated_4-0_ver,https://upload.wikimedia.org/wikipedia/commons/c/ca/1x1.png,Yes
Posters with hangers — hor,"Personalised posters with hangers from Pixora. Upload your photo, preview on a live product mockup, and we print and ship premium quality to your door. Ideal for home décor or gifting.",wall_hanging_poster_510-mm_white_wood_w14xt20-mm_500x500-mm-20x20-inch_200-gsm-80lb-coated-silk_4-0_hor,https://upload.wikimedia.org/wikipedia/commons/c/ca/1x1.png,Yes
Posters with hangers — ver,"Personalised posters with hangers from Pixora. Upload your photo, preview on a live product mockup, and we print and ship premium quality to your door. Ideal for home décor or gifting.",wall_hanging_poster_510-mm_white_wood_w14xt20-mm_500x500-mm-20x20-inch_200-gsm-80lb-coated-silk_4-0_ver,https://upload.wikimedia.org/wikipedia/commons/c/ca/1x1.png,Yes
Posters with hangers — hor,"Personalised posters with hangers from Pixora. Upload your photo, preview on a live product mockup, and we print and ship premium quality to your door. Ideal for home décor or gifting.",wall_hanging_poster_510-mm_white_wood_w14xt20-mm_500x500-mm-20x20-inch_200-gsm-80lb-uncoated_4-0_hor,https://upload.wikimedia.org/wikipedia/commons/c/ca/1x1.png,Yes
Posters with hangers — ver,"Personalised posters with hangers from Pixora. Upload your photo, preview on a live product mockup, and we print and ship premium quality to your door. Ideal for home décor or gifting.",wall_hanging_poster_510-mm_white_wood_w14xt20-mm_500x500-mm-20x20-inch_200-gsm-80lb-uncoated_4-0_ver,https://upload.wikimedia.org/wikipedia/commons/c/ca/1x1.png,Yes
Posters with hangers — hor,"Personalised posters with hangers from Pixora. Upload your photo, preview on a live product mockup, and we print and ship premium quality to your door. Ideal for home décor or gifting.",wall_hanging_poster_510-mm_white_wood_w14xt20-mm_500x500-mm-20x20-inch_250-gsm-100lb-uncoated-offwhite-archival_4-0_hor,https://upload.wikimedia.org/wikipedia/commons/c/ca/1x1.png,Yes
Posters with hangers — ver,"Personalised posters with hangers from Pixora. Upload your photo, preview on a live product mockup, and we print and ship premium quality to your door. Ideal for home décor or gifting.",wall_hanging_poster_510-mm_white_wood_w14xt20-mm_500x500-mm-20x20-inch_250-gsm-100lb-uncoated-offwhite-archival_4-0_ver,https://upload.wikimedia.org/wikipedia/commons/c/ca/1x1.png,Yes
Posters with hangers — ver,"Personalised posters with hangers from Pixora. Upload your photo, preview on a live product mockup, and we print and ship premium quality to your door. Ideal for home décor or gifting.",wall_hanging_poster_510-mm_white_wood_w14xt20-mm_500x700-mm-20x28-inch_170-gsm-65lb-coated-silk_4-0_ver,https://upload.wikimedia.org/wikipedia/commons/c/ca/1x1.png,Yes
Posters with hangers — ver,"Personalised posters with hangers from Pixora. Upload your photo, preview on a live product mockup, and we print and ship premium quality to your door. Ideal for home décor or gifting.",wall_hanging_poster_510-mm_white_wood_w14xt20-mm_500x700-mm-20x28-inch_170-gsm-65lb-uncoated_4-0_ver,https://upload.wikimedia.org/wikipedia/commons/c/ca/1x1.png,Yes
Posters with hangers — ver,"Personalised posters with hangers from Pixora. Upload your photo, preview on a live product mockup, and we print and ship premium quality to your door. Ideal for home décor or gifting.",wall_hanging_poster_510-mm_white_wood_w14xt20-mm_500x700-mm-20x28-inch_200-gsm-80lb-coated-silk_4-0_ver,https://upload.wikimedia.org/wikipedia/commons/c/ca/1x1.png,Yes
Posters with hangers — ver,"Personalised posters with hangers from Pixora. Upload your photo, preview on a live product mockup, and we print and ship premium quality to your door. Ideal for home décor or gifting.",wall_hanging_poster_510-mm_white_wood_w14xt20-mm_500x700-mm-20x28-inch_200-gsm-80lb-uncoated_4-0_ver,https://upload.wikimedia.org/wikipedia/commons/c/ca/1x1.png,Yes
Posters with hangers — ver,"Personalised posters with hangers from Pixora. Upload your photo, preview on a live product mockup, and we print and ship premium quality to your door. Ideal for home décor or gifting.",wall_hanging_poster_510-mm_white_wood_w14xt20-mm_500x700-mm-20x28-inch_250-gsm-100lb-uncoated-offwhite-archival_4-0_ver,https://upload.wikimedia.org/wikipedia/commons/c/ca/1x1.png,Yes
Posters with hangers — hor,"Personalised posters with hangers from Pixora. Upload your photo, preview on a live product mockup, and we print and ship premium quality to your door. Ideal for home décor or gifting.",wall_hanging_poster_510-mm_white_wood_w14xt20-mm_8x20-inch-200x500-mm_170-gsm-65lb-coated-silk_4-0_hor,https://upload.wikimedia.org/wikipedia/commons/c/ca/1x1.png,Yes
Posters with hangers — hor,"Personalised posters with hangers from Pixora. Upload your photo, preview on a live product mockup, and we print and ship premium quality to your door. Ideal for home décor or gifting.",wall_hanging_poster_510-mm_white_wood_w14xt20-mm_8x20-inch-200x500-mm_170-gsm-65lb-uncoated_4-0_hor,https://upload.wikimedia.org/wikipedia/commons/c/ca/1x1.png,Yes
Posters with hangers — hor,"Personalised posters with hangers from Pixora. Upload your photo, preview on a live product mockup, and we print and ship premium quality to your door. Ideal for home décor or gifting.",wall_hanging_poster_510-mm_white_wood_w14xt20-mm_8x20-inch-200x500-mm_200-gsm-80lb-coated-silk_4-0_hor,https://upload.wikimedia.org/wikipedia/commons/c/ca/1x1.png,Yes
Posters with hangers — hor,"Personalised posters with hangers from Pixora. Upload your photo, preview on a live product mockup, and we print and ship premium quality to your door. Ideal for home décor or gifting.",wall_hanging_poster_510-mm_white_wood_w14xt20-mm_8x20-inch-200x500-mm_200-gsm-80lb-uncoated_4-0_hor,https://upload.wikimedia.org/wikipedia/commons/c/ca/1x1.png,Yes
Posters with hangers — hor,"Personalised posters with hangers from Pixora. Upload your photo, preview on a live product mockup, and we print and ship premium quality to your door. Ideal for home décor or gifting.",wall_hanging_poster_510-mm_white_wood_w14xt20-mm_8x20-inch-200x500-mm_250-gsm-100lb-uncoated-offwhite-archival_4-0_hor,https://upload.wikimedia.org/wikipedia/commons/c/ca/1x1.png,Yes
Posters with hangers — hor,"Personalised posters with hangers from Pixora. Upload your photo, preview on a live product mockup, and we print and ship premium quality to your door. Ideal for home décor or gifting.",wall_hanging_poster_635-mm_black_wood_w14xt20-mm_10x24-inch-250x600-mm_170-gsm-65lb-coated-silk_4-0_hor,https://upload.wikimedia.org/wikipedia/commons/c/ca/1x1.png,Yes
Posters with hangers — hor,"Personalised posters with hangers from Pixora. Upload your photo, preview on a live product mockup, and we print and ship premium quality to your door. Ideal for home décor or gifting.",wall_hanging_poster_635-mm_black_wood_w14xt20-mm_10x24-inch-250x600-mm_170-gsm-65lb-uncoated_4-0_hor,https://upload.wikimedia.org/wikipedia/commons/c/ca/1x1.png,Yes
Posters with hangers — hor,"Personalised posters with hangers from Pixora. Upload your photo, preview on a live product mockup, and we print and ship premium quality to your door. Ideal for home décor or gifting.",wall_hanging_poster_635-mm_black_wood_w14xt20-mm_10x24-inch-250x600-mm_200-gsm-80lb-coated-silk_4-0_hor,https://upload.wikimedia.org/wikipedia/commons/c/ca/1x1.png,Yes
Posters with hangers — hor,"Personalised posters with hangers from Pixora. Upload your photo, preview on a live product mockup, and we print and ship premium quality to your door. Ideal for home décor or gifting.",wall_hanging_poster_635-mm_black_wood_w14xt20-mm_10x24-inch-250x600-mm_200-gsm-80lb-uncoated_4-0_hor,https://upload.wikimedia.org/wikipedia/commons/c/ca/1x1.png,Yes
Posters with hangers — hor,"Personalised posters with hangers from Pixora. Upload your photo, preview on a live product mockup, and we print and ship premium quality to your door. Ideal for home décor or gifting.",wall_hanging_poster_635-mm_black_wood_w14xt20-mm_10x24-inch-250x600-mm_250-gsm-100lb-uncoated-offwhite-archival_4-0_hor,https://upload.wikimedia.org/wikipedia/commons/c/ca/1x1.png,Yes
Posters with hangers — hor,"Personalised posters with hangers from Pixora. Upload your photo, preview on a live product mockup, and we print and ship premium quality to your door. Ideal for home décor or gifting.",wall_hanging_poster_635-mm_black_wood_w14xt20-mm_16x24-inch-400x600-mm_170-gsm-65lb-coated-silk_4-0_hor,https://upload.wikimedia.org/wikipedia/commons/c/ca/1x1.png,Yes
Posters with hangers — hor,"Personalised posters with hangers from Pixora. Upload your photo, preview on a live product mockup, and we print and ship premium quality to your door. Ideal for home décor or gifting.",wall_hanging_poster_635-mm_black_wood_w14xt20-mm_16x24-inch-400x600-mm_170-gsm-65lb-uncoated_4-0_hor,https://upload.wikimedia.org/wikipedia/commons/c/ca/1x1.png,Yes
Posters with hangers — hor,"Personalised posters with hangers from Pixora. Upload your photo, preview on a live product mockup, and we print and ship premium quality to your door. Ideal for home décor or gifting.",wall_hanging_poster_635-mm_black_wood_w14xt20-mm_16x24-inch-400x600-mm_200-gsm-80lb-coated-silk_4-0_hor,https://upload.wikimedia.org/wikipedia/commons/c/ca/1x1.png,Yes
Posters with hangers — hor,"Personalised posters with hangers from Pixora. Upload your photo, preview on a live product mockup, and we print and ship premium quality to your door. Ideal for home décor or gifting.",wall_hanging_poster_635-mm_black_wood_w14xt20-mm_16x24-inch-400x600-mm_200-gsm-80lb-uncoated_4-0_hor,https://upload.wikimedia.org/wikipedia/commons/c/ca/1x1.png,Yes
Posters with hangers — hor,"Personalised posters with hangers from Pixora. Upload your photo, preview on a live product mockup, and we print and ship premium quality to your door. Ideal for home décor or gifting.",wall_hanging_poster_635-mm_black_wood_w14xt20-mm_16x24-inch-400x600-mm_250-gsm-100lb-uncoated-offwhite-archival_4-0_hor,https://upload.wikimedia.org/wikipedia/commons/c/ca/1x1.png,Yes
Posters with hangers — hor,"Personalised posters with hangers from Pixora. Upload your photo, preview on a live product mockup, and we print and ship premium quality to your door. Ideal for home décor or gifting.",wall_hanging_poster_635-mm_black_wood_w14xt20-mm_18x24-inch-450x600-mm_170-gsm-65lb-coated-silk_4-0_hor,https://upload.wikimedia.org/wikipedia/commons/c/ca/1x1.png,Yes
Posters with hangers — hor,"Personalised posters with hangers from Pixora. Upload your photo, preview on a live product mockup, and we print and ship premium quality to your door. Ideal for home décor or gifting.",wall_hanging_poster_635-mm_black_wood_w14xt20-mm_18x24-inch-450x600-mm_170-gsm-65lb-uncoated_4-0_hor,https://upload.wikimedia.org/wikipedia/commons/c/ca/1x1.png,Yes
Posters with hangers — hor,"Personalised posters with hangers from Pixora. Upload your photo, preview on a live product mockup, and we print and ship premium quality to your door. Ideal for home décor or gifting.",wall_hanging_poster_635-mm_black_wood_w14xt20-mm_18x24-inch-450x600-mm_200-gsm-80lb-coated-silk_4-0_hor,https://upload.wikimedia.org/wikipedia/commons/c/ca/1x1.png,Yes
Posters with hangers — hor,"Personalised posters with hangers from Pixora. Upload your photo, preview on a live product mockup, and we print and ship premium quality to your door. Ideal for home décor or gifting.",wall_hanging_poster_635-mm_black_wood_w14xt20-mm_18x24-inch-450x600-mm_200-gsm-80lb-uncoated_4-0_hor,https://upload.wikimedia.org/wikipedia/commons/c/ca/1x1.png,Yes
Posters with hangers — hor,"Personalised posters with hangers from Pixora. Upload your photo, preview on a live product mockup, and we print and ship premium quality to your door. Ideal for home décor or gifting.",wall_hanging_poster_635-mm_black_wood_w14xt20-mm_18x24-inch-450x600-mm_250-gsm-100lb-uncoated-offwhite-archival_4-0_hor,https://upload.wikimedia.org/wikipedia/commons/c/ca/1x1.png,Yes
Posters with hangers — ver,"Personalised posters with hangers from Pixora. Upload your photo, preview on a live product mockup, and we print and ship premium quality to your door. Ideal for home décor or gifting.",wall_hanging_poster_635-mm_black_wood_w14xt20-mm_24x32-inch-600x800-mm_170-gsm-65lb-coated-silk_4-0_ver,https://upload.wikimedia.org/wikipedia/commons/c/ca/1x1.png,Yes
Posters with hangers — ver,"Personalised posters with hangers from Pixora. Upload your photo, preview on a live product mockup, and we print and ship premium quality to your door. Ideal for home décor or gifting.",wall_hanging_poster_635-mm_black_wood_w14xt20-mm_24x32-inch-600x800-mm_170-gsm-65lb-uncoated_4-0_ver,https://upload.wikimedia.org/wikipedia/commons/c/ca/1x1.png,Yes
Posters with hangers — ver,"Personalised posters with hangers from Pixora. Upload your photo, preview on a live product mockup, and we print and ship premium quality to your door. Ideal for home décor or gifting.",wall_hanging_poster_635-mm_black_wood_w14xt20-mm_24x32-inch-600x800-mm_200-gsm-80lb-coated-silk_4-0_ver,https://upload.wikimedia.org/wikipedia/commons/c/ca/1x1.png,Yes
Posters with hangers — ver,"Personalised posters with hangers from Pixora. Upload your photo, preview on a live product mockup, and we print and ship premium quality to your door. Ideal for home décor or gifting.",wall_hanging_poster_635-mm_black_wood_w14xt20-mm_24x32-inch-600x800-mm_200-gsm-80lb-uncoated_4-0_ver,https://upload.wikimedia.org/wikipedia/commons/c/ca/1x1.png,Yes
Posters with hangers — ver,"Personalised posters with hangers from Pixora. Upload your photo, preview on a live product mockup, and we print and ship premium quality to your door. Ideal for home décor or gifting.",wall_hanging_poster_635-mm_black_wood_w14xt20-mm_24x32-inch-600x800-mm_250-gsm-100lb-uncoated-offwhite-archival_4-0_ver,https://upload.wikimedia.org/wikipedia/commons/c/ca/1x1.png,Yes
Posters with hangers — ver,"Personalised posters with hangers from Pixora. Upload your photo, preview on a live product mockup, and we print and ship premium quality to your door. Ideal for home décor or gifting.",wall_hanging_poster_635-mm_black_wood_w14xt20-mm_24x36-inch-600x900-mm_170-gsm-65lb-coated-silk_4-0_ver,https://upload.wikimedia.org/wikipedia/commons/c/ca/1x1.png,Yes
Posters with hangers — ver,"Personalised posters with hangers from Pixora. Upload your photo, preview on a live product mockup, and we print and ship premium quality to your door. Ideal for home décor or gifting.",wall_hanging_poster_635-mm_black_wood_w14xt20-mm_24x36-inch-600x900-mm_170-gsm-65lb-uncoated_4-0_ver,https://upload.wikimedia.org/wikipedia/commons/c/ca/1x1.png,Yes
Posters with hangers — ver,"Personalised posters with hangers from Pixora. Upload your photo, preview on a live product mockup, and we print and ship premium quality to your door. Ideal for home décor or gifting.",wall_hanging_poster_635-mm_black_wood_w14xt20-mm_24x36-inch-600x900-mm_200-gsm-80lb-coated-silk_4-0_ver,https://upload.wikimedia.org/wikipedia/commons/c/ca/1x1.png,Yes
Posters with hangers — ver,"Personalised posters with hangers from Pixora. Upload your photo, preview on a live product mockup, and we print and ship premium quality to your door. Ideal for home décor or gifting.",wall_hanging_poster_635-mm_black_wood_w14xt20-mm_24x36-inch-600x900-mm_200-gsm-80lb-uncoated_4-0_ver,https://upload.wikimedia.org/wikipedia/commons/c/ca/1x1.png,Yes
Posters with hangers — ver,"Personalised posters with hangers from Pixora. Upload your photo, preview on a live product mockup, and we print and ship premium quality to your door. Ideal for home décor or gifting.",wall_hanging_poster_635-mm_black_wood_w14xt20-mm_24x36-inch-600x900-mm_250-gsm-100lb-uncoated-offwhite-archival_4-0_ver,https://upload.wikimedia.org/wikipedia/commons/c/ca/1x1.png,Yes
Posters with hangers — hor,"Personalised posters with hangers from Pixora. Upload your photo, preview on a live product mockup, and we print and ship premium quality to your door. Ideal for home décor or gifting.",wall_hanging_poster_635-mm_black_wood_w14xt20-mm_250x600-mm-10x24-inch_170-gsm-65lb-coated-silk_4-0_hor,https://upload.wikimedia.org/wikipedia/commons/c/ca/1x1.png,Yes
Posters with hangers — hor,"Personalised posters with hangers from Pixora. Upload your photo, preview on a live product mockup, and we print and ship premium quality to your door. Ideal for home décor or gifting.",wall_hanging_poster_635-mm_black_wood_w14xt20-mm_250x600-mm-10x24-inch_170-gsm-65lb-uncoated_4-0_hor,https://upload.wikimedia.org/wikipedia/commons/c/ca/1x1.png,Yes
Posters with hangers — hor,"Personalised posters with hangers from Pixora. Upload your photo, preview on a live product mockup, and we print and ship premium quality to your door. Ideal for home décor or gifting.",wall_hanging_poster_635-mm_black_wood_w14xt20-mm_250x600-mm-10x24-inch_200-gsm-80lb-coated-silk_4-0_hor,https://upload.wikimedia.org/wikipedia/commons/c/ca/1x1.png,Yes
Posters with hangers — hor,"Personalised posters with hangers from Pixora. Upload your photo, preview on a live product mockup, and we print and ship premium quality to your door. Ideal for home décor or gifting.",wall_hanging_poster_635-mm_black_wood_w14xt20-mm_250x600-mm-10x24-inch_200-gsm-80lb-uncoated_4-0_hor,https://upload.wikimedia.org/wikipedia/commons/c/ca/1x1.png,Yes
Posters with hangers — hor,"Personalised posters with hangers from Pixora. Upload your photo, preview on a live product mockup, and we print and ship premium quality to your door. Ideal for home décor or gifting.",wall_hanging_poster_635-mm_black_wood_w14xt20-mm_250x600-mm-10x24-inch_250-gsm-100lb-uncoated-offwhite-archival_4-0_hor,https://upload.wikimedia.org/wikipedia/commons/c/ca/1x1.png,Yes
Posters with hangers — hor,"Personalised posters with hangers from Pixora. Upload your photo, preview on a live product mockup, and we print and ship premium quality to your door. Ideal for home décor or gifting.",wall_hanging_poster_635-mm_black_wood_w14xt20-mm_400x600-mm-16x24-inch_170-gsm-65lb-coated-silk_4-0_hor,https://upload.wikimedia.org/wikipedia/commons/c/ca/1x1.png,Yes
Posters with hangers — hor,"Personalised posters with hangers from Pixora. Upload your photo, preview on a live product mockup, and we print and ship premium quality to your door. Ideal for home décor or gifting.",wall_hanging_poster_635-mm_black_wood_w14xt20-mm_400x600-mm-16x24-inch_170-gsm-65lb-uncoated_4-0_hor,https://upload.wikimedia.org/wikipedia/commons/c/ca/1x1.png,Yes
Posters with hangers — hor,"Personalised posters with hangers from Pixora. Upload your photo, preview on a live product mockup, and we print and ship premium quality to your door. Ideal for home décor or gifting.",wall_hanging_poster_635-mm_black_wood_w14xt20-mm_400x600-mm-16x24-inch_200-gsm-80lb-coated-silk_4-0_hor,https://upload.wikimedia.org/wikipedia/commons/c/ca/1x1.png,Yes
Posters with hangers — hor,"Personalised posters with hangers from Pixora. Upload your photo, preview on a live product mockup, and we print and ship premium quality to your door. Ideal for home décor or gifting.",wall_hanging_poster_635-mm_black_wood_w14xt20-mm_400x600-mm-16x24-inch_200-gsm-80lb-uncoated_4-0_hor,https://upload.wikimedia.org/wikipedia/commons/c/ca/1x1.png,Yes
Posters with hangers — hor,"Personalised posters with hangers from Pixora. Upload your photo, preview on a live product mockup, and we print and ship premium quality to your door. Ideal for home décor or gifting.",wall_hanging_poster_635-mm_black_wood_w14xt20-mm_400x600-mm-16x24-inch_250-gsm-100lb-uncoated-offwhite-archival_4-0_hor,https://upload.wikimedia.org/wikipedia/commons/c/ca/1x1.png,Yes
Posters with hangers — hor,"Personalised posters with hangers from Pixora. Upload your photo, preview on a live product mockup, and we print and ship premium quality to your door. Ideal for home décor or gifting.",wall_hanging_poster_635-mm_black_wood_w14xt20-mm_450x600-mm-18x24-inch_170-gsm-65lb-coated-silk_4-0_hor,https://upload.wikimedia.org/wikipedia/commons/c/ca/1x1.png,Yes
Posters with hangers — hor,"Personalised posters with hangers from Pixora. Upload your photo, preview on a live product mockup, and we print and ship premium quality to your door. Ideal for home décor or gifting.",wall_hanging_poster_635-mm_black_wood_w14xt20-mm_450x600-mm-18x24-inch_170-gsm-65lb-uncoated_4-0_hor,https://upload.wikimedia.org/wikipedia/commons/c/ca/1x1.png,Yes
Posters with hangers — hor,"Personalised posters with hangers from Pixora. Upload your photo, preview on a live product mockup, and we print and ship premium quality to your door. Ideal for home décor or gifting.",wall_hanging_poster_635-mm_black_wood_w14xt20-mm_450x600-mm-18x24-inch_200-gsm-80lb-coated-silk_4-0_hor,https://upload.wikimedia.org/wikipedia/commons/c/ca/1x1.png,Yes
Posters with hangers — hor,"Personalised posters with hangers from Pixora. Upload your photo, preview on a live product mockup, and we print and ship premium quality to your door. Ideal for home décor or gifting.",wall_hanging_poster_635-mm_black_wood_w14xt20-mm_450x600-mm-18x24-inch_200-gsm-80lb-uncoated_4-0_hor,https://upload.wikimedia.org/wikipedia/commons/c/ca/1x1.png,Yes
Posters with hangers — hor,"Personalised posters with hangers from Pixora. Upload your photo, preview on a live product mockup, and we print and ship premium quality to your door. Ideal for home décor or gifting.",wall_hanging_poster_635-mm_black_wood_w14xt20-mm_450x600-mm-18x24-inch_250-gsm-100lb-uncoated-offwhite-archival_4-0_hor,https://upload.wikimedia.org/wikipedia/commons/c/ca/1x1.png,Yes
Posters with hangers — ver,"Personalised posters with hangers from Pixora. Upload your photo, preview on a live product mockup, and we print and ship premium quality to your door. Ideal for home décor or gifting.",wall_hanging_poster_635-mm_black_wood_w14xt20-mm_600x800-mm-24x32-inch_170-gsm-65lb-coated-silk_4-0_ver,https://upload.wikimedia.org/wikipedia/commons/c/ca/1x1.png,Yes
Posters with hangers — ver,"Personalised posters with hangers from Pixora. Upload your photo, preview on a live product mockup, and we print and ship premium quality to your door. Ideal for home décor or gifting.",wall_hanging_poster_635-mm_black_wood_w14xt20-mm_600x800-mm-24x32-inch_170-gsm-65lb-uncoated_4-0_ver,https://upload.wikimedia.org/wikipedia/commons/c/ca/1x1.png,Yes
Posters with hangers — ver,"Personalised posters with hangers from Pixora. Upload your photo, preview on a live product mockup, and we print and ship premium quality to your door. Ideal for home décor or gifting.",wall_hanging_poster_635-mm_black_wood_w14xt20-mm_600x800-mm-24x32-inch_200-gsm-80lb-coated-silk_4-0_ver,https://upload.wikimedia.org/wikipedia/commons/c/ca/1x1.png,Yes
Posters with hangers — ver,"Personalised posters with hangers from Pixora. Upload your photo, preview on a live product mockup, and we print and ship premium quality to your door. Ideal for home décor or gifting.",wall_hanging_poster_635-mm_black_wood_w14xt20-mm_600x800-mm-24x32-inch_200-gsm-80lb-uncoated_4-0_ver,https://upload.wikimedia.org/wikipedia/commons/c/ca/1x1.png,Yes
Posters with hangers — ver,"Personalised posters with hangers from Pixora. Upload your photo, preview on a live product mockup, and we print and ship premium quality to your door. Ideal for home décor or gifting.",wall_hanging_poster_635-mm_black_wood_w14xt20-mm_600x800-mm-24x32-inch_250-gsm-100lb-uncoated-offwhite-archival_4-0_ver,https://upload.wikimedia.org/wikipedia/commons/c/ca/1x1.png,Yes
Posters with hangers — ver,"Personalised posters with hangers from Pixora. Upload your photo, preview on a live product mockup, and we print and ship premium quality to your door. Ideal for home décor or gifting.",wall_hanging_poster_635-mm_black_wood_w14xt20-mm_600x900-mm-24x36-inch_170-gsm-65lb-coated-silk_4-0_ver,https://upload.wikimedia.org/wikipedia/commons/c/ca/1x1.png,Yes
Posters with hangers — ver,"Personalised posters with hangers from Pixora. Upload your photo, preview on a live product mockup, and we print and ship premium quality to your door. Ideal for home décor or gifting.",wall_hanging_poster_635-mm_black_wood_w14xt20-mm_600x900-mm-24x36-inch_170-gsm-65lb-uncoated_4-0_ver,https://upload.wikimedia.org/wikipedia/commons/c/ca/1x1.png,Yes
Posters with hangers — ver,"Personalised posters with hangers from Pixora. Upload your photo, preview on a live product mockup, and we print and ship premium quality to your door. Ideal for home décor or gifting.",wall_hanging_poster_635-mm_black_wood_w14xt20-mm_600x900-mm-24x36-inch_200-gsm-80lb-coated-silk_4-0_ver,https://upload.wikimedia.org/wikipedia/commons/c/ca/1x1.png,Yes
Posters with hangers — ver,"Personalised posters with hangers from Pixora. Upload your photo, preview on a live product mockup, and we print and ship premium quality to your door. Ideal for home décor or gifting.",wall_hanging_poster_635-mm_black_wood_w14xt20-mm_600x900-mm-24x36-inch_200-gsm-80lb-uncoated_4-0_ver,https://upload.wikimedia.org/wikipedia/commons/c/ca/1x1.png,Yes
Posters with hangers — ver,"Personalised posters with hangers from Pixora. Upload your photo, preview on a live product mockup, and we print and ship premium quality to your door. Ideal for home décor or gifting.",wall_hanging_poster_635-mm_black_wood_w14xt20-mm_600x900-mm-24x36-inch_250-gsm-100lb-uncoated-offwhite-archival_4-0_ver,https://upload.wikimedia.org/wikipedia/commons/c/ca/1x1.png,Yes
Posters with hangers — ver,"Personalised posters with hangers from Pixora. Upload your photo, preview on a live product mockup, and we print and ship premium quality to your door. Ideal for home décor or gifting.",wall_hanging_poster_635-mm_black_wood_w14xt20-mm_a1_170-gsm-65lb-coated-silk_4-0_ver,https://upload.wikimedia.org/wikipedia/commons/c/ca/1x1.png,Yes
Posters with hangers — ver,"Personalised posters with hangers from Pixora. Upload your photo, preview on a live product mockup, and we print and ship premium quality to your door. Ideal for home décor or gifting.",wall_hanging_poster_635-mm_black_wood_w14xt20-mm_a1_170-gsm-65lb-uncoated_4-0_ver,https://upload.wikimedia.org/wikipedia/commons/c/ca/1x1.png,Yes
Posters with hangers — ver,"Personalised posters with hangers from Pixora. Upload your photo, preview on a live product mockup, and we print and ship premium quality to your door. Ideal for home décor or gifting.",wall_hanging_poster_635-mm_black_wood_w14xt20-mm_a1_200-gsm-80lb-coated-silk_4-0_ver,https://upload.wikimedia.org/wikipedia/commons/c/ca/1x1.png,Yes
Posters with hangers — ver,"Personalised posters with hangers from Pixora. Upload your photo, preview on a live product mockup, and we print and ship premium quality to your door. Ideal for home décor or gifting.",wall_hanging_poster_635-mm_black_wood_w14xt20-mm_a1_200-gsm-80lb-uncoated_4-0_ver,https://upload.wikimedia.org/wikipedia/commons/c/ca/1x1.png,Yes
Posters with hangers — ver,"Personalised posters with hangers from Pixora. Upload your photo, preview on a live product mockup, and we print and ship premium quality to your door. Ideal for home décor or gifting.",wall_hanging_poster_635-mm_black_wood_w14xt20-mm_a1_250-gsm-100lb-uncoated-offwhite-archival_4-0_ver,https://upload.wikimedia.org/wikipedia/commons/c/ca/1x1.png,Yes
Posters with hangers — hor,"Personalised posters with hangers from Pixora. Upload your photo, preview on a live product mockup, and we print and ship premium quality to your door. Ideal for home décor or gifting.",wall_hanging_poster_635-mm_black_wood_w14xt20-mm_a2_170-gsm-65lb-coated-silk_4-0_hor,https://upload.wikimedia.org/wikipedia/commons/c/ca/1x1.png,Yes
Posters with hangers — hor,"Personalised posters with hangers from Pixora. Upload your photo, preview on a live product mockup, and we print and ship premium quality to your door. Ideal for home décor or gifting.",wall_hanging_poster_635-mm_black_wood_w14xt20-mm_a2_170-gsm-65lb-uncoated_4-0_hor,https://upload.wikimedia.org/wikipedia/commons/c/ca/1x1.png,Yes
Posters with hangers — hor,"Personalised posters with hangers from Pixora. Upload your photo, preview on a live product mockup, and we print and ship premium quality to your door. Ideal for home décor or gifting.",wall_hanging_poster_635-mm_black_wood_w14xt20-mm_a2_200-gsm-80lb-coated-silk_4-0_hor,https://upload.wikimedia.org/wikipedia/commons/c/ca/1x1.png,Yes
Posters with hangers — hor,"Personalised posters with hangers from Pixora. Upload your photo, preview on a live product mockup, and we print and ship premium quality to your door. Ideal for home décor or gifting.",wall_hanging_poster_635-mm_black_wood_w14xt20-mm_a2_200-gsm-80lb-uncoated_4-0_hor,https://upload.wikimedia.org/wikipedia/commons/c/ca/1x1.png,Yes
Posters with hangers — hor,"Personalised posters with hangers from Pixora. Upload your photo, preview on a live product mockup, and we print and ship premium quality to your door. Ideal for home décor or gifting.",wall_hanging_poster_635-mm_black_wood_w14xt20-mm_a2_250-gsm-100lb-uncoated-offwhite-archival_4-0_hor,https://upload.wikimedia.org/wikipedia/commons/c/ca/1x1.png,Yes
Posters with hangers — hor,"Personalised posters with hangers from Pixora. Upload your photo, preview on a live product mockup, and we print and ship premium quality to your door. Ideal for home décor or gifting.",wall_hanging_poster_635-mm_dark-wood_wood_w14xt20-mm_10x24-inch-250x600-mm_170-gsm-65lb-coated-silk_4-0_hor,https://upload.wikimedia.org/wikipedia/commons/c/ca/1x1.png,Yes
Posters with hangers — hor,"Personalised posters with hangers from Pixora. Upload your photo, preview on a live product mockup, and we print and ship premium quality to your door. Ideal for home décor or gifting.",wall_hanging_poster_635-mm_dark-wood_wood_w14xt20-mm_10x24-inch-250x600-mm_170-gsm-65lb-uncoated_4-0_hor,https://upload.wikimedia.org/wikipedia/commons/c/ca/1x1.png,Yes
Posters with hangers — hor,"Personalised posters with hangers from Pixora. Upload your photo, preview on a live product mockup, and we print and ship premium quality to your door. Ideal for home décor or gifting.",wall_hanging_poster_635-mm_dark-wood_wood_w14xt20-mm_10x24-inch-250x600-mm_200-gsm-80lb-coated-silk_4-0_hor,https://upload.wikimedia.org/wikipedia/commons/c/ca/1x1.png,Yes
Posters with hangers — hor,"Personalised posters with hangers from Pixora. Upload your photo, preview on a live product mockup, and we print and ship premium quality to your door. Ideal for home décor or gifting.",wall_hanging_poster_635-mm_dark-wood_wood_w14xt20-mm_10x24-inch-250x600-mm_200-gsm-80lb-uncoated_4-0_hor,https://upload.wikimedia.org/wikipedia/commons/c/ca/1x1.png,Yes
Posters with hangers — hor,"Personalised posters with hangers from Pixora. Upload your photo, preview on a live product mockup, and we print and ship premium quality to your door. Ideal for home décor or gifting.",wall_hanging_poster_635-mm_dark-wood_wood_w14xt20-mm_10x24-inch-250x600-mm_250-gsm-100lb-uncoated-offwhite-archival_4-0_hor,https://upload.wikimedia.org/wikipedia/commons/c/ca/1x1.png,Yes
Posters with hangers — hor,"Personalised posters with hangers from Pixora. Upload your photo, preview on a live product mockup, and we print and ship premium quality to your door. Ideal for home décor or gifting.",wall_hanging_poster_635-mm_dark-wood_wood_w14xt20-mm_16x24-inch-400x600-mm_170-gsm-65lb-coated-silk_4-0_hor,https://upload.wikimedia.org/wikipedia/commons/c/ca/1x1.png,Yes
Posters with hangers — hor,"Personalised posters with hangers from Pixora. Upload your photo, preview on a live product mockup, and we print and ship premium quality to your door. Ideal for home décor or gifting.",wall_hanging_poster_635-mm_dark-wood_wood_w14xt20-mm_16x24-inch-400x600-mm_170-gsm-65lb-uncoated_4-0_hor,https://upload.wikimedia.org/wikipedia/commons/c/ca/1x1.png,Yes
Posters with hangers — hor,"Personalised posters with hangers from Pixora. Upload your photo, preview on a live product mockup, and we print and ship premium quality to your door. Ideal for home décor or gifting.",wall_hanging_poster_635-mm_dark-wood_wood_w14xt20-mm_16x24-inch-400x600-mm_200-gsm-80lb-coated-silk_4-0_hor,https://upload.wikimedia.org/wikipedia/commons/c/ca/1x1.png,Yes
Posters with hangers — hor,"Personalised posters with hangers from Pixora. Upload your photo, preview on a live product mockup, and we print and ship premium quality to your door. Ideal for home décor or gifting.",wall_hanging_poster_635-mm_dark-wood_wood_w14xt20-mm_16x24-inch-400x600-mm_200-gsm-80lb-uncoated_4-0_hor,https://upload.wikimedia.org/wikipedia/commons/c/ca/1x1.png,Yes
Posters with hangers — hor,"Personalised posters with hangers from Pixora. Upload your photo, preview on a live product mockup, and we print and ship premium quality to your door. Ideal for home décor or gifting.",wall_hanging_poster_635-mm_dark-wood_wood_w14xt20-mm_16x24-inch-400x600-mm_250-gsm-100lb-uncoated-offwhite-archival_4-0_hor,https://upload.wikimedia.org/wikipedia/commons/c/ca/1x1.png,Yes
Posters with hangers — hor,"Personalised posters with hangers from Pixora. Upload your photo, preview on a live product mockup, and we print and ship premium quality to your door. Ideal for home décor or gifting.",wall_hanging_poster_635-mm_dark-wood_wood_w14xt20-mm_18x24-inch-450x600-mm_170-gsm-65lb-coated-silk_4-0_hor,https://upload.wikimedia.org/wikipedia/commons/c/ca/1x1.png,Yes
Posters with hangers — hor,"Personalised posters with hangers from Pixora. Upload your photo, preview on a live product mockup, and we print and ship premium quality to your door. Ideal for home décor or gifting.",wall_hanging_poster_635-mm_dark-wood_wood_w14xt20-mm_18x24-inch-450x600-mm_170-gsm-65lb-uncoated_4-0_hor,https://upload.wikimedia.org/wikipedia/commons/c/ca/1x1.png,Yes
Posters with hangers — hor,"Personalised posters with hangers from Pixora. Upload your photo, preview on a live product mockup, and we print and ship premium quality to your door. Ideal for home décor or gifting.",wall_hanging_poster_635-mm_dark-wood_wood_w14xt20-mm_18x24-inch-450x600-mm_200-gsm-80lb-coated-silk_4-0_hor,https://upload.wikimedia.org/wikipedia/commons/c/ca/1x1.png,Yes
Posters with hangers — hor,"Personalised posters with hangers from Pixora. Upload your photo, preview on a live product mockup, and we print and ship premium quality to your door. Ideal for home décor or gifting.",wall_hanging_poster_635-mm_dark-wood_wood_w14xt20-mm_18x24-inch-450x600-mm_200-gsm-80lb-uncoated_4-0_hor,https://upload.wikimedia.org/wikipedia/commons/c/ca/1x1.png,Yes
Posters with hangers — hor,"Personalised posters with hangers from Pixora. Upload your photo, preview on a live product mockup, and we print and ship premium quality to your door. Ideal for home décor or gifting.",wall_hanging_poster_635-mm_dark-wood_wood_w14xt20-mm_18x24-inch-450x600-mm_250-gsm-100lb-uncoated-offwhite-archival_4-0_hor,https://upload.wikimedia.org/wikipedia/commons/c/ca/1x1.png,Yes
Posters with hangers — ver,"Personalised posters with hangers from Pixora. Upload your photo, preview on a live product mockup, and we print and ship premium quality to your door. Ideal for home décor or gifting.",wall_hanging_poster_635-mm_dark-wood_wood_w14xt20-mm_24x32-inch-600x800-mm_170-gsm-65lb-coated-silk_4-0_ver,https://upload.wikimedia.org/wikipedia/commons/c/ca/1x1.png,Yes
Posters with hangers — ver,"Personalised posters with hangers from Pixora. Upload your photo, preview on a live product mockup, and we print and ship premium quality to your door. Ideal for home décor or gifting.",wall_hanging_poster_635-mm_dark-wood_wood_w14xt20-mm_24x32-inch-600x800-mm_170-gsm-65lb-uncoated_4-0_ver,https://upload.wikimedia.org/wikipedia/commons/c/ca/1x1.png,Yes
Posters with hangers — ver,"Personalised posters with hangers from Pixora. Upload your photo, preview on a live product mockup, and we print and ship premium quality to your door. Ideal for home décor or gifting.",wall_hanging_poster_635-mm_dark-wood_wood_w14xt20-mm_24x32-inch-600x800-mm_200-gsm-80lb-coated-silk_4-0_ver,https://upload.wikimedia.org/wikipedia/commons/c/ca/1x1.png,Yes
Posters with hangers — ver,"Personalised posters with hangers from Pixora. Upload your photo, preview on a live product mockup, and we print and ship premium quality to your door. Ideal for home décor or gifting.",wall_hanging_poster_635-mm_dark-wood_wood_w14xt20-mm_24x32-inch-600x800-mm_200-gsm-80lb-uncoated_4-0_ver,https://upload.wikimedia.org/wikipedia/commons/c/ca/1x1.png,Yes
Posters with hangers — ver,"Personalised posters with hangers from Pixora. Upload your photo, preview on a live product mockup, and we print and ship premium quality to your door. Ideal for home décor or gifting.",wall_hanging_poster_635-mm_dark-wood_wood_w14xt20-mm_24x32-inch-600x800-mm_250-gsm-100lb-uncoated-offwhite-archival_4-0_ver,https://upload.wikimedia.org/wikipedia/commons/c/ca/1x1.png,Yes
Posters with hangers — ver,"Personalised posters with hangers from Pixora. Upload your photo, preview on a live product mockup, and we print and ship premium quality to your door. Ideal for home décor or gifting.",wall_hanging_poster_635-mm_dark-wood_wood_w14xt20-mm_24x36-inch-600x900-mm_170-gsm-65lb-coated-silk_4-0_ver,https://upload.wikimedia.org/wikipedia/commons/c/ca/1x1.png,Yes
Posters with hangers — ver,"Personalised posters with hangers from Pixora. Upload your photo, preview on a live product mockup, and we print and ship premium quality to your door. Ideal for home décor or gifting.",wall_hanging_poster_635-mm_dark-wood_wood_w14xt20-mm_24x36-inch-600x900-mm_170-gsm-65lb-uncoated_4-0_ver,https://upload.wikimedia.org/wikipedia/commons/c/ca/1x1.png,Yes
Posters with hangers — ver,"Personalised posters with hangers from Pixora. Upload your photo, preview on a live product mockup, and we print and ship premium quality to your door. Ideal for home décor or gifting.",wall_hanging_poster_635-mm_dark-wood_wood_w14xt20-mm_24x36-inch-600x900-mm_200-gsm-80lb-coated-silk_4-0_ver,https://upload.wikimedia.org/wikipedia/commons/c/ca/1x1.png,Yes
Posters with hangers — ver,"Personalised posters with hangers from Pixora. Upload your photo, preview on a live product mockup, and we print and ship premium quality to your door. Ideal for home décor or gifting.",wall_hanging_poster_635-mm_dark-wood_wood_w14xt20-mm_24x36-inch-600x900-mm_200-gsm-80lb-uncoated_4-0_ver,https://upload.wikimedia.org/wikipedia/commons/c/ca/1x1.png,Yes
Posters with hangers — ver,"Personalised posters with hangers from Pixora. Upload your photo, preview on a live product mockup, and we print and ship premium quality to your door. Ideal for home décor or gifting.",wall_hanging_poster_635-mm_dark-wood_wood_w14xt20-mm_24x36-inch-600x900-mm_250-gsm-100lb-uncoated-offwhite-archival_4-0_ver,https://upload.wikimedia.org/wikipedia/commons/c/ca/1x1.png,Yes
Posters with hangers — hor,"Personalised posters with hangers from Pixora. Upload your photo, preview on a live product mockup, and we print and ship premium quality to your door. Ideal for home décor or gifting.",wall_hanging_poster_635-mm_dark-wood_wood_w14xt20-mm_250x600-mm-10x24-inch_170-gsm-65lb-coated-silk_4-0_hor,https://upload.wikimedia.org/wikipedia/commons/c/ca/1x1.png,Yes
Posters with hangers — hor,"Personalised posters with hangers from Pixora. Upload your photo, preview on a live product mockup, and we print and ship premium quality to your door. Ideal for home décor or gifting.",wall_hanging_poster_635-mm_dark-wood_wood_w14xt20-mm_250x600-mm-10x24-inch_170-gsm-65lb-uncoated_4-0_hor,https://upload.wikimedia.org/wikipedia/commons/c/ca/1x1.png,Yes
Posters with hangers — hor,"Personalised posters with hangers from Pixora. Upload your photo, preview on a live product mockup, and we print and ship premium quality to your door. Ideal for home décor or gifting.",wall_hanging_poster_635-mm_dark-wood_wood_w14xt20-mm_250x600-mm-10x24-inch_200-gsm-80lb-coated-silk_4-0_hor,https://upload.wikimedia.org/wikipedia/commons/c/ca/1x1.png,Yes
Posters with hangers — hor,"Personalised posters with hangers from Pixora. Upload your photo, preview on a live product mockup, and we print and ship premium quality to your door. Ideal for home décor or gifting.",wall_hanging_poster_635-mm_dark-wood_wood_w14xt20-mm_250x600-mm-10x24-inch_200-gsm-80lb-uncoated_4-0_hor,https://upload.wikimedia.org/wikipedia/commons/c/ca/1x1.png,Yes
Posters with hangers — hor,"Personalised posters with hangers from Pixora. Upload your photo, preview on a live product mockup, and we print and ship premium quality to your door. Ideal for home décor or gifting.",wall_hanging_poster_635-mm_dark-wood_wood_w14xt20-mm_250x600-mm-10x24-inch_250-gsm-100lb-uncoated-offwhite-archival_4-0_hor,https://upload.wikimedia.org/wikipedia/commons/c/ca/1x1.png,Yes
Posters with hangers — hor,"Personalised posters with hangers from Pixora. Upload your photo, preview on a live product mockup, and we print and ship premium quality to your door. Ideal for home décor or gifting.",wall_hanging_poster_635-mm_dark-wood_wood_w14xt20-mm_400x600-mm-16x24-inch_170-gsm-65lb-coated-silk_4-0_hor,https://upload.wikimedia.org/wikipedia/commons/c/ca/1x1.png,Yes
Posters with hangers — hor,"Personalised posters with hangers from Pixora. Upload your photo, preview on a live product mockup, and we print and ship premium quality to your door. Ideal for home décor or gifting.",wall_hanging_poster_635-mm_dark-wood_wood_w14xt20-mm_400x600-mm-16x24-inch_170-gsm-65lb-uncoated_4-0_hor,https://upload.wikimedia.org/wikipedia/commons/c/ca/1x1.png,Yes
Posters with hangers — hor,"Personalised posters with hangers from Pixora. Upload your photo, preview on a live product mockup, and we print and ship premium quality to your door. Ideal for home décor or gifting.",wall_hanging_poster_635-mm_dark-wood_wood_w14xt20-mm_400x600-mm-16x24-inch_200-gsm-80lb-coated-silk_4-0_hor,https://upload.wikimedia.org/wikipedia/commons/c/ca/1x1.png,Yes
Posters with hangers — hor,"Personalised posters with hangers from Pixora. Upload your photo, preview on a live product mockup, and we print and ship premium quality to your door. Ideal for home décor or gifting.",wall_hanging_poster_635-mm_dark-wood_wood_w14xt20-mm_400x600-mm-16x24-inch_200-gsm-80lb-uncoated_4-0_hor,https://upload.wikimedia.org/wikipedia/commons/c/ca/1x1.png,Yes
Posters with hangers — hor,"Personalised posters with hangers from Pixora. Upload your photo, preview on a live product mockup, and we print and ship premium quality to your door. Ideal for home décor or gifting.",wall_hanging_poster_635-mm_dark-wood_wood_w14xt20-mm_400x600-mm-16x24-inch_250-gsm-100lb-uncoated-offwhite-archival_4-0_hor,https://upload.wikimedia.org/wikipedia/commons/c/ca/1x1.png,Yes
Posters with hangers — hor,"Personalised posters with hangers from Pixora. Upload your photo, preview on a live product mockup, and we print and ship premium quality to your door. Ideal for home décor or gifting.",wall_hanging_poster_635-mm_dark-wood_wood_w14xt20-mm_450x600-mm-18x24-inch_170-gsm-65lb-coated-silk_4-0_hor,https://upload.wikimedia.org/wikipedia/commons/c/ca/1x1.png,Yes
Posters with hangers — hor,"Personalised posters with hangers from Pixora. Upload your photo, preview on a live product mockup, and we print and ship premium quality to your door. Ideal for home décor or gifting.",wall_hanging_poster_635-mm_dark-wood_wood_w14xt20-mm_450x600-mm-18x24-inch_170-gsm-65lb-uncoated_4-0_hor,https://upload.wikimedia.org/wikipedia/commons/c/ca/1x1.png,Yes
Posters with hangers — hor,"Personalised posters with hangers from Pixora. Upload your photo, preview on a live product mockup, and we print and ship premium quality to your door. Ideal for home décor or gifting.",wall_hanging_poster_635-mm_dark-wood_wood_w14xt20-mm_450x600-mm-18x24-inch_200-gsm-80lb-coated-silk_4-0_hor,https://upload.wikimedia.org/wikipedia/commons/c/ca/1x1.png,Yes
Posters with hangers — hor,"Personalised posters with hangers from Pixora. Upload your photo, preview on a live product mockup, and we print and ship premium quality to your door. Ideal for home décor or gifting.",wall_hanging_poster_635-mm_dark-wood_wood_w14xt20-mm_450x600-mm-18x24-inch_200-gsm-80lb-uncoated_4-0_hor,https://upload.wikimedia.org/wikipedia/commons/c/ca/1x1.png,Yes
Posters with hangers — hor,"Personalised posters with hangers from Pixora. Upload your photo, preview on a live product mockup, and we print and ship premium quality to your door. Ideal for home décor or gifting.",wall_hanging_poster_635-mm_dark-wood_wood_w14xt20-mm_450x600-mm-18x24-inch_250-gsm-100lb-uncoated-offwhite-archival_4-0_hor,https://upload.wikimedia.org/wikipedia/commons/c/ca/1x1.png,Yes
Posters with hangers — ver,"Personalised posters with hangers from Pixora. Upload your photo, preview on a live product mockup, and we print and ship premium quality to your door. Ideal for home décor or gifting.",wall_hanging_poster_635-mm_dark-wood_wood_w14xt20-mm_600x800-mm-24x32-inch_170-gsm-65lb-coated-silk_4-0_ver,https://upload.wikimedia.org/wikipedia/commons/c/ca/1x1.png,Yes
Posters with hangers — ver,"Personalised posters with hangers from Pixora. Upload your photo, preview on a live product mockup, and we print and ship premium quality to your door. Ideal for home décor or gifting.",wall_hanging_poster_635-mm_dark-wood_wood_w14xt20-mm_600x800-mm-24x32-inch_170-gsm-65lb-uncoated_4-0_ver,https://upload.wikimedia.org/wikipedia/commons/c/ca/1x1.png,Yes
Posters with hangers — ver,"Personalised posters with hangers from Pixora. Upload your photo, preview on a live product mockup, and we print and ship premium quality to your door. Ideal for home décor or gifting.",wall_hanging_poster_635-mm_dark-wood_wood_w14xt20-mm_600x800-mm-24x32-inch_200-gsm-80lb-coated-silk_4-0_ver,https://upload.wikimedia.org/wikipedia/commons/c/ca/1x1.png,Yes
Posters with hangers — ver,"Personalised posters with hangers from Pixora. Upload your photo, preview on a live product mockup, and we print and ship premium quality to your door. Ideal for home décor or gifting.",wall_hanging_poster_635-mm_dark-wood_wood_w14xt20-mm_600x800-mm-24x32-inch_200-gsm-80lb-uncoated_4-0_ver,https://upload.wikimedia.org/wikipedia/commons/c/ca/1x1.png,Yes
Posters with hangers — ver,"Personalised posters with hangers from Pixora. Upload your photo, preview on a live product mockup, and we print and ship premium quality to your door. Ideal for home décor or gifting.",wall_hanging_poster_635-mm_dark-wood_wood_w14xt20-mm_600x800-mm-24x32-inch_250-gsm-100lb-uncoated-offwhite-archival_4-0_ver,https://upload.wikimedia.org/wikipedia/commons/c/ca/1x1.png,Yes
Posters with hangers — ver,"Personalised posters with hangers from Pixora. Upload your photo, preview on a live product mockup, and we print and ship premium quality to your door. Ideal for home décor or gifting.",wall_hanging_poster_635-mm_dark-wood_wood_w14xt20-mm_600x900-mm-24x36-inch_170-gsm-65lb-coated-silk_4-0_ver,https://upload.wikimedia.org/wikipedia/commons/c/ca/1x1.png,Yes
Posters with hangers — ver,"Personalised posters with hangers from Pixora. Upload your photo, preview on a live product mockup, and we print and ship premium quality to your door. Ideal for home décor or gifting.",wall_hanging_poster_635-mm_dark-wood_wood_w14xt20-mm_600x900-mm-24x36-inch_170-gsm-65lb-uncoated_4-0_ver,https://upload.wikimedia.org/wikipedia/commons/c/ca/1x1.png,Yes
Posters with hangers — ver,"Personalised posters with hangers from Pixora. Upload your photo, preview on a live product mockup, and we print and ship premium quality to your door. Ideal for home décor or gifting.",wall_hanging_poster_635-mm_dark-wood_wood_w14xt20-mm_600x900-mm-24x36-inch_200-gsm-80lb-coated-silk_4-0_ver,https://upload.wikimedia.org/wikipedia/commons/c/ca/1x1.png,Yes
Posters with hangers — ver,"Personalised posters with hangers from Pixora. Upload your photo, preview on a live product mockup, and we print and ship premium quality to your door. Ideal for home décor or gifting.",wall_hanging_poster_635-mm_dark-wood_wood_w14xt20-mm_600x900-mm-24x36-inch_200-gsm-80lb-uncoated_4-0_ver,https://upload.wikimedia.org/wikipedia/commons/c/ca/1x1.png,Yes
Posters with hangers — ver,"Personalised posters with hangers from Pixora. Upload your photo, preview on a live product mockup, and we print and ship premium quality to your door. Ideal for home décor or gifting.",wall_hanging_poster_635-mm_dark-wood_wood_w14xt20-mm_600x900-mm-24x36-inch_250-gsm-100lb-uncoated-offwhite-archival_4-0_ver,https://upload.wikimedia.org/wikipedia/commons/c/ca/1x1.png,Yes
Posters with hangers — ver,"Personalised posters with hangers from Pixora. Upload your photo, preview on a live product mockup, and we print and ship premium quality to your door. Ideal for home décor or gifting.",wall_hanging_poster_635-mm_dark-wood_wood_w14xt20-mm_a1_170-gsm-65lb-coated-silk_4-0_ver,https://upload.wikimedia.org/wikipedia/commons/c/ca/1x1.png,Yes
Posters with hangers — ver,"Personalised posters with hangers from Pixora. Upload your photo, preview on a live product mockup, and we print and ship premium quality to your door. Ideal for home décor or gifting.",wall_hanging_poster_635-mm_dark-wood_wood_w14xt20-mm_a1_170-gsm-65lb-uncoated_4-0_ver,https://upload.wikimedia.org/wikipedia/commons/c/ca/1x1.png,Yes
Posters with hangers — ver,"Personalised posters with hangers from Pixora. Upload your photo, preview on a live product mockup, and we print and ship premium quality to your door. Ideal for home décor or gifting.",wall_hanging_poster_635-mm_dark-wood_wood_w14xt20-mm_a1_200-gsm-80lb-coated-silk_4-0_ver,https://upload.wikimedia.org/wikipedia/commons/c/ca/1x1.png,Yes
Posters with hangers — ver,"Personalised posters with hangers from Pixora. Upload your photo, preview on a live product mockup, and we print and ship premium quality to your door. Ideal for home décor or gifting.",wall_hanging_poster_635-mm_dark-wood_wood_w14xt20-mm_a1_200-gsm-80lb-uncoated_4-0_ver,https://upload.wikimedia.org/wikipedia/commons/c/ca/1x1.png,Yes
Posters with hangers — ver,"Personalised posters with hangers from Pixora. Upload your photo, preview on a live product mockup, and we print and ship premium quality to your door. Ideal for home décor or gifting.",wall_hanging_poster_635-mm_dark-wood_wood_w14xt20-mm_a1_250-gsm-100lb-uncoated-offwhite-archival_4-0_ver,https://upload.wikimedia.org/wikipedia/commons/c/ca/1x1.png,Yes
Posters with hangers — hor,"Personalised posters with hangers from Pixora. Upload your photo, preview on a live product mockup, and we print and ship premium quality to your door. Ideal for home décor or gifting.",wall_hanging_poster_635-mm_dark-wood_wood_w14xt20-mm_a2_170-gsm-65lb-coated-silk_4-0_hor,https://upload.wikimedia.org/wikipedia/commons/c/ca/1x1.png,Yes
Posters with hangers — hor,"Personalised posters with hangers from Pixora. Upload your photo, preview on a live product mockup, and we print and ship premium quality to your door. Ideal for home décor or gifting.",wall_hanging_poster_635-mm_dark-wood_wood_w14xt20-mm_a2_170-gsm-65lb-uncoated_4-0_hor,https://upload.wikimedia.org/wikipedia/commons/c/ca/1x1.png,Yes
Posters with hangers — hor,"Personalised posters with hangers from Pixora. Upload your photo, preview on a live product mockup, and we print and ship premium quality to your door. Ideal for home décor or gifting.",wall_hanging_poster_635-mm_dark-wood_wood_w14xt20-mm_a2_200-gsm-80lb-coated-silk_4-0_hor,https://upload.wikimedia.org/wikipedia/commons/c/ca/1x1.png,Yes
Posters with hangers — hor,"Personalised posters with hangers from Pixora. Upload your photo, preview on a live product mockup, and we print and ship premium quality to your door. Ideal for home décor or gifting.",wall_hanging_poster_635-mm_dark-wood_wood_w14xt20-mm_a2_200-gsm-80lb-uncoated_4-0_hor,https://upload.wikimedia.org/wikipedia/commons/c/ca/1x1.png,Yes
Posters with hangers — hor,"Personalised posters with hangers from Pixora. Upload your photo, preview on a live product mockup, and we print and ship premium quality to your door. Ideal for home décor or gifting.",wall_hanging_poster_635-mm_dark-wood_wood_w14xt20-mm_a2_250-gsm-100lb-uncoated-offwhite-archival_4-0_hor,https://upload.wikimedia.org/wikipedia/commons/c/ca/1x1.png,Yes
Posters with hangers — hor,"Personalised posters with hangers from Pixora. Upload your photo, preview on a live product mockup, and we print and ship premium quality to your door. Ideal for home décor or gifting.",wall_hanging_poster_635-mm_natural-wood_wood_w14xt20-mm_10x24-inch-250x600-mm_170-gsm-65lb-coated-silk_4-0_hor,https://upload.wikimedia.org/wikipedia/commons/c/ca/1x1.png,Yes
Posters with hangers — hor,"Personalised posters with hangers from Pixora. Upload your photo, preview on a live product mockup, and we print and ship premium quality to your door. Ideal for home décor or gifting.",wall_hanging_poster_635-mm_natural-wood_wood_w14xt20-mm_10x24-inch-250x600-mm_170-gsm-65lb-uncoated_4-0_hor,https://upload.wikimedia.org/wikipedia/commons/c/ca/1x1.png,Yes
Posters with hangers — hor,"Personalised posters with hangers from Pixora. Upload your photo, preview on a live product mockup, and we print and ship premium quality to your door. Ideal for home décor or gifting.",wall_hanging_poster_635-mm_natural-wood_wood_w14xt20-mm_10x24-inch-250x600-mm_200-gsm-80lb-coated-silk_4-0_hor,https://upload.wikimedia.org/wikipedia/commons/c/ca/1x1.png,Yes
Posters with hangers — hor,"Personalised posters with hangers from Pixora. Upload your photo, preview on a live product mockup, and we print and ship premium quality to your door. Ideal for home décor or gifting.",wall_hanging_poster_635-mm_natural-wood_wood_w14xt20-mm_10x24-inch-250x600-mm_200-gsm-80lb-uncoated_4-0_hor,https://upload.wikimedia.org/wikipedia/commons/c/ca/1x1.png,Yes
Posters with hangers — hor,"Personalised posters with hangers from Pixora. Upload your photo, preview on a live product mockup, and we print and ship premium quality to your door. Ideal for home décor or gifting.",wall_hanging_poster_635-mm_natural-wood_wood_w14xt20-mm_10x24-inch-250x600-mm_250-gsm-100lb-uncoated-offwhite-archival_4-0_hor,https://upload.wikimedia.org/wikipedia/commons/c/ca/1x1.png,Yes
Posters with hangers — hor,"Personalised posters with hangers from Pixora. Upload your photo, preview on a live product mockup, and we print and ship premium quality to your door. Ideal for home décor or gifting.",wall_hanging_poster_635-mm_natural-wood_wood_w14xt20-mm_16x24-inch-400x600-mm_170-gsm-65lb-coated-silk_4-0_hor,https://upload.wikimedia.org/wikipedia/commons/c/ca/1x1.png,Yes
Posters with hangers — hor,"Personalised posters with hangers from Pixora. Upload your photo, preview on a live product mockup, and we print and ship premium quality to your door. Ideal for home décor or gifting.",wall_hanging_poster_635-mm_natural-wood_wood_w14xt20-mm_16x24-inch-400x600-mm_170-gsm-65lb-uncoated_4-0_hor,https://upload.wikimedia.org/wikipedia/commons/c/ca/1x1.png,Yes
Posters with hangers — hor,"Personalised posters with hangers from Pixora. Upload your photo, preview on a live product mockup, and we print and ship premium quality to your door. Ideal for home décor or gifting.",wall_hanging_poster_635-mm_natural-wood_wood_w14xt20-mm_16x24-inch-400x600-mm_200-gsm-80lb-coated-silk_4-0_hor,https://upload.wikimedia.org/wikipedia/commons/c/ca/1x1.png,Yes
Posters with hangers — hor,"Personalised posters with hangers from Pixora. Upload your photo, preview on a live product mockup, and we print and ship premium quality to your door. Ideal for home décor or gifting.",wall_hanging_poster_635-mm_natural-wood_wood_w14xt20-mm_16x24-inch-400x600-mm_200-gsm-80lb-uncoated_4-0_hor,https://upload.wikimedia.org/wikipedia/commons/c/ca/1x1.png,Yes
Posters with hangers — hor,"Personalised posters with hangers from Pixora. Upload your photo, preview on a live product mockup, and we print and ship premium quality to your door. Ideal for home décor or gifting.",wall_hanging_poster_635-mm_natural-wood_wood_w14xt20-mm_16x24-inch-400x600-mm_250-gsm-100lb-uncoated-offwhite-archival_4-0_hor,https://upload.wikimedia.org/wikipedia/commons/c/ca/1x1.png,Yes
Posters with hangers — hor,"Personalised posters with hangers from Pixora. Upload your photo, preview on a live product mockup, and we print and ship premium quality to your door. Ideal for home décor or gifting.",wall_hanging_poster_635-mm_natural-wood_wood_w14xt20-mm_18x24-inch-450x600-mm_170-gsm-65lb-coated-silk_4-0_hor,https://upload.wikimedia.org/wikipedia/commons/c/ca/1x1.png,Yes
Posters with hangers — hor,"Personalised posters with hangers from Pixora. Upload your photo, preview on a live product mockup, and we print and ship premium quality to your door. Ideal for home décor or gifting.",wall_hanging_poster_635-mm_natural-wood_wood_w14xt20-mm_18x24-inch-450x600-mm_170-gsm-65lb-uncoated_4-0_hor,https://upload.wikimedia.org/wikipedia/commons/c/ca/1x1.png,Yes
Posters with hangers — hor,"Personalised posters with hangers from Pixora. Upload your photo, preview on a live product mockup, and we print and ship premium quality to your door. Ideal for home décor or gifting.",wall_hanging_poster_635-mm_natural-wood_wood_w14xt20-mm_18x24-inch-450x600-mm_200-gsm-80lb-coated-silk_4-0_hor,https://upload.wikimedia.org/wikipedia/commons/c/ca/1x1.png,Yes
Posters with hangers — hor,"Personalised posters with hangers from Pixora. Upload your photo, preview on a live product mockup, and we print and ship premium quality to your door. Ideal for home décor or gifting.",wall_hanging_poster_635-mm_natural-wood_wood_w14xt20-mm_18x24-inch-450x600-mm_200-gsm-80lb-uncoated_4-0_hor,https://upload.wikimedia.org/wikipedia/commons/c/ca/1x1.png,Yes
Posters with hangers — hor,"Personalised posters with hangers from Pixora. Upload your photo, preview on a live product mockup, and we print and ship premium quality to your door. Ideal for home décor or gifting.",wall_hanging_poster_635-mm_natural-wood_wood_w14xt20-mm_18x24-inch-450x600-mm_250-gsm-100lb-uncoated-offwhite-archival_4-0_hor,https://upload.wikimedia.org/wikipedia/commons/c/ca/1x1.png,Yes
Posters with hangers — ver,"Personalised posters with hangers from Pixora. Upload your photo, preview on a live product mockup, and we print and ship premium quality to your door. Ideal for home décor or gifting.",wall_hanging_poster_635-mm_natural-wood_wood_w14xt20-mm_24x32-inch-600x800-mm_170-gsm-65lb-coated-silk_4-0_ver,https://upload.wikimedia.org/wikipedia/commons/c/ca/1x1.png,Yes
Posters with hangers — ver,"Personalised posters with hangers from Pixora. Upload your photo, preview on a live product mockup, and we print and ship premium quality to your door. Ideal for home décor or gifting.",wall_hanging_poster_635-mm_natural-wood_wood_w14xt20-mm_24x32-inch-600x800-mm_170-gsm-65lb-uncoated_4-0_ver,https://upload.wikimedia.org/wikipedia/commons/c/ca/1x1.png,Yes
Posters with hangers — ver,"Personalised posters with hangers from Pixora. Upload your photo, preview on a live product mockup, and we print and ship premium quality to your door. Ideal for home décor or gifting.",wall_hanging_poster_635-mm_natural-wood_wood_w14xt20-mm_24x32-inch-600x800-mm_200-gsm-80lb-coated-silk_4-0_ver,https://upload.wikimedia.org/wikipedia/commons/c/ca/1x1.png,Yes
Posters with hangers — ver,"Personalised posters with hangers from Pixora. Upload your photo, preview on a live product mockup, and we print and ship premium quality to your door. Ideal for home décor or gifting.",wall_hanging_poster_635-mm_natural-wood_wood_w14xt20-mm_24x32-inch-600x800-mm_200-gsm-80lb-uncoated_4-0_ver,https://upload.wikimedia.org/wikipedia/commons/c/ca/1x1.png,Yes
Posters with hangers — ver,"Personalised posters with hangers from Pixora. Upload your photo, preview on a live product mockup, and we print and ship premium quality to your door. Ideal for home décor or gifting.",wall_hanging_poster_635-mm_natural-wood_wood_w14xt20-mm_24x32-inch-600x800-mm_250-gsm-100lb-uncoated-offwhite-archival_4-0_ver,https://upload.wikimedia.org/wikipedia/commons/c/ca/1x1.png,Yes
Posters with hangers — ver,"Personalised posters with hangers from Pixora. Upload your photo, preview on a live product mockup, and we print and ship premium quality to your door. Ideal for home décor or gifting.",wall_hanging_poster_635-mm_natural-wood_wood_w14xt20-mm_24x36-inch-600x900-mm_170-gsm-65lb-coated-silk_4-0_ver,https://upload.wikimedia.org/wikipedia/commons/c/ca/1x1.png,Yes
Posters with hangers — ver,"Personalised posters with hangers from Pixora. Upload your photo, preview on a live product mockup, and we print and ship premium quality to your door. Ideal for home décor or gifting.",wall_hanging_poster_635-mm_natural-wood_wood_w14xt20-mm_24x36-inch-600x900-mm_170-gsm-65lb-uncoated_4-0_ver,https://upload.wikimedia.org/wikipedia/commons/c/ca/1x1.png,Yes
Posters with hangers — ver,"Personalised posters with hangers from Pixora. Upload your photo, preview on a live product mockup, and we print and ship premium quality to your door. Ideal for home décor or gifting.",wall_hanging_poster_635-mm_natural-wood_wood_w14xt20-mm_24x36-inch-600x900-mm_200-gsm-80lb-coated-silk_4-0_ver,https://upload.wikimedia.org/wikipedia/commons/c/ca/1x1.png,Yes
Posters with hangers — ver,"Personalised posters with hangers from Pixora. Upload your photo, preview on a live product mockup, and we print and ship premium quality to your door. Ideal for home décor or gifting.",wall_hanging_poster_635-mm_natural-wood_wood_w14xt20-mm_24x36-inch-600x900-mm_200-gsm-80lb-uncoated_4-0_ver,https://upload.wikimedia.org/wikipedia/commons/c/ca/1x1.png,Yes
Posters with hangers — ver,"Personalised posters with hangers from Pixora. Upload your photo, preview on a live product mockup, and we print and ship premium quality to your door. Ideal for home décor or gifting.",wall_hanging_poster_635-mm_natural-wood_wood_w14xt20-mm_24x36-inch-600x900-mm_250-gsm-100lb-uncoated-offwhite-archival_4-0_ver,https://upload.wikimedia.org/wikipedia/commons/c/ca/1x1.png,Yes
Posters with hangers — hor,"Personalised posters with hangers from Pixora. Upload your photo, preview on a live product mockup, and we print and ship premium quality to your door. Ideal for home décor or gifting.",wall_hanging_poster_635-mm_natural-wood_wood_w14xt20-mm_250x600-mm-10x24-inch_170-gsm-65lb-coated-silk_4-0_hor,https://upload.wikimedia.org/wikipedia/commons/c/ca/1x1.png,Yes
Posters with hangers — hor,"Personalised posters with hangers from Pixora. Upload your photo, preview on a live product mockup, and we print and ship premium quality to your door. Ideal for home décor or gifting.",wall_hanging_poster_635-mm_natural-wood_wood_w14xt20-mm_250x600-mm-10x24-inch_170-gsm-65lb-uncoated_4-0_hor,https://upload.wikimedia.org/wikipedia/commons/c/ca/1x1.png,Yes
Posters with hangers — hor,"Personalised posters with hangers from Pixora. Upload your photo, preview on a live product mockup, and we print and ship premium quality to your door. Ideal for home décor or gifting.",wall_hanging_poster_635-mm_natural-wood_wood_w14xt20-mm_250x600-mm-10x24-inch_200-gsm-80lb-coated-silk_4-0_hor,https://upload.wikimedia.org/wikipedia/commons/c/ca/1x1.png,Yes
Posters with hangers — hor,"Personalised posters with hangers from Pixora. Upload your photo, preview on a live product mockup, and we print and ship premium quality to your door. Ideal for home décor or gifting.",wall_hanging_poster_635-mm_natural-wood_wood_w14xt20-mm_250x600-mm-10x24-inch_200-gsm-80lb-uncoated_4-0_hor,https://upload.wikimedia.org/wikipedia/commons/c/ca/1x1.png,Yes
Posters with hangers — hor,"Personalised posters with hangers from Pixora. Upload your photo, preview on a live product mockup, and we print and ship premium quality to your door. Ideal for home décor or gifting.",wall_hanging_poster_635-mm_natural-wood_wood_w14xt20-mm_250x600-mm-10x24-inch_250-gsm-100lb-uncoated-offwhite-archival_4-0_hor,https://upload.wikimedia.org/wikipedia/commons/c/ca/1x1.png,Yes
Posters with hangers — hor,"Personalised posters with hangers from Pixora. Upload your photo, preview on a live product mockup, and we print and ship premium quality to your door. Ideal for home décor or gifting.",wall_hanging_poster_635-mm_natural-wood_wood_w14xt20-mm_400x600-mm-16x24-inch_170-gsm-65lb-coated-silk_4-0_hor,https://upload.wikimedia.org/wikipedia/commons/c/ca/1x1.png,Yes
Posters with hangers — hor,"Personalised posters with hangers from Pixora. Upload your photo, preview on a live product mockup, and we print and ship premium quality to your door. Ideal for home décor or gifting.",wall_hanging_poster_635-mm_natural-wood_wood_w14xt20-mm_400x600-mm-16x24-inch_170-gsm-65lb-uncoated_4-0_hor,https://upload.wikimedia.org/wikipedia/commons/c/ca/1x1.png,Yes
Posters with hangers — hor,"Personalised posters with hangers from Pixora. Upload your photo, preview on a live product mockup, and we print and ship premium quality to your door. Ideal for home décor or gifting.",wall_hanging_poster_635-mm_natural-wood_wood_w14xt20-mm_400x600-mm-16x24-inch_200-gsm-80lb-coated-silk_4-0_hor,https://upload.wikimedia.org/wikipedia/commons/c/ca/1x1.png,Yes
Posters with hangers — hor,"Personalised posters with hangers from Pixora. Upload your photo, preview on a live product mockup, and we print and ship premium quality to your door. Ideal for home décor or gifting.",wall_hanging_poster_635-mm_natural-wood_wood_w14xt20-mm_400x600-mm-16x24-inch_200-gsm-80lb-uncoated_4-0_hor,https://upload.wikimedia.org/wikipedia/commons/c/ca/1x1.png,Yes
Posters with hangers — hor,"Personalised posters with hangers from Pixora. Upload your photo, preview on a live product mockup, and we print and ship premium quality to your door. Ideal for home décor or gifting.",wall_hanging_poster_635-mm_natural-wood_wood_w14xt20-mm_400x600-mm-16x24-inch_250-gsm-100lb-uncoated-offwhite-archival_4-0_hor,https://upload.wikimedia.org/wikipedia/commons/c/ca/1x1.png,Yes
Posters with hangers — hor,"Personalised posters with hangers from Pixora. Upload your photo, preview on a live product mockup, and we print and ship premium quality to your door. Ideal for home décor or gifting.",wall_hanging_poster_635-mm_natural-wood_wood_w14xt20-mm_450x600-mm-18x24-inch_170-gsm-65lb-coated-silk_4-0_hor,https://upload.wikimedia.org/wikipedia/commons/c/ca/1x1.png,Yes
Posters with hangers — hor,"Personalised posters with hangers from Pixora. Upload your photo, preview on a live product mockup, and we print and ship premium quality to your door. Ideal for home décor or gifting.",wall_hanging_poster_635-mm_natural-wood_wood_w14xt20-mm_450x600-mm-18x24-inch_170-gsm-65lb-uncoated_4-0_hor,https://upload.wikimedia.org/wikipedia/commons/c/ca/1x1.png,Yes
Posters with hangers — hor,"Personalised posters with hangers from Pixora. Upload your photo, preview on a live product mockup, and we print and ship premium quality to your door. Ideal for home décor or gifting.",wall_hanging_poster_635-mm_natural-wood_wood_w14xt20-mm_450x600-mm-18x24-inch_200-gsm-80lb-coated-silk_4-0_hor,https://upload.wikimedia.org/wikipedia/commons/c/ca/1x1.png,Yes
Posters with hangers — hor,"Personalised posters with hangers from Pixora. Upload your photo, preview on a live product mockup, and we print and ship premium quality to your door. Ideal for home décor or gifting.",wall_hanging_poster_635-mm_natural-wood_wood_w14xt20-mm_450x600-mm-18x24-inch_200-gsm-80lb-uncoated_4-0_hor,https://upload.wikimedia.org/wikipedia/commons/c/ca/1x1.png,Yes
Posters with hangers — hor,"Personalised posters with hangers from Pixora. Upload your photo, preview on a live product mockup, and we print and ship premium quality to your door. Ideal for home décor or gifting.",wall_hanging_poster_635-mm_natural-wood_wood_w14xt20-mm_450x600-mm-18x24-inch_250-gsm-100lb-uncoated-offwhite-archival_4-0_hor,https://upload.wikimedia.org/wikipedia/commons/c/ca/1x1.png,Yes
Posters with hangers — ver,"Personalised posters with hangers from Pixora. Upload your photo, preview on a live product mockup, and we print and ship premium quality to your door. Ideal for home décor or gifting.",wall_hanging_poster_635-mm_natural-wood_wood_w14xt20-mm_600x800-mm-24x32-inch_170-gsm-65lb-coated-silk_4-0_ver,https://upload.wikimedia.org/wikipedia/commons/c/ca/1x1.png,Yes
Posters with hangers — ver,"Personalised posters with hangers from Pixora. Upload your photo, preview on a live product mockup, and we print and ship premium quality to your door. Ideal for home décor or gifting.",wall_hanging_poster_635-mm_natural-wood_wood_w14xt20-mm_600x800-mm-24x32-inch_170-gsm-65lb-uncoated_4-0_ver,https://upload.wikimedia.org/wikipedia/commons/c/ca/1x1.png,Yes
Posters with hangers — ver,"Personalised posters with hangers from Pixora. Upload your photo, preview on a live product mockup, and we print and ship premium quality to your door. Ideal for home décor or gifting.",wall_hanging_poster_635-mm_natural-wood_wood_w14xt20-mm_600x800-mm-24x32-inch_200-gsm-80lb-coated-silk_4-0_ver,https://upload.wikimedia.org/wikipedia/commons/c/ca/1x1.png,Yes
Posters with hangers — ver,"Personalised posters with hangers from Pixora. Upload your photo, preview on a live product mockup, and we print and ship premium quality to your door. Ideal for home décor or gifting.",wall_hanging_poster_635-mm_natural-wood_wood_w14xt20-mm_600x800-mm-24x32-inch_200-gsm-80lb-uncoated_4-0_ver,https://upload.wikimedia.org/wikipedia/commons/c/ca/1x1.png,Yes
Posters with hangers — ver,"Personalised posters with hangers from Pixora. Upload your photo, preview on a live product mockup, and we print and ship premium quality to your door. Ideal for home décor or gifting.",wall_hanging_poster_635-mm_natural-wood_wood_w14xt20-mm_600x800-mm-24x32-inch_250-gsm-100lb-uncoated-offwhite-archival_4-0_ver,https://upload.wikimedia.org/wikipedia/commons/c/ca/1x1.png,Yes
Posters with hangers — ver,"Personalised posters with hangers from Pixora. Upload your photo, preview on a live product mockup, and we print and ship premium quality to your door. Ideal for home décor or gifting.",wall_hanging_poster_635-mm_natural-wood_wood_w14xt20-mm_600x900-mm-24x36-inch_170-gsm-65lb-coated-silk_4-0_ver,https://upload.wikimedia.org/wikipedia/commons/c/ca/1x1.png,Yes
Posters with hangers — ver,"Personalised posters with hangers from Pixora. Upload your photo, preview on a live product mockup, and we print and ship premium quality to your door. Ideal for home décor or gifting.",wall_hanging_poster_635-mm_natural-wood_wood_w14xt20-mm_600x900-mm-24x36-inch_170-gsm-65lb-uncoated_4-0_ver,https://upload.wikimedia.org/wikipedia/commons/c/ca/1x1.png,Yes
Posters with hangers — ver,"Personalised posters with hangers from Pixora. Upload your photo, preview on a live product mockup, and we print and ship premium quality to your door. Ideal for home décor or gifting.",wall_hanging_poster_635-mm_natural-wood_wood_w14xt20-mm_600x900-mm-24x36-inch_200-gsm-80lb-coated-silk_4-0_ver,https://upload.wikimedia.org/wikipedia/commons/c/ca/1x1.png,Yes
Posters with hangers — ver,"Personalised posters with hangers from Pixora. Upload your photo, preview on a live product mockup, and we print and ship premium quality to your door. Ideal for home décor or gifting.",wall_hanging_poster_635-mm_natural-wood_wood_w14xt20-mm_600x900-mm-24x36-inch_200-gsm-80lb-uncoated_4-0_ver,https://upload.wikimedia.org/wikipedia/commons/c/ca/1x1.png,Yes
Posters with hangers — ver,"Personalised posters with hangers from Pixora. Upload your photo, preview on a live product mockup, and we print and ship premium quality to your door. Ideal for home décor or gifting.",wall_hanging_poster_635-mm_natural-wood_wood_w14xt20-mm_600x900-mm-24x36-inch_250-gsm-100lb-uncoated-offwhite-archival_4-0_ver,https://upload.wikimedia.org/wikipedia/commons/c/ca/1x1.png,Yes
Posters with hangers — ver,"Personalised posters with hangers from Pixora. Upload your photo, preview on a live product mockup, and we print and ship premium quality to your door. Ideal for home décor or gifting.",wall_hanging_poster_635-mm_natural-wood_wood_w14xt20-mm_a1_170-gsm-65lb-coated-silk_4-0_ver,https://upload.wikimedia.org/wikipedia/commons/c/ca/1x1.png,Yes
Posters with hangers — ver,"Personalised posters with hangers from Pixora. Upload your photo, preview on a live product mockup, and we print and ship premium quality to your door. Ideal for home décor or gifting.",wall_hanging_poster_635-mm_natural-wood_wood_w14xt20-mm_a1_170-gsm-65lb-uncoated_4-0_ver,https://upload.wikimedia.org/wikipedia/commons/c/ca/1x1.png,Yes
Posters with hangers — ver,"Personalised posters with hangers from Pixora. Upload your photo, preview on a live product mockup, and we print and ship premium quality to your door. Ideal for home décor or gifting.",wall_hanging_poster_635-mm_natural-wood_wood_w14xt20-mm_a1_200-gsm-80lb-coated-silk_4-0_ver,https://upload.wikimedia.org/wikipedia/commons/c/ca/1x1.png,Yes
Posters with hangers — ver,"Personalised posters with hangers from Pixora. Upload your photo, preview on a live product mockup, and we print and ship premium quality to your door. Ideal for home décor or gifting.",wall_hanging_poster_635-mm_natural-wood_wood_w14xt20-mm_a1_200-gsm-80lb-uncoated_4-0_ver,https://upload.wikimedia.org/wikipedia/commons/c/ca/1x1.png,Yes
Posters with hangers — ver,"Personalised posters with hangers from Pixora. Upload your photo, preview on a live product mockup, and we print and ship premium quality to your door. Ideal for home décor or gifting.",wall_hanging_poster_635-mm_natural-wood_wood_w14xt20-mm_a1_250-gsm-100lb-uncoated-offwhite-archival_4-0_ver,https://upload.wikimedia.org/wikipedia/commons/c/ca/1x1.png,Yes
Posters with hangers — hor,"Personalised posters with hangers from Pixora. Upload your photo, preview on a live product mockup, and we print and ship premium quality to your door. Ideal for home décor or gifting.",wall_hanging_poster_635-mm_natural-wood_wood_w14xt20-mm_a2_170-gsm-65lb-coated-silk_4-0_hor,https://upload.wikimedia.org/wikipedia/commons/c/ca/1x1.png,Yes
Posters with hangers — hor,"Personalised posters with hangers from Pixora. Upload your photo, preview on a live product mockup, and we print and ship premium quality to your door. Ideal for home décor or gifting.",wall_hanging_poster_635-mm_natural-wood_wood_w14xt20-mm_a2_170-gsm-65lb-uncoated_4-0_hor,https://upload.wikimedia.org/wikipedia/commons/c/ca/1x1.png,Yes
Posters with hangers — hor,"Personalised posters with hangers from Pixora. Upload your photo, preview on a live product mockup, and we print and ship premium quality to your door. Ideal for home décor or gifting.",wall_hanging_poster_635-mm_natural-wood_wood_w14xt20-mm_a2_200-gsm-80lb-coated-silk_4-0_hor,https://upload.wikimedia.org/wikipedia/commons/c/ca/1x1.png,Yes
Posters with hangers — hor,"Personalised posters with hangers from Pixora. Upload your photo, preview on a live product mockup, and we print and ship premium quality to your door. Ideal for home décor or gifting.",wall_hanging_poster_635-mm_natural-wood_wood_w14xt20-mm_a2_200-gsm-80lb-uncoated_4-0_hor,https://upload.wikimedia.org/wikipedia/commons/c/ca/1x1.png,Yes
Posters with hangers — hor,"Personalised posters with hangers from Pixora. Upload your photo, preview on a live product mockup, and we print and ship premium quality to your door. Ideal for home décor or gifting.",wall_hanging_poster_635-mm_natural-wood_wood_w14xt20-mm_a2_250-gsm-100lb-uncoated-offwhite-archival_4-0_hor,https://upload.wikimedia.org/wikipedia/commons/c/ca/1x1.png,Yes
Posters with hangers — hor,"Personalised posters with hangers from Pixora. Upload your photo, preview on a live product mockup, and we print and ship premium quality to your door. Ideal for home décor or gifting.",wall_hanging_poster_635-mm_white_wood_w14xt20-mm_10x24-inch-250x600-mm_170-gsm-65lb-coated-silk_4-0_hor,https://upload.wikimedia.org/wikipedia/commons/c/ca/1x1.png,Yes
Posters with hangers — hor,"Personalised posters with hangers from Pixora. Upload your photo, preview on a live product mockup, and we print and ship premium quality to your door. Ideal for home décor or gifting.",wall_hanging_poster_635-mm_white_wood_w14xt20-mm_10x24-inch-250x600-mm_170-gsm-65lb-uncoated_4-0_hor,https://upload.wikimedia.org/wikipedia/commons/c/ca/1x1.png,Yes
Posters with hangers — hor,"Personalised posters with hangers from Pixora. Upload your photo, preview on a live product mockup, and we print and ship premium quality to your door. Ideal for home décor or gifting.",wall_hanging_poster_635-mm_white_wood_w14xt20-mm_10x24-inch-250x600-mm_200-gsm-80lb-coated-silk_4-0_hor,https://upload.wikimedia.org/wikipedia/commons/c/ca/1x1.png,Yes
Posters with hangers — hor,"Personalised posters with hangers from Pixora. Upload your photo, preview on a live product mockup, and we print and ship premium quality to your door. Ideal for home décor or gifting.",wall_hanging_poster_635-mm_white_wood_w14xt20-mm_10x24-inch-250x600-mm_200-gsm-80lb-uncoated_4-0_hor,https://upload.wikimedia.org/wikipedia/commons/c/ca/1x1.png,Yes
Posters with hangers — hor,"Personalised posters with hangers from Pixora. Upload your photo, preview on a live product mockup, and we print and ship premium quality to your door. Ideal for home décor or gifting.",wall_hanging_poster_635-mm_white_wood_w14xt20-mm_10x24-inch-250x600-mm_250-gsm-100lb-uncoated-offwhite-archival_4-0_hor,https://upload.wikimedia.org/wikipedia/commons/c/ca/1x1.png,Yes
Posters with hangers — hor,"Personalised posters with hangers from Pixora. Upload your photo, preview on a live product mockup, and we print and ship premium quality to your door. Ideal for home décor or gifting.",wall_hanging_poster_635-mm_white_wood_w14xt20-mm_16x24-inch-400x600-mm_170-gsm-65lb-coated-silk_4-0_hor,https://upload.wikimedia.org/wikipedia/commons/c/ca/1x1.png,Yes
Posters with hangers — hor,"Personalised posters with hangers from Pixora. Upload your photo, preview on a live product mockup, and we print and ship premium quality to your door. Ideal for home décor or gifting.",wall_hanging_poster_635-mm_white_wood_w14xt20-mm_16x24-inch-400x600-mm_170-gsm-65lb-uncoated_4-0_hor,https://upload.wikimedia.org/wikipedia/commons/c/ca/1x1.png,Yes
Posters with hangers — hor,"Personalised posters with hangers from Pixora. Upload your photo, preview on a live product mockup, and we print and ship premium quality to your door. Ideal for home décor or gifting.",wall_hanging_poster_635-mm_white_wood_w14xt20-mm_16x24-inch-400x600-mm_200-gsm-80lb-coated-silk_4-0_hor,https://upload.wikimedia.org/wikipedia/commons/c/ca/1x1.png,Yes
Posters with hangers — hor,"Personalised posters with hangers from Pixora. Upload your photo, preview on a live product mockup, and we print and ship premium quality to your door. Ideal for home décor or gifting.",wall_hanging_poster_635-mm_white_wood_w14xt20-mm_16x24-inch-400x600-mm_200-gsm-80lb-uncoated_4-0_hor,https://upload.wikimedia.org/wikipedia/commons/c/ca/1x1.png,Yes
Posters with hangers — hor,"Personalised posters with hangers from Pixora. Upload your photo, preview on a live product mockup, and we print and ship premium quality to your door. Ideal for home décor or gifting.",wall_hanging_poster_635-mm_white_wood_w14xt20-mm_16x24-inch-400x600-mm_250-gsm-100lb-uncoated-offwhite-archival_4-0_hor,https://upload.wikimedia.org/wikipedia/commons/c/ca/1x1.png,Yes
Posters with hangers — hor,"Personalised posters with hangers from Pixora. Upload your photo, preview on a live product mockup, and we print and ship premium quality to your door. Ideal for home décor or gifting.",wall_hanging_poster_635-mm_white_wood_w14xt20-mm_18x24-inch-450x600-mm_170-gsm-65lb-coated-silk_4-0_hor,https://upload.wikimedia.org/wikipedia/commons/c/ca/1x1.png,Yes
Posters with hangers — hor,"Personalised posters with hangers from Pixora. Upload your photo, preview on a live product mockup, and we print and ship premium quality to your door. Ideal for home décor or gifting.",wall_hanging_poster_635-mm_white_wood_w14xt20-mm_18x24-inch-450x600-mm_170-gsm-65lb-uncoated_4-0_hor,https://upload.wikimedia.org/wikipedia/commons/c/ca/1x1.png,Yes
Posters with hangers — hor,"Personalised posters with hangers from Pixora. Upload your photo, preview on a live product mockup, and we print and ship premium quality to your door. Ideal for home décor or gifting.",wall_hanging_poster_635-mm_white_wood_w14xt20-mm_18x24-inch-450x600-mm_200-gsm-80lb-coated-silk_4-0_hor,https://upload.wikimedia.org/wikipedia/commons/c/ca/1x1.png,Yes
Posters with hangers — hor,"Personalised posters with hangers from Pixora. Upload your photo, preview on a live product mockup, and we print and ship premium quality to your door. Ideal for home décor or gifting.",wall_hanging_poster_635-mm_white_wood_w14xt20-mm_18x24-inch-450x600-mm_200-gsm-80lb-uncoated_4-0_hor,https://upload.wikimedia.org/wikipedia/commons/c/ca/1x1.png,Yes
Posters with hangers — hor,"Personalised posters with hangers from Pixora. Upload your photo, preview on a live product mockup, and we print and ship premium quality to your door. Ideal for home décor or gifting.",wall_hanging_poster_635-mm_white_wood_w14xt20-mm_18x24-inch-450x600-mm_250-gsm-100lb-uncoated-offwhite-archival_4-0_hor,https://upload.wikimedia.org/wikipedia/commons/c/ca/1x1.png,Yes
Posters with hangers — ver,"Personalised posters with hangers from Pixora. Upload your photo, preview on a live product mockup, and we print and ship premium quality to your door. Ideal for home décor or gifting.",wall_hanging_poster_635-mm_white_wood_w14xt20-mm_24x32-inch-600x800-mm_170-gsm-65lb-coated-silk_4-0_ver,https://upload.wikimedia.org/wikipedia/commons/c/ca/1x1.png,Yes
Posters with hangers — ver,"Personalised posters with hangers from Pixora. Upload your photo, preview on a live product mockup, and we print and ship premium quality to your door. Ideal for home décor or gifting.",wall_hanging_poster_635-mm_white_wood_w14xt20-mm_24x32-inch-600x800-mm_170-gsm-65lb-uncoated_4-0_ver,https://upload.wikimedia.org/wikipedia/commons/c/ca/1x1.png,Yes
Posters with hangers — ver,"Personalised posters with hangers from Pixora. Upload your photo, preview on a live product mockup, and we print and ship premium quality to your door. Ideal for home décor or gifting.",wall_hanging_poster_635-mm_white_wood_w14xt20-mm_24x32-inch-600x800-mm_200-gsm-80lb-coated-silk_4-0_ver,https://upload.wikimedia.org/wikipedia/commons/c/ca/1x1.png,Yes
Posters with hangers — ver,"Personalised posters with hangers from Pixora. Upload your photo, preview on a live product mockup, and we print and ship premium quality to your door. Ideal for home décor or gifting.",wall_hanging_poster_635-mm_white_wood_w14xt20-mm_24x32-inch-600x800-mm_200-gsm-80lb-uncoated_4-0_ver,https://upload.wikimedia.org/wikipedia/commons/c/ca/1x1.png,Yes
Posters with hangers — ver,"Personalised posters with hangers from Pixora. Upload your photo, preview on a live product mockup, and we print and ship premium quality to your door. Ideal for home décor or gifting.",wall_hanging_poster_635-mm_white_wood_w14xt20-mm_24x32-inch-600x800-mm_250-gsm-100lb-uncoated-offwhite-archival_4-0_ver,https://upload.wikimedia.org/wikipedia/commons/c/ca/1x1.png,Yes
Posters with hangers — ver,"Personalised posters with hangers from Pixora. Upload your photo, preview on a live product mockup, and we print and ship premium quality to your door. Ideal for home décor or gifting.",wall_hanging_poster_635-mm_white_wood_w14xt20-mm_24x36-inch-600x900-mm_170-gsm-65lb-coated-silk_4-0_ver,https://upload.wikimedia.org/wikipedia/commons/c/ca/1x1.png,Yes
Posters with hangers — ver,"Personalised posters with hangers from Pixora. Upload your photo, preview on a live product mockup, and we print and ship premium quality to your door. Ideal for home décor or gifting.",wall_hanging_poster_635-mm_white_wood_w14xt20-mm_24x36-inch-600x900-mm_170-gsm-65lb-uncoated_4-0_ver,https://upload.wikimedia.org/wikipedia/commons/c/ca/1x1.png,Yes
Posters with hangers — ver,"Personalised posters with hangers from Pixora. Upload your photo, preview on a live product mockup, and we print and ship premium quality to your door. Ideal for home décor or gifting.",wall_hanging_poster_635-mm_white_wood_w14xt20-mm_24x36-inch-600x900-mm_200-gsm-80lb-coated-silk_4-0_ver,https://upload.wikimedia.org/wikipedia/commons/c/ca/1x1.png,Yes
Posters with hangers — ver,"Personalised posters with hangers from Pixora. Upload your photo, preview on a live product mockup, and we print and ship premium quality to your door. Ideal for home décor or gifting.",wall_hanging_poster_635-mm_white_wood_w14xt20-mm_24x36-inch-600x900-mm_200-gsm-80lb-uncoated_4-0_ver,https://upload.wikimedia.org/wikipedia/commons/c/ca/1x1.png,Yes
Posters with hangers — ver,"Personalised posters with hangers from Pixora. Upload your photo, preview on a live product mockup, and we print and ship premium quality to your door. Ideal for home décor or gifting.",wall_hanging_poster_635-mm_white_wood_w14xt20-mm_24x36-inch-600x900-mm_250-gsm-100lb-uncoated-offwhite-archival_4-0_ver,https://upload.wikimedia.org/wikipedia/commons/c/ca/1x1.png,Yes
Posters with hangers — hor,"Personalised posters with hangers from Pixora. Upload your photo, preview on a live product mockup, and we print and ship premium quality to your door. Ideal for home décor or gifting.",wall_hanging_poster_635-mm_white_wood_w14xt20-mm_250x600-mm-10x24-inch_170-gsm-65lb-coated-silk_4-0_hor,https://upload.wikimedia.org/wikipedia/commons/c/ca/1x1.png,Yes
Posters with hangers — hor,"Personalised posters with hangers from Pixora. Upload your photo, preview on a live product mockup, and we print and ship premium quality to your door. Ideal for home décor or gifting.",wall_hanging_poster_635-mm_white_wood_w14xt20-mm_250x600-mm-10x24-inch_170-gsm-65lb-uncoated_4-0_hor,https://upload.wikimedia.org/wikipedia/commons/c/ca/1x1.png,Yes
Posters with hangers — hor,"Personalised posters with hangers from Pixora. Upload your photo, preview on a live product mockup, and we print and ship premium quality to your door. Ideal for home décor or gifting.",wall_hanging_poster_635-mm_white_wood_w14xt20-mm_250x600-mm-10x24-inch_200-gsm-80lb-coated-silk_4-0_hor,https://upload.wikimedia.org/wikipedia/commons/c/ca/1x1.png,Yes
Posters with hangers — hor,"Personalised posters with hangers from Pixora. Upload your photo, preview on a live product mockup, and we print and ship premium quality to your door. Ideal for home décor or gifting.",wall_hanging_poster_635-mm_white_wood_w14xt20-mm_250x600-mm-10x24-inch_200-gsm-80lb-uncoated_4-0_hor,https://upload.wikimedia.org/wikipedia/commons/c/ca/1x1.png,Yes
Posters with hangers — hor,"Personalised posters with hangers from Pixora. Upload your photo, preview on a live product mockup, and we print and ship premium quality to your door. Ideal for home décor or gifting.",wall_hanging_poster_635-mm_white_wood_w14xt20-mm_250x600-mm-10x24-inch_250-gsm-100lb-uncoated-offwhite-archival_4-0_hor,https://upload.wikimedia.org/wikipedia/commons/c/ca/1x1.png,Yes
Posters with hangers — hor,"Personalised posters with hangers from Pixora. Upload your photo, preview on a live product mockup, and we print and ship premium quality to your door. Ideal for home décor or gifting.",wall_hanging_poster_635-mm_white_wood_w14xt20-mm_400x600-mm-16x24-inch_170-gsm-65lb-coated-silk_4-0_hor,https://upload.wikimedia.org/wikipedia/commons/c/ca/1x1.png,Yes
Posters with hangers — hor,"Personalised posters with hangers from Pixora. Upload your photo, preview on a live product mockup, and we print and ship premium quality to your door. Ideal for home décor or gifting.",wall_hanging_poster_635-mm_white_wood_w14xt20-mm_400x600-mm-16x24-inch_170-gsm-65lb-uncoated_4-0_hor,https://upload.wikimedia.org/wikipedia/commons/c/ca/1x1.png,Yes
Posters with hangers — hor,"Personalised posters with hangers from Pixora. Upload your photo, preview on a live product mockup, and we print and ship premium quality to your door. Ideal for home décor or gifting.",wall_hanging_poster_635-mm_white_wood_w14xt20-mm_400x600-mm-16x24-inch_200-gsm-80lb-coated-silk_4-0_hor,https://upload.wikimedia.org/wikipedia/commons/c/ca/1x1.png,Yes
Posters with hangers — hor,"Personalised posters with hangers from Pixora. Upload your photo, preview on a live product mockup, and we print and ship premium quality to your door. Ideal for home décor or gifting.",wall_hanging_poster_635-mm_white_wood_w14xt20-mm_400x600-mm-16x24-inch_200-gsm-80lb-uncoated_4-0_hor,https://upload.wikimedia.org/wikipedia/commons/c/ca/1x1.png,Yes
Posters with hangers — hor,"Personalised posters with hangers from Pixora. Upload your photo, preview on a live product mockup, and we print and ship premium quality to your door. Ideal for home décor or gifting.",wall_hanging_poster_635-mm_white_wood_w14xt20-mm_400x600-mm-16x24-inch_250-gsm-100lb-uncoated-offwhite-archival_4-0_hor,https://upload.wikimedia.org/wikipedia/commons/c/ca/1x1.png,Yes
Posters with hangers — hor,"Personalised posters with hangers from Pixora. Upload your photo, preview on a live product mockup, and we print and ship premium quality to your door. Ideal for home décor or gifting.",wall_hanging_poster_635-mm_white_wood_w14xt20-mm_450x600-mm-18x24-inch_170-gsm-65lb-coated-silk_4-0_hor,https://upload.wikimedia.org/wikipedia/commons/c/ca/1x1.png,Yes
Posters with hangers — hor,"Personalised posters with hangers from Pixora. Upload your photo, preview on a live product mockup, and we print and ship premium quality to your door. Ideal for home décor or gifting.",wall_hanging_poster_635-mm_white_wood_w14xt20-mm_450x600-mm-18x24-inch_170-gsm-65lb-uncoated_4-0_hor,https://upload.wikimedia.org/wikipedia/commons/c/ca/1x1.png,Yes
Posters with hangers — hor,"Personalised posters with hangers from Pixora. Upload your photo, preview on a live product mockup, and we print and ship premium quality to your door. Ideal for home décor or gifting.",wall_hanging_poster_635-mm_white_wood_w14xt20-mm_450x600-mm-18x24-inch_200-gsm-80lb-coated-silk_4-0_hor,https://upload.wikimedia.org/wikipedia/commons/c/ca/1x1.png,Yes
Posters with hangers — hor,"Personalised posters with hangers from Pixora. Upload your photo, preview on a live product mockup, and we print and ship premium quality to your door. Ideal for home décor or gifting.",wall_hanging_poster_635-mm_white_wood_w14xt20-mm_450x600-mm-18x24-inch_200-gsm-80lb-uncoated_4-0_hor,https://upload.wikimedia.org/wikipedia/commons/c/ca/1x1.png,Yes
Posters with hangers — hor,"Personalised posters with hangers from Pixora. Upload your photo, preview on a live product mockup, and we print and ship premium quality to your door. Ideal for home décor or gifting.",wall_hanging_poster_635-mm_white_wood_w14xt20-mm_450x600-mm-18x24-inch_250-gsm-100lb-uncoated-offwhite-archival_4-0_hor,https://upload.wikimedia.org/wikipedia/commons/c/ca/1x1.png,Yes
Posters with hangers — ver,"Personalised posters with hangers from Pixora. Upload your photo, preview on a live product mockup, and we print and ship premium quality to your door. Ideal for home décor or gifting.",wall_hanging_poster_635-mm_white_wood_w14xt20-mm_600x800-mm-24x32-inch_170-gsm-65lb-coated-silk_4-0_ver,https://upload.wikimedia.org/wikipedia/commons/c/ca/1x1.png,Yes
Posters with hangers — ver,"Personalised posters with hangers from Pixora. Upload your photo, preview on a live product mockup, and we print and ship premium quality to your door. Ideal for home décor or gifting.",wall_hanging_poster_635-mm_white_wood_w14xt20-mm_600x800-mm-24x32-inch_170-gsm-65lb-uncoated_4-0_ver,https://upload.wikimedia.org/wikipedia/commons/c/ca/1x1.png,Yes
Posters with hangers — ver,"Personalised posters with hangers from Pixora. Upload your photo, preview on a live product mockup, and we print and ship premium quality to your door. Ideal for home décor or gifting.",wall_hanging_poster_635-mm_white_wood_w14xt20-mm_600x800-mm-24x32-inch_200-gsm-80lb-coated-silk_4-0_ver,https://upload.wikimedia.org/wikipedia/commons/c/ca/1x1.png,Yes
Posters with hangers — ver,"Personalised posters with hangers from Pixora. Upload your photo, preview on a live product mockup, and we print and ship premium quality to your door. Ideal for home décor or gifting.",wall_hanging_poster_635-mm_white_wood_w14xt20-mm_600x800-mm-24x32-inch_200-gsm-80lb-uncoated_4-0_ver,https://upload.wikimedia.org/wikipedia/commons/c/ca/1x1.png,Yes
Posters with hangers — ver,"Personalised posters with hangers from Pixora. Upload your photo, preview on a live product mockup, and we print and ship premium quality to your door. Ideal for home décor or gifting.",wall_hanging_poster_635-mm_white_wood_w14xt20-mm_600x800-mm-24x32-inch_250-gsm-100lb-uncoated-offwhite-archival_4-0_ver,https://upload.wikimedia.org/wikipedia/commons/c/ca/1x1.png,Yes
Posters with hangers — ver,"Personalised posters with hangers from Pixora. Upload your photo, preview on a live product mockup, and we print and ship premium quality to your door. Ideal for home décor or gifting.",wall_hanging_poster_635-mm_white_wood_w14xt20-mm_600x900-mm-24x36-inch_170-gsm-65lb-coated-silk_4-0_ver,https://upload.wikimedia.org/wikipedia/commons/c/ca/1x1.png,Yes
Posters with hangers — ver,"Personalised posters with hangers from Pixora. Upload your photo, preview on a live product mockup, and we print and ship premium quality to your door. Ideal for home décor or gifting.",wall_hanging_poster_635-mm_white_wood_w14xt20-mm_600x900-mm-24x36-inch_170-gsm-65lb-uncoated_4-0_ver,https://upload.wikimedia.org/wikipedia/commons/c/ca/1x1.png,Yes
Posters with hangers — ver,"Personalised posters with hangers from Pixora. Upload your photo, preview on a live product mockup, and we print and ship premium quality to your door. Ideal for home décor or gifting.",wall_hanging_poster_635-mm_white_wood_w14xt20-mm_600x900-mm-24x36-inch_200-gsm-80lb-coated-silk_4-0_ver,https://upload.wikimedia.org/wikipedia/commons/c/ca/1x1.png,Yes
Posters with hangers — ver,"Personalised posters with hangers from Pixora. Upload your photo, preview on a live product mockup, and we print and ship premium quality to your door. Ideal for home décor or gifting.",wall_hanging_poster_635-mm_white_wood_w14xt20-mm_600x900-mm-24x36-inch_200-gsm-80lb-uncoated_4-0_ver,https://upload.wikimedia.org/wikipedia/commons/c/ca/1x1.png,Yes
Posters with hangers — ver,"Personalised posters with hangers from Pixora. Upload your photo, preview on a live product mockup, and we print and ship premium quality to your door. Ideal for home décor or gifting.",wall_hanging_poster_635-mm_white_wood_w14xt20-mm_600x900-mm-24x36-inch_250-gsm-100lb-uncoated-offwhite-archival_4-0_ver,https://upload.wikimedia.org/wikipedia/commons/c/ca/1x1.png,Yes
Posters with hangers — ver,"Personalised posters with hangers from Pixora. Upload your photo, preview on a live product mockup, and we print and ship premium quality to your door. Ideal for home décor or gifting.",wall_hanging_poster_635-mm_white_wood_w14xt20-mm_a1_170-gsm-65lb-coated-silk_4-0_ver,https://upload.wikimedia.org/wikipedia/commons/c/ca/1x1.png,Yes
Posters with hangers — ver,"Personalised posters with hangers from Pixora. Upload your photo, preview on a live product mockup, and we print and ship premium quality to your door. Ideal for home décor or gifting.",wall_hanging_poster_635-mm_white_wood_w14xt20-mm_a1_170-gsm-65lb-uncoated_4-0_ver,https://upload.wikimedia.org/wikipedia/commons/c/ca/1x1.png,Yes
Posters with hangers — ver,"Personalised posters with hangers from Pixora. Upload your photo, preview on a live product mockup, and we print and ship premium quality to your door. Ideal for home décor or gifting.",wall_hanging_poster_635-mm_white_wood_w14xt20-mm_a1_200-gsm-80lb-coated-silk_4-0_ver,https://upload.wikimedia.org/wikipedia/commons/c/ca/1x1.png,Yes
Posters with hangers — ver,"Personalised posters with hangers from Pixora. Upload your photo, preview on a live product mockup, and we print and ship premium quality to your door. Ideal for home décor or gifting.",wall_hanging_poster_635-mm_white_wood_w14xt20-mm_a1_200-gsm-80lb-uncoated_4-0_ver,https://upload.wikimedia.org/wikipedia/commons/c/ca/1x1.png,Yes
Posters with hangers — ver,"Personalised posters with hangers from Pixora. Upload your photo, preview on a live product mockup, and we print and ship premium quality to your door. Ideal for home décor or gifting.",wall_hanging_poster_635-mm_white_wood_w14xt20-mm_a1_250-gsm-100lb-uncoated-offwhite-archival_4-0_ver,https://upload.wikimedia.org/wikipedia/commons/c/ca/1x1.png,Yes
Posters with hangers — hor,"Personalised posters with hangers from Pixora. Upload your photo, preview on a live product mockup, and we print and ship premium quality to your door. Ideal for home décor or gifting.",wall_hanging_poster_635-mm_white_wood_w14xt20-mm_a2_170-gsm-65lb-coated-silk_4-0_hor,https://upload.wikimedia.org/wikipedia/commons/c/ca/1x1.png,Yes
Posters with hangers — hor,"Personalised posters with hangers from Pixora. Upload your photo, preview on a live product mockup, and we print and ship premium quality to your door. Ideal for home décor or gifting.",wall_hanging_poster_635-mm_white_wood_w14xt20-mm_a2_170-gsm-65lb-uncoated_4-0_hor,https://upload.wikimedia.org/wikipedia/commons/c/ca/1x1.png,Yes
Posters with hangers — hor,"Personalised posters with hangers from Pixora. Upload your photo, preview on a live product mockup, and we print and ship premium quality to your door. Ideal for home décor or gifting.",wall_hanging_poster_635-mm_white_wood_w14xt20-mm_a2_200-gsm-80lb-coated-silk_4-0_hor,https://upload.wikimedia.org/wikipedia/commons/c/ca/1x1.png,Yes
Posters with hangers — hor,"Personalised posters with hangers from Pixora. Upload your photo, preview on a live product mockup, and we print and ship premium quality to your door. Ideal for home décor or gifting.",wall_hanging_poster_635-mm_white_wood_w14xt20-mm_a2_200-gsm-80lb-uncoated_4-0_hor,https://upload.wikimedia.org/wikipedia/commons/c/ca/1x1.png,Yes
Posters with hangers — hor,"Personalised posters with hangers from Pixora. Upload your photo, preview on a live product mockup, and we print and ship premium quality to your door. Ideal for home décor or gifting.",wall_hanging_poster_635-mm_white_wood_w14xt20-mm_a2_250-gsm-100lb-uncoated-offwhite-archival_4-0_hor,https://upload.wikimedia.org/wikipedia/commons/c/ca/1x1.png,Yes
Posters with hangers — hor,"Personalised posters with hangers from Pixora. Upload your photo, preview on a live product mockup, and we print and ship premium quality to your door. Ideal for home décor or gifting.",wall_hanging_poster_710-mm_black_wood_w14xt20-mm_20x28-inch-500x700-mm_170-gsm-65lb-coated-silk_4-0_hor,https://upload.wikimedia.org/wikipedia/commons/c/ca/1x1.png,Yes
Posters with hangers — hor,"Personalised posters with hangers from Pixora. Upload your photo, preview on a live product mockup, and we print and ship premium quality to your door. Ideal for home décor or gifting.",wall_hanging_poster_710-mm_black_wood_w14xt20-mm_20x28-inch-500x700-mm_170-gsm-65lb-uncoated_4-0_hor,https://upload.wikimedia.org/wikipedia/commons/c/ca/1x1.png,Yes
Posters with hangers — hor,"Personalised posters with hangers from Pixora. Upload your photo, preview on a live product mockup, and we print and ship premium quality to your door. Ideal for home décor or gifting.",wall_hanging_poster_710-mm_black_wood_w14xt20-mm_20x28-inch-500x700-mm_200-gsm-80lb-coated-silk_4-0_hor,https://upload.wikimedia.org/wikipedia/commons/c/ca/1x1.png,Yes
Posters with hangers — hor,"Personalised posters with hangers from Pixora. Upload your photo, preview on a live product mockup, and we print and ship premium quality to your door. Ideal for home décor or gifting.",wall_hanging_poster_710-mm_black_wood_w14xt20-mm_20x28-inch-500x700-mm_200-gsm-80lb-uncoated_4-0_hor,https://upload.wikimedia.org/wikipedia/commons/c/ca/1x1.png,Yes
Posters with hangers — hor,"Personalised posters with hangers from Pixora. Upload your photo, preview on a live product mockup, and we print and ship premium quality to your door. Ideal for home décor or gifting.",wall_hanging_poster_710-mm_black_wood_w14xt20-mm_20x28-inch-500x700-mm_250-gsm-100lb-uncoated-offwhite-archival_4-0_hor,https://upload.wikimedia.org/wikipedia/commons/c/ca/1x1.png,Yes
Posters with hangers — hor,"Personalised posters with hangers from Pixora. Upload your photo, preview on a live product mockup, and we print and ship premium quality to your door. Ideal for home décor or gifting.",wall_hanging_poster_710-mm_black_wood_w14xt20-mm_28x28-inch-700x700-mm_170-gsm-65lb-coated-silk_4-0_hor,https://upload.wikimedia.org/wikipedia/commons/c/ca/1x1.png,Yes
Posters with hangers — ver,"Personalised posters with hangers from Pixora. Upload your photo, preview on a live product mockup, and we print and ship premium quality to your door. Ideal for home décor or gifting.",wall_hanging_poster_710-mm_black_wood_w14xt20-mm_28x28-inch-700x700-mm_170-gsm-65lb-coated-silk_4-0_ver,https://upload.wikimedia.org/wikipedia/commons/c/ca/1x1.png,Yes
Posters with hangers — hor,"Personalised posters with hangers from Pixora. Upload your photo, preview on a live product mockup, and we print and ship premium quality to your door. Ideal for home décor or gifting.",wall_hanging_poster_710-mm_black_wood_w14xt20-mm_28x28-inch-700x700-mm_170-gsm-65lb-uncoated_4-0_hor,https://upload.wikimedia.org/wikipedia/commons/c/ca/1x1.png,Yes
Posters with hangers — ver,"Personalised posters with hangers from Pixora. Upload your photo, preview on a live product mockup, and we print and ship premium quality to your door. Ideal for home décor or gifting.",wall_hanging_poster_710-mm_black_wood_w14xt20-mm_28x28-inch-700x700-mm_170-gsm-65lb-uncoated_4-0_ver,https://upload.wikimedia.org/wikipedia/commons/c/ca/1x1.png,Yes
Posters with hangers — hor,"Personalised posters with hangers from Pixora. Upload your photo, preview on a live product mockup, and we print and ship premium quality to your door. Ideal for home décor or gifting.",wall_hanging_poster_710-mm_black_wood_w14xt20-mm_28x28-inch-700x700-mm_200-gsm-80lb-coated-silk_4-0_hor,https://upload.wikimedia.org/wikipedia/commons/c/ca/1x1.png,Yes
Posters with hangers — ver,"Personalised posters with hangers from Pixora. Upload your photo, preview on a live product mockup, and we print and ship premium quality to your door. Ideal for home décor or gifting.",wall_hanging_poster_710-mm_black_wood_w14xt20-mm_28x28-inch-700x700-mm_200-gsm-80lb-coated-silk_4-0_ver,https://upload.wikimedia.org/wikipedia/commons/c/ca/1x1.png,Yes
Posters with hangers — hor,"Personalised posters with hangers from Pixora. Upload your photo, preview on a live product mockup, and we print and ship premium quality to your door. Ideal for home décor or gifting.",wall_hanging_poster_710-mm_black_wood_w14xt20-mm_28x28-inch-700x700-mm_200-gsm-80lb-uncoated_4-0_hor,https://upload.wikimedia.org/wikipedia/commons/c/ca/1x1.png,Yes
Posters with hangers — ver,"Personalised posters with hangers from Pixora. Upload your photo, preview on a live product mockup, and we print and ship premium quality to your door. Ideal for home décor or gifting.",wall_hanging_poster_710-mm_black_wood_w14xt20-mm_28x28-inch-700x700-mm_200-gsm-80lb-uncoated_4-0_ver,https://upload.wikimedia.org/wikipedia/commons/c/ca/1x1.png,Yes
Posters with hangers — hor,"Personalised posters with hangers from Pixora. Upload your photo, preview on a live product mockup, and we print and ship premium quality to your door. Ideal for home décor or gifting.",wall_hanging_poster_710-mm_black_wood_w14xt20-mm_28x28-inch-700x700-mm_250-gsm-100lb-uncoated-offwhite-archival_4-0_hor,https://upload.wikimedia.org/wikipedia/commons/c/ca/1x1.png,Yes
Posters with hangers — ver,"Personalised posters with hangers from Pixora. Upload your photo, preview on a live product mockup, and we print and ship premium quality to your door. Ideal for home décor or gifting.",wall_hanging_poster_710-mm_black_wood_w14xt20-mm_28x28-inch-700x700-mm_250-gsm-100lb-uncoated-offwhite-archival_4-0_ver,https://upload.wikimedia.org/wikipedia/commons/c/ca/1x1.png,Yes
Posters with hangers — ver,"Personalised posters with hangers from Pixora. Upload your photo, preview on a live product mockup, and we print and ship premium quality to your door. Ideal for home décor or gifting.",wall_hanging_poster_710-mm_black_wood_w14xt20-mm_28x40-inch-700x1000-mm_170-gsm-65lb-coated-silk_4-0_ver,https://upload.wikimedia.org/wikipedia/commons/c/ca/1x1.png,Yes
Posters with hangers — ver,"Personalised posters with hangers from Pixora. Upload your photo, preview on a live product mockup, and we print and ship premium quality to your door. Ideal for home décor or gifting.",wall_hanging_poster_710-mm_black_wood_w14xt20-mm_28x40-inch-700x1000-mm_170-gsm-65lb-uncoated_4-0_ver,https://upload.wikimedia.org/wikipedia/commons/c/ca/1x1.png,Yes
Posters with hangers — ver,"Personalised posters with hangers from Pixora. Upload your photo, preview on a live product mockup, and we print and ship premium quality to your door. Ideal for home décor or gifting.",wall_hanging_poster_710-mm_black_wood_w14xt20-mm_28x40-inch-700x1000-mm_200-gsm-80lb-coated-silk_4-0_ver,https://upload.wikimedia.org/wikipedia/commons/c/ca/1x1.png,Yes
Posters with hangers — ver,"Personalised posters with hangers from Pixora. Upload your photo, preview on a live product mockup, and we print and ship premium quality to your door. Ideal for home décor or gifting.",wall_hanging_poster_710-mm_black_wood_w14xt20-mm_28x40-inch-700x1000-mm_200-gsm-80lb-uncoated_4-0_ver,https://upload.wikimedia.org/wikipedia/commons/c/ca/1x1.png,Yes
Posters with hangers — ver,"Personalised posters with hangers from Pixora. Upload your photo, preview on a live product mockup, and we print and ship premium quality to your door. Ideal for home décor or gifting.",wall_hanging_poster_710-mm_black_wood_w14xt20-mm_28x40-inch-700x1000-mm_250-gsm-100lb-uncoated-offwhite-archival_4-0_ver,https://upload.wikimedia.org/wikipedia/commons/c/ca/1x1.png,Yes
Posters with hangers — hor,"Personalised posters with hangers from Pixora. Upload your photo, preview on a live product mockup, and we print and ship premium quality to your door. Ideal for home décor or gifting.",wall_hanging_poster_710-mm_black_wood_w14xt20-mm_500x700-mm-20x28-inch_170-gsm-65lb-coated-silk_4-0_hor,https://upload.wikimedia.org/wikipedia/commons/c/ca/1x1.png,Yes
Posters with hangers — hor,"Personalised posters with hangers from Pixora. Upload your photo, preview on a live product mockup, and we print and ship premium quality to your door. Ideal for home décor or gifting.",wall_hanging_poster_710-mm_black_wood_w14xt20-mm_500x700-mm-20x28-inch_170-gsm-65lb-uncoated_4-0_hor,https://upload.wikimedia.org/wikipedia/commons/c/ca/1x1.png,Yes
Posters with hangers — hor,"Personalised posters with hangers from Pixora. Upload your photo, preview on a live product mockup, and we print and ship premium quality to your door. Ideal for home décor or gifting.",wall_hanging_poster_710-mm_black_wood_w14xt20-mm_500x700-mm-20x28-inch_200-gsm-80lb-coated-silk_4-0_hor,https://upload.wikimedia.org/wikipedia/commons/c/ca/1x1.png,Yes
Posters with hangers — hor,"Personalised posters with hangers from Pixora. Upload your photo, preview on a live product mockup, and we print and ship premium quality to your door. Ideal for home décor or gifting.",wall_hanging_poster_710-mm_black_wood_w14xt20-mm_500x700-mm-20x28-inch_200-gsm-80lb-uncoated_4-0_hor,https://upload.wikimedia.org/wikipedia/commons/c/ca/1x1.png,Yes
Posters with hangers — hor,"Personalised posters with hangers from Pixora. Upload your photo, preview on a live product mockup, and we print and ship premium quality to your door. Ideal for home décor or gifting.",wall_hanging_poster_710-mm_black_wood_w14xt20-mm_500x700-mm-20x28-inch_250-gsm-100lb-uncoated-offwhite-archival_4-0_hor,https://upload.wikimedia.org/wikipedia/commons/c/ca/1x1.png,Yes
Posters with hangers — ver,"Personalised posters with hangers from Pixora. Upload your photo, preview on a live product mockup, and we print and ship premium quality to your door. Ideal for home décor or gifting.",wall_hanging_poster_710-mm_black_wood_w14xt20-mm_700x1000-mm-28x40-inch_170-gsm-65lb-coated-silk_4-0_ver,https://upload.wikimedia.org/wikipedia/commons/c/ca/1x1.png,Yes
Posters with hangers — ver,"Personalised posters with hangers from Pixora. Upload your photo, preview on a live product mockup, and we print and ship premium quality to your door. Ideal for home décor or gifting.",wall_hanging_poster_710-mm_black_wood_w14xt20-mm_700x1000-mm-28x40-inch_170-gsm-65lb-uncoated_4-0_ver,https://upload.wikimedia.org/wikipedia/commons/c/ca/1x1.png,Yes
Posters with hangers — ver,"Personalised posters with hangers from Pixora. Upload your photo, preview on a live product mockup, and we print and ship premium quality to your door. Ideal for home décor or gifting.",wall_hanging_poster_710-mm_black_wood_w14xt20-mm_700x1000-mm-28x40-inch_200-gsm-80lb-coated-silk_4-0_ver,https://upload.wikimedia.org/wikipedia/commons/c/ca/1x1.png,Yes
Posters with hangers — ver,"Personalised posters with hangers from Pixora. Upload your photo, preview on a live product mockup, and we print and ship premium quality to your door. Ideal for home décor or gifting.",wall_hanging_poster_710-mm_black_wood_w14xt20-mm_700x1000-mm-28x40-inch_200-gsm-80lb-uncoated_4-0_ver,https://upload.wikimedia.org/wikipedia/commons/c/ca/1x1.png,Yes
Posters with hangers — ver,"Personalised posters with hangers from Pixora. Upload your photo, preview on a live product mockup, and we print and ship premium quality to your door. Ideal for home décor or gifting.",wall_hanging_poster_710-mm_black_wood_w14xt20-mm_700x1000-mm-28x40-inch_250-gsm-100lb-uncoated-offwhite-archival_4-0_ver,https://upload.wikimedia.org/wikipedia/commons/c/ca/1x1.png,Yes
Posters with hangers — hor,"Personalised posters with hangers from Pixora. Upload your photo, preview on a live product mockup, and we print and ship premium quality to your door. Ideal for home décor or gifting.",wall_hanging_poster_710-mm_black_wood_w14xt20-mm_700x700-mm-28x28-inch_170-gsm-65lb-coated-silk_4-0_hor,https://upload.wikimedia.org/wikipedia/commons/c/ca/1x1.png,Yes
Posters with hangers — ver,"Personalised posters with hangers from Pixora. Upload your photo, preview on a live product mockup, and we print and ship premium quality to your door. Ideal for home décor or gifting.",wall_hanging_poster_710-mm_black_wood_w14xt20-mm_700x700-mm-28x28-inch_170-gsm-65lb-coated-silk_4-0_ver,https://upload.wikimedia.org/wikipedia/commons/c/ca/1x1.png,Yes
Posters with hangers — hor,"Personalised posters with hangers from Pixora. Upload your photo, preview on a live product mockup, and we print and ship premium quality to your door. Ideal for home décor or gifting.",wall_hanging_poster_710-mm_black_wood_w14xt20-mm_700x700-mm-28x28-inch_170-gsm-65lb-uncoated_4-0_hor,https://upload.wikimedia.org/wikipedia/commons/c/ca/1x1.png,Yes
Posters with hangers — ver,"Personalised posters with hangers from Pixora. Upload your photo, preview on a live product mockup, and we print and ship premium quality to your door. Ideal for home décor or gifting.",wall_hanging_poster_710-mm_black_wood_w14xt20-mm_700x700-mm-28x28-inch_170-gsm-65lb-uncoated_4-0_ver,https://upload.wikimedia.org/wikipedia/commons/c/ca/1x1.png,Yes
Posters with hangers — hor,"Personalised posters with hangers from Pixora. Upload your photo, preview on a live product mockup, and we print and ship premium quality to your door. Ideal for home décor or gifting.",wall_hanging_poster_710-mm_black_wood_w14xt20-mm_700x700-mm-28x28-inch_200-gsm-80lb-coated-silk_4-0_hor,https://upload.wikimedia.org/wikipedia/commons/c/ca/1x1.png,Yes
Posters with hangers — ver,"Personalised posters with hangers from Pixora. Upload your photo, preview on a live product mockup, and we print and ship premium quality to your door. Ideal for home décor or gifting.",wall_hanging_poster_710-mm_black_wood_w14xt20-mm_700x700-mm-28x28-inch_200-gsm-80lb-coated-silk_4-0_ver,https://upload.wikimedia.org/wikipedia/commons/c/ca/1x1.png,Yes
Posters with hangers — hor,"Personalised posters with hangers from Pixora. Upload your photo, preview on a live product mockup, and we print and ship premium quality to your door. Ideal for home décor or gifting.",wall_hanging_poster_710-mm_black_wood_w14xt20-mm_700x700-mm-28x28-inch_200-gsm-80lb-uncoated_4-0_hor,https://upload.wikimedia.org/wikipedia/commons/c/ca/1x1.png,Yes
Posters with hangers — ver,"Personalised posters with hangers from Pixora. Upload your photo, preview on a live product mockup, and we print and ship premium quality to your door. Ideal for home décor or gifting.",wall_hanging_poster_710-mm_black_wood_w14xt20-mm_700x700-mm-28x28-inch_200-gsm-80lb-uncoated_4-0_ver,https://upload.wikimedia.org/wikipedia/commons/c/ca/1x1.png,Yes
Posters with hangers — hor,"Personalised posters with hangers from Pixora. Upload your photo, preview on a live product mockup, and we print and ship premium quality to your door. Ideal for home décor or gifting.",wall_hanging_poster_710-mm_black_wood_w14xt20-mm_700x700-mm-28x28-inch_250-gsm-100lb-uncoated-offwhite-archival_4-0_hor,https://upload.wikimedia.org/wikipedia/commons/c/ca/1x1.png,Yes
Posters with hangers — ver,"Personalised posters with hangers from Pixora. Upload your photo, preview on a live product mockup, and we print and ship premium quality to your door. Ideal for home décor or gifting.",wall_hanging_poster_710-mm_black_wood_w14xt20-mm_700x700-mm-28x28-inch_250-gsm-100lb-uncoated-offwhite-archival_4-0_ver,https://upload.wikimedia.org/wikipedia/commons/c/ca/1x1.png,Yes
Posters with hangers — hor,"Personalised posters with hangers from Pixora. Upload your photo, preview on a live product mockup, and we print and ship premium quality to your door. Ideal for home décor or gifting.",wall_hanging_poster_710-mm_dark-wood_wood_w14xt20-mm_20x28-inch-500x700-mm_170-gsm-65lb-coated-silk_4-0_hor,https://upload.wikimedia.org/wikipedia/commons/c/ca/1x1.png,Yes
Posters with hangers — hor,"Personalised posters with hangers from Pixora. Upload your photo, preview on a live product mockup, and we print and ship premium quality to your door. Ideal for home décor or gifting.",wall_hanging_poster_710-mm_dark-wood_wood_w14xt20-mm_20x28-inch-500x700-mm_170-gsm-65lb-uncoated_4-0_hor,https://upload.wikimedia.org/wikipedia/commons/c/ca/1x1.png,Yes
Posters with hangers — hor,"Personalised posters with hangers from Pixora. Upload your photo, preview on a live product mockup, and we print and ship premium quality to your door. Ideal for home décor or gifting.",wall_hanging_poster_710-mm_dark-wood_wood_w14xt20-mm_20x28-inch-500x700-mm_200-gsm-80lb-coated-silk_4-0_hor,https://upload.wikimedia.org/wikipedia/commons/c/ca/1x1.png,Yes
Posters with hangers — hor,"Personalised posters with hangers from Pixora. Upload your photo, preview on a live product mockup, and we print and ship premium quality to your door. Ideal for home décor or gifting.",wall_hanging_poster_710-mm_dark-wood_wood_w14xt20-mm_20x28-inch-500x700-mm_200-gsm-80lb-uncoated_4-0_hor,https://upload.wikimedia.org/wikipedia/commons/c/ca/1x1.png,Yes
Posters with hangers — hor,"Personalised posters with hangers from Pixora. Upload your photo, preview on a live product mockup, and we print and ship premium quality to your door. Ideal for home décor or gifting.",wall_hanging_poster_710-mm_dark-wood_wood_w14xt20-mm_20x28-inch-500x700-mm_250-gsm-100lb-uncoated-offwhite-archival_4-0_hor,https://upload.wikimedia.org/wikipedia/commons/c/ca/1x1.png,Yes
Posters with hangers — hor,"Personalised posters with hangers from Pixora. Upload your photo, preview on a live product mockup, and we print and ship premium quality to your door. Ideal for home décor or gifting.",wall_hanging_poster_710-mm_dark-wood_wood_w14xt20-mm_28x28-inch-700x700-mm_170-gsm-65lb-coated-silk_4-0_hor,https://upload.wikimedia.org/wikipedia/commons/c/ca/1x1.png,Yes
Posters with hangers — ver,"Personalised posters with hangers from Pixora. Upload your photo, preview on a live product mockup, and we print and ship premium quality to your door. Ideal for home décor or gifting.",wall_hanging_poster_710-mm_dark-wood_wood_w14xt20-mm_28x28-inch-700x700-mm_170-gsm-65lb-coated-silk_4-0_ver,https://upload.wikimedia.org/wikipedia/commons/c/ca/1x1.png,Yes
Posters with hangers — hor,"Personalised posters with hangers from Pixora. Upload your photo, preview on a live product mockup, and we print and ship premium quality to your door. Ideal for home décor or gifting.",wall_hanging_poster_710-mm_dark-wood_wood_w14xt20-mm_28x28-inch-700x700-mm_170-gsm-65lb-uncoated_4-0_hor,https://upload.wikimedia.org/wikipedia/commons/c/ca/1x1.png,Yes
Posters with hangers — ver,"Personalised posters with hangers from Pixora. Upload your photo, preview on a live product mockup, and we print and ship premium quality to your door. Ideal for home décor or gifting.",wall_hanging_poster_710-mm_dark-wood_wood_w14xt20-mm_28x28-inch-700x700-mm_170-gsm-65lb-uncoated_4-0_ver,https://upload.wikimedia.org/wikipedia/commons/c/ca/1x1.png,Yes
Posters with hangers — hor,"Personalised posters with hangers from Pixora. Upload your photo, preview on a live product mockup, and we print and ship premium quality to your door. Ideal for home décor or gifting.",wall_hanging_poster_710-mm_dark-wood_wood_w14xt20-mm_28x28-inch-700x700-mm_200-gsm-80lb-coated-silk_4-0_hor,https://upload.wikimedia.org/wikipedia/commons/c/ca/1x1.png,Yes
Posters with hangers — ver,"Personalised posters with hangers from Pixora. Upload your photo, preview on a live product mockup, and we print and ship premium quality to your door. Ideal for home décor or gifting.",wall_hanging_poster_710-mm_dark-wood_wood_w14xt20-mm_28x28-inch-700x700-mm_200-gsm-80lb-coated-silk_4-0_ver,https://upload.wikimedia.org/wikipedia/commons/c/ca/1x1.png,Yes
Posters with hangers — hor,"Personalised posters with hangers from Pixora. Upload your photo, preview on a live product mockup, and we print and ship premium quality to your door. Ideal for home décor or gifting.",wall_hanging_poster_710-mm_dark-wood_wood_w14xt20-mm_28x28-inch-700x700-mm_200-gsm-80lb-uncoated_4-0_hor,https://upload.wikimedia.org/wikipedia/commons/c/ca/1x1.png,Yes
Posters with hangers — ver,"Personalised posters with hangers from Pixora. Upload your photo, preview on a live product mockup, and we print and ship premium quality to your door. Ideal for home décor or gifting.",wall_hanging_poster_710-mm_dark-wood_wood_w14xt20-mm_28x28-inch-700x700-mm_200-gsm-80lb-uncoated_4-0_ver,https://upload.wikimedia.org/wikipedia/commons/c/ca/1x1.png,Yes
Posters with hangers — hor,"Personalised posters with hangers from Pixora. Upload your photo, preview on a live product mockup, and we print and ship premium quality to your door. Ideal for home décor or gifting.",wall_hanging_poster_710-mm_dark-wood_wood_w14xt20-mm_28x28-inch-700x700-mm_250-gsm-100lb-uncoated-offwhite-archival_4-0_hor,https://upload.wikimedia.org/wikipedia/commons/c/ca/1x1.png,Yes
Posters with hangers — ver,"Personalised posters with hangers from Pixora. Upload your photo, preview on a live product mockup, and we print and ship premium quality to your door. Ideal for home décor or gifting.",wall_hanging_poster_710-mm_dark-wood_wood_w14xt20-mm_28x28-inch-700x700-mm_250-gsm-100lb-uncoated-offwhite-archival_4-0_ver,https://upload.wikimedia.org/wikipedia/commons/c/ca/1x1.png,Yes
Posters with hangers — ver,"Personalised posters with hangers from Pixora. Upload your photo, preview on a live product mockup, and we print and ship premium quality to your door. Ideal for home décor or gifting.",wall_hanging_poster_710-mm_dark-wood_wood_w14xt20-mm_28x40-inch-700x1000-mm_170-gsm-65lb-coated-silk_4-0_ver,https://upload.wikimedia.org/wikipedia/commons/c/ca/1x1.png,Yes
Posters with hangers — ver,"Personalised posters with hangers from Pixora. Upload your photo, preview on a live product mockup, and we print and ship premium quality to your door. Ideal for home décor or gifting.",wall_hanging_poster_710-mm_dark-wood_wood_w14xt20-mm_28x40-inch-700x1000-mm_170-gsm-65lb-uncoated_4-0_ver,https://upload.wikimedia.org/wikipedia/commons/c/ca/1x1.png,Yes
Posters with hangers — ver,"Personalised posters with hangers from Pixora. Upload your photo, preview on a live product mockup, and we print and ship premium quality to your door. Ideal for home décor or gifting.",wall_hanging_poster_710-mm_dark-wood_wood_w14xt20-mm_28x40-inch-700x1000-mm_200-gsm-80lb-coated-silk_4-0_ver,https://upload.wikimedia.org/wikipedia/commons/c/ca/1x1.png,Yes
Posters with hangers — ver,"Personalised posters with hangers from Pixora. Upload your photo, preview on a live product mockup, and we print and ship premium quality to your door. Ideal for home décor or gifting.",wall_hanging_poster_710-mm_dark-wood_wood_w14xt20-mm_28x40-inch-700x1000-mm_200-gsm-80lb-uncoated_4-0_ver,https://upload.wikimedia.org/wikipedia/commons/c/ca/1x1.png,Yes
Posters with hangers — ver,"Personalised posters with hangers from Pixora. Upload your photo, preview on a live product mockup, and we print and ship premium quality to your door. Ideal for home décor or gifting.",wall_hanging_poster_710-mm_dark-wood_wood_w14xt20-mm_28x40-inch-700x1000-mm_250-gsm-100lb-uncoated-offwhite-archival_4-0_ver,https://upload.wikimedia.org/wikipedia/commons/c/ca/1x1.png,Yes
Posters with hangers — hor,"Personalised posters with hangers from Pixora. Upload your photo, preview on a live product mockup, and we print and ship premium quality to your door. Ideal for home décor or gifting.",wall_hanging_poster_710-mm_dark-wood_wood_w14xt20-mm_500x700-mm-20x28-inch_170-gsm-65lb-coated-silk_4-0_hor,https://upload.wikimedia.org/wikipedia/commons/c/ca/1x1.png,Yes
Posters with hangers — hor,"Personalised posters with hangers from Pixora. Upload your photo, preview on a live product mockup, and we print and ship premium quality to your door. Ideal for home décor or gifting.",wall_hanging_poster_710-mm_dark-wood_wood_w14xt20-mm_500x700-mm-20x28-inch_170-gsm-65lb-uncoated_4-0_hor,https://upload.wikimedia.org/wikipedia/commons/c/ca/1x1.png,Yes
Posters with hangers — hor,"Personalised posters with hangers from Pixora. Upload your photo, preview on a live product mockup, and we print and ship premium quality to your door. Ideal for home décor or gifting.",wall_hanging_poster_710-mm_dark-wood_wood_w14xt20-mm_500x700-mm-20x28-inch_200-gsm-80lb-coated-silk_4-0_hor,https://upload.wikimedia.org/wikipedia/commons/c/ca/1x1.png,Yes
Posters with hangers — hor,"Personalised posters with hangers from Pixora. Upload your photo, preview on a live product mockup, and we print and ship premium quality to your door. Ideal for home décor or gifting.",wall_hanging_poster_710-mm_dark-wood_wood_w14xt20-mm_500x700-mm-20x28-inch_200-gsm-80lb-uncoated_4-0_hor,https://upload.wikimedia.org/wikipedia/commons/c/ca/1x1.png,Yes
Posters with hangers — hor,"Personalised posters with hangers from Pixora. Upload your photo, preview on a live product mockup, and we print and ship premium quality to your door. Ideal for home décor or gifting.",wall_hanging_poster_710-mm_dark-wood_wood_w14xt20-mm_500x700-mm-20x28-inch_250-gsm-100lb-uncoated-offwhite-archival_4-0_hor,https://upload.wikimedia.org/wikipedia/commons/c/ca/1x1.png,Yes
Posters with hangers — ver,"Personalised posters with hangers from Pixora. Upload your photo, preview on a live product mockup, and we print and ship premium quality to your door. Ideal for home décor or gifting.",wall_hanging_poster_710-mm_dark-wood_wood_w14xt20-mm_700x1000-mm-28x40-inch_170-gsm-65lb-coated-silk_4-0_ver,https://upload.wikimedia.org/wikipedia/commons/c/ca/1x1.png,Yes
Posters with hangers — ver,"Personalised posters with hangers from Pixora. Upload your photo, preview on a live product mockup, and we print and ship premium quality to your door. Ideal for home décor or gifting.",wall_hanging_poster_710-mm_dark-wood_wood_w14xt20-mm_700x1000-mm-28x40-inch_170-gsm-65lb-uncoated_4-0_ver,https://upload.wikimedia.org/wikipedia/commons/c/ca/1x1.png,Yes
Posters with hangers — ver,"Personalised posters with hangers from Pixora. Upload your photo, preview on a live product mockup, and we print and ship premium quality to your door. Ideal for home décor or gifting.",wall_hanging_poster_710-mm_dark-wood_wood_w14xt20-mm_700x1000-mm-28x40-inch_200-gsm-80lb-coated-silk_4-0_ver,https://upload.wikimedia.org/wikipedia/commons/c/ca/1x1.png,Yes
Posters with hangers — ver,"Personalised posters with hangers from Pixora. Upload your photo, preview on a live product mockup, and we print and ship premium quality to your door. Ideal for home décor or gifting.",wall_hanging_poster_710-mm_dark-wood_wood_w14xt20-mm_700x1000-mm-28x40-inch_200-gsm-80lb-uncoated_4-0_ver,https://upload.wikimedia.org/wikipedia/commons/c/ca/1x1.png,Yes
Posters with hangers — ver,"Personalised posters with hangers from Pixora. Upload your photo, preview on a live product mockup, and we print and ship premium quality to your door. Ideal for home décor or gifting.",wall_hanging_poster_710-mm_dark-wood_wood_w14xt20-mm_700x1000-mm-28x40-inch_250-gsm-100lb-uncoated-offwhite-archival_4-0_ver,https://upload.wikimedia.org/wikipedia/commons/c/ca/1x1.png,Yes
Posters with hangers — hor,"Personalised posters with hangers from Pixora. Upload your photo, preview on a live product mockup, and we print and ship premium quality to your door. Ideal for home décor or gifting.",wall_hanging_poster_710-mm_dark-wood_wood_w14xt20-mm_700x700-mm-28x28-inch_170-gsm-65lb-coated-silk_4-0_hor,https://upload.wikimedia.org/wikipedia/commons/c/ca/1x1.png,Yes
Posters with hangers — ver,"Personalised posters with hangers from Pixora. Upload your photo, preview on a live product mockup, and we print and ship premium quality to your door. Ideal for home décor or gifting.",wall_hanging_poster_710-mm_dark-wood_wood_w14xt20-mm_700x700-mm-28x28-inch_170-gsm-65lb-coated-silk_4-0_ver,https://upload.wikimedia.org/wikipedia/commons/c/ca/1x1.png,Yes
Posters with hangers — hor,"Personalised posters with hangers from Pixora. Upload your photo, preview on a live product mockup, and we print and ship premium quality to your door. Ideal for home décor or gifting.",wall_hanging_poster_710-mm_dark-wood_wood_w14xt20-mm_700x700-mm-28x28-inch_170-gsm-65lb-uncoated_4-0_hor,https://upload.wikimedia.org/wikipedia/commons/c/ca/1x1.png,Yes
Posters with hangers — ver,"Personalised posters with hangers from Pixora. Upload your photo, preview on a live product mockup, and we print and ship premium quality to your door. Ideal for home décor or gifting.",wall_hanging_poster_710-mm_dark-wood_wood_w14xt20-mm_700x700-mm-28x28-inch_170-gsm-65lb-uncoated_4-0_ver,https://upload.wikimedia.org/wikipedia/commons/c/ca/1x1.png,Yes
Posters with hangers — hor,"Personalised posters with hangers from Pixora. Upload your photo, preview on a live product mockup, and we print and ship premium quality to your door. Ideal for home décor or gifting.",wall_hanging_poster_710-mm_dark-wood_wood_w14xt20-mm_700x700-mm-28x28-inch_200-gsm-80lb-coated-silk_4-0_hor,https://upload.wikimedia.org/wikipedia/commons/c/ca/1x1.png,Yes
Posters with hangers — ver,"Personalised posters with hangers from Pixora. Upload your photo, preview on a live product mockup, and we print and ship premium quality to your door. Ideal for home décor or gifting.",wall_hanging_poster_710-mm_dark-wood_wood_w14xt20-mm_700x700-mm-28x28-inch_200-gsm-80lb-coated-silk_4-0_ver,https://upload.wikimedia.org/wikipedia/commons/c/ca/1x1.png,Yes
Posters with hangers — hor,"Personalised posters with hangers from Pixora. Upload your photo, preview on a live product mockup, and we print and ship premium quality to your door. Ideal for home décor or gifting.",wall_hanging_poster_710-mm_dark-wood_wood_w14xt20-mm_700x700-mm-28x28-inch_200-gsm-80lb-uncoated_4-0_hor,https://upload.wikimedia.org/wikipedia/commons/c/ca/1x1.png,Yes
Posters with hangers — ver,"Personalised posters with hangers from Pixora. Upload your photo, preview on a live product mockup, and we print and ship premium quality to your door. Ideal for home décor or gifting.",wall_hanging_poster_710-mm_dark-wood_wood_w14xt20-mm_700x700-mm-28x28-inch_200-gsm-80lb-uncoated_4-0_ver,https://upload.wikimedia.org/wikipedia/commons/c/ca/1x1.png,Yes
Posters with hangers — hor,"Personalised posters with hangers from Pixora. Upload your photo, preview on a live product mockup, and we print and ship premium quality to your door. Ideal for home décor or gifting.",wall_hanging_poster_710-mm_dark-wood_wood_w14xt20-mm_700x700-mm-28x28-inch_250-gsm-100lb-uncoated-offwhite-archival_4-0_hor,https://upload.wikimedia.org/wikipedia/commons/c/ca/1x1.png,Yes
Posters with hangers — ver,"Personalised posters with hangers from Pixora. Upload your photo, preview on a live product mockup, and we print and ship premium quality to your door. Ideal for home décor or gifting.",wall_hanging_poster_710-mm_dark-wood_wood_w14xt20-mm_700x700-mm-28x28-inch_250-gsm-100lb-uncoated-offwhite-archival_4-0_ver,https://upload.wikimedia.org/wikipedia/commons/c/ca/1x1.png,Yes
Posters with hangers — hor,"Personalised posters with hangers from Pixora. Upload your photo, preview on a live product mockup, and we print and ship premium quality to your door. Ideal for home décor or gifting.",wall_hanging_poster_710-mm_natural-wood_wood_w14xt20-mm_20x28-inch-500x700-mm_170-gsm-65lb-coated-silk_4-0_hor,https://upload.wikimedia.org/wikipedia/commons/c/ca/1x1.png,Yes
Posters with hangers — hor,"Personalised posters with hangers from Pixora. Upload your photo, preview on a live product mockup, and we print and ship premium quality to your door. Ideal for home décor or gifting.",wall_hanging_poster_710-mm_natural-wood_wood_w14xt20-mm_20x28-inch-500x700-mm_170-gsm-65lb-uncoated_4-0_hor,https://upload.wikimedia.org/wikipedia/commons/c/ca/1x1.png,Yes
Posters with hangers — hor,"Personalised posters with hangers from Pixora. Upload your photo, preview on a live product mockup, and we print and ship premium quality to your door. Ideal for home décor or gifting.",wall_hanging_poster_710-mm_natural-wood_wood_w14xt20-mm_20x28-inch-500x700-mm_200-gsm-80lb-coated-silk_4-0_hor,https://upload.wikimedia.org/wikipedia/commons/c/ca/1x1.png,Yes
Posters with hangers — hor,"Personalised posters with hangers from Pixora. Upload your photo, preview on a live product mockup, and we print and ship premium quality to your door. Ideal for home décor or gifting.",wall_hanging_poster_710-mm_natural-wood_wood_w14xt20-mm_20x28-inch-500x700-mm_200-gsm-80lb-uncoated_4-0_hor,https://upload.wikimedia.org/wikipedia/commons/c/ca/1x1.png,Yes
Posters with hangers — hor,"Personalised posters with hangers from Pixora. Upload your photo, preview on a live product mockup, and we print and ship premium quality to your door. Ideal for home décor or gifting.",wall_hanging_poster_710-mm_natural-wood_wood_w14xt20-mm_20x28-inch-500x700-mm_250-gsm-100lb-uncoated-offwhite-archival_4-0_hor,https://upload.wikimedia.org/wikipedia/commons/c/ca/1x1.png,Yes
Posters with hangers — hor,"Personalised posters with hangers from Pixora. Upload your photo, preview on a live product mockup, and we print and ship premium quality to your door. Ideal for home décor or gifting.",wall_hanging_poster_710-mm_natural-wood_wood_w14xt20-mm_28x28-inch-700x700-mm_170-gsm-65lb-coated-silk_4-0_hor,https://upload.wikimedia.org/wikipedia/commons/c/ca/1x1.png,Yes
Posters with hangers — ver,"Personalised posters with hangers from Pixora. Upload your photo, preview on a live product mockup, and we print and ship premium quality to your door. Ideal for home décor or gifting.",wall_hanging_poster_710-mm_natural-wood_wood_w14xt20-mm_28x28-inch-700x700-mm_170-gsm-65lb-coated-silk_4-0_ver,https://upload.wikimedia.org/wikipedia/commons/c/ca/1x1.png,Yes
Posters with hangers — hor,"Personalised posters with hangers from Pixora. Upload your photo, preview on a live product mockup, and we print and ship premium quality to your door. Ideal for home décor or gifting.",wall_hanging_poster_710-mm_natural-wood_wood_w14xt20-mm_28x28-inch-700x700-mm_170-gsm-65lb-uncoated_4-0_hor,https://upload.wikimedia.org/wikipedia/commons/c/ca/1x1.png,Yes
Posters with hangers — ver,"Personalised posters with hangers from Pixora. Upload your photo, preview on a live product mockup, and we print and ship premium quality to your door. Ideal for home décor or gifting.",wall_hanging_poster_710-mm_natural-wood_wood_w14xt20-mm_28x28-inch-700x700-mm_170-gsm-65lb-uncoated_4-0_ver,https://upload.wikimedia.org/wikipedia/commons/c/ca/1x1.png,Yes
Posters with hangers — hor,"Personalised posters with hangers from Pixora. Upload your photo, preview on a live product mockup, and we print and ship premium quality to your door. Ideal for home décor or gifting.",wall_hanging_poster_710-mm_natural-wood_wood_w14xt20-mm_28x28-inch-700x700-mm_200-gsm-80lb-coated-silk_4-0_hor,https://upload.wikimedia.org/wikipedia/commons/c/ca/1x1.png,Yes
Posters with hangers — ver,"Personalised posters with hangers from Pixora. Upload your photo, preview on a live product mockup, and we print and ship premium quality to your door. Ideal for home décor or gifting.",wall_hanging_poster_710-mm_natural-wood_wood_w14xt20-mm_28x28-inch-700x700-mm_200-gsm-80lb-coated-silk_4-0_ver,https://upload.wikimedia.org/wikipedia/commons/c/ca/1x1.png,Yes
Posters with hangers — hor,"Personalised posters with hangers from Pixora. Upload your photo, preview on a live product mockup, and we print and ship premium quality to your door. Ideal for home décor or gifting.",wall_hanging_poster_710-mm_natural-wood_wood_w14xt20-mm_28x28-inch-700x700-mm_200-gsm-80lb-uncoated_4-0_hor,https://upload.wikimedia.org/wikipedia/commons/c/ca/1x1.png,Yes
Posters with hangers — ver,"Personalised posters with hangers from Pixora. Upload your photo, preview on a live product mockup, and we print and ship premium quality to your door. Ideal for home décor or gifting.",wall_hanging_poster_710-mm_natural-wood_wood_w14xt20-mm_28x28-inch-700x700-mm_200-gsm-80lb-uncoated_4-0_ver,https://upload.wikimedia.org/wikipedia/commons/c/ca/1x1.png,Yes
Posters with hangers — hor,"Personalised posters with hangers from Pixora. Upload your photo, preview on a live product mockup, and we print and ship premium quality to your door. Ideal for home décor or gifting.",wall_hanging_poster_710-mm_natural-wood_wood_w14xt20-mm_28x28-inch-700x700-mm_250-gsm-100lb-uncoated-offwhite-archival_4-0_hor,https://upload.wikimedia.org/wikipedia/commons/c/ca/1x1.png,Yes
Posters with hangers — ver,"Personalised posters with hangers from Pixora. Upload your photo, preview on a live product mockup, and we print and ship premium quality to your door. Ideal for home décor or gifting.",wall_hanging_poster_710-mm_natural-wood_wood_w14xt20-mm_28x28-inch-700x700-mm_250-gsm-100lb-uncoated-offwhite-archival_4-0_ver,https://upload.wikimedia.org/wikipedia/commons/c/ca/1x1.png,Yes
Posters with hangers — ver,"Personalised posters with hangers from Pixora. Upload your photo, preview on a live product mockup, and we print and ship premium quality to your door. Ideal for home décor or gifting.",wall_hanging_poster_710-mm_natural-wood_wood_w14xt20-mm_28x40-inch-700x1000-mm_170-gsm-65lb-coated-silk_4-0_ver,https://upload.wikimedia.org/wikipedia/commons/c/ca/1x1.png,Yes
Posters with hangers — ver,"Personalised posters with hangers from Pixora. Upload your photo, preview on a live product mockup, and we print and ship premium quality to your door. Ideal for home décor or gifting.",wall_hanging_poster_710-mm_natural-wood_wood_w14xt20-mm_28x40-inch-700x1000-mm_170-gsm-65lb-uncoated_4-0_ver,https://upload.wikimedia.org/wikipedia/commons/c/ca/1x1.png,Yes
Posters with hangers — ver,"Personalised posters with hangers from Pixora. Upload your photo, preview on a live product mockup, and we print and ship premium quality to your door. Ideal for home décor or gifting.",wall_hanging_poster_710-mm_natural-wood_wood_w14xt20-mm_28x40-inch-700x1000-mm_200-gsm-80lb-coated-silk_4-0_ver,https://upload.wikimedia.org/wikipedia/commons/c/ca/1x1.png,Yes
Posters with hangers — ver,"Personalised posters with hangers from Pixora. Upload your photo, preview on a live product mockup, and we print and ship premium quality to your door. Ideal for home décor or gifting.",wall_hanging_poster_710-mm_natural-wood_wood_w14xt20-mm_28x40-inch-700x1000-mm_200-gsm-80lb-uncoated_4-0_ver,https://upload.wikimedia.org/wikipedia/commons/c/ca/1x1.png,Yes
Posters with hangers — ver,"Personalised posters with hangers from Pixora. Upload your photo, preview on a live product mockup, and we print and ship premium quality to your door. Ideal for home décor or gifting.",wall_hanging_poster_710-mm_natural-wood_wood_w14xt20-mm_28x40-inch-700x1000-mm_250-gsm-100lb-uncoated-offwhite-archival_4-0_ver,https://upload.wikimedia.org/wikipedia/commons/c/ca/1x1.png,Yes
Posters with hangers — hor,"Personalised posters with hangers from Pixora. Upload your photo, preview on a live product mockup, and we print and ship premium quality to your door. Ideal for home décor or gifting.",wall_hanging_poster_710-mm_natural-wood_wood_w14xt20-mm_500x700-mm-20x28-inch_170-gsm-65lb-coated-silk_4-0_hor,https://upload.wikimedia.org/wikipedia/commons/c/ca/1x1.png,Yes
Posters with hangers — hor,"Personalised posters with hangers from Pixora. Upload your photo, preview on a live product mockup, and we print and ship premium quality to your door. Ideal for home décor or gifting.",wall_hanging_poster_710-mm_natural-wood_wood_w14xt20-mm_500x700-mm-20x28-inch_170-gsm-65lb-uncoated_4-0_hor,https://upload.wikimedia.org/wikipedia/commons/c/ca/1x1.png,Yes
Posters with hangers — hor,"Personalised posters with hangers from Pixora. Upload your photo, preview on a live product mockup, and we print and ship premium quality to your door. Ideal for home décor or gifting.",wall_hanging_poster_710-mm_natural-wood_wood_w14xt20-mm_500x700-mm-20x28-inch_200-gsm-80lb-coated-silk_4-0_hor,https://upload.wikimedia.org/wikipedia/commons/c/ca/1x1.png,Yes
Posters with hangers — hor,"Personalised posters with hangers from Pixora. Upload your photo, preview on a live product mockup, and we print and ship premium quality to your door. Ideal for home décor or gifting.",wall_hanging_poster_710-mm_natural-wood_wood_w14xt20-mm_500x700-mm-20x28-inch_200-gsm-80lb-uncoated_4-0_hor,https://upload.wikimedia.org/wikipedia/commons/c/ca/1x1.png,Yes
Posters with hangers — hor,"Personalised posters with hangers from Pixora. Upload your photo, preview on a live product mockup, and we print and ship premium quality to your door. Ideal for home décor or gifting.",wall_hanging_poster_710-mm_natural-wood_wood_w14xt20-mm_500x700-mm-20x28-inch_250-gsm-100lb-uncoated-offwhite-archival_4-0_hor,https://upload.wikimedia.org/wikipedia/commons/c/ca/1x1.png,Yes
Posters with hangers — ver,"Personalised posters with hangers from Pixora. Upload your photo, preview on a live product mockup, and we print and ship premium quality to your door. Ideal for home décor or gifting.",wall_hanging_poster_710-mm_natural-wood_wood_w14xt20-mm_700x1000-mm-28x40-inch_170-gsm-65lb-coated-silk_4-0_ver,https://upload.wikimedia.org/wikipedia/commons/c/ca/1x1.png,Yes
Posters with hangers — ver,"Personalised posters with hangers from Pixora. Upload your photo, preview on a live product mockup, and we print and ship premium quality to your door. Ideal for home décor or gifting.",wall_hanging_poster_710-mm_natural-wood_wood_w14xt20-mm_700x1000-mm-28x40-inch_170-gsm-65lb-uncoated_4-0_ver,https://upload.wikimedia.org/wikipedia/commons/c/ca/1x1.png,Yes
Posters with hangers — ver,"Personalised posters with hangers from Pixora. Upload your photo, preview on a live product mockup, and we print and ship premium quality to your door. Ideal for home décor or gifting.",wall_hanging_poster_710-mm_natural-wood_wood_w14xt20-mm_700x1000-mm-28x40-inch_200-gsm-80lb-coated-silk_4-0_ver,https://upload.wikimedia.org/wikipedia/commons/c/ca/1x1.png,Yes
Posters with hangers — ver,"Personalised posters with hangers from Pixora. Upload your photo, preview on a live product mockup, and we print and ship premium quality to your door. Ideal for home décor or gifting.",wall_hanging_poster_710-mm_natural-wood_wood_w14xt20-mm_700x1000-mm-28x40-inch_200-gsm-80lb-uncoated_4-0_ver,https://upload.wikimedia.org/wikipedia/commons/c/ca/1x1.png,Yes
Posters with hangers — ver,"Personalised posters with hangers from Pixora. Upload your photo, preview on a live product mockup, and we print and ship premium quality to your door. Ideal for home décor or gifting.",wall_hanging_poster_710-mm_natural-wood_wood_w14xt20-mm_700x1000-mm-28x40-inch_250-gsm-100lb-uncoated-offwhite-archival_4-0_ver,https://upload.wikimedia.org/wikipedia/commons/c/ca/1x1.png,Yes
Posters with hangers — hor,"Personalised posters with hangers from Pixora. Upload your photo, preview on a live product mockup, and we print and ship premium quality to your door. Ideal for home décor or gifting.",wall_hanging_poster_710-mm_natural-wood_wood_w14xt20-mm_700x700-mm-28x28-inch_170-gsm-65lb-coated-silk_4-0_hor,https://upload.wikimedia.org/wikipedia/commons/c/ca/1x1.png,Yes
Posters with hangers — ver,"Personalised posters with hangers from Pixora. Upload your photo, preview on a live product mockup, and we print and ship premium quality to your door. Ideal for home décor or gifting.",wall_hanging_poster_710-mm_natural-wood_wood_w14xt20-mm_700x700-mm-28x28-inch_170-gsm-65lb-coated-silk_4-0_ver,https://upload.wikimedia.org/wikipedia/commons/c/ca/1x1.png,Yes
Posters with hangers — hor,"Personalised posters with hangers from Pixora. Upload your photo, preview on a live product mockup, and we print and ship premium quality to your door. Ideal for home décor or gifting.",wall_hanging_poster_710-mm_natural-wood_wood_w14xt20-mm_700x700-mm-28x28-inch_170-gsm-65lb-uncoated_4-0_hor,https://upload.wikimedia.org/wikipedia/commons/c/ca/1x1.png,Yes
Posters with hangers — ver,"Personalised posters with hangers from Pixora. Upload your photo, preview on a live product mockup, and we print and ship premium quality to your door. Ideal for home décor or gifting.",wall_hanging_poster_710-mm_natural-wood_wood_w14xt20-mm_700x700-mm-28x28-inch_170-gsm-65lb-uncoated_4-0_ver,https://upload.wikimedia.org/wikipedia/commons/c/ca/1x1.png,Yes
Posters with hangers — hor,"Personalised posters with hangers from Pixora. Upload your photo, preview on a live product mockup, and we print and ship premium quality to your door. Ideal for home décor or gifting.",wall_hanging_poster_710-mm_natural-wood_wood_w14xt20-mm_700x700-mm-28x28-inch_200-gsm-80lb-coated-silk_4-0_hor,https://upload.wikimedia.org/wikipedia/commons/c/ca/1x1.png,Yes
Posters with hangers — ver,"Personalised posters with hangers from Pixora. Upload your photo, preview on a live product mockup, and we print and ship premium quality to your door. Ideal for home décor or gifting.",wall_hanging_poster_710-mm_natural-wood_wood_w14xt20-mm_700x700-mm-28x28-inch_200-gsm-80lb-coated-silk_4-0_ver,https://upload.wikimedia.org/wikipedia/commons/c/ca/1x1.png,Yes
Posters with hangers — hor,"Personalised posters with hangers from Pixora. Upload your photo, preview on a live product mockup, and we print and ship premium quality to your door. Ideal for home décor or gifting.",wall_hanging_poster_710-mm_natural-wood_wood_w14xt20-mm_700x700-mm-28x28-inch_200-gsm-80lb-uncoated_4-0_hor,https://upload.wikimedia.org/wikipedia/commons/c/ca/1x1.png,Yes
Posters with hangers — ver,"Personalised posters with hangers from Pixora. Upload your photo, preview on a live product mockup, and we print and ship premium quality to your door. Ideal for home décor or gifting.",wall_hanging_poster_710-mm_natural-wood_wood_w14xt20-mm_700x700-mm-28x28-inch_200-gsm-80lb-uncoated_4-0_ver,https://upload.wikimedia.org/wikipedia/commons/c/ca/1x1.png,Yes
Posters with hangers — hor,"Personalised posters with hangers from Pixora. Upload your photo, preview on a live product mockup, and we print and ship premium quality to your door. Ideal for home décor or gifting.",wall_hanging_poster_710-mm_natural-wood_wood_w14xt20-mm_700x700-mm-28x28-inch_250-gsm-100lb-uncoated-offwhite-archival_4-0_hor,https://upload.wikimedia.org/wikipedia/commons/c/ca/1x1.png,Yes
Posters with hangers — ver,"Personalised posters with hangers from Pixora. Upload your photo, preview on a live product mockup, and we print and ship premium quality to your door. Ideal for home décor or gifting.",wall_hanging_poster_710-mm_natural-wood_wood_w14xt20-mm_700x700-mm-28x28-inch_250-gsm-100lb-uncoated-offwhite-archival_4-0_ver,https://upload.wikimedia.org/wikipedia/commons/c/ca/1x1.png,Yes
Posters with hangers — hor,"Personalised posters with hangers from Pixora. Upload your photo, preview on a live product mockup, and we print and ship premium quality to your door. Ideal for home décor or gifting.",wall_hanging_poster_710-mm_white_wood_w14xt20-mm_20x28-inch-500x700-mm_170-gsm-65lb-coated-silk_4-0_hor,https://upload.wikimedia.org/wikipedia/commons/c/ca/1x1.png,Yes
Posters with hangers — hor,"Personalised posters with hangers from Pixora. Upload your photo, preview on a live product mockup, and we print and ship premium quality to your door. Ideal for home décor or gifting.",wall_hanging_poster_710-mm_white_wood_w14xt20-mm_20x28-inch-500x700-mm_170-gsm-65lb-uncoated_4-0_hor,https://upload.wikimedia.org/wikipedia/commons/c/ca/1x1.png,Yes
Posters with hangers — hor,"Personalised posters with hangers from Pixora. Upload your photo, preview on a live product mockup, and we print and ship premium quality to your door. Ideal for home décor or gifting.",wall_hanging_poster_710-mm_white_wood_w14xt20-mm_20x28-inch-500x700-mm_200-gsm-80lb-coated-silk_4-0_hor,https://upload.wikimedia.org/wikipedia/commons/c/ca/1x1.png,Yes
Posters with hangers — hor,"Personalised posters with hangers from Pixora. Upload your photo, preview on a live product mockup, and we print and ship premium quality to your door. Ideal for home décor or gifting.",wall_hanging_poster_710-mm_white_wood_w14xt20-mm_20x28-inch-500x700-mm_200-gsm-80lb-uncoated_4-0_hor,https://upload.wikimedia.org/wikipedia/commons/c/ca/1x1.png,Yes
Posters with hangers — hor,"Personalised posters with hangers from Pixora. Upload your photo, preview on a live product mockup, and we print and ship premium quality to your door. Ideal for home décor or gifting.",wall_hanging_poster_710-mm_white_wood_w14xt20-mm_20x28-inch-500x700-mm_250-gsm-100lb-uncoated-offwhite-archival_4-0_hor,https://upload.wikimedia.org/wikipedia/commons/c/ca/1x1.png,Yes
Posters with hangers — hor,"Personalised posters with hangers from Pixora. Upload your photo, preview on a live product mockup, and we print and ship premium quality to your door. Ideal for home décor or gifting.",wall_hanging_poster_710-mm_white_wood_w14xt20-mm_28x28-inch-700x700-mm_170-gsm-65lb-coated-silk_4-0_hor,https://upload.wikimedia.org/wikipedia/commons/c/ca/1x1.png,Yes
Posters with hangers — ver,"Personalised posters with hangers from Pixora. Upload your photo, preview on a live product mockup, and we print and ship premium quality to your door. Ideal for home décor or gifting.",wall_hanging_poster_710-mm_white_wood_w14xt20-mm_28x28-inch-700x700-mm_170-gsm-65lb-coated-silk_4-0_ver,https://upload.wikimedia.org/wikipedia/commons/c/ca/1x1.png,Yes
Posters with hangers — hor,"Personalised posters with hangers from Pixora. Upload your photo, preview on a live product mockup, and we print and ship premium quality to your door. Ideal for home décor or gifting.",wall_hanging_poster_710-mm_white_wood_w14xt20-mm_28x28-inch-700x700-mm_170-gsm-65lb-uncoated_4-0_hor,https://upload.wikimedia.org/wikipedia/commons/c/ca/1x1.png,Yes
Posters with hangers — ver,"Personalised posters with hangers from Pixora. Upload your photo, preview on a live product mockup, and we print and ship premium quality to your door. Ideal for home décor or gifting.",wall_hanging_poster_710-mm_white_wood_w14xt20-mm_28x28-inch-700x700-mm_170-gsm-65lb-uncoated_4-0_ver,https://upload.wikimedia.org/wikipedia/commons/c/ca/1x1.png,Yes
Posters with hangers — hor,"Personalised posters with hangers from Pixora. Upload your photo, preview on a live product mockup, and we print and ship premium quality to your door. Ideal for home décor or gifting.",wall_hanging_poster_710-mm_white_wood_w14xt20-mm_28x28-inch-700x700-mm_200-gsm-80lb-coated-silk_4-0_hor,https://upload.wikimedia.org/wikipedia/commons/c/ca/1x1.png,Yes
Posters with hangers — ver,"Personalised posters with hangers from Pixora. Upload your photo, preview on a live product mockup, and we print and ship premium quality to your door. Ideal for home décor or gifting.",wall_hanging_poster_710-mm_white_wood_w14xt20-mm_28x28-inch-700x700-mm_200-gsm-80lb-coated-silk_4-0_ver,https://upload.wikimedia.org/wikipedia/commons/c/ca/1x1.png,Yes
Posters with hangers — hor,"Personalised posters with hangers from Pixora. Upload your photo, preview on a live product mockup, and we print and ship premium quality to your door. Ideal for home décor or gifting.",wall_hanging_poster_710-mm_white_wood_w14xt20-mm_28x28-inch-700x700-mm_200-gsm-80lb-uncoated_4-0_hor,https://upload.wikimedia.org/wikipedia/commons/c/ca/1x1.png,Yes
Posters with hangers — ver,"Personalised posters with hangers from Pixora. Upload your photo, preview on a live product mockup, and we print and ship premium quality to your door. Ideal for home décor or gifting.",wall_hanging_poster_710-mm_white_wood_w14xt20-mm_28x28-inch-700x700-mm_200-gsm-80lb-uncoated_4-0_ver,https://upload.wikimedia.org/wikipedia/commons/c/ca/1x1.png,Yes
Posters with hangers — hor,"Personalised posters with hangers from Pixora. Upload your photo, preview on a live product mockup, and we print and ship premium quality to your door. Ideal for home décor or gifting.",wall_hanging_poster_710-mm_white_wood_w14xt20-mm_28x28-inch-700x700-mm_250-gsm-100lb-uncoated-offwhite-archival_4-0_hor,https://upload.wikimedia.org/wikipedia/commons/c/ca/1x1.png,Yes
Posters with hangers — ver,"Personalised posters with hangers from Pixora. Upload your photo, preview on a live product mockup, and we print and ship premium quality to your door. Ideal for home décor or gifting.",wall_hanging_poster_710-mm_white_wood_w14xt20-mm_28x28-inch-700x700-mm_250-gsm-100lb-uncoated-offwhite-archival_4-0_ver,https://upload.wikimedia.org/wikipedia/commons/c/ca/1x1.png,Yes
Posters with hangers — ver,"Personalised posters with hangers from Pixora. Upload your photo, preview on a live product mockup, and we print and ship premium quality to your door. Ideal for home décor or gifting.",wall_hanging_poster_710-mm_white_wood_w14xt20-mm_28x40-inch-700x1000-mm_170-gsm-65lb-coated-silk_4-0_ver,https://upload.wikimedia.org/wikipedia/commons/c/ca/1x1.png,Yes
Posters with hangers — ver,"Personalised posters with hangers from Pixora. Upload your photo, preview on a live product mockup, and we print and ship premium quality to your door. Ideal for home décor or gifting.",wall_hanging_poster_710-mm_white_wood_w14xt20-mm_28x40-inch-700x1000-mm_170-gsm-65lb-uncoated_4-0_ver,https://upload.wikimedia.org/wikipedia/commons/c/ca/1x1.png,Yes
Posters with hangers — ver,"Personalised posters with hangers from Pixora. Upload your photo, preview on a live product mockup, and we print and ship premium quality to your door. Ideal for home décor or gifting.",wall_hanging_poster_710-mm_white_wood_w14xt20-mm_28x40-inch-700x1000-mm_200-gsm-80lb-coated-silk_4-0_ver,https://upload.wikimedia.org/wikipedia/commons/c/ca/1x1.png,Yes
Posters with hangers — ver,"Personalised posters with hangers from Pixora. Upload your photo, preview on a live product mockup, and we print and ship premium quality to your door. Ideal for home décor or gifting.",wall_hanging_poster_710-mm_white_wood_w14xt20-mm_28x40-inch-700x1000-mm_200-gsm-80lb-uncoated_4-0_ver,https://upload.wikimedia.org/wikipedia/commons/c/ca/1x1.png,Yes
Posters with hangers — ver,"Personalised posters with hangers from Pixora. Upload your photo, preview on a live product mockup, and we print and ship premium quality to your door. Ideal for home décor or gifting.",wall_hanging_poster_710-mm_white_wood_w14xt20-mm_28x40-inch-700x1000-mm_250-gsm-100lb-uncoated-offwhite-archival_4-0_ver,https://upload.wikimedia.org/wikipedia/commons/c/ca/1x1.png,Yes
Posters with hangers — hor,"Personalised posters with hangers from Pixora. Upload your photo, preview on a live product mockup, and we print and ship premium quality to your door. Ideal for home décor or gifting.",wall_hanging_poster_710-mm_white_wood_w14xt20-mm_500x700-mm-20x28-inch_170-gsm-65lb-coated-silk_4-0_hor,https://upload.wikimedia.org/wikipedia/commons/c/ca/1x1.png,Yes
Posters with hangers — hor,"Personalised posters with hangers from Pixora. Upload your photo, preview on a live product mockup, and we print and ship premium quality to your door. Ideal for home décor or gifting.",wall_hanging_poster_710-mm_white_wood_w14xt20-mm_500x700-mm-20x28-inch_170-gsm-65lb-uncoated_4-0_hor,https://upload.wikimedia.org/wikipedia/commons/c/ca/1x1.png,Yes
Posters with hangers — hor,"Personalised posters with hangers from Pixora. Upload your photo, preview on a live product mockup, and we print and ship premium quality to your door. Ideal for home décor or gifting.",wall_hanging_poster_710-mm_white_wood_w14xt20-mm_500x700-mm-20x28-inch_200-gsm-80lb-coated-silk_4-0_hor,https://upload.wikimedia.org/wikipedia/commons/c/ca/1x1.png,Yes
Posters with hangers — hor,"Personalised posters with hangers from Pixora. Upload your photo, preview on a live product mockup, and we print and ship premium quality to your door. Ideal for home décor or gifting.",wall_hanging_poster_710-mm_white_wood_w14xt20-mm_500x700-mm-20x28-inch_200-gsm-80lb-uncoated_4-0_hor,https://upload.wikimedia.org/wikipedia/commons/c/ca/1x1.png,Yes
Posters with hangers — hor,"Personalised posters with hangers from Pixora. Upload your photo, preview on a live product mockup, and we print and ship premium quality to your door. Ideal for home décor or gifting.",wall_hanging_poster_710-mm_white_wood_w14xt20-mm_500x700-mm-20x28-inch_250-gsm-100lb-uncoated-offwhite-archival_4-0_hor,https://upload.wikimedia.org/wikipedia/commons/c/ca/1x1.png,Yes
Posters with hangers — ver,"Personalised posters with hangers from Pixora. Upload your photo, preview on a live product mockup, and we print and ship premium quality to your door. Ideal for home décor or gifting.",wall_hanging_poster_710-mm_white_wood_w14xt20-mm_700x1000-mm-28x40-inch_170-gsm-65lb-coated-silk_4-0_ver,https://upload.wikimedia.org/wikipedia/commons/c/ca/1x1.png,Yes
Posters with hangers — ver,"Personalised posters with hangers from Pixora. Upload your photo, preview on a live product mockup, and we print and ship premium quality to your door. Ideal for home décor or gifting.",wall_hanging_poster_710-mm_white_wood_w14xt20-mm_700x1000-mm-28x40-inch_170-gsm-65lb-uncoated_4-0_ver,https://upload.wikimedia.org/wikipedia/commons/c/ca/1x1.png,Yes
Posters with hangers — ver,"Personalised posters with hangers from Pixora. Upload your photo, preview on a live product mockup, and we print and ship premium quality to your door. Ideal for home décor or gifting.",wall_hanging_poster_710-mm_white_wood_w14xt20-mm_700x1000-mm-28x40-inch_200-gsm-80lb-coated-silk_4-0_ver,https://upload.wikimedia.org/wikipedia/commons/c/ca/1x1.png,Yes
Posters with hangers — ver,"Personalised posters with hangers from Pixora. Upload your photo, preview on a live product mockup, and we print and ship premium quality to your door. Ideal for home décor or gifting.",wall_hanging_poster_710-mm_white_wood_w14xt20-mm_700x1000-mm-28x40-inch_200-gsm-80lb-uncoated_4-0_ver,https://upload.wikimedia.org/wikipedia/commons/c/ca/1x1.png,Yes
Posters with hangers — ver,"Personalised posters with hangers from Pixora. Upload your photo, preview on a live product mockup, and we print and ship premium quality to your door. Ideal for home décor or gifting.",wall_hanging_poster_710-mm_white_wood_w14xt20-mm_700x1000-mm-28x40-inch_250-gsm-100lb-uncoated-offwhite-archival_4-0_ver,https://upload.wikimedia.org/wikipedia/commons/c/ca/1x1.png,Yes
Posters with hangers — hor,"Personalised posters with hangers from Pixora. Upload your photo, preview on a live product mockup, and we print and ship premium quality to your door. Ideal for home décor or gifting.",wall_hanging_poster_710-mm_white_wood_w14xt20-mm_700x700-mm-28x28-inch_170-gsm-65lb-coated-silk_4-0_hor,https://upload.wikimedia.org/wikipedia/commons/c/ca/1x1.png,Yes
Posters with hangers — ver,"Personalised posters with hangers from Pixora. Upload your photo, preview on a live product mockup, and we print and ship premium quality to your door. Ideal for home décor or gifting.",wall_hanging_poster_710-mm_white_wood_w14xt20-mm_700x700-mm-28x28-inch_170-gsm-65lb-coated-silk_4-0_ver,https://upload.wikimedia.org/wikipedia/commons/c/ca/1x1.png,Yes
Posters with hangers — hor,"Personalised posters with hangers from Pixora. Upload your photo, preview on a live product mockup, and we print and ship premium quality to your door. Ideal for home décor or gifting.",wall_hanging_poster_710-mm_white_wood_w14xt20-mm_700x700-mm-28x28-inch_170-gsm-65lb-uncoated_4-0_hor,https://upload.wikimedia.org/wikipedia/commons/c/ca/1x1.png,Yes
Posters with hangers — ver,"Personalised posters with hangers from Pixora. Upload your photo, preview on a live product mockup, and we print and ship premium quality to your door. Ideal for home décor or gifting.",wall_hanging_poster_710-mm_white_wood_w14xt20-mm_700x700-mm-28x28-inch_170-gsm-65lb-uncoated_4-0_ver,https://upload.wikimedia.org/wikipedia/commons/c/ca/1x1.png,Yes
Posters with hangers — hor,"Personalised posters with hangers from Pixora. Upload your photo, preview on a live product mockup, and we print and ship premium quality to your door. Ideal for home décor or gifting.",wall_hanging_poster_710-mm_white_wood_w14xt20-mm_700x700-mm-28x28-inch_200-gsm-80lb-coated-silk_4-0_hor,https://upload.wikimedia.org/wikipedia/commons/c/ca/1x1.png,Yes
Posters with hangers — ver,"Personalised posters with hangers from Pixora. Upload your photo, preview on a live product mockup, and we print and ship premium quality to your door. Ideal for home décor or gifting.",wall_hanging_poster_710-mm_white_wood_w14xt20-mm_700x700-mm-28x28-inch_200-gsm-80lb-coated-silk_4-0_ver,https://upload.wikimedia.org/wikipedia/commons/c/ca/1x1.png,Yes
Posters with hangers — hor,"Personalised posters with hangers from Pixora. Upload your photo, preview on a live product mockup, and we print and ship premium quality to your door. Ideal for home décor or gifting.",wall_hanging_poster_710-mm_white_wood_w14xt20-mm_700x700-mm-28x28-inch_200-gsm-80lb-uncoated_4-0_hor,https://upload.wikimedia.org/wikipedia/commons/c/ca/1x1.png,Yes
Posters with hangers — ver,"Personalised posters with hangers from Pixora. Upload your photo, preview on a live product mockup, and we print and ship premium quality to your door. Ideal for home décor or gifting.",wall_hanging_poster_710-mm_white_wood_w14xt20-mm_700x700-mm-28x28-inch_200-gsm-80lb-uncoated_4-0_ver,https://upload.wikimedia.org/wikipedia/commons/c/ca/1x1.png,Yes
Posters with hangers — hor,"Personalised posters with hangers from Pixora. Upload your photo, preview on a live product mockup, and we print and ship premium quality to your door. Ideal for home décor or gifting.",wall_hanging_poster_710-mm_white_wood_w14xt20-mm_700x700-mm-28x28-inch_250-gsm-100lb-uncoated-offwhite-archival_4-0_hor,https://upload.wikimedia.org/wikipedia/commons/c/ca/1x1.png,Yes
Posters with hangers — ver,"Personalised posters with hangers from Pixora. Upload your photo, preview on a live product mockup, and we print and ship premium quality to your door. Ideal for home décor or gifting.",wall_hanging_poster_710-mm_white_wood_w14xt20-mm_700x700-mm-28x28-inch_250-gsm-100lb-uncoated-offwhite-archival_4-0_ver,https://upload.wikimedia.org/wikipedia/commons/c/ca/1x1.png,Yes
Posters with hangers — hor,"Personalised posters with hangers from Pixora. Upload your photo, preview on a live product mockup, and we print and ship premium quality to your door. Ideal for home décor or gifting.",wall_hanging_poster_810-mm_black_wood_w14xt20-mm_24x32-inch-600x800-mm_170-gsm-65lb-coated-silk_4-0_hor,https://upload.wikimedia.org/wikipedia/commons/c/ca/1x1.png,Yes
Posters with hangers — hor,"Personalised posters with hangers from Pixora. Upload your photo, preview on a live product mockup, and we print and ship premium quality to your door. Ideal for home décor or gifting.",wall_hanging_poster_810-mm_black_wood_w14xt20-mm_24x32-inch-600x800-mm_170-gsm-65lb-uncoated_4-0_hor,https://upload.wikimedia.org/wikipedia/commons/c/ca/1x1.png,Yes
Posters with hangers — hor,"Personalised posters with hangers from Pixora. Upload your photo, preview on a live product mockup, and we print and ship premium quality to your door. Ideal for home décor or gifting.",wall_hanging_poster_810-mm_black_wood_w14xt20-mm_24x32-inch-600x800-mm_200-gsm-80lb-coated-silk_4-0_hor,https://upload.wikimedia.org/wikipedia/commons/c/ca/1x1.png,Yes
Posters with hangers — hor,"Personalised posters with hangers from Pixora. Upload your photo, preview on a live product mockup, and we print and ship premium quality to your door. Ideal for home décor or gifting.",wall_hanging_poster_810-mm_black_wood_w14xt20-mm_24x32-inch-600x800-mm_200-gsm-80lb-uncoated_4-0_hor,https://upload.wikimedia.org/wikipedia/commons/c/ca/1x1.png,Yes
Posters with hangers — hor,"Personalised posters with hangers from Pixora. Upload your photo, preview on a live product mockup, and we print and ship premium quality to your door. Ideal for home décor or gifting.",wall_hanging_poster_810-mm_black_wood_w14xt20-mm_24x32-inch-600x800-mm_250-gsm-100lb-uncoated-offwhite-archival_4-0_hor,https://upload.wikimedia.org/wikipedia/commons/c/ca/1x1.png,Yes
Posters with hangers — ver,"Personalised posters with hangers from Pixora. Upload your photo, preview on a live product mockup, and we print and ship premium quality to your door. Ideal for home décor or gifting.",wall_hanging_poster_810-mm_black_wood_w14xt20-mm_30x40-inch-750x1000-mm_170-gsm-65lb-coated-silk_4-0_ver,https://upload.wikimedia.org/wikipedia/commons/c/ca/1x1.png,Yes
Posters with hangers — ver,"Personalised posters with hangers from Pixora. Upload your photo, preview on a live product mockup, and we print and ship premium quality to your door. Ideal for home décor or gifting.",wall_hanging_poster_810-mm_black_wood_w14xt20-mm_30x40-inch-750x1000-mm_170-gsm-65lb-uncoated_4-0_ver,https://upload.wikimedia.org/wikipedia/commons/c/ca/1x1.png,Yes
Posters with hangers — ver,"Personalised posters with hangers from Pixora. Upload your photo, preview on a live product mockup, and we print and ship premium quality to your door. Ideal for home décor or gifting.",wall_hanging_poster_810-mm_black_wood_w14xt20-mm_30x40-inch-750x1000-mm_200-gsm-80lb-coated-silk_4-0_ver,https://upload.wikimedia.org/wikipedia/commons/c/ca/1x1.png,Yes
Posters with hangers — ver,"Personalised posters with hangers from Pixora. Upload your photo, preview on a live product mockup, and we print and ship premium quality to your door. Ideal for home décor or gifting.",wall_hanging_poster_810-mm_black_wood_w14xt20-mm_30x40-inch-750x1000-mm_200-gsm-80lb-uncoated_4-0_ver,https://upload.wikimedia.org/wikipedia/commons/c/ca/1x1.png,Yes
Posters with hangers — ver,"Personalised posters with hangers from Pixora. Upload your photo, preview on a live product mockup, and we print and ship premium quality to your door. Ideal for home décor or gifting.",wall_hanging_poster_810-mm_black_wood_w14xt20-mm_30x40-inch-750x1000-mm_250-gsm-100lb-uncoated-offwhite-archival_4-0_ver,https://upload.wikimedia.org/wikipedia/commons/c/ca/1x1.png,Yes
Posters with hangers — hor,"Personalised posters with hangers from Pixora. Upload your photo, preview on a live product mockup, and we print and ship premium quality to your door. Ideal for home décor or gifting.",wall_hanging_poster_810-mm_black_wood_w14xt20-mm_600x800-mm-24x32-inch_170-gsm-65lb-coated-silk_4-0_hor,https://upload.wikimedia.org/wikipedia/commons/c/ca/1x1.png,Yes
Posters with hangers — hor,"Personalised posters with hangers from Pixora. Upload your photo, preview on a live product mockup, and we print and ship premium quality to your door. Ideal for home décor or gifting.",wall_hanging_poster_810-mm_black_wood_w14xt20-mm_600x800-mm-24x32-inch_170-gsm-65lb-uncoated_4-0_hor,https://upload.wikimedia.org/wikipedia/commons/c/ca/1x1.png,Yes
Posters with hangers — hor,"Personalised posters with hangers from Pixora. Upload your photo, preview on a live product mockup, and we print and ship premium quality to your door. Ideal for home décor or gifting.",wall_hanging_poster_810-mm_black_wood_w14xt20-mm_600x800-mm-24x32-inch_200-gsm-80lb-coated-silk_4-0_hor,https://upload.wikimedia.org/wikipedia/commons/c/ca/1x1.png,Yes
Posters with hangers — hor,"Personalised posters with hangers from Pixora. Upload your photo, preview on a live product mockup, and we print and ship premium quality to your door. Ideal for home décor or gifting.",wall_hanging_poster_810-mm_black_wood_w14xt20-mm_600x800-mm-24x32-inch_200-gsm-80lb-uncoated_4-0_hor,https://upload.wikimedia.org/wikipedia/commons/c/ca/1x1.png,Yes
Posters with hangers — hor,"Personalised posters with hangers from Pixora. Upload your photo, preview on a live product mockup, and we print and ship premium quality to your door. Ideal for home décor or gifting.",wall_hanging_poster_810-mm_black_wood_w14xt20-mm_600x800-mm-24x32-inch_250-gsm-100lb-uncoated-offwhite-archival_4-0_hor,https://upload.wikimedia.org/wikipedia/commons/c/ca/1x1.png,Yes
Posters with hangers — ver,"Personalised posters with hangers from Pixora. Upload your photo, preview on a live product mockup, and we print and ship premium quality to your door. Ideal for home décor or gifting.",wall_hanging_poster_810-mm_black_wood_w14xt20-mm_750x1000-mm-30x40-inch_170-gsm-65lb-coated-silk_4-0_ver,https://upload.wikimedia.org/wikipedia/commons/c/ca/1x1.png,Yes
Posters with hangers — ver,"Personalised posters with hangers from Pixora. Upload your photo, preview on a live product mockup, and we print and ship premium quality to your door. Ideal for home décor or gifting.",wall_hanging_poster_810-mm_black_wood_w14xt20-mm_750x1000-mm-30x40-inch_170-gsm-65lb-uncoated_4-0_ver,https://upload.wikimedia.org/wikipedia/commons/c/ca/1x1.png,Yes
Posters with hangers — ver,"Personalised posters with hangers from Pixora. Upload your photo, preview on a live product mockup, and we print and ship premium quality to your door. Ideal for home décor or gifting.",wall_hanging_poster_810-mm_black_wood_w14xt20-mm_750x1000-mm-30x40-inch_200-gsm-80lb-coated-silk_4-0_ver,https://upload.wikimedia.org/wikipedia/commons/c/ca/1x1.png,Yes
Posters with hangers — ver,"Personalised posters with hangers from Pixora. Upload your photo, preview on a live product mockup, and we print and ship premium quality to your door. Ideal for home décor or gifting.",wall_hanging_poster_810-mm_black_wood_w14xt20-mm_750x1000-mm-30x40-inch_200-gsm-80lb-uncoated_4-0_ver,https://upload.wikimedia.org/wikipedia/commons/c/ca/1x1.png,Yes
Posters with hangers — ver,"Personalised posters with hangers from Pixora. Upload your photo, preview on a live product mockup, and we print and ship premium quality to your door. Ideal for home décor or gifting.",wall_hanging_poster_810-mm_black_wood_w14xt20-mm_750x1000-mm-30x40-inch_250-gsm-100lb-uncoated-offwhite-archival_4-0_ver,https://upload.wikimedia.org/wikipedia/commons/c/ca/1x1.png,Yes
Posters with hangers — hor,"Personalised posters with hangers from Pixora. Upload your photo, preview on a live product mockup, and we print and ship premium quality to your door. Ideal for home décor or gifting.",wall_hanging_poster_810-mm_dark-wood_wood_w14xt20-mm_24x32-inch-600x800-mm_170-gsm-65lb-coated-silk_4-0_hor,https://upload.wikimedia.org/wikipedia/commons/c/ca/1x1.png,Yes
Posters with hangers — hor,"Personalised posters with hangers from Pixora. Upload your photo, preview on a live product mockup, and we print and ship premium quality to your door. Ideal for home décor or gifting.",wall_hanging_poster_810-mm_dark-wood_wood_w14xt20-mm_24x32-inch-600x800-mm_170-gsm-65lb-uncoated_4-0_hor,https://upload.wikimedia.org/wikipedia/commons/c/ca/1x1.png,Yes
Posters with hangers — hor,"Personalised posters with hangers from Pixora. Upload your photo, preview on a live product mockup, and we print and ship premium quality to your door. Ideal for home décor or gifting.",wall_hanging_poster_810-mm_dark-wood_wood_w14xt20-mm_24x32-inch-600x800-mm_200-gsm-80lb-coated-silk_4-0_hor,https://upload.wikimedia.org/wikipedia/commons/c/ca/1x1.png,Yes
Posters with hangers — hor,"Personalised posters with hangers from Pixora. Upload your photo, preview on a live product mockup, and we print and ship premium quality to your door. Ideal for home décor or gifting.",wall_hanging_poster_810-mm_dark-wood_wood_w14xt20-mm_24x32-inch-600x800-mm_200-gsm-80lb-uncoated_4-0_hor,https://upload.wikimedia.org/wikipedia/commons/c/ca/1x1.png,Yes
Posters with hangers — hor,"Personalised posters with hangers from Pixora. Upload your photo, preview on a live product mockup, and we print and ship premium quality to your door. Ideal for home décor or gifting.",wall_hanging_poster_810-mm_dark-wood_wood_w14xt20-mm_24x32-inch-600x800-mm_250-gsm-100lb-uncoated-offwhite-archival_4-0_hor,https://upload.wikimedia.org/wikipedia/commons/c/ca/1x1.png,Yes
Posters with hangers — ver,"Personalised posters with hangers from Pixora. Upload your photo, preview on a live product mockup, and we print and ship premium quality to your door. Ideal for home décor or gifting.",wall_hanging_poster_810-mm_dark-wood_wood_w14xt20-mm_30x40-inch-750x1000-mm_170-gsm-65lb-coated-silk_4-0_ver,https://upload.wikimedia.org/wikipedia/commons/c/ca/1x1.png,Yes
Posters with hangers — ver,"Personalised posters with hangers from Pixora. Upload your photo, preview on a live product mockup, and we print and ship premium quality to your door. Ideal for home décor or gifting.",wall_hanging_poster_810-mm_dark-wood_wood_w14xt20-mm_30x40-inch-750x1000-mm_170-gsm-65lb-uncoated_4-0_ver,https://upload.wikimedia.org/wikipedia/commons/c/ca/1x1.png,Yes
Posters with hangers — ver,"Personalised posters with hangers from Pixora. Upload your photo, preview on a live product mockup, and we print and ship premium quality to your door. Ideal for home décor or gifting.",wall_hanging_poster_810-mm_dark-wood_wood_w14xt20-mm_30x40-inch-750x1000-mm_200-gsm-80lb-coated-silk_4-0_ver,https://upload.wikimedia.org/wikipedia/commons/c/ca/1x1.png,Yes
Posters with hangers — ver,"Personalised posters with hangers from Pixora. Upload your photo, preview on a live product mockup, and we print and ship premium quality to your door. Ideal for home décor or gifting.",wall_hanging_poster_810-mm_dark-wood_wood_w14xt20-mm_30x40-inch-750x1000-mm_200-gsm-80lb-uncoated_4-0_ver,https://upload.wikimedia.org/wikipedia/commons/c/ca/1x1.png,Yes
Posters with hangers — ver,"Personalised posters with hangers from Pixora. Upload your photo, preview on a live product mockup, and we print and ship premium quality to your door. Ideal for home décor or gifting.",wall_hanging_poster_810-mm_dark-wood_wood_w14xt20-mm_30x40-inch-750x1000-mm_250-gsm-100lb-uncoated-offwhite-archival_4-0_ver,https://upload.wikimedia.org/wikipedia/commons/c/ca/1x1.png,Yes
Posters with hangers — hor,"Personalised posters with hangers from Pixora. Upload your photo, preview on a live product mockup, and we print and ship premium quality to your door. Ideal for home décor or gifting.",wall_hanging_poster_810-mm_dark-wood_wood_w14xt20-mm_600x800-mm-24x32-inch_170-gsm-65lb-coated-silk_4-0_hor,https://upload.wikimedia.org/wikipedia/commons/c/ca/1x1.png,Yes
Posters with hangers — hor,"Personalised posters with hangers from Pixora. Upload your photo, preview on a live product mockup, and we print and ship premium quality to your door. Ideal for home décor or gifting.",wall_hanging_poster_810-mm_dark-wood_wood_w14xt20-mm_600x800-mm-24x32-inch_170-gsm-65lb-uncoated_4-0_hor,https://upload.wikimedia.org/wikipedia/commons/c/ca/1x1.png,Yes
Posters with hangers — hor,"Personalised posters with hangers from Pixora. Upload your photo, preview on a live product mockup, and we print and ship premium quality to your door. Ideal for home décor or gifting.",wall_hanging_poster_810-mm_dark-wood_wood_w14xt20-mm_600x800-mm-24x32-inch_200-gsm-80lb-coated-silk_4-0_hor,https://upload.wikimedia.org/wikipedia/commons/c/ca/1x1.png,Yes
Posters with hangers — hor,"Personalised posters with hangers from Pixora. Upload your photo, preview on a live product mockup, and we print and ship premium quality to your door. Ideal for home décor or gifting.",wall_hanging_poster_810-mm_dark-wood_wood_w14xt20-mm_600x800-mm-24x32-inch_200-gsm-80lb-uncoated_4-0_hor,https://upload.wikimedia.org/wikipedia/commons/c/ca/1x1.png,Yes
Posters with hangers — hor,"Personalised posters with hangers from Pixora. Upload your photo, preview on a live product mockup, and we print and ship premium quality to your door. Ideal for home décor or gifting.",wall_hanging_poster_810-mm_dark-wood_wood_w14xt20-mm_600x800-mm-24x32-inch_250-gsm-100lb-uncoated-offwhite-archival_4-0_hor,https://upload.wikimedia.org/wikipedia/commons/c/ca/1x1.png,Yes
Posters with hangers — ver,"Personalised posters with hangers from Pixora. Upload your photo, preview on a live product mockup, and we print and ship premium quality to your door. Ideal for home décor or gifting.",wall_hanging_poster_810-mm_dark-wood_wood_w14xt20-mm_750x1000-mm-30x40-inch_170-gsm-65lb-coated-silk_4-0_ver,https://upload.wikimedia.org/wikipedia/commons/c/ca/1x1.png,Yes
Posters with hangers — ver,"Personalised posters with hangers from Pixora. Upload your photo, preview on a live product mockup, and we print and ship premium quality to your door. Ideal for home décor or gifting.",wall_hanging_poster_810-mm_dark-wood_wood_w14xt20-mm_750x1000-mm-30x40-inch_170-gsm-65lb-uncoated_4-0_ver,https://upload.wikimedia.org/wikipedia/commons/c/ca/1x1.png,Yes
Posters with hangers — ver,"Personalised posters with hangers from Pixora. Upload your photo, preview on a live product mockup, and we print and ship premium quality to your door. Ideal for home décor or gifting.",wall_hanging_poster_810-mm_dark-wood_wood_w14xt20-mm_750x1000-mm-30x40-inch_200-gsm-80lb-coated-silk_4-0_ver,https://upload.wikimedia.org/wikipedia/commons/c/ca/1x1.png,Yes
Posters with hangers — ver,"Personalised posters with hangers from Pixora. Upload your photo, preview on a live product mockup, and we print and ship premium quality to your door. Ideal for home décor or gifting.",wall_hanging_poster_810-mm_dark-wood_wood_w14xt20-mm_750x1000-mm-30x40-inch_200-gsm-80lb-uncoated_4-0_ver,https://upload.wikimedia.org/wikipedia/commons/c/ca/1x1.png,Yes
Posters with hangers — ver,"Personalised posters with hangers from Pixora. Upload your photo, preview on a live product mockup, and we print and ship premium quality to your door. Ideal for home décor or gifting.",wall_hanging_poster_810-mm_dark-wood_wood_w14xt20-mm_750x1000-mm-30x40-inch_250-gsm-100lb-uncoated-offwhite-archival_4-0_ver,https://upload.wikimedia.org/wikipedia/commons/c/ca/1x1.png,Yes
Posters with hangers — hor,"Personalised posters with hangers from Pixora. Upload your photo, preview on a live product mockup, and we print and ship premium quality to your door. Ideal for home décor or gifting.",wall_hanging_poster_810-mm_natural-wood_wood_w14xt20-mm_24x32-inch-600x800-mm_170-gsm-65lb-coated-silk_4-0_hor,https://upload.wikimedia.org/wikipedia/commons/c/ca/1x1.png,Yes
Posters with hangers — hor,"Personalised posters with hangers from Pixora. Upload your photo, preview on a live product mockup, and we print and ship premium quality to your door. Ideal for home décor or gifting.",wall_hanging_poster_810-mm_natural-wood_wood_w14xt20-mm_24x32-inch-600x800-mm_170-gsm-65lb-uncoated_4-0_hor,https://upload.wikimedia.org/wikipedia/commons/c/ca/1x1.png,Yes
Posters with hangers — hor,"Personalised posters with hangers from Pixora. Upload your photo, preview on a live product mockup, and we print and ship premium quality to your door. Ideal for home décor or gifting.",wall_hanging_poster_810-mm_natural-wood_wood_w14xt20-mm_24x32-inch-600x800-mm_200-gsm-80lb-coated-silk_4-0_hor,https://upload.wikimedia.org/wikipedia/commons/c/ca/1x1.png,Yes
Posters with hangers — hor,"Personalised posters with hangers from Pixora. Upload your photo, preview on a live product mockup, and we print and ship premium quality to your door. Ideal for home décor or gifting.",wall_hanging_poster_810-mm_natural-wood_wood_w14xt20-mm_24x32-inch-600x800-mm_200-gsm-80lb-uncoated_4-0_hor,https://upload.wikimedia.org/wikipedia/commons/c/ca/1x1.png,Yes
Posters with hangers — hor,"Personalised posters with hangers from Pixora. Upload your photo, preview on a live product mockup, and we print and ship premium quality to your door. Ideal for home décor or gifting.",wall_hanging_poster_810-mm_natural-wood_wood_w14xt20-mm_24x32-inch-600x800-mm_250-gsm-100lb-uncoated-offwhite-archival_4-0_hor,https://upload.wikimedia.org/wikipedia/commons/c/ca/1x1.png,Yes
Posters with hangers — ver,"Personalised posters with hangers from Pixora. Upload your photo, preview on a live product mockup, and we print and ship premium quality to your door. Ideal for home décor or gifting.",wall_hanging_poster_810-mm_natural-wood_wood_w14xt20-mm_30x40-inch-750x1000-mm_170-gsm-65lb-coated-silk_4-0_ver,https://upload.wikimedia.org/wikipedia/commons/c/ca/1x1.png,Yes
Posters with hangers — ver,"Personalised posters with hangers from Pixora. Upload your photo, preview on a live product mockup, and we print and ship premium quality to your door. Ideal for home décor or gifting.",wall_hanging_poster_810-mm_natural-wood_wood_w14xt20-mm_30x40-inch-750x1000-mm_170-gsm-65lb-uncoated_4-0_ver,https://upload.wikimedia.org/wikipedia/commons/c/ca/1x1.png,Yes
Posters with hangers — ver,"Personalised posters with hangers from Pixora. Upload your photo, preview on a live product mockup, and we print and ship premium quality to your door. Ideal for home décor or gifting.",wall_hanging_poster_810-mm_natural-wood_wood_w14xt20-mm_30x40-inch-750x1000-mm_200-gsm-80lb-coated-silk_4-0_ver,https://upload.wikimedia.org/wikipedia/commons/c/ca/1x1.png,Yes
Posters with hangers — ver,"Personalised posters with hangers from Pixora. Upload your photo, preview on a live product mockup, and we print and ship premium quality to your door. Ideal for home décor or gifting.",wall_hanging_poster_810-mm_natural-wood_wood_w14xt20-mm_30x40-inch-750x1000-mm_200-gsm-80lb-uncoated_4-0_ver,https://upload.wikimedia.org/wikipedia/commons/c/ca/1x1.png,Yes
Posters with hangers — ver,"Personalised posters with hangers from Pixora. Upload your photo, preview on a live product mockup, and we print and ship premium quality to your door. Ideal for home décor or gifting.",wall_hanging_poster_810-mm_natural-wood_wood_w14xt20-mm_30x40-inch-750x1000-mm_250-gsm-100lb-uncoated-offwhite-archival_4-0_ver,https://upload.wikimedia.org/wikipedia/commons/c/ca/1x1.png,Yes
Posters with hangers — hor,"Personalised posters with hangers from Pixora. Upload your photo, preview on a live product mockup, and we print and ship premium quality to your door. Ideal for home décor or gifting.",wall_hanging_poster_810-mm_natural-wood_wood_w14xt20-mm_600x800-mm-24x32-inch_170-gsm-65lb-coated-silk_4-0_hor,https://upload.wikimedia.org/wikipedia/commons/c/ca/1x1.png,Yes
Posters with hangers — hor,"Personalised posters with hangers from Pixora. Upload your photo, preview on a live product mockup, and we print and ship premium quality to your door. Ideal for home décor or gifting.",wall_hanging_poster_810-mm_natural-wood_wood_w14xt20-mm_600x800-mm-24x32-inch_170-gsm-65lb-uncoated_4-0_hor,https://upload.wikimedia.org/wikipedia/commons/c/ca/1x1.png,Yes
Posters with hangers — hor,"Personalised posters with hangers from Pixora. Upload your photo, preview on a live product mockup, and we print and ship premium quality to your door. Ideal for home décor or gifting.",wall_hanging_poster_810-mm_natural-wood_wood_w14xt20-mm_600x800-mm-24x32-inch_200-gsm-80lb-coated-silk_4-0_hor,https://upload.wikimedia.org/wikipedia/commons/c/ca/1x1.png,Yes
Posters with hangers — hor,"Personalised posters with hangers from Pixora. Upload your photo, preview on a live product mockup, and we print and ship premium quality to your door. Ideal for home décor or gifting.",wall_hanging_poster_810-mm_natural-wood_wood_w14xt20-mm_600x800-mm-24x32-inch_200-gsm-80lb-uncoated_4-0_hor,https://upload.wikimedia.org/wikipedia/commons/c/ca/1x1.png,Yes
Posters with hangers — hor,"Personalised posters with hangers from Pixora. Upload your photo, preview on a live product mockup, and we print and ship premium quality to your door. Ideal for home décor or gifting.",wall_hanging_poster_810-mm_natural-wood_wood_w14xt20-mm_600x800-mm-24x32-inch_250-gsm-100lb-uncoated-offwhite-archival_4-0_hor,https://upload.wikimedia.org/wikipedia/commons/c/ca/1x1.png,Yes
Posters with hangers — ver,"Personalised posters with hangers from Pixora. Upload your photo, preview on a live product mockup, and we print and ship premium quality to your door. Ideal for home décor or gifting.",wall_hanging_poster_810-mm_natural-wood_wood_w14xt20-mm_750x1000-mm-30x40-inch_170-gsm-65lb-coated-silk_4-0_ver,https://upload.wikimedia.org/wikipedia/commons/c/ca/1x1.png,Yes
Posters with hangers — ver,"Personalised posters with hangers from Pixora. Upload your photo, preview on a live product mockup, and we print and ship premium quality to your door. Ideal for home décor or gifting.",wall_hanging_poster_810-mm_natural-wood_wood_w14xt20-mm_750x1000-mm-30x40-inch_170-gsm-65lb-uncoated_4-0_ver,https://upload.wikimedia.org/wikipedia/commons/c/ca/1x1.png,Yes
Posters with hangers — ver,"Personalised posters with hangers from Pixora. Upload your photo, preview on a live product mockup, and we print and ship premium quality to your door. Ideal for home décor or gifting.",wall_hanging_poster_810-mm_natural-wood_wood_w14xt20-mm_750x1000-mm-30x40-inch_200-gsm-80lb-coated-silk_4-0_ver,https://upload.wikimedia.org/wikipedia/commons/c/ca/1x1.png,Yes
Posters with hangers — ver,"Personalised posters with hangers from Pixora. Upload your photo, preview on a live product mockup, and we print and ship premium quality to your door. Ideal for home décor or gifting.",wall_hanging_poster_810-mm_natural-wood_wood_w14xt20-mm_750x1000-mm-30x40-inch_200-gsm-80lb-uncoated_4-0_ver,https://upload.wikimedia.org/wikipedia/commons/c/ca/1x1.png,Yes
Posters with hangers — ver,"Personalised posters with hangers from Pixora. Upload your photo, preview on a live product mockup, and we print and ship premium quality to your door. Ideal for home décor or gifting.",wall_hanging_poster_810-mm_natural-wood_wood_w14xt20-mm_750x1000-mm-30x40-inch_250-gsm-100lb-uncoated-offwhite-archival_4-0_ver,https://upload.wikimedia.org/wikipedia/commons/c/ca/1x1.png,Yes
Posters with hangers — hor,"Personalised posters with hangers from Pixora. Upload your photo, preview on a live product mockup, and we print and ship premium quality to your door. Ideal for home décor or gifting.",wall_hanging_poster_810-mm_white_wood_w14xt20-mm_24x32-inch-600x800-mm_170-gsm-65lb-coated-silk_4-0_hor,https://upload.wikimedia.org/wikipedia/commons/c/ca/1x1.png,Yes
Posters with hangers — hor,"Personalised posters with hangers from Pixora. Upload your photo, preview on a live product mockup, and we print and ship premium quality to your door. Ideal for home décor or gifting.",wall_hanging_poster_810-mm_white_wood_w14xt20-mm_24x32-inch-600x800-mm_170-gsm-65lb-uncoated_4-0_hor,https://upload.wikimedia.org/wikipedia/commons/c/ca/1x1.png,Yes
Posters with hangers — hor,"Personalised posters with hangers from Pixora. Upload your photo, preview on a live product mockup, and we print and ship premium quality to your door. Ideal for home décor or gifting.",wall_hanging_poster_810-mm_white_wood_w14xt20-mm_24x32-inch-600x800-mm_200-gsm-80lb-coated-silk_4-0_hor,https://upload.wikimedia.org/wikipedia/commons/c/ca/1x1.png,Yes
Posters with hangers — hor,"Personalised posters with hangers from Pixora. Upload your photo, preview on a live product mockup, and we print and ship premium quality to your door. Ideal for home décor or gifting.",wall_hanging_poster_810-mm_white_wood_w14xt20-mm_24x32-inch-600x800-mm_200-gsm-80lb-uncoated_4-0_hor,https://upload.wikimedia.org/wikipedia/commons/c/ca/1x1.png,Yes
Posters with hangers — hor,"Personalised posters with hangers from Pixora. Upload your photo, preview on a live product mockup, and we print and ship premium quality to your door. Ideal for home décor or gifting.",wall_hanging_poster_810-mm_white_wood_w14xt20-mm_24x32-inch-600x800-mm_250-gsm-100lb-uncoated-offwhite-archival_4-0_hor,https://upload.wikimedia.org/wikipedia/commons/c/ca/1x1.png,Yes
Posters with hangers — ver,"Personalised posters with hangers from Pixora. Upload your photo, preview on a live product mockup, and we print and ship premium quality to your door. Ideal for home décor or gifting.",wall_hanging_poster_810-mm_white_wood_w14xt20-mm_30x40-inch-750x1000-mm_170-gsm-65lb-coated-silk_4-0_ver,https://upload.wikimedia.org/wikipedia/commons/c/ca/1x1.png,Yes
Posters with hangers — ver,"Personalised posters with hangers from Pixora. Upload your photo, preview on a live product mockup, and we print and ship premium quality to your door. Ideal for home décor or gifting.",wall_hanging_poster_810-mm_white_wood_w14xt20-mm_30x40-inch-750x1000-mm_170-gsm-65lb-uncoated_4-0_ver,https://upload.wikimedia.org/wikipedia/commons/c/ca/1x1.png,Yes
Posters with hangers — ver,"Personalised posters with hangers from Pixora. Upload your photo, preview on a live product mockup, and we print and ship premium quality to your door. Ideal for home décor or gifting.",wall_hanging_poster_810-mm_white_wood_w14xt20-mm_30x40-inch-750x1000-mm_200-gsm-80lb-coated-silk_4-0_ver,https://upload.wikimedia.org/wikipedia/commons/c/ca/1x1.png,Yes
Posters with hangers — ver,"Personalised posters with hangers from Pixora. Upload your photo, preview on a live product mockup, and we print and ship premium quality to your door. Ideal for home décor or gifting.",wall_hanging_poster_810-mm_white_wood_w14xt20-mm_30x40-inch-750x1000-mm_200-gsm-80lb-uncoated_4-0_ver,https://upload.wikimedia.org/wikipedia/commons/c/ca/1x1.png,Yes
Posters with hangers — ver,"Personalised posters with hangers from Pixora. Upload your photo, preview on a live product mockup, and we print and ship premium quality to your door. Ideal for home décor or gifting.",wall_hanging_poster_810-mm_white_wood_w14xt20-mm_30x40-inch-750x1000-mm_250-gsm-100lb-uncoated-offwhite-archival_4-0_ver,https://upload.wikimedia.org/wikipedia/commons/c/ca/1x1.png,Yes
Posters with hangers — hor,"Personalised posters with hangers from Pixora. Upload your photo, preview on a live product mockup, and we print and ship premium quality to your door. Ideal for home décor or gifting.",wall_hanging_poster_810-mm_white_wood_w14xt20-mm_600x800-mm-24x32-inch_170-gsm-65lb-coated-silk_4-0_hor,https://upload.wikimedia.org/wikipedia/commons/c/ca/1x1.png,Yes
Posters with hangers — hor,"Personalised posters with hangers from Pixora. Upload your photo, preview on a live product mockup, and we print and ship premium quality to your door. Ideal for home décor or gifting.",wall_hanging_poster_810-mm_white_wood_w14xt20-mm_600x800-mm-24x32-inch_170-gsm-65lb-uncoated_4-0_hor,https://upload.wikimedia.org/wikipedia/commons/c/ca/1x1.png,Yes
Posters with hangers — hor,"Personalised posters with hangers from Pixora. Upload your photo, preview on a live product mockup, and we print and ship premium quality to your door. Ideal for home décor or gifting.",wall_hanging_poster_810-mm_white_wood_w14xt20-mm_600x800-mm-24x32-inch_200-gsm-80lb-coated-silk_4-0_hor,https://upload.wikimedia.org/wikipedia/commons/c/ca/1x1.png,Yes
Posters with hangers — hor,"Personalised posters with hangers from Pixora. Upload your photo, preview on a live product mockup, and we print and ship premium quality to your door. Ideal for home décor or gifting.",wall_hanging_poster_810-mm_white_wood_w14xt20-mm_600x800-mm-24x32-inch_200-gsm-80lb-uncoated_4-0_hor,https://upload.wikimedia.org/wikipedia/commons/c/ca/1x1.png,Yes
Posters with hangers — hor,"Personalised posters with hangers from Pixora. Upload your photo, preview on a live product mockup, and we print and ship premium quality to your door. Ideal for home décor or gifting.",wall_hanging_poster_810-mm_white_wood_w14xt20-mm_600x800-mm-24x32-inch_250-gsm-100lb-uncoated-offwhite-archival_4-0_hor,https://upload.wikimedia.org/wikipedia/commons/c/ca/1x1.png,Yes
Posters with hangers — ver,"Personalised posters with hangers from Pixora. Upload your photo, preview on a live product mockup, and we print and ship premium quality to your door. Ideal for home décor or gifting.",wall_hanging_poster_810-mm_white_wood_w14xt20-mm_750x1000-mm-30x40-inch_170-gsm-65lb-coated-silk_4-0_ver,https://upload.wikimedia.org/wikipedia/commons/c/ca/1x1.png,Yes
Posters with hangers — ver,"Personalised posters with hangers from Pixora. Upload your photo, preview on a live product mockup, and we print and ship premium quality to your door. Ideal for home décor or gifting.",wall_hanging_poster_810-mm_white_wood_w14xt20-mm_750x1000-mm-30x40-inch_170-gsm-65lb-uncoated_4-0_ver,https://upload.wikimedia.org/wikipedia/commons/c/ca/1x1.png,Yes
Posters with hangers — ver,"Personalised posters with hangers from Pixora. Upload your photo, preview on a live product mockup, and we print and ship premium quality to your door. Ideal for home décor or gifting.",wall_hanging_poster_810-mm_white_wood_w14xt20-mm_750x1000-mm-30x40-inch_200-gsm-80lb-coated-silk_4-0_ver,https://upload.wikimedia.org/wikipedia/commons/c/ca/1x1.png,Yes
Posters with hangers — ver,"Personalised posters with hangers from Pixora. Upload your photo, preview on a live product mockup, and we print and ship premium quality to your door. Ideal for home décor or gifting.",wall_hanging_poster_810-mm_white_wood_w14xt20-mm_750x1000-mm-30x40-inch_200-gsm-80lb-uncoated_4-0_ver,https://upload.wikimedia.org/wikipedia/commons/c/ca/1x1.png,Yes
Posters with hangers — ver,"Personalised posters with hangers from Pixora. Upload your photo, preview on a live product mockup, and we print and ship premium quality to your door. Ideal for home décor or gifting.",wall_hanging_poster_810-mm_white_wood_w14xt20-mm_750x1000-mm-30x40-inch_250-gsm-100lb-uncoated-offwhite-archival_4-0_ver,https://upload.wikimedia.org/wikipedia/commons/c/ca/1x1.png,Yes
Posters with hangers — hor,"Personalised posters with hangers from Pixora. Upload your photo, preview on a live product mockup, and we print and ship premium quality to your door. Ideal for home décor or gifting.",wall_hanging_poster_910-mm_black_wood_w14xt20-mm_24x36-inch-600x900-mm_170-gsm-65lb-coated-silk_4-0_hor,https://upload.wikimedia.org/wikipedia/commons/c/ca/1x1.png,Yes
Posters with hangers — hor,"Personalised posters with hangers from Pixora. Upload your photo, preview on a live product mockup, and we print and ship premium quality to your door. Ideal for home décor or gifting.",wall_hanging_poster_910-mm_black_wood_w14xt20-mm_24x36-inch-600x900-mm_170-gsm-65lb-uncoated_4-0_hor,https://upload.wikimedia.org/wikipedia/commons/c/ca/1x1.png,Yes
Posters with hangers — hor,"Personalised posters with hangers from Pixora. Upload your photo, preview on a live product mockup, and we print and ship premium quality to your door. Ideal for home décor or gifting.",wall_hanging_poster_910-mm_black_wood_w14xt20-mm_24x36-inch-600x900-mm_200-gsm-80lb-coated-silk_4-0_hor,https://upload.wikimedia.org/wikipedia/commons/c/ca/1x1.png,Yes
Posters with hangers — hor,"Personalised posters with hangers from Pixora. Upload your photo, preview on a live product mockup, and we print and ship premium quality to your door. Ideal for home décor or gifting.",wall_hanging_poster_910-mm_black_wood_w14xt20-mm_24x36-inch-600x900-mm_200-gsm-80lb-uncoated_4-0_hor,https://upload.wikimedia.org/wikipedia/commons/c/ca/1x1.png,Yes
Posters with hangers — hor,"Personalised posters with hangers from Pixora. Upload your photo, preview on a live product mockup, and we print and ship premium quality to your door. Ideal for home décor or gifting.",wall_hanging_poster_910-mm_black_wood_w14xt20-mm_24x36-inch-600x900-mm_250-gsm-100lb-uncoated-offwhite-archival_4-0_hor,https://upload.wikimedia.org/wikipedia/commons/c/ca/1x1.png,Yes
Posters with hangers — hor,"Personalised posters with hangers from Pixora. Upload your photo, preview on a live product mockup, and we print and ship premium quality to your door. Ideal for home décor or gifting.",wall_hanging_poster_910-mm_black_wood_w14xt20-mm_600x900-mm-24x36-inch_170-gsm-65lb-coated-silk_4-0_hor,https://upload.wikimedia.org/wikipedia/commons/c/ca/1x1.png,Yes
Posters with hangers — hor,"Personalised posters with hangers from Pixora. Upload your photo, preview on a live product mockup, and we print and ship premium quality to your door. Ideal for home décor or gifting.",wall_hanging_poster_910-mm_black_wood_w14xt20-mm_600x900-mm-24x36-inch_170-gsm-65lb-uncoated_4-0_hor,https://upload.wikimedia.org/wikipedia/commons/c/ca/1x1.png,Yes
Posters with hangers — hor,"Personalised posters with hangers from Pixora. Upload your photo, preview on a live product mockup, and we print and ship premium quality to your door. Ideal for home décor or gifting.",wall_hanging_poster_910-mm_black_wood_w14xt20-mm_600x900-mm-24x36-inch_200-gsm-80lb-coated-silk_4-0_hor,https://upload.wikimedia.org/wikipedia/commons/c/ca/1x1.png,Yes
Posters with hangers — hor,"Personalised posters with hangers from Pixora. Upload your photo, preview on a live product mockup, and we print and ship premium quality to your door. Ideal for home décor or gifting.",wall_hanging_poster_910-mm_black_wood_w14xt20-mm_600x900-mm-24x36-inch_200-gsm-80lb-uncoated_4-0_hor,https://upload.wikimedia.org/wikipedia/commons/c/ca/1x1.png,Yes
Posters with hangers — hor,"Personalised posters with hangers from Pixora. Upload your photo, preview on a live product mockup, and we print and ship premium quality to your door. Ideal for home décor or gifting.",wall_hanging_poster_910-mm_black_wood_w14xt20-mm_600x900-mm-24x36-inch_250-gsm-100lb-uncoated-offwhite-archival_4-0_hor,https://upload.wikimedia.org/wikipedia/commons/c/ca/1x1.png,Yes
Posters with hangers — ver,"Personalised posters with hangers from Pixora. Upload your photo, preview on a live product mockup, and we print and ship premium quality to your door. Ideal for home décor or gifting.",wall_hanging_poster_910-mm_black_wood_w14xt20-mm_a0_170-gsm-65lb-coated-silk_4-0_ver,https://upload.wikimedia.org/wikipedia/commons/c/ca/1x1.png,Yes
Posters with hangers — ver,"Personalised posters with hangers from Pixora. Upload your photo, preview on a live product mockup, and we print and ship premium quality to your door. Ideal for home décor or gifting.",wall_hanging_poster_910-mm_black_wood_w14xt20-mm_a0_170-gsm-65lb-uncoated_4-0_ver,https://upload.wikimedia.org/wikipedia/commons/c/ca/1x1.png,Yes
Posters with hangers — ver,"Personalised posters with hangers from Pixora. Upload your photo, preview on a live product mockup, and we print and ship premium quality to your door. Ideal for home décor or gifting.",wall_hanging_poster_910-mm_black_wood_w14xt20-mm_a0_200-gsm-80lb-coated-silk_4-0_ver,https://upload.wikimedia.org/wikipedia/commons/c/ca/1x1.png,Yes
Posters with hangers — ver,"Personalised posters with hangers from Pixora. Upload your photo, preview on a live product mockup, and we print and ship premium quality to your door. Ideal for home décor or gifting.",wall_hanging_poster_910-mm_black_wood_w14xt20-mm_a0_200-gsm-80lb-uncoated_4-0_ver,https://upload.wikimedia.org/wikipedia/commons/c/ca/1x1.png,Yes
Posters with hangers — ver,"Personalised posters with hangers from Pixora. Upload your photo, preview on a live product mockup, and we print and ship premium quality to your door. Ideal for home décor or gifting.",wall_hanging_poster_910-mm_black_wood_w14xt20-mm_a0_250-gsm-100lb-uncoated-offwhite-archival_4-0_ver,https://upload.wikimedia.org/wikipedia/commons/c/ca/1x1.png,Yes
Posters with hangers — hor,"Personalised posters with hangers from Pixora. Upload your photo, preview on a live product mockup, and we print and ship premium quality to your door. Ideal for home décor or gifting.",wall_hanging_poster_910-mm_dark-wood_wood_w14xt20-mm_24x36-inch-600x900-mm_170-gsm-65lb-coated-silk_4-0_hor,https://upload.wikimedia.org/wikipedia/commons/c/ca/1x1.png,Yes
Posters with hangers — hor,"Personalised posters with hangers from Pixora. Upload your photo, preview on a live product mockup, and we print and ship premium quality to your door. Ideal for home décor or gifting.",wall_hanging_poster_910-mm_dark-wood_wood_w14xt20-mm_24x36-inch-600x900-mm_170-gsm-65lb-uncoated_4-0_hor,https://upload.wikimedia.org/wikipedia/commons/c/ca/1x1.png,Yes
Posters with hangers — hor,"Personalised posters with hangers from Pixora. Upload your photo, preview on a live product mockup, and we print and ship premium quality to your door. Ideal for home décor or gifting.",wall_hanging_poster_910-mm_dark-wood_wood_w14xt20-mm_24x36-inch-600x900-mm_200-gsm-80lb-coated-silk_4-0_hor,https://upload.wikimedia.org/wikipedia/commons/c/ca/1x1.png,Yes
Posters with hangers — hor,"Personalised posters with hangers from Pixora. Upload your photo, preview on a live product mockup, and we print and ship premium quality to your door. Ideal for home décor or gifting.",wall_hanging_poster_910-mm_dark-wood_wood_w14xt20-mm_24x36-inch-600x900-mm_200-gsm-80lb-uncoated_4-0_hor,https://upload.wikimedia.org/wikipedia/commons/c/ca/1x1.png,Yes
Posters with hangers — hor,"Personalised posters with hangers from Pixora. Upload your photo, preview on a live product mockup, and we print and ship premium quality to your door. Ideal for home décor or gifting.",wall_hanging_poster_910-mm_dark-wood_wood_w14xt20-mm_24x36-inch-600x900-mm_250-gsm-100lb-uncoated-offwhite-archival_4-0_hor,https://upload.wikimedia.org/wikipedia/commons/c/ca/1x1.png,Yes
Posters with hangers — hor,"Personalised posters with hangers from Pixora. Upload your photo, preview on a live product mockup, and we print and ship premium quality to your door. Ideal for home décor or gifting.",wall_hanging_poster_910-mm_dark-wood_wood_w14xt20-mm_600x900-mm-24x36-inch_170-gsm-65lb-coated-silk_4-0_hor,https://upload.wikimedia.org/wikipedia/commons/c/ca/1x1.png,Yes
Posters with hangers — hor,"Personalised posters with hangers from Pixora. Upload your photo, preview on a live product mockup, and we print and ship premium quality to your door. Ideal for home décor or gifting.",wall_hanging_poster_910-mm_dark-wood_wood_w14xt20-mm_600x900-mm-24x36-inch_170-gsm-65lb-uncoated_4-0_hor,https://upload.wikimedia.org/wikipedia/commons/c/ca/1x1.png,Yes
Posters with hangers — hor,"Personalised posters with hangers from Pixora. Upload your photo, preview on a live product mockup, and we print and ship premium quality to your door. Ideal for home décor or gifting.",wall_hanging_poster_910-mm_dark-wood_wood_w14xt20-mm_600x900-mm-24x36-inch_200-gsm-80lb-coated-silk_4-0_hor,https://upload.wikimedia.org/wikipedia/commons/c/ca/1x1.png,Yes
Posters with hangers — hor,"Personalised posters with hangers from Pixora. Upload your photo, preview on a live product mockup, and we print and ship premium quality to your door. Ideal for home décor or gifting.",wall_hanging_poster_910-mm_dark-wood_wood_w14xt20-mm_600x900-mm-24x36-inch_200-gsm-80lb-uncoated_4-0_hor,https://upload.wikimedia.org/wikipedia/commons/c/ca/1x1.png,Yes
Posters with hangers — hor,"Personalised posters with hangers from Pixora. Upload your photo, preview on a live product mockup, and we print and ship premium quality to your door. Ideal for home décor or gifting.",wall_hanging_poster_910-mm_dark-wood_wood_w14xt20-mm_600x900-mm-24x36-inch_250-gsm-100lb-uncoated-offwhite-archival_4-0_hor,https://upload.wikimedia.org/wikipedia/commons/c/ca/1x1.png,Yes
Posters with hangers — ver,"Personalised posters with hangers from Pixora. Upload your photo, preview on a live product mockup, and we print and ship premium quality to your door. Ideal for home décor or gifting.",wall_hanging_poster_910-mm_dark-wood_wood_w14xt20-mm_a0_170-gsm-65lb-coated-silk_4-0_ver,https://upload.wikimedia.org/wikipedia/commons/c/ca/1x1.png,Yes
Posters with hangers — ver,"Personalised posters with hangers from Pixora. Upload your photo, preview on a live product mockup, and we print and ship premium quality to your door. Ideal for home décor or gifting.",wall_hanging_poster_910-mm_dark-wood_wood_w14xt20-mm_a0_170-gsm-65lb-uncoated_4-0_ver,https://upload.wikimedia.org/wikipedia/commons/c/ca/1x1.png,Yes
Posters with hangers — ver,"Personalised posters with hangers from Pixora. Upload your photo, preview on a live product mockup, and we print and ship premium quality to your door. Ideal for home décor or gifting.",wall_hanging_poster_910-mm_dark-wood_wood_w14xt20-mm_a0_200-gsm-80lb-coated-silk_4-0_ver,https://upload.wikimedia.org/wikipedia/commons/c/ca/1x1.png,Yes
Posters with hangers — ver,"Personalised posters with hangers from Pixora. Upload your photo, preview on a live product mockup, and we print and ship premium quality to your door. Ideal for home décor or gifting.",wall_hanging_poster_910-mm_dark-wood_wood_w14xt20-mm_a0_200-gsm-80lb-uncoated_4-0_ver,https://upload.wikimedia.org/wikipedia/commons/c/ca/1x1.png,Yes
Posters with hangers — ver,"Personalised posters with hangers from Pixora. Upload your photo, preview on a live product mockup, and we print and ship premium quality to your door. Ideal for home décor or gifting.",wall_hanging_poster_910-mm_dark-wood_wood_w14xt20-mm_a0_250-gsm-100lb-uncoated-offwhite-archival_4-0_ver,https://upload.wikimedia.org/wikipedia/commons/c/ca/1x1.png,Yes
Posters with hangers — hor,"Personalised posters with hangers from Pixora. Upload your photo, preview on a live product mockup, and we print and ship premium quality to your door. Ideal for home décor or gifting.",wall_hanging_poster_910-mm_natural-wood_wood_w14xt20-mm_24x36-inch-600x900-mm_170-gsm-65lb-coated-silk_4-0_hor,https://upload.wikimedia.org/wikipedia/commons/c/ca/1x1.png,Yes
Posters with hangers — hor,"Personalised posters with hangers from Pixora. Upload your photo, preview on a live product mockup, and we print and ship premium quality to your door. Ideal for home décor or gifting.",wall_hanging_poster_910-mm_natural-wood_wood_w14xt20-mm_24x36-inch-600x900-mm_170-gsm-65lb-uncoated_4-0_hor,https://upload.wikimedia.org/wikipedia/commons/c/ca/1x1.png,Yes
Posters with hangers — hor,"Personalised posters with hangers from Pixora. Upload your photo, preview on a live product mockup, and we print and ship premium quality to your door. Ideal for home décor or gifting.",wall_hanging_poster_910-mm_natural-wood_wood_w14xt20-mm_24x36-inch-600x900-mm_200-gsm-80lb-coated-silk_4-0_hor,https://upload.wikimedia.org/wikipedia/commons/c/ca/1x1.png,Yes
Posters with hangers — hor,"Personalised posters with hangers from Pixora. Upload your photo, preview on a live product mockup, and we print and ship premium quality to your door. Ideal for home décor or gifting.",wall_hanging_poster_910-mm_natural-wood_wood_w14xt20-mm_24x36-inch-600x900-mm_200-gsm-80lb-uncoated_4-0_hor,https://upload.wikimedia.org/wikipedia/commons/c/ca/1x1.png,Yes
Posters with hangers — hor,"Personalised posters with hangers from Pixora. Upload your photo, preview on a live product mockup, and we print and ship premium quality to your door. Ideal for home décor or gifting.",wall_hanging_poster_910-mm_natural-wood_wood_w14xt20-mm_24x36-inch-600x900-mm_250-gsm-100lb-uncoated-offwhite-archival_4-0_hor,https://upload.wikimedia.org/wikipedia/commons/c/ca/1x1.png,Yes
Posters with hangers — hor,"Personalised posters with hangers from Pixora. Upload your photo, preview on a live product mockup, and we print and ship premium quality to your door. Ideal for home décor or gifting.",wall_hanging_poster_910-mm_natural-wood_wood_w14xt20-mm_600x900-mm-24x36-inch_170-gsm-65lb-coated-silk_4-0_hor,https://upload.wikimedia.org/wikipedia/commons/c/ca/1x1.png,Yes
Posters with hangers — hor,"Personalised posters with hangers from Pixora. Upload your photo, preview on a live product mockup, and we print and ship premium quality to your door. Ideal for home décor or gifting.",wall_hanging_poster_910-mm_natural-wood_wood_w14xt20-mm_600x900-mm-24x36-inch_170-gsm-65lb-uncoated_4-0_hor,https://upload.wikimedia.org/wikipedia/commons/c/ca/1x1.png,Yes
Posters with hangers — hor,"Personalised posters with hangers from Pixora. Upload your photo, preview on a live product mockup, and we print and ship premium quality to your door. Ideal for home décor or gifting.",wall_hanging_poster_910-mm_natural-wood_wood_w14xt20-mm_600x900-mm-24x36-inch_200-gsm-80lb-coated-silk_4-0_hor,https://upload.wikimedia.org/wikipedia/commons/c/ca/1x1.png,Yes
Posters with hangers — hor,"Personalised posters with hangers from Pixora. Upload your photo, preview on a live product mockup, and we print and ship premium quality to your door. Ideal for home décor or gifting.",wall_hanging_poster_910-mm_natural-wood_wood_w14xt20-mm_600x900-mm-24x36-inch_200-gsm-80lb-uncoated_4-0_hor,https://upload.wikimedia.org/wikipedia/commons/c/ca/1x1.png,Yes
Posters with hangers — hor,"Personalised posters with hangers from Pixora. Upload your photo, preview on a live product mockup, and we print and ship premium quality to your door. Ideal for home décor or gifting.",wall_hanging_poster_910-mm_natural-wood_wood_w14xt20-mm_600x900-mm-24x36-inch_250-gsm-100lb-uncoated-offwhite-archival_4-0_hor,https://upload.wikimedia.org/wikipedia/commons/c/ca/1x1.png,Yes
Posters with hangers — ver,"Personalised posters with hangers from Pixora. Upload your photo, preview on a live product mockup, and we print and ship premium quality to your door. Ideal for home décor or gifting.",wall_hanging_poster_910-mm_natural-wood_wood_w14xt20-mm_a0_170-gsm-65lb-coated-silk_4-0_ver,https://upload.wikimedia.org/wikipedia/commons/c/ca/1x1.png,Yes
Posters with hangers — ver,"Personalised posters with hangers from Pixora. Upload your photo, preview on a live product mockup, and we print and ship premium quality to your door. Ideal for home décor or gifting.",wall_hanging_poster_910-mm_natural-wood_wood_w14xt20-mm_a0_170-gsm-65lb-uncoated_4-0_ver,https://upload.wikimedia.org/wikipedia/commons/c/ca/1x1.png,Yes
Posters with hangers — ver,"Personalised posters with hangers from Pixora. Upload your photo, preview on a live product mockup, and we print and ship premium quality to your door. Ideal for home décor or gifting.",wall_hanging_poster_910-mm_natural-wood_wood_w14xt20-mm_a0_200-gsm-80lb-coated-silk_4-0_ver,https://upload.wikimedia.org/wikipedia/commons/c/ca/1x1.png,Yes
Posters with hangers — ver,"Personalised posters with hangers from Pixora. Upload your photo, preview on a live product mockup, and we print and ship premium quality to your door. Ideal for home décor or gifting.",wall_hanging_poster_910-mm_natural-wood_wood_w14xt20-mm_a0_200-gsm-80lb-uncoated_4-0_ver,https://upload.wikimedia.org/wikipedia/commons/c/ca/1x1.png,Yes
Posters with hangers — ver,"Personalised posters with hangers from Pixora. Upload your photo, preview on a live product mockup, and we print and ship premium quality to your door. Ideal for home décor or gifting.",wall_hanging_poster_910-mm_natural-wood_wood_w14xt20-mm_a0_250-gsm-100lb-uncoated-offwhite-archival_4-0_ver,https://upload.wikimedia.org/wikipedia/commons/c/ca/1x1.png,Yes
Posters with hangers — hor,"Personalised posters with hangers from Pixora. Upload your photo, preview on a live product mockup, and we print and ship premium quality to your door. Ideal for home décor or gifting.",wall_hanging_poster_910-mm_white_wood_w14xt20-mm_24x36-inch-600x900-mm_170-gsm-65lb-coated-silk_4-0_hor,https://upload.wikimedia.org/wikipedia/commons/c/ca/1x1.png,Yes
Posters with hangers — hor,"Personalised posters with hangers from Pixora. Upload your photo, preview on a live product mockup, and we print and ship premium quality to your door. Ideal for home décor or gifting.",wall_hanging_poster_910-mm_white_wood_w14xt20-mm_24x36-inch-600x900-mm_170-gsm-65lb-uncoated_4-0_hor,https://upload.wikimedia.org/wikipedia/commons/c/ca/1x1.png,Yes
Posters with hangers — hor,"Personalised posters with hangers from Pixora. Upload your photo, preview on a live product mockup, and we print and ship premium quality to your door. Ideal for home décor or gifting.",wall_hanging_poster_910-mm_white_wood_w14xt20-mm_24x36-inch-600x900-mm_200-gsm-80lb-coated-silk_4-0_hor,https://upload.wikimedia.org/wikipedia/commons/c/ca/1x1.png,Yes
Posters with hangers — hor,"Personalised posters with hangers from Pixora. Upload your photo, preview on a live product mockup, and we print and ship premium quality to your door. Ideal for home décor or gifting.",wall_hanging_poster_910-mm_white_wood_w14xt20-mm_24x36-inch-600x900-mm_200-gsm-80lb-uncoated_4-0_hor,https://upload.wikimedia.org/wikipedia/commons/c/ca/1x1.png,Yes
Posters with hangers — hor,"Personalised posters with hangers from Pixora. Upload your photo, preview on a live product mockup, and we print and ship premium quality to your door. Ideal for home décor or gifting.",wall_hanging_poster_910-mm_white_wood_w14xt20-mm_24x36-inch-600x900-mm_250-gsm-100lb-uncoated-offwhite-archival_4-0_hor,https://upload.wikimedia.org/wikipedia/commons/c/ca/1x1.png,Yes
Posters with hangers — hor,"Personalised posters with hangers from Pixora. Upload your photo, preview on a live product mockup, and we print and ship premium quality to your door. Ideal for home décor or gifting.",wall_hanging_poster_910-mm_white_wood_w14xt20-mm_600x900-mm-24x36-inch_170-gsm-65lb-coated-silk_4-0_hor,https://upload.wikimedia.org/wikipedia/commons/c/ca/1x1.png,Yes
Posters with hangers — hor,"Personalised posters with hangers from Pixora. Upload your photo, preview on a live product mockup, and we print and ship premium quality to your door. Ideal for home décor or gifting.",wall_hanging_poster_910-mm_white_wood_w14xt20-mm_600x900-mm-24x36-inch_170-gsm-65lb-uncoated_4-0_hor,https://upload.wikimedia.org/wikipedia/commons/c/ca/1x1.png,Yes
Posters with hangers — hor,"Personalised posters with hangers from Pixora. Upload your photo, preview on a live product mockup, and we print and ship premium quality to your door. Ideal for home décor or gifting.",wall_hanging_poster_910-mm_white_wood_w14xt20-mm_600x900-mm-24x36-inch_200-gsm-80lb-coated-silk_4-0_hor,https://upload.wikimedia.org/wikipedia/commons/c/ca/1x1.png,Yes
Posters with hangers — hor,"Personalised posters with hangers from Pixora. Upload your photo, preview on a live product mockup, and we print and ship premium quality to your door. Ideal for home décor or gifting.",wall_hanging_poster_910-mm_white_wood_w14xt20-mm_600x900-mm-24x36-inch_200-gsm-80lb-uncoated_4-0_hor,https://upload.wikimedia.org/wikipedia/commons/c/ca/1x1.png,Yes
Posters with hangers — hor,"Personalised posters with hangers from Pixora. Upload your photo, preview on a live product mockup, and we print and ship premium quality to your door. Ideal for home décor or gifting.",wall_hanging_poster_910-mm_white_wood_w14xt20-mm_600x900-mm-24x36-inch_250-gsm-100lb-uncoated-offwhite-archival_4-0_hor,https://upload.wikimedia.org/wikipedia/commons/c/ca/1x1.png,Yes
Posters with hangers — ver,"Personalised posters with hangers from Pixora. Upload your photo, preview on a live product mockup, and we print and ship premium quality to your door. Ideal for home décor or gifting.",wall_hanging_poster_910-mm_white_wood_w14xt20-mm_a0_170-gsm-65lb-coated-silk_4-0_ver,https://upload.wikimedia.org/wikipedia/commons/c/ca/1x1.png,Yes
Posters with hangers — ver,"Personalised posters with hangers from Pixora. Upload your photo, preview on a live product mockup, and we print and ship premium quality to your door. Ideal for home décor or gifting.",wall_hanging_poster_910-mm_white_wood_w14xt20-mm_a0_170-gsm-65lb-uncoated_4-0_ver,https://upload.wikimedia.org/wikipedia/commons/c/ca/1x1.png,Yes
Posters with hangers — ver,"Personalised posters with hangers from Pixora. Upload your photo, preview on a live product mockup, and we print and ship premium quality to your door. Ideal for home décor or gifting.",wall_hanging_poster_910-mm_white_wood_w14xt20-mm_a0_200-gsm-80lb-coated-silk_4-0_ver,https://upload.wikimedia.org/wikipedia/commons/c/ca/1x1.png,Yes
Posters with hangers — ver,"Personalised posters with hangers from Pixora. Upload your photo, preview on a live product mockup, and we print and ship premium quality to your door. Ideal for home décor or gifting.",wall_hanging_poster_910-mm_white_wood_w14xt20-mm_a0_200-gsm-80lb-uncoated_4-0_ver,https://upload.wikimedia.org/wikipedia/commons/c/ca/1x1.png,Yes
Posters with hangers — ver,"Personalised posters with hangers from Pixora. Upload your photo, preview on a live product mockup, and we print and ship premium quality to your door. Ideal for home décor or gifting.",wall_hanging_poster_910-mm_white_wood_w14xt20-mm_a0_250-gsm-100lb-uncoated-offwhite-archival_4-0_ver,https://upload.wikimedia.org/wikipedia/commons/c/ca/1x1.png,Yes
