productUid,title,collectionHandle,catalogUid,attributesJson
cards_pf_140x180-mm_pt_100-lb-cover-coated-silk_cl_4-0_hor,Posters — 140x180-mm — hor,posters,posters,"{""CoatingType"":""none"",""ColorType"":""4-0"",""Orientation"":""hor"",""PaperFormat"":""140x180-mm"",""PaperType"":""100-lb-cover-coated-silk"",""ProductStatus"":""activated"",""ProtectionType"":""none"",""ShapeEdgeType"":""none"",""SpotFinishingType"":""none"",""State"":""published"",""Variable"":""no""}"
cards_pf_140x180-mm_pt_100-lb-cover-coated-silk_cl_4-0_ver,Posters — 140x180-mm — ver,posters,posters,"{""CoatingType"":""none"",""ColorType"":""4-0"",""Orientation"":""ver"",""PaperFormat"":""140x180-mm"",""PaperType"":""100-lb-cover-coated-silk"",""ProductStatus"":""activated"",""ProtectionType"":""none"",""ShapeEdgeType"":""none"",""SpotFinishingType"":""none"",""State"":""published"",""Variable"":""no""}"
cards_pf_140x180-mm_pt_100-lb-cover-uncoated_cl_4-0_hor,Posters — 140x180-mm — hor,posters,posters,"{""CoatingType"":""none"",""ColorType"":""4-0"",""Orientation"":""hor"",""PaperFormat"":""140x180-mm"",""PaperType"":""100-lb-cover-uncoated"",""ProductStatus"":""activated"",""ProtectionType"":""none"",""ShapeEdgeType"":""none"",""SpotFinishingType"":""none"",""State"":""published"",""Variable"":""no""}"
cards_pf_140x180-mm_pt_100-lb-cover-uncoated_cl_4-0_ver,Posters — 140x180-mm — ver,posters,posters,"{""CoatingType"":""none"",""ColorType"":""4-0"",""Orientation"":""ver"",""PaperFormat"":""140x180-mm"",""PaperType"":""100-lb-cover-uncoated"",""ProductStatus"":""activated"",""ProtectionType"":""none"",""ShapeEdgeType"":""none"",""SpotFinishingType"":""none"",""State"":""published"",""Variable"":""no""}"
cards_pf_140x180-mm_pt_130-lb-cover-coated-silk_cl_4-0_hor,Posters — 140x180-mm — hor,posters,posters,"{""CoatingType"":""none"",""ColorType"":""4-0"",""Orientation"":""hor"",""PaperFormat"":""140x180-mm"",""PaperType"":""130-lb-cover-coated-silk"",""ProductStatus"":""activated"",""ProtectionType"":""none"",""ShapeEdgeType"":""none"",""SpotFinishingType"":""none"",""State"":""published"",""Variable"":""no""}"
cards_pf_140x180-mm_pt_130-lb-cover-coated-silk_cl_4-0_ver,Posters — 140x180-mm — ver,posters,posters,"{""CoatingType"":""none"",""ColorType"":""4-0"",""Orientation"":""ver"",""PaperFormat"":""140x180-mm"",""PaperType"":""130-lb-cover-coated-silk"",""ProductStatus"":""activated"",""ProtectionType"":""none"",""ShapeEdgeType"":""none"",""SpotFinishingType"":""none"",""State"":""published"",""Variable"":""no""}"
cards_pf_140x180-mm_pt_130-lb-cover-uncoated_cl_4-0_hor,Posters — 140x180-mm — hor,posters,posters,"{""CoatingType"":""none"",""ColorType"":""4-0"",""Orientation"":""hor"",""PaperFormat"":""140x180-mm"",""PaperType"":""130-lb-cover-uncoated"",""ProductStatus"":""activated"",""ProtectionType"":""none"",""ShapeEdgeType"":""none"",""SpotFinishingType"":""none"",""State"":""published"",""Variable"":""no""}"
cards_pf_140x180-mm_pt_130-lb-cover-uncoated_cl_4-0_ver,Posters — 140x180-mm — ver,posters,posters,"{""CoatingType"":""none"",""ColorType"":""4-0"",""Orientation"":""ver"",""PaperFormat"":""140x180-mm"",""PaperType"":""130-lb-cover-uncoated"",""ProductStatus"":""activated"",""ProtectionType"":""none"",""ShapeEdgeType"":""none"",""SpotFinishingType"":""none"",""State"":""published"",""Variable"":""no""}"
cards_pf_210x279-mm_pt_100-lb-cover-coated-silk_cl_4-0_hor,Posters — 210x279-mm — hor,posters,posters,"{""CoatingType"":""none"",""ColorType"":""4-0"",""Orientation"":""hor"",""PaperFormat"":""210x279-mm"",""PaperType"":""100-lb-cover-coated-silk"",""ProductStatus"":""activated"",""ProtectionType"":""none"",""ShapeEdgeType"":""none"",""SpotFinishingType"":""none"",""State"":""published"",""Variable"":""no""}"
cards_pf_210x279-mm_pt_100-lb-cover-coated-silk_cl_4-0_ver,Posters — 210x279-mm — ver,posters,posters,"{""CoatingType"":""none"",""ColorType"":""4-0"",""Orientation"":""ver"",""PaperFormat"":""210x279-mm"",""PaperType"":""100-lb-cover-coated-silk"",""ProductStatus"":""activated"",""ProtectionType"":""none"",""ShapeEdgeType"":""none"",""SpotFinishingType"":""none"",""State"":""published"",""Variable"":""no""}"
cards_pf_210x279-mm_pt_100-lb-cover-uncoated_cl_4-0_hor,Posters — 210x279-mm — hor,posters,posters,"{""CoatingType"":""none"",""ColorType"":""4-0"",""Orientation"":""hor"",""PaperFormat"":""210x279-mm"",""PaperType"":""100-lb-cover-uncoated"",""ProductStatus"":""activated"",""ProtectionType"":""none"",""ShapeEdgeType"":""none"",""SpotFinishingType"":""none"",""State"":""published"",""Variable"":""no""}"
cards_pf_210x279-mm_pt_100-lb-cover-uncoated_cl_4-0_ver,Posters — 210x279-mm — ver,posters,posters,"{""CoatingType"":""none"",""ColorType"":""4-0"",""Orientation"":""ver"",""PaperFormat"":""210x279-mm"",""PaperType"":""100-lb-cover-uncoated"",""ProductStatus"":""activated"",""ProtectionType"":""none"",""ShapeEdgeType"":""none"",""SpotFinishingType"":""none"",""State"":""published"",""Variable"":""no""}"
cards_pf_210x279-mm_pt_110-lb-cover-uncoated_cl_4-0_hor,Posters — 210x279-mm — hor,posters,posters,"{""CoatingType"":""none"",""ColorType"":""4-0"",""Orientation"":""hor"",""PaperFormat"":""210x279-mm"",""PaperType"":""110-lb-cover-uncoated"",""ProductStatus"":""activated"",""ProtectionType"":""none"",""ShapeEdgeType"":""none"",""SpotFinishingType"":""none"",""State"":""published"",""Variable"":""no""}"
cards_pf_210x279-mm_pt_110-lb-cover-uncoated_cl_4-0_ver,Posters — 210x279-mm — ver,posters,posters,"{""CoatingType"":""none"",""ColorType"":""4-0"",""Orientation"":""ver"",""PaperFormat"":""210x279-mm"",""PaperType"":""110-lb-cover-uncoated"",""ProductStatus"":""activated"",""ProtectionType"":""none"",""ShapeEdgeType"":""none"",""SpotFinishingType"":""none"",""State"":""published"",""Variable"":""no""}"
cards_pf_210x279-mm_pt_130-lb-cover-coated-silk_cl_4-0_hor,Posters — 210x279-mm — hor,posters,posters,"{""CoatingType"":""none"",""ColorType"":""4-0"",""Orientation"":""hor"",""PaperFormat"":""210x279-mm"",""PaperType"":""130-lb-cover-coated-silk"",""ProductStatus"":""activated"",""ProtectionType"":""none"",""ShapeEdgeType"":""none"",""SpotFinishingType"":""none"",""State"":""published"",""Variable"":""no""}"
cards_pf_210x279-mm_pt_130-lb-cover-coated-silk_cl_4-0_ver,Posters — 210x279-mm — ver,posters,posters,"{""CoatingType"":""none"",""ColorType"":""4-0"",""Orientation"":""ver"",""PaperFormat"":""210x279-mm"",""PaperType"":""130-lb-cover-coated-silk"",""ProductStatus"":""activated"",""ProtectionType"":""none"",""ShapeEdgeType"":""none"",""SpotFinishingType"":""none"",""State"":""published"",""Variable"":""no""}"
cards_pf_210x279-mm_pt_130-lb-cover-uncoated_cl_4-0_ver,Posters — 210x279-mm — ver,posters,posters,"{""CoatingType"":""none"",""ColorType"":""4-0"",""Orientation"":""ver"",""PaperFormat"":""210x279-mm"",""PaperType"":""130-lb-cover-uncoated"",""ProductStatus"":""activated"",""ProtectionType"":""none"",""ShapeEdgeType"":""none"",""SpotFinishingType"":""none"",""State"":""published"",""Variable"":""no""}"
cards_pf_210x279-mm_pt_250-gsm-coated-silk_cl_4-0_hor,Posters — 210x279-mm — hor,posters,posters,"{""CoatingType"":""none"",""ColorType"":""4-0"",""Orientation"":""hor"",""PaperFormat"":""210x279-mm"",""PaperType"":""250-gsm-coated-silk"",""ProductStatus"":""activated"",""ProtectionType"":""none"",""ShapeEdgeType"":""none"",""SpotFinishingType"":""none"",""State"":""published"",""Variable"":""no""}"
cards_pf_210x279-mm_pt_250-gsm-coated-silk_cl_4-0_ver,Posters — 210x279-mm — ver,posters,posters,"{""CoatingType"":""none"",""ColorType"":""4-0"",""Orientation"":""ver"",""PaperFormat"":""210x279-mm"",""PaperType"":""250-gsm-coated-silk"",""ProductStatus"":""activated"",""ProtectionType"":""none"",""ShapeEdgeType"":""none"",""SpotFinishingType"":""none"",""State"":""published"",""Variable"":""no""}"
cards_pf_210x279-mm_pt_250-gsm-uncoated_cl_4-0_hor,Posters — 210x279-mm — hor,posters,posters,"{""CoatingType"":""none"",""ColorType"":""4-0"",""Orientation"":""hor"",""PaperFormat"":""210x279-mm"",""PaperType"":""250-gsm-uncoated"",""ProductStatus"":""activated"",""ProtectionType"":""none"",""ShapeEdgeType"":""none"",""SpotFinishingType"":""none"",""State"":""published"",""Variable"":""no""}"
cards_pf_210x279-mm_pt_250-gsm-uncoated_cl_4-0_ver,Posters — 210x279-mm — ver,posters,posters,"{""CoatingType"":""none"",""ColorType"":""4-0"",""Orientation"":""ver"",""PaperFormat"":""210x279-mm"",""PaperType"":""250-gsm-uncoated"",""ProductStatus"":""activated"",""ProtectionType"":""none"",""ShapeEdgeType"":""none"",""SpotFinishingType"":""none"",""State"":""published"",""Variable"":""no""}"
cards_pf_210x279-mm_pt_300-gsm-uncoated_cl_4-0_hor,Posters — 210x279-mm — hor,posters,posters,"{""CoatingType"":""none"",""ColorType"":""4-0"",""Orientation"":""hor"",""PaperFormat"":""210x279-mm"",""PaperType"":""300-gsm-uncoated"",""ProductStatus"":""activated"",""ProtectionType"":""none"",""ShapeEdgeType"":""none"",""SpotFinishingType"":""none"",""State"":""published"",""Variable"":""no""}"
cards_pf_210x279-mm_pt_300-gsm-uncoated_cl_4-0_ver,Posters — 210x279-mm — ver,posters,posters,"{""CoatingType"":""none"",""ColorType"":""4-0"",""Orientation"":""ver"",""PaperFormat"":""210x279-mm"",""PaperType"":""300-gsm-uncoated"",""ProductStatus"":""activated"",""ProtectionType"":""none"",""ShapeEdgeType"":""none"",""SpotFinishingType"":""none"",""State"":""published"",""Variable"":""no""}"
cards_pf_210x279-mm_pt_350-gsm-coated-silk_cl_4-0_hor,Posters — 210x279-mm — hor,posters,posters,"{""CoatingType"":""none"",""ColorType"":""4-0"",""Orientation"":""hor"",""PaperFormat"":""210x279-mm"",""PaperType"":""350-gsm-coated-silk"",""ProductStatus"":""activated"",""ProtectionType"":""none"",""ShapeEdgeType"":""none"",""SpotFinishingType"":""none"",""State"":""published"",""Variable"":""no""}"
cards_pf_210x279-mm_pt_350-gsm-coated-silk_cl_4-0_ver,Posters — 210x279-mm — ver,posters,posters,"{""CoatingType"":""none"",""ColorType"":""4-0"",""Orientation"":""ver"",""PaperFormat"":""210x279-mm"",""PaperType"":""350-gsm-coated-silk"",""ProductStatus"":""activated"",""ProtectionType"":""none"",""ShapeEdgeType"":""none"",""SpotFinishingType"":""none"",""State"":""published"",""Variable"":""no""}"
cards_pf_4x9-inch_pt_100-lb-cover-coated-silk_cl_4-0_hor,Posters — 4x9-inch — hor,posters,posters,"{""CoatingType"":""none"",""ColorType"":""4-0"",""Orientation"":""hor"",""PaperFormat"":""4x9-inch"",""PaperType"":""100-lb-cover-coated-silk"",""ProductStatus"":""activated"",""ProtectionType"":""none"",""ShapeEdgeType"":""none"",""SpotFinishingType"":""none"",""State"":""published"",""Variable"":""no""}"
cards_pf_4x9-inch_pt_100-lb-cover-coated-silk_cl_4-0_ver,Posters — 4x9-inch — ver,posters,posters,"{""CoatingType"":""none"",""ColorType"":""4-0"",""Orientation"":""ver"",""PaperFormat"":""4x9-inch"",""PaperType"":""100-lb-cover-coated-silk"",""ProductStatus"":""activated"",""ProtectionType"":""none"",""ShapeEdgeType"":""none"",""SpotFinishingType"":""none"",""State"":""published"",""Variable"":""no""}"
cards_pf_4x9-inch_pt_100-lb-cover-uncoated_cl_4-0_hor,Posters — 4x9-inch — hor,posters,posters,"{""CoatingType"":""none"",""ColorType"":""4-0"",""Orientation"":""hor"",""PaperFormat"":""4x9-inch"",""PaperType"":""100-lb-cover-uncoated"",""ProductStatus"":""activated"",""ProtectionType"":""none"",""ShapeEdgeType"":""none"",""SpotFinishingType"":""none"",""State"":""published"",""Variable"":""no""}"
cards_pf_4x9-inch_pt_100-lb-cover-uncoated_cl_4-0_ver,Posters — 4x9-inch — ver,posters,posters,"{""CoatingType"":""none"",""ColorType"":""4-0"",""Orientation"":""ver"",""PaperFormat"":""4x9-inch"",""PaperType"":""100-lb-cover-uncoated"",""ProductStatus"":""activated"",""ProtectionType"":""none"",""ShapeEdgeType"":""none"",""SpotFinishingType"":""none"",""State"":""published"",""Variable"":""no""}"
cards_pf_4x9-inch_pt_80-lb-cover-coated-silk_cl_4-0_hor,Posters — 4x9-inch — hor,posters,posters,"{""CoatingType"":""none"",""ColorType"":""4-0"",""Orientation"":""hor"",""PaperFormat"":""4x9-inch"",""PaperType"":""80-lb-cover-coated-silk"",""ProductStatus"":""activated"",""ProtectionType"":""none"",""ShapeEdgeType"":""none"",""SpotFinishingType"":""none"",""State"":""published"",""Variable"":""no""}"
cards_pf_4x9-inch_pt_80-lb-cover-coated-silk_cl_4-0_ver,Posters — 4x9-inch — ver,posters,posters,"{""CoatingType"":""none"",""ColorType"":""4-0"",""Orientation"":""ver"",""PaperFormat"":""4x9-inch"",""PaperType"":""80-lb-cover-coated-silk"",""ProductStatus"":""activated"",""ProtectionType"":""none"",""ShapeEdgeType"":""none"",""SpotFinishingType"":""none"",""State"":""published"",""Variable"":""no""}"
cards_pf_4x9-inch_pt_80-lb-cover-uncoated_cl_4-0_hor,Posters — 4x9-inch — hor,posters,posters,"{""CoatingType"":""none"",""ColorType"":""4-0"",""Orientation"":""hor"",""PaperFormat"":""4x9-inch"",""PaperType"":""80-lb-cover-uncoated"",""ProductStatus"":""activated"",""ProtectionType"":""none"",""ShapeEdgeType"":""none"",""SpotFinishingType"":""none"",""State"":""published"",""Variable"":""no""}"
cards_pf_4x9-inch_pt_80-lb-cover-uncoated_cl_4-0_ver,Posters — 4x9-inch — ver,posters,posters,"{""CoatingType"":""none"",""ColorType"":""4-0"",""Orientation"":""ver"",""PaperFormat"":""4x9-inch"",""PaperType"":""80-lb-cover-uncoated"",""ProductStatus"":""activated"",""ProtectionType"":""none"",""ShapeEdgeType"":""none"",""SpotFinishingType"":""none"",""State"":""published"",""Variable"":""no""}"
cards_pf_5r_pt_100-lb-cover-coated-silk_cl_4-0_hor,Posters — 5R — hor,posters,posters,"{""CoatingType"":""none"",""ColorType"":""4-0"",""Orientation"":""hor"",""PaperFormat"":""5R"",""PaperType"":""100-lb-cover-coated-silk"",""ProductStatus"":""activated"",""ProtectionType"":""none"",""ShapeEdgeType"":""none"",""SpotFinishingType"":""none"",""State"":""published"",""Variable"":""no""}"
cards_pf_5r_pt_100-lb-cover-coated-silk_cl_4-0_ver,Posters — 5R — ver,posters,posters,"{""CoatingType"":""none"",""ColorType"":""4-0"",""Orientation"":""ver"",""PaperFormat"":""5R"",""PaperType"":""100-lb-cover-coated-silk"",""ProductStatus"":""activated"",""ProtectionType"":""none"",""ShapeEdgeType"":""none"",""SpotFinishingType"":""none"",""State"":""published"",""Variable"":""no""}"
cards_pf_5r_pt_100-lb-cover-uncoated_cl_4-0_hor,Posters — 5R — hor,posters,posters,"{""CoatingType"":""none"",""ColorType"":""4-0"",""Orientation"":""hor"",""PaperFormat"":""5R"",""PaperType"":""100-lb-cover-uncoated"",""ProductStatus"":""activated"",""ProtectionType"":""none"",""ShapeEdgeType"":""none"",""SpotFinishingType"":""none"",""State"":""published"",""Variable"":""no""}"
cards_pf_5r_pt_100-lb-cover-uncoated_cl_4-0_ver,Posters — 5R — ver,posters,posters,"{""CoatingType"":""none"",""ColorType"":""4-0"",""Orientation"":""ver"",""PaperFormat"":""5R"",""PaperType"":""100-lb-cover-uncoated"",""ProductStatus"":""activated"",""ProtectionType"":""none"",""ShapeEdgeType"":""none"",""SpotFinishingType"":""none"",""State"":""published"",""Variable"":""no""}"
cards_pf_5r_pt_110-lb-cover-uncoated_cl_4-0_hor,Posters — 5R — hor,posters,posters,"{""CoatingType"":""none"",""ColorType"":""4-0"",""Orientation"":""hor"",""PaperFormat"":""5R"",""PaperType"":""110-lb-cover-uncoated"",""ProductStatus"":""activated"",""ProtectionType"":""none"",""ShapeEdgeType"":""none"",""SpotFinishingType"":""none"",""State"":""published"",""Variable"":""no""}"
cards_pf_5r_pt_110-lb-cover-uncoated_cl_4-0_ver,Posters — 5R — ver,posters,posters,"{""CoatingType"":""none"",""ColorType"":""4-0"",""Orientation"":""ver"",""PaperFormat"":""5R"",""PaperType"":""110-lb-cover-uncoated"",""ProductStatus"":""activated"",""ProtectionType"":""none"",""ShapeEdgeType"":""none"",""SpotFinishingType"":""none"",""State"":""published"",""Variable"":""no""}"
cards_pf_5r_pt_130-lb-cover-coated-silk_cl_4-0_hor,Posters — 5R — hor,posters,posters,"{""CoatingType"":""none"",""ColorType"":""4-0"",""Orientation"":""hor"",""PaperFormat"":""5R"",""PaperType"":""130-lb-cover-coated-silk"",""ProductStatus"":""activated"",""ProtectionType"":""none"",""ShapeEdgeType"":""none"",""SpotFinishingType"":""none"",""State"":""published"",""Variable"":""no""}"
cards_pf_5r_pt_130-lb-cover-coated-silk_cl_4-0_ver,Posters — 5R — ver,posters,posters,"{""CoatingType"":""none"",""ColorType"":""4-0"",""Orientation"":""ver"",""PaperFormat"":""5R"",""PaperType"":""130-lb-cover-coated-silk"",""ProductStatus"":""activated"",""ProtectionType"":""none"",""ShapeEdgeType"":""none"",""SpotFinishingType"":""none"",""State"":""published"",""Variable"":""no""}"
cards_pf_5r_pt_130-lb-cover-uncoated_cl_4-0_hor,Posters — 5R — hor,posters,posters,"{""CoatingType"":""none"",""ColorType"":""4-0"",""Orientation"":""hor"",""PaperFormat"":""5R"",""PaperType"":""130-lb-cover-uncoated"",""ProductStatus"":""activated"",""ProtectionType"":""none"",""ShapeEdgeType"":""none"",""SpotFinishingType"":""none"",""State"":""published"",""Variable"":""no""}"
cards_pf_5r_pt_130-lb-cover-uncoated_cl_4-0_ver,Posters — 5R — ver,posters,posters,"{""CoatingType"":""none"",""ColorType"":""4-0"",""Orientation"":""ver"",""PaperFormat"":""5R"",""PaperType"":""130-lb-cover-uncoated"",""ProductStatus"":""activated"",""ProtectionType"":""none"",""ShapeEdgeType"":""none"",""SpotFinishingType"":""none"",""State"":""published"",""Variable"":""no""}"
cards_pf_5r_pt_300-gsm-uncoated_cl_4-0_hor,Posters — 5R — hor,posters,posters,"{""CoatingType"":""none"",""ColorType"":""4-0"",""Orientation"":""hor"",""PaperFormat"":""5R"",""PaperType"":""300-gsm-uncoated"",""ProductStatus"":""activated"",""ProtectionType"":""none"",""ShapeEdgeType"":""none"",""SpotFinishingType"":""none"",""State"":""published"",""Variable"":""no""}"
cards_pf_5r_pt_300-gsm-uncoated_cl_4-0_ver,Posters — 5R — ver,posters,posters,"{""CoatingType"":""none"",""ColorType"":""4-0"",""Orientation"":""ver"",""PaperFormat"":""5R"",""PaperType"":""300-gsm-uncoated"",""ProductStatus"":""activated"",""ProtectionType"":""none"",""ShapeEdgeType"":""none"",""SpotFinishingType"":""none"",""State"":""published"",""Variable"":""no""}"
cards_pf_5r_pt_350-gsm-coated-silk_cl_4-0_hor,Posters — 5R — hor,posters,posters,"{""CoatingType"":""none"",""ColorType"":""4-0"",""Orientation"":""hor"",""PaperFormat"":""5R"",""PaperType"":""350-gsm-coated-silk"",""ProductStatus"":""activated"",""ProtectionType"":""none"",""ShapeEdgeType"":""none"",""SpotFinishingType"":""none"",""State"":""published"",""Variable"":""no""}"
cards_pf_5r_pt_350-gsm-coated-silk_cl_4-0_ver,Posters — 5R — ver,posters,posters,"{""CoatingType"":""none"",""ColorType"":""4-0"",""Orientation"":""ver"",""PaperFormat"":""5R"",""PaperType"":""350-gsm-coated-silk"",""ProductStatus"":""activated"",""ProtectionType"":""none"",""ShapeEdgeType"":""none"",""SpotFinishingType"":""none"",""State"":""published"",""Variable"":""no""}"
cards_pf_a4_pt_100-lb-cover-coated-silk_cl_4-0_hor,Posters — A4 — hor,posters,posters,"{""CoatingType"":""none"",""ColorType"":""4-0"",""Orientation"":""hor"",""PaperFormat"":""A4"",""PaperType"":""100-lb-cover-coated-silk"",""ProductStatus"":""activated"",""ProtectionType"":""none"",""ShapeEdgeType"":""none"",""SpotFinishingType"":""none"",""State"":""published"",""Variable"":""no""}"
cards_pf_a4_pt_100-lb-cover-coated-silk_cl_4-0_ver,Posters — A4 — ver,posters,posters,"{""CoatingType"":""none"",""ColorType"":""4-0"",""Orientation"":""ver"",""PaperFormat"":""A4"",""PaperType"":""100-lb-cover-coated-silk"",""ProductStatus"":""activated"",""ProtectionType"":""none"",""ShapeEdgeType"":""none"",""SpotFinishingType"":""none"",""State"":""published"",""Variable"":""no""}"
cards_pf_a4_pt_100-lb-cover-uncoated_cl_4-0_hor,Posters — A4 — hor,posters,posters,"{""CoatingType"":""none"",""ColorType"":""4-0"",""Orientation"":""hor"",""PaperFormat"":""A4"",""PaperType"":""100-lb-cover-uncoated"",""ProductStatus"":""activated"",""ProtectionType"":""none"",""ShapeEdgeType"":""none"",""SpotFinishingType"":""none"",""State"":""published"",""Variable"":""no""}"
cards_pf_a4_pt_100-lb-cover-uncoated_cl_4-0_ver,Posters — A4 — ver,posters,posters,"{""CoatingType"":""none"",""ColorType"":""4-0"",""Orientation"":""ver"",""PaperFormat"":""A4"",""PaperType"":""100-lb-cover-uncoated"",""ProductStatus"":""activated"",""ProtectionType"":""none"",""ShapeEdgeType"":""none"",""SpotFinishingType"":""none"",""State"":""published"",""Variable"":""no""}"
cards_pf_a4_pt_110-lb-cover-uncoated_cl_4-0_hor,Posters — A4 — hor,posters,posters,"{""CoatingType"":""none"",""ColorType"":""4-0"",""Orientation"":""hor"",""PaperFormat"":""A4"",""PaperType"":""110-lb-cover-uncoated"",""ProductStatus"":""activated"",""ProtectionType"":""none"",""ShapeEdgeType"":""none"",""SpotFinishingType"":""none"",""State"":""published"",""Variable"":""no""}"
cards_pf_a4_pt_110-lb-cover-uncoated_cl_4-0_ver,Posters — A4 — ver,posters,posters,"{""CoatingType"":""none"",""ColorType"":""4-0"",""Orientation"":""ver"",""PaperFormat"":""A4"",""PaperType"":""110-lb-cover-uncoated"",""ProductStatus"":""activated"",""ProtectionType"":""none"",""ShapeEdgeType"":""none"",""SpotFinishingType"":""none"",""State"":""published"",""Variable"":""no""}"
cards_pf_a4_pt_130-lb-cover-coated-silk_cl_4-0_hor,Posters — A4 — hor,posters,posters,"{""CoatingType"":""none"",""ColorType"":""4-0"",""Orientation"":""hor"",""PaperFormat"":""A4"",""PaperType"":""130-lb-cover-coated-silk"",""ProductStatus"":""activated"",""ProtectionType"":""none"",""ShapeEdgeType"":""none"",""SpotFinishingType"":""none"",""State"":""published"",""Variable"":""no""}"
cards_pf_a4_pt_130-lb-cover-coated-silk_cl_4-0_ver,Posters — A4 — ver,posters,posters,"{""CoatingType"":""none"",""ColorType"":""4-0"",""Orientation"":""ver"",""PaperFormat"":""A4"",""PaperType"":""130-lb-cover-coated-silk"",""ProductStatus"":""activated"",""ProtectionType"":""none"",""ShapeEdgeType"":""none"",""SpotFinishingType"":""none"",""State"":""published"",""Variable"":""no""}"
cards_pf_a4_pt_130-lb-cover-uncoated_cl_4-0_ver,Posters — A4 — ver,posters,posters,"{""CoatingType"":""none"",""ColorType"":""4-0"",""Orientation"":""ver"",""PaperFormat"":""A4"",""PaperType"":""130-lb-cover-uncoated"",""ProductStatus"":""activated"",""ProtectionType"":""none"",""ShapeEdgeType"":""none"",""SpotFinishingType"":""none"",""State"":""published"",""Variable"":""no""}"
cards_pf_a4_pt_250-gsm-coated-silk_cl_4-0_hor,Posters — A4 — hor,posters,posters,"{""CoatingType"":""none"",""ColorType"":""4-0"",""Orientation"":""hor"",""PaperFormat"":""A4"",""PaperType"":""250-gsm-coated-silk"",""ProductStatus"":""activated"",""ProtectionType"":""none"",""ShapeEdgeType"":""none"",""SpotFinishingType"":""none"",""State"":""published"",""Variable"":""no""}"
cards_pf_a4_pt_250-gsm-coated-silk_cl_4-0_ver,Posters — A4 — ver,posters,posters,"{""CoatingType"":""none"",""ColorType"":""4-0"",""Orientation"":""ver"",""PaperFormat"":""A4"",""PaperType"":""250-gsm-coated-silk"",""ProductStatus"":""activated"",""ProtectionType"":""none"",""ShapeEdgeType"":""none"",""SpotFinishingType"":""none"",""State"":""published"",""Variable"":""no""}"
cards_pf_a4_pt_250-gsm-uncoated_cl_4-0_hor,Posters — A4 — hor,posters,posters,"{""CoatingType"":""none"",""ColorType"":""4-0"",""Orientation"":""hor"",""PaperFormat"":""A4"",""PaperType"":""250-gsm-uncoated"",""ProductStatus"":""activated"",""ProtectionType"":""none"",""ShapeEdgeType"":""none"",""SpotFinishingType"":""none"",""State"":""published"",""Variable"":""no""}"
cards_pf_a4_pt_250-gsm-uncoated_cl_4-0_ver,Posters — A4 — ver,posters,posters,"{""CoatingType"":""none"",""ColorType"":""4-0"",""Orientation"":""ver"",""PaperFormat"":""A4"",""PaperType"":""250-gsm-uncoated"",""ProductStatus"":""activated"",""ProtectionType"":""none"",""ShapeEdgeType"":""none"",""SpotFinishingType"":""none"",""State"":""published"",""Variable"":""no""}"
cards_pf_a4_pt_300-gsm-uncoated_cl_4-0_hor,Posters — A4 — hor,posters,posters,"{""CoatingType"":""none"",""ColorType"":""4-0"",""Orientation"":""hor"",""PaperFormat"":""A4"",""PaperType"":""300-gsm-uncoated"",""ProductStatus"":""activated"",""ProtectionType"":""none"",""ShapeEdgeType"":""none"",""SpotFinishingType"":""none"",""State"":""published"",""Variable"":""no""}"
cards_pf_a4_pt_300-gsm-uncoated_cl_4-0_ver,Posters — A4 — ver,posters,posters,"{""CoatingType"":""none"",""ColorType"":""4-0"",""Orientation"":""ver"",""PaperFormat"":""A4"",""PaperType"":""300-gsm-uncoated"",""ProductStatus"":""activated"",""ProtectionType"":""none"",""ShapeEdgeType"":""none"",""SpotFinishingType"":""none"",""State"":""published"",""Variable"":""no""}"
cards_pf_a4_pt_350-gsm-coated-silk_cl_4-0_hor,Posters — A4 — hor,posters,posters,"{""CoatingType"":""none"",""ColorType"":""4-0"",""Orientation"":""hor"",""PaperFormat"":""A4"",""PaperType"":""350-gsm-coated-silk"",""ProductStatus"":""activated"",""ProtectionType"":""none"",""ShapeEdgeType"":""none"",""SpotFinishingType"":""none"",""State"":""published"",""Variable"":""no""}"
cards_pf_a4_pt_350-gsm-coated-silk_cl_4-0_ver,Posters — A4 — ver,posters,posters,"{""CoatingType"":""none"",""ColorType"":""4-0"",""Orientation"":""ver"",""PaperFormat"":""A4"",""PaperType"":""350-gsm-coated-silk"",""ProductStatus"":""activated"",""ProtectionType"":""none"",""ShapeEdgeType"":""none"",""SpotFinishingType"":""none"",""State"":""published"",""Variable"":""no""}"
cards_pf_a5_pt_100-lb-cover-coated-silk_cl_4-0_hor,Posters — A5 — hor,posters,posters,"{""CoatingType"":""none"",""ColorType"":""4-0"",""Orientation"":""hor"",""PaperFormat"":""A5"",""PaperType"":""100-lb-cover-coated-silk"",""ProductStatus"":""activated"",""ProtectionType"":""none"",""ShapeEdgeType"":""none"",""SpotFinishingType"":""none"",""State"":""published"",""Variable"":""no""}"
cards_pf_a5_pt_100-lb-cover-coated-silk_cl_4-0_ver,Posters — A5 — ver,posters,posters,"{""CoatingType"":""none"",""ColorType"":""4-0"",""Orientation"":""ver"",""PaperFormat"":""A5"",""PaperType"":""100-lb-cover-coated-silk"",""ProductStatus"":""activated"",""ProtectionType"":""none"",""ShapeEdgeType"":""none"",""SpotFinishingType"":""none"",""State"":""published"",""Variable"":""no""}"
cards_pf_a5_pt_100-lb-cover-uncoated_cl_4-0_hor,Posters — A5 — hor,posters,posters,"{""CoatingType"":""none"",""ColorType"":""4-0"",""Orientation"":""hor"",""PaperFormat"":""A5"",""PaperType"":""100-lb-cover-uncoated"",""ProductStatus"":""activated"",""ProtectionType"":""none"",""ShapeEdgeType"":""none"",""SpotFinishingType"":""none"",""State"":""published"",""Variable"":""no""}"
cards_pf_a5_pt_100-lb-cover-uncoated_cl_4-0_ver,Posters — A5 — ver,posters,posters,"{""CoatingType"":""none"",""ColorType"":""4-0"",""Orientation"":""ver"",""PaperFormat"":""A5"",""PaperType"":""100-lb-cover-uncoated"",""ProductStatus"":""activated"",""ProtectionType"":""none"",""ShapeEdgeType"":""none"",""SpotFinishingType"":""none"",""State"":""published"",""Variable"":""no""}"
cards_pf_a5_pt_100-lb-text-coated-silk_cl_4-0_hor,Posters — A5 — hor,posters,posters,"{""CoatingType"":""none"",""ColorType"":""4-0"",""Orientation"":""hor"",""PaperFormat"":""A5"",""PaperType"":""100-lb-text-coated-silk"",""ProductStatus"":""activated"",""ProtectionType"":""none"",""ShapeEdgeType"":""none"",""SpotFinishingType"":""none"",""State"":""published"",""Variable"":""no""}"
cards_pf_a5_pt_100-lb-text-coated-silk_cl_4-0_ver,Posters — A5 — ver,posters,posters,"{""CoatingType"":""none"",""ColorType"":""4-0"",""Orientation"":""ver"",""PaperFormat"":""A5"",""PaperType"":""100-lb-text-coated-silk"",""ProductStatus"":""activated"",""ProtectionType"":""none"",""ShapeEdgeType"":""none"",""SpotFinishingType"":""none"",""State"":""published"",""Variable"":""no""}"
cards_pf_a5_pt_250-gsm-coated-silk_cl_4-0_hor,Posters — A5 — hor,posters,posters,"{""CoatingType"":""none"",""ColorType"":""4-0"",""Orientation"":""hor"",""PaperFormat"":""A5"",""PaperType"":""250-gsm-coated-silk"",""ProductStatus"":""activated"",""ProtectionType"":""none"",""ShapeEdgeType"":""none"",""SpotFinishingType"":""none"",""State"":""published"",""Variable"":""no""}"
cards_pf_a5_pt_250-gsm-coated-silk_cl_4-0_ver,Posters — A5 — ver,posters,posters,"{""CoatingType"":""none"",""ColorType"":""4-0"",""Orientation"":""ver"",""PaperFormat"":""A5"",""PaperType"":""250-gsm-coated-silk"",""ProductStatus"":""activated"",""ProtectionType"":""none"",""ShapeEdgeType"":""none"",""SpotFinishingType"":""none"",""State"":""published"",""Variable"":""no""}"
cards_pf_a5_pt_250-gsm-uncoated_cl_4-0_hor,Posters — A5 — hor,posters,posters,"{""CoatingType"":""none"",""ColorType"":""4-0"",""Orientation"":""hor"",""PaperFormat"":""A5"",""PaperType"":""250-gsm-uncoated"",""ProductStatus"":""activated"",""ProtectionType"":""none"",""ShapeEdgeType"":""none"",""SpotFinishingType"":""none"",""State"":""published"",""Variable"":""no""}"
cards_pf_a5_pt_250-gsm-uncoated_cl_4-0_ver,Posters — A5 — ver,posters,posters,"{""CoatingType"":""none"",""ColorType"":""4-0"",""Orientation"":""ver"",""PaperFormat"":""A5"",""PaperType"":""250-gsm-uncoated"",""ProductStatus"":""activated"",""ProtectionType"":""none"",""ShapeEdgeType"":""none"",""SpotFinishingType"":""none"",""State"":""published"",""Variable"":""no""}"
cards_pf_a5_pt_300-gsm-uncoated_cl_4-0_hor,Posters — A5 — hor,posters,posters,"{""CoatingType"":""none"",""ColorType"":""4-0"",""Orientation"":""hor"",""PaperFormat"":""A5"",""PaperType"":""300-gsm-uncoated"",""ProductStatus"":""activated"",""ProtectionType"":""none"",""ShapeEdgeType"":""none"",""SpotFinishingType"":""none"",""State"":""published"",""Variable"":""no""}"
cards_pf_a5_pt_300-gsm-uncoated_cl_4-0_ver,Posters — A5 — ver,posters,posters,"{""CoatingType"":""none"",""ColorType"":""4-0"",""Orientation"":""ver"",""PaperFormat"":""A5"",""PaperType"":""300-gsm-uncoated"",""ProductStatus"":""activated"",""ProtectionType"":""none"",""ShapeEdgeType"":""none"",""SpotFinishingType"":""none"",""State"":""published"",""Variable"":""no""}"
cards_pf_a5_pt_350-gsm-coated-silk_cl_4-0_hor,Posters — A5 — hor,posters,posters,"{""CoatingType"":""none"",""ColorType"":""4-0"",""Orientation"":""hor"",""PaperFormat"":""A5"",""PaperType"":""350-gsm-coated-silk"",""ProductStatus"":""activated"",""ProtectionType"":""none"",""ShapeEdgeType"":""none"",""SpotFinishingType"":""none"",""State"":""published"",""Variable"":""no""}"
cards_pf_a5_pt_350-gsm-coated-silk_cl_4-0_ver,Posters — A5 — ver,posters,posters,"{""CoatingType"":""none"",""ColorType"":""4-0"",""Orientation"":""ver"",""PaperFormat"":""A5"",""PaperType"":""350-gsm-coated-silk"",""ProductStatus"":""activated"",""ProtectionType"":""none"",""ShapeEdgeType"":""none"",""SpotFinishingType"":""none"",""State"":""published"",""Variable"":""no""}"
cards_pf_a5_pt_350-gsm-uncoated_cl_4-0_hor,Posters — A5 — hor,posters,posters,"{""CoatingType"":""none"",""ColorType"":""4-0"",""Orientation"":""hor"",""PaperFormat"":""A5"",""PaperType"":""350-gsm-uncoated"",""ProductStatus"":""activated"",""ProtectionType"":""none"",""ShapeEdgeType"":""none"",""SpotFinishingType"":""none"",""State"":""published"",""Variable"":""no""}"
cards_pf_a5_pt_350-gsm-uncoated_cl_4-0_ver,Posters — A5 — ver,posters,posters,"{""CoatingType"":""none"",""ColorType"":""4-0"",""Orientation"":""ver"",""PaperFormat"":""A5"",""PaperType"":""350-gsm-uncoated"",""ProductStatus"":""activated"",""ProtectionType"":""none"",""ShapeEdgeType"":""none"",""SpotFinishingType"":""none"",""State"":""published"",""Variable"":""no""}"
cards_pf_a5l_pt_100-lb-cover-coated-silk_cl_4-0_hor,Posters — A5L — hor,posters,posters,"{""CoatingType"":""none"",""ColorType"":""4-0"",""Orientation"":""hor"",""PaperFormat"":""A5L"",""PaperType"":""100-lb-cover-coated-silk"",""ProductStatus"":""activated"",""ProtectionType"":""none"",""ShapeEdgeType"":""none"",""SpotFinishingType"":""none"",""State"":""published"",""Variable"":""no""}"
cards_pf_a5l_pt_100-lb-cover-coated-silk_cl_4-0_ver,Posters — A5L — ver,posters,posters,"{""CoatingType"":""none"",""ColorType"":""4-0"",""Orientation"":""ver"",""PaperFormat"":""A5L"",""PaperType"":""100-lb-cover-coated-silk"",""ProductStatus"":""activated"",""ProtectionType"":""none"",""ShapeEdgeType"":""none"",""SpotFinishingType"":""none"",""State"":""published"",""Variable"":""no""}"
cards_pf_a5l_pt_100-lb-cover-uncoated_cl_4-0_hor,Posters — A5L — hor,posters,posters,"{""CoatingType"":""none"",""ColorType"":""4-0"",""Orientation"":""hor"",""PaperFormat"":""A5L"",""PaperType"":""100-lb-cover-uncoated"",""ProductStatus"":""activated"",""ProtectionType"":""none"",""ShapeEdgeType"":""none"",""SpotFinishingType"":""none"",""State"":""published"",""Variable"":""no""}"
cards_pf_a5l_pt_100-lb-cover-uncoated_cl_4-0_ver,Posters — A5L — ver,posters,posters,"{""CoatingType"":""none"",""ColorType"":""4-0"",""Orientation"":""ver"",""PaperFormat"":""A5L"",""PaperType"":""100-lb-cover-uncoated"",""ProductStatus"":""activated"",""ProtectionType"":""none"",""ShapeEdgeType"":""none"",""SpotFinishingType"":""none"",""State"":""published"",""Variable"":""no""}"
cards_pf_a5l_pt_110-lb-cover-uncoated_cl_4-0_hor,Posters — A5L — hor,posters,posters,"{""CoatingType"":""none"",""ColorType"":""4-0"",""Orientation"":""hor"",""PaperFormat"":""A5L"",""PaperType"":""110-lb-cover-uncoated"",""ProductStatus"":""activated"",""ProtectionType"":""none"",""ShapeEdgeType"":""none"",""SpotFinishingType"":""none"",""State"":""published"",""Variable"":""no""}"
cards_pf_a5l_pt_110-lb-cover-uncoated_cl_4-0_ver,Posters — A5L — ver,posters,posters,"{""CoatingType"":""none"",""ColorType"":""4-0"",""Orientation"":""ver"",""PaperFormat"":""A5L"",""PaperType"":""110-lb-cover-uncoated"",""ProductStatus"":""activated"",""ProtectionType"":""none"",""ShapeEdgeType"":""none"",""SpotFinishingType"":""none"",""State"":""published"",""Variable"":""no""}"
cards_pf_a5l_pt_130-lb-cover-coated-silk_cl_4-0_hor,Posters — A5L — hor,posters,posters,"{""CoatingType"":""none"",""ColorType"":""4-0"",""Orientation"":""hor"",""PaperFormat"":""A5L"",""PaperType"":""130-lb-cover-coated-silk"",""ProductStatus"":""activated"",""ProtectionType"":""none"",""ShapeEdgeType"":""none"",""SpotFinishingType"":""none"",""State"":""published"",""Variable"":""no""}"
cards_pf_a5l_pt_130-lb-cover-coated-silk_cl_4-0_ver,Posters — A5L — ver,posters,posters,"{""CoatingType"":""none"",""ColorType"":""4-0"",""Orientation"":""ver"",""PaperFormat"":""A5L"",""PaperType"":""130-lb-cover-coated-silk"",""ProductStatus"":""activated"",""ProtectionType"":""none"",""ShapeEdgeType"":""none"",""SpotFinishingType"":""none"",""State"":""published"",""Variable"":""no""}"
cards_pf_a5l_pt_130-lb-cover-uncoated_cl_4-0_hor,Posters — A5L — hor,posters,posters,"{""CoatingType"":""none"",""ColorType"":""4-0"",""Orientation"":""hor"",""PaperFormat"":""A5L"",""PaperType"":""130-lb-cover-uncoated"",""ProductStatus"":""activated"",""ProtectionType"":""none"",""ShapeEdgeType"":""none"",""SpotFinishingType"":""none"",""State"":""published"",""Variable"":""no""}"
cards_pf_a5l_pt_130-lb-cover-uncoated_cl_4-0_ver,Posters — A5L — ver,posters,posters,"{""CoatingType"":""none"",""ColorType"":""4-0"",""Orientation"":""ver"",""PaperFormat"":""A5L"",""PaperType"":""130-lb-cover-uncoated"",""ProductStatus"":""activated"",""ProtectionType"":""none"",""ShapeEdgeType"":""none"",""SpotFinishingType"":""none"",""State"":""published"",""Variable"":""no""}"
cards_pf_a5l_pt_250-gsm-coated-silk_cl_4-0_hor,Posters — A5L — hor,posters,posters,"{""CoatingType"":""none"",""ColorType"":""4-0"",""Orientation"":""hor"",""PaperFormat"":""A5L"",""PaperType"":""250-gsm-coated-silk"",""ProductStatus"":""activated"",""ProtectionType"":""none"",""ShapeEdgeType"":""none"",""SpotFinishingType"":""none"",""State"":""published"",""Variable"":""no""}"
cards_pf_a5l_pt_250-gsm-coated-silk_cl_4-0_ver,Posters — A5L — ver,posters,posters,"{""CoatingType"":""none"",""ColorType"":""4-0"",""Orientation"":""ver"",""PaperFormat"":""A5L"",""PaperType"":""250-gsm-coated-silk"",""ProductStatus"":""activated"",""ProtectionType"":""none"",""ShapeEdgeType"":""none"",""SpotFinishingType"":""none"",""State"":""published"",""Variable"":""no""}"
cards_pf_a5l_pt_250-gsm-uncoated_cl_4-0_hor,Posters — A5L — hor,posters,posters,"{""CoatingType"":""none"",""ColorType"":""4-0"",""Orientation"":""hor"",""PaperFormat"":""A5L"",""PaperType"":""250-gsm-uncoated"",""ProductStatus"":""activated"",""ProtectionType"":""none"",""ShapeEdgeType"":""none"",""SpotFinishingType"":""none"",""State"":""published"",""Variable"":""no""}"
cards_pf_a5l_pt_250-gsm-uncoated_cl_4-0_ver,Posters — A5L — ver,posters,posters,"{""CoatingType"":""none"",""ColorType"":""4-0"",""Orientation"":""ver"",""PaperFormat"":""A5L"",""PaperType"":""250-gsm-uncoated"",""ProductStatus"":""activated"",""ProtectionType"":""none"",""ShapeEdgeType"":""none"",""SpotFinishingType"":""none"",""State"":""published"",""Variable"":""no""}"
cards_pf_a5l_pt_300-gsm-uncoated_cl_4-0_hor,Posters — A5L — hor,posters,posters,"{""CoatingType"":""none"",""ColorType"":""4-0"",""Orientation"":""hor"",""PaperFormat"":""A5L"",""PaperType"":""300-gsm-uncoated"",""ProductStatus"":""activated"",""ProtectionType"":""none"",""ShapeEdgeType"":""none"",""SpotFinishingType"":""none"",""State"":""published"",""Variable"":""no""}"
cards_pf_a5l_pt_300-gsm-uncoated_cl_4-0_ver,Posters — A5L — ver,posters,posters,"{""CoatingType"":""none"",""ColorType"":""4-0"",""Orientation"":""ver"",""PaperFormat"":""A5L"",""PaperType"":""300-gsm-uncoated"",""ProductStatus"":""activated"",""ProtectionType"":""none"",""ShapeEdgeType"":""none"",""SpotFinishingType"":""none"",""State"":""published"",""Variable"":""no""}"
cards_pf_a5l_pt_350-gsm-coated-silk_cl_4-0_hor,Posters — A5L — hor,posters,posters,"{""CoatingType"":""none"",""ColorType"":""4-0"",""Orientation"":""hor"",""PaperFormat"":""A5L"",""PaperType"":""350-gsm-coated-silk"",""ProductStatus"":""activated"",""ProtectionType"":""none"",""ShapeEdgeType"":""none"",""SpotFinishingType"":""none"",""State"":""published"",""Variable"":""no""}"
cards_pf_a5l_pt_350-gsm-coated-silk_cl_4-0_ver,Posters — A5L — ver,posters,posters,"{""CoatingType"":""none"",""ColorType"":""4-0"",""Orientation"":""ver"",""PaperFormat"":""A5L"",""PaperType"":""350-gsm-coated-silk"",""ProductStatus"":""activated"",""ProtectionType"":""none"",""ShapeEdgeType"":""none"",""SpotFinishingType"":""none"",""State"":""published"",""Variable"":""no""}"
cards_pf_a5l_pt_350-gsm-uncoated_cl_4-0_hor,Posters — A5L — hor,posters,posters,"{""CoatingType"":""none"",""ColorType"":""4-0"",""Orientation"":""hor"",""PaperFormat"":""A5L"",""PaperType"":""350-gsm-uncoated"",""ProductStatus"":""activated"",""ProtectionType"":""none"",""ShapeEdgeType"":""none"",""SpotFinishingType"":""none"",""State"":""published"",""Variable"":""no""}"
cards_pf_a5l_pt_350-gsm-uncoated_cl_4-0_ver,Posters — A5L — ver,posters,posters,"{""CoatingType"":""none"",""ColorType"":""4-0"",""Orientation"":""ver"",""PaperFormat"":""A5L"",""PaperType"":""350-gsm-uncoated"",""ProductStatus"":""activated"",""ProtectionType"":""none"",""ShapeEdgeType"":""none"",""SpotFinishingType"":""none"",""State"":""published"",""Variable"":""no""}"
cards_pf_a6_pt_100-lb-text-coated-silk_cl_4-0_hor,Posters — A6 — hor,posters,posters,"{""CoatingType"":""none"",""ColorType"":""4-0"",""Orientation"":""hor"",""PaperFormat"":""A6"",""PaperType"":""100-lb-text-coated-silk"",""ProductStatus"":""activated"",""ProtectionType"":""none"",""ShapeEdgeType"":""none"",""SpotFinishingType"":""none"",""State"":""published"",""Variable"":""no""}"
cards_pf_a6_pt_100-lb-text-coated-silk_cl_4-0_ver,Posters — A6 — ver,posters,posters,"{""CoatingType"":""none"",""ColorType"":""4-0"",""Orientation"":""ver"",""PaperFormat"":""A6"",""PaperType"":""100-lb-text-coated-silk"",""ProductStatus"":""activated"",""ProtectionType"":""none"",""ShapeEdgeType"":""none"",""SpotFinishingType"":""none"",""State"":""published"",""Variable"":""no""}"
cards_pf_a6_pt_250-gsm-coated-silk_cl_4-0_hor,Posters — A6 — hor,posters,posters,"{""CoatingType"":""none"",""ColorType"":""4-0"",""Orientation"":""hor"",""PaperFormat"":""A6"",""PaperType"":""250-gsm-coated-silk"",""ProductStatus"":""activated"",""ProtectionType"":""none"",""ShapeEdgeType"":""none"",""SpotFinishingType"":""none"",""State"":""published"",""Variable"":""no""}"
cards_pf_a6_pt_250-gsm-coated-silk_cl_4-0_ver,Posters — A6 — ver,posters,posters,"{""CoatingType"":""none"",""ColorType"":""4-0"",""Orientation"":""ver"",""PaperFormat"":""A6"",""PaperType"":""250-gsm-coated-silk"",""ProductStatus"":""activated"",""ProtectionType"":""none"",""ShapeEdgeType"":""none"",""SpotFinishingType"":""none"",""State"":""published"",""Variable"":""no""}"
cards_pf_a6_pt_250-gsm-uncoated_cl_4-0_hor,Posters — A6 — hor,posters,posters,"{""CoatingType"":""none"",""ColorType"":""4-0"",""Orientation"":""hor"",""PaperFormat"":""A6"",""PaperType"":""250-gsm-uncoated"",""ProductStatus"":""activated"",""ProtectionType"":""none"",""ShapeEdgeType"":""none"",""SpotFinishingType"":""none"",""State"":""published"",""Variable"":""no""}"
cards_pf_a6_pt_250-gsm-uncoated_cl_4-0_ver,Posters — A6 — ver,posters,posters,"{""CoatingType"":""none"",""ColorType"":""4-0"",""Orientation"":""ver"",""PaperFormat"":""A6"",""PaperType"":""250-gsm-uncoated"",""ProductStatus"":""activated"",""ProtectionType"":""none"",""ShapeEdgeType"":""none"",""SpotFinishingType"":""none"",""State"":""published"",""Variable"":""no""}"
cards_pf_a6_pt_300-gsm-uncoated_cl_4-0_hor,Posters — A6 — hor,posters,posters,"{""CoatingType"":""none"",""ColorType"":""4-0"",""Orientation"":""hor"",""PaperFormat"":""A6"",""PaperType"":""300-gsm-uncoated"",""ProductStatus"":""activated"",""ProtectionType"":""none"",""ShapeEdgeType"":""none"",""SpotFinishingType"":""none"",""State"":""published"",""Variable"":""no""}"
cards_pf_a6_pt_300-gsm-uncoated_cl_4-0_ver,Posters — A6 — ver,posters,posters,"{""CoatingType"":""none"",""ColorType"":""4-0"",""Orientation"":""ver"",""PaperFormat"":""A6"",""PaperType"":""300-gsm-uncoated"",""ProductStatus"":""activated"",""ProtectionType"":""none"",""ShapeEdgeType"":""none"",""SpotFinishingType"":""none"",""State"":""published"",""Variable"":""no""}"
cards_pf_a6_pt_350-gsm-coated-silk_cl_4-0_hor,Posters — A6 — hor,posters,posters,"{""CoatingType"":""none"",""ColorType"":""4-0"",""Orientation"":""hor"",""PaperFormat"":""A6"",""PaperType"":""350-gsm-coated-silk"",""ProductStatus"":""activated"",""ProtectionType"":""none"",""ShapeEdgeType"":""none"",""SpotFinishingType"":""none"",""State"":""published"",""Variable"":""no""}"
cards_pf_a6_pt_350-gsm-coated-silk_cl_4-0_ver,Posters — A6 — ver,posters,posters,"{""CoatingType"":""none"",""ColorType"":""4-0"",""Orientation"":""ver"",""PaperFormat"":""A6"",""PaperType"":""350-gsm-coated-silk"",""ProductStatus"":""activated"",""ProtectionType"":""none"",""ShapeEdgeType"":""none"",""SpotFinishingType"":""none"",""State"":""published"",""Variable"":""no""}"
cards_pf_a6_pt_350-gsm-uncoated_cl_4-0_hor,Posters — A6 — hor,posters,posters,"{""CoatingType"":""none"",""ColorType"":""4-0"",""Orientation"":""hor"",""PaperFormat"":""A6"",""PaperType"":""350-gsm-uncoated"",""ProductStatus"":""activated"",""ProtectionType"":""none"",""ShapeEdgeType"":""none"",""SpotFinishingType"":""none"",""State"":""published"",""Variable"":""no""}"
cards_pf_bb_pt_100-lb-cover-coated-silk_cl_4-0_hor,Posters — BB — hor,posters,posters,"{""CoatingType"":""none"",""ColorType"":""4-0"",""Orientation"":""hor"",""PaperFormat"":""BB"",""PaperType"":""100-lb-cover-coated-silk"",""ProductStatus"":""activated"",""ProtectionType"":""none"",""ShapeEdgeType"":""none"",""SpotFinishingType"":""none"",""State"":""published"",""Variable"":""no""}"
cards_pf_bb_pt_110-lb-cover-uncoated_cl_4-0_hor,Posters — BB — hor,posters,posters,"{""CoatingType"":""none"",""ColorType"":""4-0"",""Orientation"":""hor"",""PaperFormat"":""BB"",""PaperType"":""110-lb-cover-uncoated"",""ProductStatus"":""activated"",""ProtectionType"":""none"",""ShapeEdgeType"":""none"",""SpotFinishingType"":""none"",""State"":""published"",""Variable"":""no""}"
cards_pf_bb_pt_110-lb-cover-uncoated_cl_4-0_ver,Posters — BB — ver,posters,posters,"{""CoatingType"":""none"",""ColorType"":""4-0"",""Orientation"":""ver"",""PaperFormat"":""BB"",""PaperType"":""110-lb-cover-uncoated"",""ProductStatus"":""activated"",""ProtectionType"":""none"",""ShapeEdgeType"":""none"",""SpotFinishingType"":""none"",""State"":""published"",""Variable"":""no""}"
cards_pf_bb_pt_130-lb-cover-coated-silk_cl_4-0_hor,Posters — BB — hor,posters,posters,"{""CoatingType"":""none"",""ColorType"":""4-0"",""Orientation"":""hor"",""PaperFormat"":""BB"",""PaperType"":""130-lb-cover-coated-silk"",""ProductStatus"":""activated"",""ProtectionType"":""none"",""ShapeEdgeType"":""none"",""SpotFinishingType"":""none"",""State"":""published"",""Variable"":""no""}"
cards_pf_bb_pt_130-lb-cover-coated-silk_cl_4-0_ver,Posters — BB — ver,posters,posters,"{""CoatingType"":""none"",""ColorType"":""4-0"",""Orientation"":""ver"",""PaperFormat"":""BB"",""PaperType"":""130-lb-cover-coated-silk"",""ProductStatus"":""activated"",""ProtectionType"":""none"",""ShapeEdgeType"":""none"",""SpotFinishingType"":""none"",""State"":""published"",""Variable"":""no""}"
cards_pf_bb_pt_130-lb-cover-uncoated_cl_4-0_hor,Posters — BB — hor,posters,posters,"{""CoatingType"":""none"",""ColorType"":""4-0"",""Orientation"":""hor"",""PaperFormat"":""BB"",""PaperType"":""130-lb-cover-uncoated"",""ProductStatus"":""activated"",""ProtectionType"":""none"",""ShapeEdgeType"":""none"",""SpotFinishingType"":""none"",""State"":""published"",""Variable"":""no""}"
cards_pf_bb_pt_130-lb-cover-uncoated_cl_4-0_ver,Posters — BB — ver,posters,posters,"{""CoatingType"":""none"",""ColorType"":""4-0"",""Orientation"":""ver"",""PaperFormat"":""BB"",""PaperType"":""130-lb-cover-uncoated"",""ProductStatus"":""activated"",""ProtectionType"":""none"",""ShapeEdgeType"":""none"",""SpotFinishingType"":""none"",""State"":""published"",""Variable"":""no""}"
cards_pf_bb_pt_300-gsm-uncoated_cl_4-0_hor,Posters — BB — hor,posters,posters,"{""CoatingType"":""none"",""ColorType"":""4-0"",""Orientation"":""hor"",""PaperFormat"":""BB"",""PaperType"":""300-gsm-uncoated"",""ProductStatus"":""activated"",""ProtectionType"":""none"",""ShapeEdgeType"":""none"",""SpotFinishingType"":""none"",""State"":""published"",""Variable"":""no""}"
cards_pf_bb_pt_300-gsm-uncoated_cl_4-0_ver,Posters — BB — ver,posters,posters,"{""CoatingType"":""none"",""ColorType"":""4-0"",""Orientation"":""ver"",""PaperFormat"":""BB"",""PaperType"":""300-gsm-uncoated"",""ProductStatus"":""activated"",""ProtectionType"":""none"",""ShapeEdgeType"":""none"",""SpotFinishingType"":""none"",""State"":""published"",""Variable"":""no""}"
cards_pf_bb_pt_350-gsm-coated-silk_cl_4-0_hor,Posters — BB — hor,posters,posters,"{""CoatingType"":""none"",""ColorType"":""4-0"",""Orientation"":""hor"",""PaperFormat"":""BB"",""PaperType"":""350-gsm-coated-silk"",""ProductStatus"":""activated"",""ProtectionType"":""none"",""ShapeEdgeType"":""none"",""SpotFinishingType"":""none"",""State"":""published"",""Variable"":""no""}"
cards_pf_bb_pt_350-gsm-coated-silk_cl_4-0_ver,Posters — BB — ver,posters,posters,"{""CoatingType"":""none"",""ColorType"":""4-0"",""Orientation"":""ver"",""PaperFormat"":""BB"",""PaperType"":""350-gsm-coated-silk"",""ProductStatus"":""activated"",""ProtectionType"":""none"",""ShapeEdgeType"":""none"",""SpotFinishingType"":""none"",""State"":""published"",""Variable"":""no""}"
cards_pf_bb_pt_350-gsm-uncoated_cl_4-0_hor,Posters — BB — hor,posters,posters,"{""CoatingType"":""none"",""ColorType"":""4-0"",""Orientation"":""hor"",""PaperFormat"":""BB"",""PaperType"":""350-gsm-uncoated"",""ProductStatus"":""activated"",""ProtectionType"":""none"",""ShapeEdgeType"":""none"",""SpotFinishingType"":""none"",""State"":""published"",""Variable"":""no""}"
cards_pf_bb_pt_350-gsm-uncoated_cl_4-0_ver,Posters — BB — ver,posters,posters,"{""CoatingType"":""none"",""ColorType"":""4-0"",""Orientation"":""ver"",""PaperFormat"":""BB"",""PaperType"":""350-gsm-uncoated"",""ProductStatus"":""activated"",""ProtectionType"":""none"",""ShapeEdgeType"":""none"",""SpotFinishingType"":""none"",""State"":""published"",""Variable"":""no""}"
cards_pf_bc_pt_110-lb-cover-uncoated_cl_4-0_hor,Posters — BC — hor,posters,posters,"{""CoatingType"":""none"",""ColorType"":""4-0"",""Orientation"":""hor"",""PaperFormat"":""BC"",""PaperType"":""110-lb-cover-uncoated"",""ProductStatus"":""activated"",""ProtectionType"":""none"",""ShapeEdgeType"":""none"",""SpotFinishingType"":""none"",""State"":""published"",""Variable"":""no""}"
cards_pf_bc_pt_110-lb-cover-uncoated_cl_4-0_ver,Posters — BC — ver,posters,posters,"{""CoatingType"":""none"",""ColorType"":""4-0"",""Orientation"":""ver"",""PaperFormat"":""BC"",""PaperType"":""110-lb-cover-uncoated"",""ProductStatus"":""activated"",""ProtectionType"":""none"",""ShapeEdgeType"":""none"",""SpotFinishingType"":""none"",""State"":""published"",""Variable"":""no""}"
cards_pf_bc_pt_130-lb-cover-coated-silk_cl_4-0_hor,Posters — BC — hor,posters,posters,"{""CoatingType"":""none"",""ColorType"":""4-0"",""Orientation"":""hor"",""PaperFormat"":""BC"",""PaperType"":""130-lb-cover-coated-silk"",""ProductStatus"":""activated"",""ProtectionType"":""none"",""ShapeEdgeType"":""none"",""SpotFinishingType"":""none"",""State"":""published"",""Variable"":""no""}"
cards_pf_bc_pt_130-lb-cover-coated-silk_cl_4-0_ver,Posters — BC — ver,posters,posters,"{""CoatingType"":""none"",""ColorType"":""4-0"",""Orientation"":""ver"",""PaperFormat"":""BC"",""PaperType"":""130-lb-cover-coated-silk"",""ProductStatus"":""activated"",""ProtectionType"":""none"",""ShapeEdgeType"":""none"",""SpotFinishingType"":""none"",""State"":""published"",""Variable"":""no""}"
cards_pf_bc_pt_130-lb-cover-uncoated_cl_4-0_hor,Posters — BC — hor,posters,posters,"{""CoatingType"":""none"",""ColorType"":""4-0"",""Orientation"":""hor"",""PaperFormat"":""BC"",""PaperType"":""130-lb-cover-uncoated"",""ProductStatus"":""activated"",""ProtectionType"":""none"",""ShapeEdgeType"":""none"",""SpotFinishingType"":""none"",""State"":""published"",""Variable"":""no""}"
cards_pf_bc_pt_130-lb-cover-uncoated_cl_4-0_ver,Posters — BC — ver,posters,posters,"{""CoatingType"":""none"",""ColorType"":""4-0"",""Orientation"":""ver"",""PaperFormat"":""BC"",""PaperType"":""130-lb-cover-uncoated"",""ProductStatus"":""activated"",""ProtectionType"":""none"",""ShapeEdgeType"":""none"",""SpotFinishingType"":""none"",""State"":""published"",""Variable"":""no""}"
cards_pf_bc_pt_300-gsm-uncoated_cl_4-0_hor,Posters — BC — hor,posters,posters,"{""CoatingType"":""none"",""ColorType"":""4-0"",""Orientation"":""hor"",""PaperFormat"":""BC"",""PaperType"":""300-gsm-uncoated"",""ProductStatus"":""activated"",""ProtectionType"":""none"",""ShapeEdgeType"":""none"",""SpotFinishingType"":""none"",""State"":""published"",""Variable"":""no""}"
cards_pf_bc_pt_300-gsm-uncoated_cl_4-0_hor_variable,Posters — BC — hor,posters,posters,"{""CoatingType"":""none"",""ColorType"":""4-0"",""Orientation"":""hor"",""PaperFormat"":""BC"",""PaperType"":""300-gsm-uncoated"",""ProductStatus"":""activated"",""ProtectionType"":""none"",""ShapeEdgeType"":""none"",""SpotFinishingType"":""none"",""State"":""published"",""Variable"":""yes""}"
cards_pf_bc_pt_300-gsm-uncoated_cl_4-0_sft_foil-copper-1-0_hor,Posters — BC — hor,posters,posters,"{""CoatingType"":""none"",""ColorType"":""4-0"",""Orientation"":""hor"",""PaperFormat"":""BC"",""PaperType"":""300-gsm-uncoated"",""ProductStatus"":""activated"",""ProtectionType"":""none"",""ShapeEdgeType"":""none"",""SpotFinishingType"":""foil-copper-1-0"",""State"":""published"",""Variable"":""no""}"
cards_pf_bc_pt_300-gsm-uncoated_cl_4-0_sft_foil-copper-1-0_hor_variable,Posters — BC — hor,posters,posters,"{""CoatingType"":""none"",""ColorType"":""4-0"",""Orientation"":""hor"",""PaperFormat"":""BC"",""PaperType"":""300-gsm-uncoated"",""ProductStatus"":""activated"",""ProtectionType"":""none"",""ShapeEdgeType"":""none"",""SpotFinishingType"":""foil-copper-1-0"",""State"":""published"",""Variable"":""yes""}"
cards_pf_bc_pt_300-gsm-uncoated_cl_4-0_sft_foil-copper-1-1_hor,Posters — BC — hor,posters,posters,"{""CoatingType"":""none"",""ColorType"":""4-0"",""Orientation"":""hor"",""PaperFormat"":""BC"",""PaperType"":""300-gsm-uncoated"",""ProductStatus"":""activated"",""ProtectionType"":""none"",""ShapeEdgeType"":""none"",""SpotFinishingType"":""foil-copper-1-1"",""State"":""published"",""Variable"":""no""}"
cards_pf_bc_pt_300-gsm-uncoated_cl_4-0_sft_foil-copper-1-1_hor_variable,Posters — BC — hor,posters,posters,"{""CoatingType"":""none"",""ColorType"":""4-0"",""Orientation"":""hor"",""PaperFormat"":""BC"",""PaperType"":""300-gsm-uncoated"",""ProductStatus"":""activated"",""ProtectionType"":""none"",""ShapeEdgeType"":""none"",""SpotFinishingType"":""foil-copper-1-1"",""State"":""published"",""Variable"":""yes""}"
cards_pf_bc_pt_300-gsm-uncoated_cl_4-0_sft_foil-gold-1-0_hor,Posters — BC — hor,posters,posters,"{""CoatingType"":""none"",""ColorType"":""4-0"",""Orientation"":""hor"",""PaperFormat"":""BC"",""PaperType"":""300-gsm-uncoated"",""ProductStatus"":""activated"",""ProtectionType"":""none"",""ShapeEdgeType"":""none"",""SpotFinishingType"":""foil-gold-1-0"",""State"":""published"",""Variable"":""no""}"
cards_pf_bc_pt_300-gsm-uncoated_cl_4-0_sft_foil-gold-1-0_hor_variable,Posters — BC — hor,posters,posters,"{""CoatingType"":""none"",""ColorType"":""4-0"",""Orientation"":""hor"",""PaperFormat"":""BC"",""PaperType"":""300-gsm-uncoated"",""ProductStatus"":""activated"",""ProtectionType"":""none"",""ShapeEdgeType"":""none"",""SpotFinishingType"":""foil-gold-1-0"",""State"":""published"",""Variable"":""yes""}"
cards_pf_bc_pt_300-gsm-uncoated_cl_4-0_sft_foil-gold-1-1_hor,Posters — BC — hor,posters,posters,"{""CoatingType"":""none"",""ColorType"":""4-0"",""Orientation"":""hor"",""PaperFormat"":""BC"",""PaperType"":""300-gsm-uncoated"",""ProductStatus"":""activated"",""ProtectionType"":""none"",""ShapeEdgeType"":""none"",""SpotFinishingType"":""foil-gold-1-1"",""State"":""published"",""Variable"":""no""}"
cards_pf_bc_pt_300-gsm-uncoated_cl_4-0_sft_foil-gold-1-1_hor_variable,Posters — BC — hor,posters,posters,"{""CoatingType"":""none"",""ColorType"":""4-0"",""Orientation"":""hor"",""PaperFormat"":""BC"",""PaperType"":""300-gsm-uncoated"",""ProductStatus"":""activated"",""ProtectionType"":""none"",""ShapeEdgeType"":""none"",""SpotFinishingType"":""foil-gold-1-1"",""State"":""published"",""Variable"":""yes""}"
cards_pf_bc_pt_300-gsm-uncoated_cl_4-0_sft_foil-silver-1-0_hor,Posters — BC — hor,posters,posters,"{""CoatingType"":""none"",""ColorType"":""4-0"",""Orientation"":""hor"",""PaperFormat"":""BC"",""PaperType"":""300-gsm-uncoated"",""ProductStatus"":""activated"",""ProtectionType"":""none"",""ShapeEdgeType"":""none"",""SpotFinishingType"":""foil-silver-1-0"",""State"":""published"",""Variable"":""no""}"
cards_pf_bc_pt_300-gsm-uncoated_cl_4-0_sft_foil-silver-1-0_hor_variable,Posters — BC — hor,posters,posters,"{""CoatingType"":""none"",""ColorType"":""4-0"",""Orientation"":""hor"",""PaperFormat"":""BC"",""PaperType"":""300-gsm-uncoated"",""ProductStatus"":""activated"",""ProtectionType"":""none"",""ShapeEdgeType"":""none"",""SpotFinishingType"":""foil-silver-1-0"",""State"":""published"",""Variable"":""yes""}"
cards_pf_bc_pt_300-gsm-uncoated_cl_4-0_sft_foil-silver-1-1_hor,Posters — BC — hor,posters,posters,"{""CoatingType"":""none"",""ColorType"":""4-0"",""Orientation"":""hor"",""PaperFormat"":""BC"",""PaperType"":""300-gsm-uncoated"",""ProductStatus"":""activated"",""ProtectionType"":""none"",""ShapeEdgeType"":""none"",""SpotFinishingType"":""foil-silver-1-1"",""State"":""published"",""Variable"":""no""}"
cards_pf_bc_pt_300-gsm-uncoated_cl_4-0_sft_foil-silver-1-1_hor_variable,Posters — BC — hor,posters,posters,"{""CoatingType"":""none"",""ColorType"":""4-0"",""Orientation"":""hor"",""PaperFormat"":""BC"",""PaperType"":""300-gsm-uncoated"",""ProductStatus"":""activated"",""ProtectionType"":""none"",""ShapeEdgeType"":""none"",""SpotFinishingType"":""foil-silver-1-1"",""State"":""published"",""Variable"":""yes""}"
cards_pf_bc_pt_300-gsm-uncoated_cl_4-0_ver,Posters — BC — ver,posters,posters,"{""CoatingType"":""none"",""ColorType"":""4-0"",""Orientation"":""ver"",""PaperFormat"":""BC"",""PaperType"":""300-gsm-uncoated"",""ProductStatus"":""activated"",""ProtectionType"":""none"",""ShapeEdgeType"":""none"",""SpotFinishingType"":""none"",""State"":""published"",""Variable"":""no""}"
cards_pf_bc_pt_300-gsm-uncoated_cl_4-0_ver_variable,Posters — BC — ver,posters,posters,"{""CoatingType"":""none"",""ColorType"":""4-0"",""Orientation"":""ver"",""PaperFormat"":""BC"",""PaperType"":""300-gsm-uncoated"",""ProductStatus"":""activated"",""ProtectionType"":""none"",""ShapeEdgeType"":""none"",""SpotFinishingType"":""none"",""State"":""published"",""Variable"":""yes""}"
cards_pf_bc_pt_350-gsm-coated-silk_cl_4-0_hor,Posters — BC — hor,posters,posters,"{""CoatingType"":""none"",""ColorType"":""4-0"",""Orientation"":""hor"",""PaperFormat"":""BC"",""PaperType"":""350-gsm-coated-silk"",""ProductStatus"":""activated"",""ProtectionType"":""none"",""ShapeEdgeType"":""none"",""SpotFinishingType"":""none"",""State"":""published"",""Variable"":""no""}"
cards_pf_bc_pt_350-gsm-coated-silk_cl_4-0_hor_variable,Posters — BC — hor,posters,posters,"{""CoatingType"":""none"",""ColorType"":""4-0"",""Orientation"":""hor"",""PaperFormat"":""BC"",""PaperType"":""350-gsm-coated-silk"",""ProductStatus"":""activated"",""ProtectionType"":""none"",""ShapeEdgeType"":""none"",""SpotFinishingType"":""none"",""State"":""published"",""Variable"":""yes""}"
cards_pf_bc_pt_350-gsm-coated-silk_cl_4-0_sft_foil-copper-1-0_hor,Posters — BC — hor,posters,posters,"{""CoatingType"":""none"",""ColorType"":""4-0"",""Orientation"":""hor"",""PaperFormat"":""BC"",""PaperType"":""350-gsm-coated-silk"",""ProductStatus"":""activated"",""ProtectionType"":""none"",""ShapeEdgeType"":""none"",""SpotFinishingType"":""foil-copper-1-0"",""State"":""published"",""Variable"":""no""}"
cards_pf_bc_pt_350-gsm-coated-silk_cl_4-0_sft_foil-copper-1-0_hor_variable,Posters — BC — hor,posters,posters,"{""CoatingType"":""none"",""ColorType"":""4-0"",""Orientation"":""hor"",""PaperFormat"":""BC"",""PaperType"":""350-gsm-coated-silk"",""ProductStatus"":""activated"",""ProtectionType"":""none"",""ShapeEdgeType"":""none"",""SpotFinishingType"":""foil-copper-1-0"",""State"":""published"",""Variable"":""yes""}"
cards_pf_bc_pt_350-gsm-coated-silk_cl_4-0_sft_foil-copper-1-1_hor,Posters — BC — hor,posters,posters,"{""CoatingType"":""none"",""ColorType"":""4-0"",""Orientation"":""hor"",""PaperFormat"":""BC"",""PaperType"":""350-gsm-coated-silk"",""ProductStatus"":""activated"",""ProtectionType"":""none"",""ShapeEdgeType"":""none"",""SpotFinishingType"":""foil-copper-1-1"",""State"":""published"",""Variable"":""no""}"
cards_pf_bc_pt_350-gsm-coated-silk_cl_4-0_sft_foil-copper-1-1_hor_variable,Posters — BC — hor,posters,posters,"{""CoatingType"":""none"",""ColorType"":""4-0"",""Orientation"":""hor"",""PaperFormat"":""BC"",""PaperType"":""350-gsm-coated-silk"",""ProductStatus"":""activated"",""ProtectionType"":""none"",""ShapeEdgeType"":""none"",""SpotFinishingType"":""foil-copper-1-1"",""State"":""published"",""Variable"":""yes""}"
cards_pf_bc_pt_350-gsm-coated-silk_cl_4-0_sft_foil-gold-1-0_hor,Posters — BC — hor,posters,posters,"{""CoatingType"":""none"",""ColorType"":""4-0"",""Orientation"":""hor"",""PaperFormat"":""BC"",""PaperType"":""350-gsm-coated-silk"",""ProductStatus"":""activated"",""ProtectionType"":""none"",""ShapeEdgeType"":""none"",""SpotFinishingType"":""foil-gold-1-0"",""State"":""published"",""Variable"":""no""}"
cards_pf_bc_pt_350-gsm-coated-silk_cl_4-0_sft_foil-gold-1-0_hor_variable,Posters — BC — hor,posters,posters,"{""CoatingType"":""none"",""ColorType"":""4-0"",""Orientation"":""hor"",""PaperFormat"":""BC"",""PaperType"":""350-gsm-coated-silk"",""ProductStatus"":""activated"",""ProtectionType"":""none"",""ShapeEdgeType"":""none"",""SpotFinishingType"":""foil-gold-1-0"",""State"":""published"",""Variable"":""yes""}"
cards_pf_bc_pt_350-gsm-coated-silk_cl_4-0_sft_foil-gold-1-1_hor,Posters — BC — hor,posters,posters,"{""CoatingType"":""none"",""ColorType"":""4-0"",""Orientation"":""hor"",""PaperFormat"":""BC"",""PaperType"":""350-gsm-coated-silk"",""ProductStatus"":""activated"",""ProtectionType"":""none"",""ShapeEdgeType"":""none"",""SpotFinishingType"":""foil-gold-1-1"",""State"":""published"",""Variable"":""no""}"
cards_pf_bc_pt_350-gsm-coated-silk_cl_4-0_sft_foil-gold-1-1_hor_variable,Posters — BC — hor,posters,posters,"{""CoatingType"":""none"",""ColorType"":""4-0"",""Orientation"":""hor"",""PaperFormat"":""BC"",""PaperType"":""350-gsm-coated-silk"",""ProductStatus"":""activated"",""ProtectionType"":""none"",""ShapeEdgeType"":""none"",""SpotFinishingType"":""foil-gold-1-1"",""State"":""published"",""Variable"":""yes""}"
cards_pf_bc_pt_350-gsm-coated-silk_cl_4-0_sft_foil-silver-1-0_hor,Posters — BC — hor,posters,posters,"{""CoatingType"":""none"",""ColorType"":""4-0"",""Orientation"":""hor"",""PaperFormat"":""BC"",""PaperType"":""350-gsm-coated-silk"",""ProductStatus"":""activated"",""ProtectionType"":""none"",""ShapeEdgeType"":""none"",""SpotFinishingType"":""foil-silver-1-0"",""State"":""published"",""Variable"":""no""}"
cards_pf_bc_pt_350-gsm-coated-silk_cl_4-0_sft_foil-silver-1-0_hor_variable,Posters — BC — hor,posters,posters,"{""CoatingType"":""none"",""ColorType"":""4-0"",""Orientation"":""hor"",""PaperFormat"":""BC"",""PaperType"":""350-gsm-coated-silk"",""ProductStatus"":""activated"",""ProtectionType"":""none"",""ShapeEdgeType"":""none"",""SpotFinishingType"":""foil-silver-1-0"",""State"":""published"",""Variable"":""yes""}"
cards_pf_bc_pt_350-gsm-coated-silk_cl_4-0_sft_foil-silver-1-1_hor,Posters — BC — hor,posters,posters,"{""CoatingType"":""none"",""ColorType"":""4-0"",""Orientation"":""hor"",""PaperFormat"":""BC"",""PaperType"":""350-gsm-coated-silk"",""ProductStatus"":""activated"",""ProtectionType"":""none"",""ShapeEdgeType"":""none"",""SpotFinishingType"":""foil-silver-1-1"",""State"":""published"",""Variable"":""no""}"
cards_pf_bc_pt_350-gsm-coated-silk_cl_4-0_sft_foil-silver-1-1_hor_variable,Posters — BC — hor,posters,posters,"{""CoatingType"":""none"",""ColorType"":""4-0"",""Orientation"":""hor"",""PaperFormat"":""BC"",""PaperType"":""350-gsm-coated-silk"",""ProductStatus"":""activated"",""ProtectionType"":""none"",""ShapeEdgeType"":""none"",""SpotFinishingType"":""foil-silver-1-1"",""State"":""published"",""Variable"":""yes""}"
cards_pf_bc_pt_350-gsm-coated-silk_cl_4-0_ver,Posters — BC — ver,posters,posters,"{""CoatingType"":""none"",""ColorType"":""4-0"",""Orientation"":""ver"",""PaperFormat"":""BC"",""PaperType"":""350-gsm-coated-silk"",""ProductStatus"":""activated"",""ProtectionType"":""none"",""ShapeEdgeType"":""none"",""SpotFinishingType"":""none"",""State"":""published"",""Variable"":""no""}"
cards_pf_bc_pt_350-gsm-coated-silk_cl_4-0_ver_variable,Posters — BC — ver,posters,posters,"{""CoatingType"":""none"",""ColorType"":""4-0"",""Orientation"":""ver"",""PaperFormat"":""BC"",""PaperType"":""350-gsm-coated-silk"",""ProductStatus"":""activated"",""ProtectionType"":""none"",""ShapeEdgeType"":""none"",""SpotFinishingType"":""none"",""State"":""published"",""Variable"":""yes""}"
cards_pf_bc_pt_350-gsm-uncoated_cl_4-0_hor,Posters — BC — hor,posters,posters,"{""CoatingType"":""none"",""ColorType"":""4-0"",""Orientation"":""hor"",""PaperFormat"":""BC"",""PaperType"":""350-gsm-uncoated"",""ProductStatus"":""activated"",""ProtectionType"":""none"",""ShapeEdgeType"":""none"",""SpotFinishingType"":""none"",""State"":""published"",""Variable"":""no""}"
cards_pf_bc_pt_350-gsm-uncoated_cl_4-0_ver,Posters — BC — ver,posters,posters,"{""CoatingType"":""none"",""ColorType"":""4-0"",""Orientation"":""ver"",""PaperFormat"":""BC"",""PaperType"":""350-gsm-uncoated"",""ProductStatus"":""activated"",""ProtectionType"":""none"",""ShapeEdgeType"":""none"",""SpotFinishingType"":""none"",""State"":""published"",""Variable"":""no""}"
cards_pf_bd_pt_110-lb-cover-uncoated_cl_4-0_hor,Posters — BD — hor,posters,posters,"{""CoatingType"":""none"",""ColorType"":""4-0"",""Orientation"":""hor"",""PaperFormat"":""BD"",""PaperType"":""110-lb-cover-uncoated"",""ProductStatus"":""activated"",""ProtectionType"":""none"",""ShapeEdgeType"":""none"",""SpotFinishingType"":""none"",""State"":""published"",""Variable"":""no""}"
cards_pf_bd_pt_110-lb-cover-uncoated_cl_4-0_ver,Posters — BD — ver,posters,posters,"{""CoatingType"":""none"",""ColorType"":""4-0"",""Orientation"":""ver"",""PaperFormat"":""BD"",""PaperType"":""110-lb-cover-uncoated"",""ProductStatus"":""activated"",""ProtectionType"":""none"",""ShapeEdgeType"":""none"",""SpotFinishingType"":""none"",""State"":""published"",""Variable"":""no""}"
cards_pf_bd_pt_130-lb-cover-coated-silk_cl_4-0_hor,Posters — BD — hor,posters,posters,"{""CoatingType"":""none"",""ColorType"":""4-0"",""Orientation"":""hor"",""PaperFormat"":""BD"",""PaperType"":""130-lb-cover-coated-silk"",""ProductStatus"":""activated"",""ProtectionType"":""none"",""ShapeEdgeType"":""none"",""SpotFinishingType"":""none"",""State"":""published"",""Variable"":""no""}"
cards_pf_bd_pt_130-lb-cover-coated-silk_cl_4-0_ver,Posters — BD — ver,posters,posters,"{""CoatingType"":""none"",""ColorType"":""4-0"",""Orientation"":""ver"",""PaperFormat"":""BD"",""PaperType"":""130-lb-cover-coated-silk"",""ProductStatus"":""activated"",""ProtectionType"":""none"",""ShapeEdgeType"":""none"",""SpotFinishingType"":""none"",""State"":""published"",""Variable"":""no""}"
cards_pf_bd_pt_130-lb-cover-uncoated_cl_4-0_hor,Posters — BD — hor,posters,posters,"{""CoatingType"":""none"",""ColorType"":""4-0"",""Orientation"":""hor"",""PaperFormat"":""BD"",""PaperType"":""130-lb-cover-uncoated"",""ProductStatus"":""activated"",""ProtectionType"":""none"",""ShapeEdgeType"":""none"",""SpotFinishingType"":""none"",""State"":""published"",""Variable"":""no""}"
cards_pf_bd_pt_130-lb-cover-uncoated_cl_4-0_ver,Posters — BD — ver,posters,posters,"{""CoatingType"":""none"",""ColorType"":""4-0"",""Orientation"":""ver"",""PaperFormat"":""BD"",""PaperType"":""130-lb-cover-uncoated"",""ProductStatus"":""activated"",""ProtectionType"":""none"",""ShapeEdgeType"":""none"",""SpotFinishingType"":""none"",""State"":""published"",""Variable"":""no""}"
cards_pf_bd_pt_300-gsm-coated-silk_cl_4-0_hor,Posters — BD — hor,posters,posters,"{""CoatingType"":""none"",""ColorType"":""4-0"",""Orientation"":""hor"",""PaperFormat"":""BD"",""PaperType"":""300-gsm-coated-silk"",""ProductStatus"":""activated"",""ProtectionType"":""none"",""ShapeEdgeType"":""none"",""SpotFinishingType"":""none"",""State"":""published"",""Variable"":""no""}"
cards_pf_bd_pt_300-gsm-coated-silk_cl_4-0_ver,Posters — BD — ver,posters,posters,"{""CoatingType"":""none"",""ColorType"":""4-0"",""Orientation"":""ver"",""PaperFormat"":""BD"",""PaperType"":""300-gsm-coated-silk"",""ProductStatus"":""activated"",""ProtectionType"":""none"",""ShapeEdgeType"":""none"",""SpotFinishingType"":""none"",""State"":""published"",""Variable"":""no""}"
cards_pf_bd_pt_300-gsm-uncoated_cl_4-0_hor,Posters — BD — hor,posters,posters,"{""CoatingType"":""none"",""ColorType"":""4-0"",""Orientation"":""hor"",""PaperFormat"":""BD"",""PaperType"":""300-gsm-uncoated"",""ProductStatus"":""activated"",""ProtectionType"":""none"",""ShapeEdgeType"":""none"",""SpotFinishingType"":""none"",""State"":""published"",""Variable"":""no""}"
cards_pf_bd_pt_300-gsm-uncoated_cl_4-0_ver,Posters — BD — ver,posters,posters,"{""CoatingType"":""none"",""ColorType"":""4-0"",""Orientation"":""ver"",""PaperFormat"":""BD"",""PaperType"":""300-gsm-uncoated"",""ProductStatus"":""activated"",""ProtectionType"":""none"",""ShapeEdgeType"":""none"",""SpotFinishingType"":""none"",""State"":""published"",""Variable"":""no""}"
cards_pf_bd_pt_350-gsm-coated-silk_cl_4-0_hor,Posters — BD — hor,posters,posters,"{""CoatingType"":""none"",""ColorType"":""4-0"",""Orientation"":""hor"",""PaperFormat"":""BD"",""PaperType"":""350-gsm-coated-silk"",""ProductStatus"":""activated"",""ProtectionType"":""none"",""ShapeEdgeType"":""none"",""SpotFinishingType"":""none"",""State"":""published"",""Variable"":""no""}"
cards_pf_bd_pt_350-gsm-coated-silk_cl_4-0_ver,Posters — BD — ver,posters,posters,"{""CoatingType"":""none"",""ColorType"":""4-0"",""Orientation"":""ver"",""PaperFormat"":""BD"",""PaperType"":""350-gsm-coated-silk"",""ProductStatus"":""activated"",""ProtectionType"":""none"",""ShapeEdgeType"":""none"",""SpotFinishingType"":""none"",""State"":""published"",""Variable"":""no""}"
cards_pf_bd_pt_350-gsm-uncoated_cl_4-0_hor,Posters — BD — hor,posters,posters,"{""CoatingType"":""none"",""ColorType"":""4-0"",""Orientation"":""hor"",""PaperFormat"":""BD"",""PaperType"":""350-gsm-uncoated"",""ProductStatus"":""activated"",""ProtectionType"":""none"",""ShapeEdgeType"":""none"",""SpotFinishingType"":""none"",""State"":""published"",""Variable"":""no""}"
cards_pf_bd_pt_350-gsm-uncoated_cl_4-0_ver,Posters — BD — ver,posters,posters,"{""CoatingType"":""none"",""ColorType"":""4-0"",""Orientation"":""ver"",""PaperFormat"":""BD"",""PaperType"":""350-gsm-uncoated"",""ProductStatus"":""activated"",""ProtectionType"":""none"",""ShapeEdgeType"":""none"",""SpotFinishingType"":""none"",""State"":""published"",""Variable"":""no""}"
cards_pf_bx_pt_110-lb-cover-coated-silk_cl_4-0_hor,Posters — BX — hor,posters,posters,"{""CoatingType"":""none"",""ColorType"":""4-0"",""Orientation"":""hor"",""PaperFormat"":""BX"",""PaperType"":""110-lb-cover-coated-silk"",""ProductStatus"":""activated"",""ProtectionType"":""none"",""ShapeEdgeType"":""none"",""SpotFinishingType"":""none"",""State"":""published"",""Variable"":""no""}"
cards_pf_bx_pt_110-lb-cover-coated-silk_cl_4-0_ver,Posters — BX — ver,posters,posters,"{""CoatingType"":""none"",""ColorType"":""4-0"",""Orientation"":""ver"",""PaperFormat"":""BX"",""PaperType"":""110-lb-cover-coated-silk"",""ProductStatus"":""activated"",""ProtectionType"":""none"",""ShapeEdgeType"":""none"",""SpotFinishingType"":""none"",""State"":""published"",""Variable"":""no""}"
cards_pf_bx_pt_110-lb-cover-uncoated_cl_4-0_hor,Posters — BX — hor,posters,posters,"{""CoatingType"":""none"",""ColorType"":""4-0"",""Orientation"":""hor"",""PaperFormat"":""BX"",""PaperType"":""110-lb-cover-uncoated"",""ProductStatus"":""activated"",""ProtectionType"":""none"",""ShapeEdgeType"":""none"",""SpotFinishingType"":""none"",""State"":""published"",""Variable"":""no""}"
cards_pf_bx_pt_110-lb-cover-uncoated_cl_4-0_ver,Posters — BX — ver,posters,posters,"{""CoatingType"":""none"",""ColorType"":""4-0"",""Orientation"":""ver"",""PaperFormat"":""BX"",""PaperType"":""110-lb-cover-uncoated"",""ProductStatus"":""activated"",""ProtectionType"":""none"",""ShapeEdgeType"":""none"",""SpotFinishingType"":""none"",""State"":""published"",""Variable"":""no""}"
cards_pf_bx_pt_130-lb-cover-coated-silk_cl_4-0_hor,Posters — BX — hor,posters,posters,"{""CoatingType"":""none"",""ColorType"":""4-0"",""Orientation"":""hor"",""PaperFormat"":""BX"",""PaperType"":""130-lb-cover-coated-silk"",""ProductStatus"":""activated"",""ProtectionType"":""none"",""ShapeEdgeType"":""none"",""SpotFinishingType"":""none"",""State"":""published"",""Variable"":""no""}"
cards_pf_bx_pt_130-lb-cover-coated-silk_cl_4-0_hor_variable,Posters — BX — hor,posters,posters,"{""CoatingType"":""none"",""ColorType"":""4-0"",""Orientation"":""hor"",""PaperFormat"":""BX"",""PaperType"":""130-lb-cover-coated-silk"",""ProductStatus"":""activated"",""ProtectionType"":""none"",""ShapeEdgeType"":""none"",""SpotFinishingType"":""none"",""State"":""published"",""Variable"":""yes""}"
cards_pf_bx_pt_130-lb-cover-coated-silk_cl_4-0_sft_foil-copper-1-0_hor,Posters — BX — hor,posters,posters,"{""CoatingType"":""none"",""ColorType"":""4-0"",""Orientation"":""hor"",""PaperFormat"":""BX"",""PaperType"":""130-lb-cover-coated-silk"",""ProductStatus"":""activated"",""ProtectionType"":""none"",""ShapeEdgeType"":""none"",""SpotFinishingType"":""foil-copper-1-0"",""State"":""published"",""Variable"":""no""}"
cards_pf_bx_pt_130-lb-cover-coated-silk_cl_4-0_sft_foil-copper-1-0_hor_variable,Posters — BX — hor,posters,posters,"{""CoatingType"":""none"",""ColorType"":""4-0"",""Orientation"":""hor"",""PaperFormat"":""BX"",""PaperType"":""130-lb-cover-coated-silk"",""ProductStatus"":""activated"",""ProtectionType"":""none"",""ShapeEdgeType"":""none"",""SpotFinishingType"":""foil-copper-1-0"",""State"":""published"",""Variable"":""yes""}"
cards_pf_bx_pt_130-lb-cover-coated-silk_cl_4-0_sft_foil-copper-1-0_ver,Posters — BX — ver,posters,posters,"{""CoatingType"":""none"",""ColorType"":""4-0"",""Orientation"":""ver"",""PaperFormat"":""BX"",""PaperType"":""130-lb-cover-coated-silk"",""ProductStatus"":""activated"",""ProtectionType"":""none"",""ShapeEdgeType"":""none"",""SpotFinishingType"":""foil-copper-1-0"",""State"":""published"",""Variable"":""no""}"
cards_pf_bx_pt_130-lb-cover-coated-silk_cl_4-0_sft_foil-copper-1-0_ver_variable,Posters — BX — ver,posters,posters,"{""CoatingType"":""none"",""ColorType"":""4-0"",""Orientation"":""ver"",""PaperFormat"":""BX"",""PaperType"":""130-lb-cover-coated-silk"",""ProductStatus"":""activated"",""ProtectionType"":""none"",""ShapeEdgeType"":""none"",""SpotFinishingType"":""foil-copper-1-0"",""State"":""published"",""Variable"":""yes""}"
cards_pf_bx_pt_130-lb-cover-coated-silk_cl_4-0_sft_foil-gold-1-0_hor,Posters — BX — hor,posters,posters,"{""CoatingType"":""none"",""ColorType"":""4-0"",""Orientation"":""hor"",""PaperFormat"":""BX"",""PaperType"":""130-lb-cover-coated-silk"",""ProductStatus"":""activated"",""ProtectionType"":""none"",""ShapeEdgeType"":""none"",""SpotFinishingType"":""foil-gold-1-0"",""State"":""published"",""Variable"":""no""}"
cards_pf_bx_pt_130-lb-cover-coated-silk_cl_4-0_sft_foil-gold-1-0_hor_variable,Posters — BX — hor,posters,posters,"{""CoatingType"":""none"",""ColorType"":""4-0"",""Orientation"":""hor"",""PaperFormat"":""BX"",""PaperType"":""130-lb-cover-coated-silk"",""ProductStatus"":""activated"",""ProtectionType"":""none"",""ShapeEdgeType"":""none"",""SpotFinishingType"":""foil-gold-1-0"",""State"":""published"",""Variable"":""yes""}"
cards_pf_bx_pt_130-lb-cover-coated-silk_cl_4-0_sft_foil-gold-1-0_ver,Posters — BX — ver,posters,posters,"{""CoatingType"":""none"",""ColorType"":""4-0"",""Orientation"":""ver"",""PaperFormat"":""BX"",""PaperType"":""130-lb-cover-coated-silk"",""ProductStatus"":""activated"",""ProtectionType"":""none"",""ShapeEdgeType"":""none"",""SpotFinishingType"":""foil-gold-1-0"",""State"":""published"",""Variable"":""no""}"
cards_pf_bx_pt_130-lb-cover-coated-silk_cl_4-0_sft_foil-gold-1-0_ver_variable,Posters — BX — ver,posters,posters,"{""CoatingType"":""none"",""ColorType"":""4-0"",""Orientation"":""ver"",""PaperFormat"":""BX"",""PaperType"":""130-lb-cover-coated-silk"",""ProductStatus"":""activated"",""ProtectionType"":""none"",""ShapeEdgeType"":""none"",""SpotFinishingType"":""foil-gold-1-0"",""State"":""published"",""Variable"":""yes""}"
cards_pf_bx_pt_130-lb-cover-coated-silk_cl_4-0_sft_foil-silver-1-0_hor,Posters — BX — hor,posters,posters,"{""CoatingType"":""none"",""ColorType"":""4-0"",""Orientation"":""hor"",""PaperFormat"":""BX"",""PaperType"":""130-lb-cover-coated-silk"",""ProductStatus"":""activated"",""ProtectionType"":""none"",""ShapeEdgeType"":""none"",""SpotFinishingType"":""foil-silver-1-0"",""State"":""published"",""Variable"":""no""}"
cards_pf_bx_pt_130-lb-cover-coated-silk_cl_4-0_sft_foil-silver-1-0_hor_variable,Posters — BX — hor,posters,posters,"{""CoatingType"":""none"",""ColorType"":""4-0"",""Orientation"":""hor"",""PaperFormat"":""BX"",""PaperType"":""130-lb-cover-coated-silk"",""ProductStatus"":""activated"",""ProtectionType"":""none"",""ShapeEdgeType"":""none"",""SpotFinishingType"":""foil-silver-1-0"",""State"":""published"",""Variable"":""yes""}"
cards_pf_bx_pt_130-lb-cover-coated-silk_cl_4-0_sft_foil-silver-1-0_ver,Posters — BX — ver,posters,posters,"{""CoatingType"":""none"",""ColorType"":""4-0"",""Orientation"":""ver"",""PaperFormat"":""BX"",""PaperType"":""130-lb-cover-coated-silk"",""ProductStatus"":""activated"",""ProtectionType"":""none"",""ShapeEdgeType"":""none"",""SpotFinishingType"":""foil-silver-1-0"",""State"":""published"",""Variable"":""no""}"
cards_pf_bx_pt_130-lb-cover-coated-silk_cl_4-0_sft_foil-silver-1-0_ver_variable,Posters — BX — ver,posters,posters,"{""CoatingType"":""none"",""ColorType"":""4-0"",""Orientation"":""ver"",""PaperFormat"":""BX"",""PaperType"":""130-lb-cover-coated-silk"",""ProductStatus"":""activated"",""ProtectionType"":""none"",""ShapeEdgeType"":""none"",""SpotFinishingType"":""foil-silver-1-0"",""State"":""published"",""Variable"":""yes""}"
cards_pf_bx_pt_130-lb-cover-coated-silk_cl_4-0_ver,Posters — BX — ver,posters,posters,"{""CoatingType"":""none"",""ColorType"":""4-0"",""Orientation"":""ver"",""PaperFormat"":""BX"",""PaperType"":""130-lb-cover-coated-silk"",""ProductStatus"":""activated"",""ProtectionType"":""none"",""ShapeEdgeType"":""none"",""SpotFinishingType"":""none"",""State"":""published"",""Variable"":""no""}"
cards_pf_bx_pt_130-lb-cover-uncoated_cl_4-0_hor,Posters — BX — hor,posters,posters,"{""CoatingType"":""none"",""ColorType"":""4-0"",""Orientation"":""hor"",""PaperFormat"":""BX"",""PaperType"":""130-lb-cover-uncoated"",""ProductStatus"":""activated"",""ProtectionType"":""none"",""ShapeEdgeType"":""none"",""SpotFinishingType"":""none"",""State"":""published"",""Variable"":""no""}"
cards_pf_bx_pt_130-lb-cover-uncoated_cl_4-0_hor_variable,Posters — BX — hor,posters,posters,"{""CoatingType"":""none"",""ColorType"":""4-0"",""Orientation"":""hor"",""PaperFormat"":""BX"",""PaperType"":""130-lb-cover-uncoated"",""ProductStatus"":""activated"",""ProtectionType"":""none"",""ShapeEdgeType"":""none"",""SpotFinishingType"":""none"",""State"":""published"",""Variable"":""yes""}"
cards_pf_bx_pt_130-lb-cover-uncoated_cl_4-0_sft_foil-copper-1-0_hor,Posters — BX — hor,posters,posters,"{""CoatingType"":""none"",""ColorType"":""4-0"",""Orientation"":""hor"",""PaperFormat"":""BX"",""PaperType"":""130-lb-cover-uncoated"",""ProductStatus"":""activated"",""ProtectionType"":""none"",""ShapeEdgeType"":""none"",""SpotFinishingType"":""foil-copper-1-0"",""State"":""published"",""Variable"":""no""}"
cards_pf_bx_pt_130-lb-cover-uncoated_cl_4-0_sft_foil-copper-1-0_hor_variable,Posters — BX — hor,posters,posters,"{""CoatingType"":""none"",""ColorType"":""4-0"",""Orientation"":""hor"",""PaperFormat"":""BX"",""PaperType"":""130-lb-cover-uncoated"",""ProductStatus"":""activated"",""ProtectionType"":""none"",""ShapeEdgeType"":""none"",""SpotFinishingType"":""foil-copper-1-0"",""State"":""published"",""Variable"":""yes""}"
cards_pf_bx_pt_130-lb-cover-uncoated_cl_4-0_sft_foil-copper-1-0_ver,Posters — BX — ver,posters,posters,"{""CoatingType"":""none"",""ColorType"":""4-0"",""Orientation"":""ver"",""PaperFormat"":""BX"",""PaperType"":""130-lb-cover-uncoated"",""ProductStatus"":""activated"",""ProtectionType"":""none"",""ShapeEdgeType"":""none"",""SpotFinishingType"":""foil-copper-1-0"",""State"":""published"",""Variable"":""no""}"
cards_pf_bx_pt_130-lb-cover-uncoated_cl_4-0_sft_foil-copper-1-0_ver_variable,Posters — BX — ver,posters,posters,"{""CoatingType"":""none"",""ColorType"":""4-0"",""Orientation"":""ver"",""PaperFormat"":""BX"",""PaperType"":""130-lb-cover-uncoated"",""ProductStatus"":""activated"",""ProtectionType"":""none"",""ShapeEdgeType"":""none"",""SpotFinishingType"":""foil-copper-1-0"",""State"":""published"",""Variable"":""yes""}"
cards_pf_bx_pt_130-lb-cover-uncoated_cl_4-0_sft_foil-gold-1-0_hor,Posters — BX — hor,posters,posters,"{""CoatingType"":""none"",""ColorType"":""4-0"",""Orientation"":""hor"",""PaperFormat"":""BX"",""PaperType"":""130-lb-cover-uncoated"",""ProductStatus"":""activated"",""ProtectionType"":""none"",""ShapeEdgeType"":""none"",""SpotFinishingType"":""foil-gold-1-0"",""State"":""published"",""Variable"":""no""}"
cards_pf_bx_pt_130-lb-cover-uncoated_cl_4-0_sft_foil-gold-1-0_hor_variable,Posters — BX — hor,posters,posters,"{""CoatingType"":""none"",""ColorType"":""4-0"",""Orientation"":""hor"",""PaperFormat"":""BX"",""PaperType"":""130-lb-cover-uncoated"",""ProductStatus"":""activated"",""ProtectionType"":""none"",""ShapeEdgeType"":""none"",""SpotFinishingType"":""foil-gold-1-0"",""State"":""published"",""Variable"":""yes""}"
cards_pf_bx_pt_130-lb-cover-uncoated_cl_4-0_sft_foil-gold-1-0_ver,Posters — BX — ver,posters,posters,"{""CoatingType"":""none"",""ColorType"":""4-0"",""Orientation"":""ver"",""PaperFormat"":""BX"",""PaperType"":""130-lb-cover-uncoated"",""ProductStatus"":""activated"",""ProtectionType"":""none"",""ShapeEdgeType"":""none"",""SpotFinishingType"":""foil-gold-1-0"",""State"":""published"",""Variable"":""no""}"
cards_pf_bx_pt_130-lb-cover-uncoated_cl_4-0_sft_foil-gold-1-0_ver_variable,Posters — BX — ver,posters,posters,"{""CoatingType"":""none"",""ColorType"":""4-0"",""Orientation"":""ver"",""PaperFormat"":""BX"",""PaperType"":""130-lb-cover-uncoated"",""ProductStatus"":""activated"",""ProtectionType"":""none"",""ShapeEdgeType"":""none"",""SpotFinishingType"":""foil-gold-1-0"",""State"":""published"",""Variable"":""yes""}"
cards_pf_bx_pt_130-lb-cover-uncoated_cl_4-0_sft_foil-silver-1-0_hor,Posters — BX — hor,posters,posters,"{""CoatingType"":""none"",""ColorType"":""4-0"",""Orientation"":""hor"",""PaperFormat"":""BX"",""PaperType"":""130-lb-cover-uncoated"",""ProductStatus"":""activated"",""ProtectionType"":""none"",""ShapeEdgeType"":""none"",""SpotFinishingType"":""foil-silver-1-0"",""State"":""published"",""Variable"":""no""}"
cards_pf_bx_pt_130-lb-cover-uncoated_cl_4-0_sft_foil-silver-1-0_hor_variable,Posters — BX — hor,posters,posters,"{""CoatingType"":""none"",""ColorType"":""4-0"",""Orientation"":""hor"",""PaperFormat"":""BX"",""PaperType"":""130-lb-cover-uncoated"",""ProductStatus"":""activated"",""ProtectionType"":""none"",""ShapeEdgeType"":""none"",""SpotFinishingType"":""foil-silver-1-0"",""State"":""published"",""Variable"":""yes""}"
cards_pf_bx_pt_130-lb-cover-uncoated_cl_4-0_sft_foil-silver-1-0_ver,Posters — BX — ver,posters,posters,"{""CoatingType"":""none"",""ColorType"":""4-0"",""Orientation"":""ver"",""PaperFormat"":""BX"",""PaperType"":""130-lb-cover-uncoated"",""ProductStatus"":""activated"",""ProtectionType"":""none"",""ShapeEdgeType"":""none"",""SpotFinishingType"":""foil-silver-1-0"",""State"":""published"",""Variable"":""no""}"
cards_pf_bx_pt_130-lb-cover-uncoated_cl_4-0_sft_foil-silver-1-0_ver_variable,Posters — BX — ver,posters,posters,"{""CoatingType"":""none"",""ColorType"":""4-0"",""Orientation"":""ver"",""PaperFormat"":""BX"",""PaperType"":""130-lb-cover-uncoated"",""ProductStatus"":""activated"",""ProtectionType"":""none"",""ShapeEdgeType"":""none"",""SpotFinishingType"":""foil-silver-1-0"",""State"":""published"",""Variable"":""yes""}"
cards_pf_bx_pt_130-lb-cover-uncoated_cl_4-0_ver,Posters — BX — ver,posters,posters,"{""CoatingType"":""none"",""ColorType"":""4-0"",""Orientation"":""ver"",""PaperFormat"":""BX"",""PaperType"":""130-lb-cover-uncoated"",""ProductStatus"":""activated"",""ProtectionType"":""none"",""ShapeEdgeType"":""none"",""SpotFinishingType"":""none"",""State"":""published"",""Variable"":""no""}"
cards_pf_bx_pt_300-gsm-coated-silk_cl_4-0_hor,Posters — BX — hor,posters,posters,"{""CoatingType"":""none"",""ColorType"":""4-0"",""Orientation"":""hor"",""PaperFormat"":""BX"",""PaperType"":""300-gsm-coated-silk"",""ProductStatus"":""activated"",""ProtectionType"":""none"",""ShapeEdgeType"":""none"",""SpotFinishingType"":""none"",""State"":""published"",""Variable"":""no""}"
cards_pf_bx_pt_300-gsm-uncoated_cl_4-0_hor,Posters — BX — hor,posters,posters,"{""CoatingType"":""none"",""ColorType"":""4-0"",""Orientation"":""hor"",""PaperFormat"":""BX"",""PaperType"":""300-gsm-uncoated"",""ProductStatus"":""activated"",""ProtectionType"":""none"",""ShapeEdgeType"":""none"",""SpotFinishingType"":""none"",""State"":""published"",""Variable"":""no""}"
cards_pf_bx_pt_300-gsm-uncoated_cl_4-0_ver,Posters — BX — ver,posters,posters,"{""CoatingType"":""none"",""ColorType"":""4-0"",""Orientation"":""ver"",""PaperFormat"":""BX"",""PaperType"":""300-gsm-uncoated"",""ProductStatus"":""activated"",""ProtectionType"":""none"",""ShapeEdgeType"":""none"",""SpotFinishingType"":""none"",""State"":""published"",""Variable"":""no""}"
cards_pf_bx_pt_350-gsm-coated-silk_cl_4-0_hor,Posters — BX — hor,posters,posters,"{""CoatingType"":""none"",""ColorType"":""4-0"",""Orientation"":""hor"",""PaperFormat"":""BX"",""PaperType"":""350-gsm-coated-silk"",""ProductStatus"":""activated"",""ProtectionType"":""none"",""ShapeEdgeType"":""none"",""SpotFinishingType"":""none"",""State"":""published"",""Variable"":""no""}"
cards_pf_bx_pt_350-gsm-coated-silk_cl_4-0_ver,Posters — BX — ver,posters,posters,"{""CoatingType"":""none"",""ColorType"":""4-0"",""Orientation"":""ver"",""PaperFormat"":""BX"",""PaperType"":""350-gsm-coated-silk"",""ProductStatus"":""activated"",""ProtectionType"":""none"",""ShapeEdgeType"":""none"",""SpotFinishingType"":""none"",""State"":""published"",""Variable"":""no""}"
cards_pf_bx_pt_350-gsm-uncoated_cl_4-0_hor,Posters — BX — hor,posters,posters,"{""CoatingType"":""none"",""ColorType"":""4-0"",""Orientation"":""hor"",""PaperFormat"":""BX"",""PaperType"":""350-gsm-uncoated"",""ProductStatus"":""activated"",""ProtectionType"":""none"",""ShapeEdgeType"":""none"",""SpotFinishingType"":""none"",""State"":""published"",""Variable"":""no""}"
cards_pf_bx_pt_350-gsm-uncoated_cl_4-0_ver,Posters — BX — ver,posters,posters,"{""CoatingType"":""none"",""ColorType"":""4-0"",""Orientation"":""ver"",""PaperFormat"":""BX"",""PaperType"":""350-gsm-uncoated"",""ProductStatus"":""activated"",""ProtectionType"":""none"",""ShapeEdgeType"":""none"",""SpotFinishingType"":""none"",""State"":""published"",""Variable"":""no""}"
cards_pf_dl_pt_100-lb-cover-coated-silk_cl_4-0_hor,Posters — DL — hor,posters,posters,"{""CoatingType"":""none"",""ColorType"":""4-0"",""Orientation"":""hor"",""PaperFormat"":""DL"",""PaperType"":""100-lb-cover-coated-silk"",""ProductStatus"":""activated"",""ProtectionType"":""none"",""ShapeEdgeType"":""none"",""SpotFinishingType"":""none"",""State"":""published"",""Variable"":""no""}"
cards_pf_dl_pt_100-lb-cover-coated-silk_cl_4-0_ver,Posters — DL — ver,posters,posters,"{""CoatingType"":""none"",""ColorType"":""4-0"",""Orientation"":""ver"",""PaperFormat"":""DL"",""PaperType"":""100-lb-cover-coated-silk"",""ProductStatus"":""activated"",""ProtectionType"":""none"",""ShapeEdgeType"":""none"",""SpotFinishingType"":""none"",""State"":""published"",""Variable"":""no""}"
cards_pf_dl_pt_250-gsm-coated-silk_cl_4-0_hor,Posters — DL — hor,posters,posters,"{""CoatingType"":""none"",""ColorType"":""4-0"",""Orientation"":""hor"",""PaperFormat"":""DL"",""PaperType"":""250-gsm-coated-silk"",""ProductStatus"":""activated"",""ProtectionType"":""none"",""ShapeEdgeType"":""none"",""SpotFinishingType"":""none"",""State"":""published"",""Variable"":""no""}"
cards_pf_dl_pt_250-gsm-coated-silk_cl_4-0_ver,Posters — DL — ver,posters,posters,"{""CoatingType"":""none"",""ColorType"":""4-0"",""Orientation"":""ver"",""PaperFormat"":""DL"",""PaperType"":""250-gsm-coated-silk"",""ProductStatus"":""activated"",""ProtectionType"":""none"",""ShapeEdgeType"":""none"",""SpotFinishingType"":""none"",""State"":""published"",""Variable"":""no""}"
cards_pf_dl_pt_250-gsm-uncoated_cl_4-0_hor,Posters — DL — hor,posters,posters,"{""CoatingType"":""none"",""ColorType"":""4-0"",""Orientation"":""hor"",""PaperFormat"":""DL"",""PaperType"":""250-gsm-uncoated"",""ProductStatus"":""activated"",""ProtectionType"":""none"",""ShapeEdgeType"":""none"",""SpotFinishingType"":""none"",""State"":""published"",""Variable"":""no""}"
cards_pf_dl_pt_250-gsm-uncoated_cl_4-0_ver,Posters — DL — ver,posters,posters,"{""CoatingType"":""none"",""ColorType"":""4-0"",""Orientation"":""ver"",""PaperFormat"":""DL"",""PaperType"":""250-gsm-uncoated"",""ProductStatus"":""activated"",""ProtectionType"":""none"",""ShapeEdgeType"":""none"",""SpotFinishingType"":""none"",""State"":""published"",""Variable"":""no""}"
cards_pf_dl_pt_300-gsm-uncoated_cl_4-0_hor,Posters — DL — hor,posters,posters,"{""CoatingType"":""none"",""ColorType"":""4-0"",""Orientation"":""hor"",""PaperFormat"":""DL"",""PaperType"":""300-gsm-uncoated"",""ProductStatus"":""activated"",""ProtectionType"":""none"",""ShapeEdgeType"":""none"",""SpotFinishingType"":""none"",""State"":""published"",""Variable"":""no""}"
cards_pf_dl_pt_300-gsm-uncoated_cl_4-0_ver,Posters — DL — ver,posters,posters,"{""CoatingType"":""none"",""ColorType"":""4-0"",""Orientation"":""ver"",""PaperFormat"":""DL"",""PaperType"":""300-gsm-uncoated"",""ProductStatus"":""activated"",""ProtectionType"":""none"",""ShapeEdgeType"":""none"",""SpotFinishingType"":""none"",""State"":""published"",""Variable"":""no""}"
cards_pf_dl_pt_350-gsm-coated-silk_cl_4-0_hor,Posters — DL — hor,posters,posters,"{""CoatingType"":""none"",""ColorType"":""4-0"",""Orientation"":""hor"",""PaperFormat"":""DL"",""PaperType"":""350-gsm-coated-silk"",""ProductStatus"":""activated"",""ProtectionType"":""none"",""ShapeEdgeType"":""none"",""SpotFinishingType"":""none"",""State"":""published"",""Variable"":""no""}"
cards_pf_dl_pt_350-gsm-coated-silk_cl_4-0_ver,Posters — DL — ver,posters,posters,"{""CoatingType"":""none"",""ColorType"":""4-0"",""Orientation"":""ver"",""PaperFormat"":""DL"",""PaperType"":""350-gsm-coated-silk"",""ProductStatus"":""activated"",""ProtectionType"":""none"",""ShapeEdgeType"":""none"",""SpotFinishingType"":""none"",""State"":""published"",""Variable"":""no""}"
cards_pf_dl_pt_350-gsm-uncoated_cl_4-0_hor,Posters — DL — hor,posters,posters,"{""CoatingType"":""none"",""ColorType"":""4-0"",""Orientation"":""hor"",""PaperFormat"":""DL"",""PaperType"":""350-gsm-uncoated"",""ProductStatus"":""activated"",""ProtectionType"":""none"",""ShapeEdgeType"":""none"",""SpotFinishingType"":""none"",""State"":""published"",""Variable"":""no""}"
cards_pf_dl_pt_350-gsm-uncoated_cl_4-0_ver,Posters — DL — ver,posters,posters,"{""CoatingType"":""none"",""ColorType"":""4-0"",""Orientation"":""ver"",""PaperFormat"":""DL"",""PaperType"":""350-gsm-uncoated"",""ProductStatus"":""activated"",""ProtectionType"":""none"",""ShapeEdgeType"":""none"",""SpotFinishingType"":""none"",""State"":""published"",""Variable"":""no""}"
cards_pf_lg_pt_100-lb-cover-coated-silk_cl_4-0_hor,Posters — LG — hor,posters,posters,"{""CoatingType"":""none"",""ColorType"":""4-0"",""Orientation"":""hor"",""PaperFormat"":""LG"",""PaperType"":""100-lb-cover-coated-silk"",""ProductStatus"":""activated"",""ProtectionType"":""none"",""ShapeEdgeType"":""none"",""SpotFinishingType"":""none"",""State"":""published"",""Variable"":""no""}"
cards_pf_lg_pt_100-lb-cover-coated-silk_cl_4-0_ver,Posters — LG — ver,posters,posters,"{""CoatingType"":""none"",""ColorType"":""4-0"",""Orientation"":""ver"",""PaperFormat"":""LG"",""PaperType"":""100-lb-cover-coated-silk"",""ProductStatus"":""activated"",""ProtectionType"":""none"",""ShapeEdgeType"":""none"",""SpotFinishingType"":""none"",""State"":""published"",""Variable"":""no""}"
cards_pf_lg_pt_100-lb-cover-uncoated_cl_4-0_hor,Posters — LG — hor,posters,posters,"{""CoatingType"":""none"",""ColorType"":""4-0"",""Orientation"":""hor"",""PaperFormat"":""LG"",""PaperType"":""100-lb-cover-uncoated"",""ProductStatus"":""activated"",""ProtectionType"":""none"",""ShapeEdgeType"":""none"",""SpotFinishingType"":""none"",""State"":""published"",""Variable"":""no""}"
cards_pf_lg_pt_100-lb-cover-uncoated_cl_4-0_ver,Posters — LG — ver,posters,posters,"{""CoatingType"":""none"",""ColorType"":""4-0"",""Orientation"":""ver"",""PaperFormat"":""LG"",""PaperType"":""100-lb-cover-uncoated"",""ProductStatus"":""activated"",""ProtectionType"":""none"",""ShapeEdgeType"":""none"",""SpotFinishingType"":""none"",""State"":""published"",""Variable"":""no""}"
cards_pf_lg_pt_110-lb-cover-uncoated_cl_4-0_hor,Posters — LG — hor,posters,posters,"{""CoatingType"":""none"",""ColorType"":""4-0"",""Orientation"":""hor"",""PaperFormat"":""LG"",""PaperType"":""110-lb-cover-uncoated"",""ProductStatus"":""activated"",""ProtectionType"":""none"",""ShapeEdgeType"":""none"",""SpotFinishingType"":""none"",""State"":""published"",""Variable"":""no""}"
cards_pf_lg_pt_110-lb-cover-uncoated_cl_4-0_ver,Posters — LG — ver,posters,posters,"{""CoatingType"":""none"",""ColorType"":""4-0"",""Orientation"":""ver"",""PaperFormat"":""LG"",""PaperType"":""110-lb-cover-uncoated"",""ProductStatus"":""activated"",""ProtectionType"":""none"",""ShapeEdgeType"":""none"",""SpotFinishingType"":""none"",""State"":""published"",""Variable"":""no""}"
cards_pf_lg_pt_130-lb-cover-coated-silk_cl_4-0_hor,Posters — LG — hor,posters,posters,"{""CoatingType"":""none"",""ColorType"":""4-0"",""Orientation"":""hor"",""PaperFormat"":""LG"",""PaperType"":""130-lb-cover-coated-silk"",""ProductStatus"":""activated"",""ProtectionType"":""none"",""ShapeEdgeType"":""none"",""SpotFinishingType"":""none"",""State"":""published"",""Variable"":""no""}"
cards_pf_lg_pt_130-lb-cover-coated-silk_cl_4-0_ver,Posters — LG — ver,posters,posters,"{""CoatingType"":""none"",""ColorType"":""4-0"",""Orientation"":""ver"",""PaperFormat"":""LG"",""PaperType"":""130-lb-cover-coated-silk"",""ProductStatus"":""activated"",""ProtectionType"":""none"",""ShapeEdgeType"":""none"",""SpotFinishingType"":""none"",""State"":""published"",""Variable"":""no""}"
cards_pf_lg_pt_130-lb-cover-uncoated_cl_4-0_hor,Posters — LG — hor,posters,posters,"{""CoatingType"":""none"",""ColorType"":""4-0"",""Orientation"":""hor"",""PaperFormat"":""LG"",""PaperType"":""130-lb-cover-uncoated"",""ProductStatus"":""activated"",""ProtectionType"":""none"",""ShapeEdgeType"":""none"",""SpotFinishingType"":""none"",""State"":""published"",""Variable"":""no""}"
cards_pf_lg_pt_130-lb-cover-uncoated_cl_4-0_ver,Posters — LG — ver,posters,posters,"{""CoatingType"":""none"",""ColorType"":""4-0"",""Orientation"":""ver"",""PaperFormat"":""LG"",""PaperType"":""130-lb-cover-uncoated"",""ProductStatus"":""activated"",""ProtectionType"":""none"",""ShapeEdgeType"":""none"",""SpotFinishingType"":""none"",""State"":""published"",""Variable"":""no""}"
cards_pf_lg_pt_250-gsm-coated-silk_cl_4-0_hor,Posters — LG — hor,posters,posters,"{""CoatingType"":""none"",""ColorType"":""4-0"",""Orientation"":""hor"",""PaperFormat"":""LG"",""PaperType"":""250-gsm-coated-silk"",""ProductStatus"":""activated"",""ProtectionType"":""none"",""ShapeEdgeType"":""none"",""SpotFinishingType"":""none"",""State"":""published"",""Variable"":""no""}"
cards_pf_lg_pt_250-gsm-coated-silk_cl_4-0_ver,Posters — LG — ver,posters,posters,"{""CoatingType"":""none"",""ColorType"":""4-0"",""Orientation"":""ver"",""PaperFormat"":""LG"",""PaperType"":""250-gsm-coated-silk"",""ProductStatus"":""activated"",""ProtectionType"":""none"",""ShapeEdgeType"":""none"",""SpotFinishingType"":""none"",""State"":""published"",""Variable"":""no""}"
cards_pf_lg_pt_250-gsm-uncoated_cl_4-0_hor,Posters — LG — hor,posters,posters,"{""CoatingType"":""none"",""ColorType"":""4-0"",""Orientation"":""hor"",""PaperFormat"":""LG"",""PaperType"":""250-gsm-uncoated"",""ProductStatus"":""activated"",""ProtectionType"":""none"",""ShapeEdgeType"":""none"",""SpotFinishingType"":""none"",""State"":""published"",""Variable"":""no""}"
cards_pf_lg_pt_250-gsm-uncoated_cl_4-0_ver,Posters — LG — ver,posters,posters,"{""CoatingType"":""none"",""ColorType"":""4-0"",""Orientation"":""ver"",""PaperFormat"":""LG"",""PaperType"":""250-gsm-uncoated"",""ProductStatus"":""activated"",""ProtectionType"":""none"",""ShapeEdgeType"":""none"",""SpotFinishingType"":""none"",""State"":""published"",""Variable"":""no""}"
cards_pf_lg_pt_80-lb-cover-coated-silk_cl_4-0_hor,Posters — LG — hor,posters,posters,"{""CoatingType"":""none"",""ColorType"":""4-0"",""Orientation"":""hor"",""PaperFormat"":""LG"",""PaperType"":""80-lb-cover-coated-silk"",""ProductStatus"":""activated"",""ProtectionType"":""none"",""ShapeEdgeType"":""none"",""SpotFinishingType"":""none"",""State"":""published"",""Variable"":""no""}"
cards_pf_lg_pt_80-lb-cover-uncoated_cl_4-0_ver,Posters — LG — ver,posters,posters,"{""CoatingType"":""none"",""ColorType"":""4-0"",""Orientation"":""ver"",""PaperFormat"":""LG"",""PaperType"":""80-lb-cover-uncoated"",""ProductStatus"":""activated"",""ProtectionType"":""none"",""ShapeEdgeType"":""none"",""SpotFinishingType"":""none"",""State"":""published"",""Variable"":""no""}"
cards_pf_lt_pt_100-lb-cover-coated-silk_cl_4-0_hor,Posters — LT — hor,posters,posters,"{""CoatingType"":""none"",""ColorType"":""4-0"",""Orientation"":""hor"",""PaperFormat"":""LT"",""PaperType"":""100-lb-cover-coated-silk"",""ProductStatus"":""activated"",""ProtectionType"":""none"",""ShapeEdgeType"":""none"",""SpotFinishingType"":""none"",""State"":""published"",""Variable"":""no""}"
cards_pf_lt_pt_100-lb-cover-coated-silk_cl_4-0_ver,Posters — LT — ver,posters,posters,"{""CoatingType"":""none"",""ColorType"":""4-0"",""Orientation"":""ver"",""PaperFormat"":""LT"",""PaperType"":""100-lb-cover-coated-silk"",""ProductStatus"":""activated"",""ProtectionType"":""none"",""ShapeEdgeType"":""none"",""SpotFinishingType"":""none"",""State"":""published"",""Variable"":""no""}"
cards_pf_lt_pt_100-lb-cover-uncoated_cl_4-0_hor,Posters — LT — hor,posters,posters,"{""CoatingType"":""none"",""ColorType"":""4-0"",""Orientation"":""hor"",""PaperFormat"":""LT"",""PaperType"":""100-lb-cover-uncoated"",""ProductStatus"":""activated"",""ProtectionType"":""none"",""ShapeEdgeType"":""none"",""SpotFinishingType"":""none"",""State"":""published"",""Variable"":""no""}"
cards_pf_lt_pt_100-lb-cover-uncoated_cl_4-0_ver,Posters — LT — ver,posters,posters,"{""CoatingType"":""none"",""ColorType"":""4-0"",""Orientation"":""ver"",""PaperFormat"":""LT"",""PaperType"":""100-lb-cover-uncoated"",""ProductStatus"":""activated"",""ProtectionType"":""none"",""ShapeEdgeType"":""none"",""SpotFinishingType"":""none"",""State"":""published"",""Variable"":""no""}"
cards_pf_lt_pt_110-lb-cover-uncoated_cl_4-0_hor,Posters — LT — hor,posters,posters,"{""CoatingType"":""none"",""ColorType"":""4-0"",""Orientation"":""hor"",""PaperFormat"":""LT"",""PaperType"":""110-lb-cover-uncoated"",""ProductStatus"":""activated"",""ProtectionType"":""none"",""ShapeEdgeType"":""none"",""SpotFinishingType"":""none"",""State"":""published"",""Variable"":""no""}"
cards_pf_lt_pt_110-lb-cover-uncoated_cl_4-0_ver,Posters — LT — ver,posters,posters,"{""CoatingType"":""none"",""ColorType"":""4-0"",""Orientation"":""ver"",""PaperFormat"":""LT"",""PaperType"":""110-lb-cover-uncoated"",""ProductStatus"":""activated"",""ProtectionType"":""none"",""ShapeEdgeType"":""none"",""SpotFinishingType"":""none"",""State"":""published"",""Variable"":""no""}"
cards_pf_lt_pt_130-lb-cover-coated-silk_cl_4-0_hor,Posters — LT — hor,posters,posters,"{""CoatingType"":""none"",""ColorType"":""4-0"",""Orientation"":""hor"",""PaperFormat"":""LT"",""PaperType"":""130-lb-cover-coated-silk"",""ProductStatus"":""activated"",""ProtectionType"":""none"",""ShapeEdgeType"":""none"",""SpotFinishingType"":""none"",""State"":""published"",""Variable"":""no""}"
cards_pf_lt_pt_130-lb-cover-coated-silk_cl_4-0_ver,Posters — LT — ver,posters,posters,"{""CoatingType"":""none"",""ColorType"":""4-0"",""Orientation"":""ver"",""PaperFormat"":""LT"",""PaperType"":""130-lb-cover-coated-silk"",""ProductStatus"":""activated"",""ProtectionType"":""none"",""ShapeEdgeType"":""none"",""SpotFinishingType"":""none"",""State"":""published"",""Variable"":""no""}"
cards_pf_lt_pt_130-lb-cover-uncoated_cl_4-0_hor,Posters — LT — hor,posters,posters,"{""CoatingType"":""none"",""ColorType"":""4-0"",""Orientation"":""hor"",""PaperFormat"":""LT"",""PaperType"":""130-lb-cover-uncoated"",""ProductStatus"":""activated"",""ProtectionType"":""none"",""ShapeEdgeType"":""none"",""SpotFinishingType"":""none"",""State"":""published"",""Variable"":""no""}"
cards_pf_lt_pt_130-lb-cover-uncoated_cl_4-0_ver,Posters — LT — ver,posters,posters,"{""CoatingType"":""none"",""ColorType"":""4-0"",""Orientation"":""ver"",""PaperFormat"":""LT"",""PaperType"":""130-lb-cover-uncoated"",""ProductStatus"":""activated"",""ProtectionType"":""none"",""ShapeEdgeType"":""none"",""SpotFinishingType"":""none"",""State"":""published"",""Variable"":""no""}"
cards_pf_lt_pt_250-gsm-coated-silk_cl_4-0_hor,Posters — LT — hor,posters,posters,"{""CoatingType"":""none"",""ColorType"":""4-0"",""Orientation"":""hor"",""PaperFormat"":""LT"",""PaperType"":""250-gsm-coated-silk"",""ProductStatus"":""activated"",""ProtectionType"":""none"",""ShapeEdgeType"":""none"",""SpotFinishingType"":""none"",""State"":""published"",""Variable"":""no""}"
cards_pf_lt_pt_250-gsm-coated-silk_cl_4-0_ver,Posters — LT — ver,posters,posters,"{""CoatingType"":""none"",""ColorType"":""4-0"",""Orientation"":""ver"",""PaperFormat"":""LT"",""PaperType"":""250-gsm-coated-silk"",""ProductStatus"":""activated"",""ProtectionType"":""none"",""ShapeEdgeType"":""none"",""SpotFinishingType"":""none"",""State"":""published"",""Variable"":""no""}"
cards_pf_lt_pt_250-gsm-uncoated_cl_4-0_hor,Posters — LT — hor,posters,posters,"{""CoatingType"":""none"",""ColorType"":""4-0"",""Orientation"":""hor"",""PaperFormat"":""LT"",""PaperType"":""250-gsm-uncoated"",""ProductStatus"":""activated"",""ProtectionType"":""none"",""ShapeEdgeType"":""none"",""SpotFinishingType"":""none"",""State"":""published"",""Variable"":""no""}"
cards_pf_lt_pt_250-gsm-uncoated_cl_4-0_ver,Posters — LT — ver,posters,posters,"{""CoatingType"":""none"",""ColorType"":""4-0"",""Orientation"":""ver"",""PaperFormat"":""LT"",""PaperType"":""250-gsm-uncoated"",""ProductStatus"":""activated"",""ProtectionType"":""none"",""ShapeEdgeType"":""none"",""SpotFinishingType"":""none"",""State"":""published"",""Variable"":""no""}"
cards_pf_lt_pt_300-gsm-uncoated_cl_4-0_hor,Posters — LT — hor,posters,posters,"{""CoatingType"":""none"",""ColorType"":""4-0"",""Orientation"":""hor"",""PaperFormat"":""LT"",""PaperType"":""300-gsm-uncoated"",""ProductStatus"":""activated"",""ProtectionType"":""none"",""ShapeEdgeType"":""none"",""SpotFinishingType"":""none"",""State"":""published"",""Variable"":""no""}"
cards_pf_lt_pt_300-gsm-uncoated_cl_4-0_ver,Posters — LT — ver,posters,posters,"{""CoatingType"":""none"",""ColorType"":""4-0"",""Orientation"":""ver"",""PaperFormat"":""LT"",""PaperType"":""300-gsm-uncoated"",""ProductStatus"":""activated"",""ProtectionType"":""none"",""ShapeEdgeType"":""none"",""SpotFinishingType"":""none"",""State"":""published"",""Variable"":""no""}"
cards_pf_lt_pt_350-gsm-coated-silk_cl_4-0_hor,Posters — LT — hor,posters,posters,"{""CoatingType"":""none"",""ColorType"":""4-0"",""Orientation"":""hor"",""PaperFormat"":""LT"",""PaperType"":""350-gsm-coated-silk"",""ProductStatus"":""activated"",""ProtectionType"":""none"",""ShapeEdgeType"":""none"",""SpotFinishingType"":""none"",""State"":""published"",""Variable"":""no""}"
cards_pf_lt_pt_350-gsm-coated-silk_cl_4-0_ver,Posters — LT — ver,posters,posters,"{""CoatingType"":""none"",""ColorType"":""4-0"",""Orientation"":""ver"",""PaperFormat"":""LT"",""PaperType"":""350-gsm-coated-silk"",""ProductStatus"":""activated"",""ProtectionType"":""none"",""ShapeEdgeType"":""none"",""SpotFinishingType"":""none"",""State"":""published"",""Variable"":""no""}"
cards_pf_lt_pt_80-lb-cover-coated-silk_cl_4-0_hor,Posters — LT — hor,posters,posters,"{""CoatingType"":""none"",""ColorType"":""4-0"",""Orientation"":""hor"",""PaperFormat"":""LT"",""PaperType"":""80-lb-cover-coated-silk"",""ProductStatus"":""activated"",""ProtectionType"":""none"",""ShapeEdgeType"":""none"",""SpotFinishingType"":""none"",""State"":""published"",""Variable"":""no""}"
cards_pf_lt_pt_80-lb-cover-coated-silk_cl_4-0_ver,Posters — LT — ver,posters,posters,"{""CoatingType"":""none"",""ColorType"":""4-0"",""Orientation"":""ver"",""PaperFormat"":""LT"",""PaperType"":""80-lb-cover-coated-silk"",""ProductStatus"":""activated"",""ProtectionType"":""none"",""ShapeEdgeType"":""none"",""SpotFinishingType"":""none"",""State"":""published"",""Variable"":""no""}"
cards_pf_lt_pt_80-lb-cover-uncoated_cl_4-0_hor,Posters — LT — hor,posters,posters,"{""CoatingType"":""none"",""ColorType"":""4-0"",""Orientation"":""hor"",""PaperFormat"":""LT"",""PaperType"":""80-lb-cover-uncoated"",""ProductStatus"":""activated"",""ProtectionType"":""none"",""ShapeEdgeType"":""none"",""SpotFinishingType"":""none"",""State"":""published"",""Variable"":""no""}"
cards_pf_lt_pt_80-lb-cover-uncoated_cl_4-0_ver,Posters — LT — ver,posters,posters,"{""CoatingType"":""none"",""ColorType"":""4-0"",""Orientation"":""ver"",""PaperFormat"":""LT"",""PaperType"":""80-lb-cover-uncoated"",""ProductStatus"":""activated"",""ProtectionType"":""none"",""ShapeEdgeType"":""none"",""SpotFinishingType"":""none"",""State"":""published"",""Variable"":""no""}"
cards_pf_sm_pt_100-lb-cover-coated-silk_cl_4-0_hor,Posters — SM — hor,posters,posters,"{""CoatingType"":""none"",""ColorType"":""4-0"",""Orientation"":""hor"",""PaperFormat"":""SM"",""PaperType"":""100-lb-cover-coated-silk"",""ProductStatus"":""activated"",""ProtectionType"":""none"",""ShapeEdgeType"":""none"",""SpotFinishingType"":""none"",""State"":""published"",""Variable"":""no""}"
cards_pf_sm_pt_100-lb-cover-coated-silk_cl_4-0_ver,Posters — SM — ver,posters,posters,"{""CoatingType"":""none"",""ColorType"":""4-0"",""Orientation"":""ver"",""PaperFormat"":""SM"",""PaperType"":""100-lb-cover-coated-silk"",""ProductStatus"":""activated"",""ProtectionType"":""none"",""ShapeEdgeType"":""none"",""SpotFinishingType"":""none"",""State"":""published"",""Variable"":""no""}"
cards_pf_sm_pt_100-lb-cover-uncoated_cl_4-0_hor,Posters — SM — hor,posters,posters,"{""CoatingType"":""none"",""ColorType"":""4-0"",""Orientation"":""hor"",""PaperFormat"":""SM"",""PaperType"":""100-lb-cover-uncoated"",""ProductStatus"":""activated"",""ProtectionType"":""none"",""ShapeEdgeType"":""none"",""SpotFinishingType"":""none"",""State"":""published"",""Variable"":""no""}"
cards_pf_sm_pt_100-lb-cover-uncoated_cl_4-0_ver,Posters — SM — ver,posters,posters,"{""CoatingType"":""none"",""ColorType"":""4-0"",""Orientation"":""ver"",""PaperFormat"":""SM"",""PaperType"":""100-lb-cover-uncoated"",""ProductStatus"":""activated"",""ProtectionType"":""none"",""ShapeEdgeType"":""none"",""SpotFinishingType"":""none"",""State"":""published"",""Variable"":""no""}"
cards_pf_sm_pt_110-lb-cover-uncoated_cl_4-0_hor,Posters — SM — hor,posters,posters,"{""CoatingType"":""none"",""ColorType"":""4-0"",""Orientation"":""hor"",""PaperFormat"":""SM"",""PaperType"":""110-lb-cover-uncoated"",""ProductStatus"":""activated"",""ProtectionType"":""none"",""ShapeEdgeType"":""none"",""SpotFinishingType"":""none"",""State"":""published"",""Variable"":""no""}"
cards_pf_sm_pt_110-lb-cover-uncoated_cl_4-0_ver,Posters — SM — ver,posters,posters,"{""CoatingType"":""none"",""ColorType"":""4-0"",""Orientation"":""ver"",""PaperFormat"":""SM"",""PaperType"":""110-lb-cover-uncoated"",""ProductStatus"":""activated"",""ProtectionType"":""none"",""ShapeEdgeType"":""none"",""SpotFinishingType"":""none"",""State"":""published"",""Variable"":""no""}"
cards_pf_sm_pt_130-lb-cover-coated-silk_cl_4-0_hor,Posters — SM — hor,posters,posters,"{""CoatingType"":""none"",""ColorType"":""4-0"",""Orientation"":""hor"",""PaperFormat"":""SM"",""PaperType"":""130-lb-cover-coated-silk"",""ProductStatus"":""activated"",""ProtectionType"":""none"",""ShapeEdgeType"":""none"",""SpotFinishingType"":""none"",""State"":""published"",""Variable"":""no""}"
cards_pf_sm_pt_130-lb-cover-coated-silk_cl_4-0_ver,Posters — SM — ver,posters,posters,"{""CoatingType"":""none"",""ColorType"":""4-0"",""Orientation"":""ver"",""PaperFormat"":""SM"",""PaperType"":""130-lb-cover-coated-silk"",""ProductStatus"":""activated"",""ProtectionType"":""none"",""ShapeEdgeType"":""none"",""SpotFinishingType"":""none"",""State"":""published"",""Variable"":""no""}"
cards_pf_sm_pt_130-lb-cover-uncoated_cl_4-0_hor,Posters — SM — hor,posters,posters,"{""CoatingType"":""none"",""ColorType"":""4-0"",""Orientation"":""hor"",""PaperFormat"":""SM"",""PaperType"":""130-lb-cover-uncoated"",""ProductStatus"":""activated"",""ProtectionType"":""none"",""ShapeEdgeType"":""none"",""SpotFinishingType"":""none"",""State"":""published"",""Variable"":""no""}"
cards_pf_sm_pt_130-lb-cover-uncoated_cl_4-0_ver,Posters — SM — ver,posters,posters,"{""CoatingType"":""none"",""ColorType"":""4-0"",""Orientation"":""ver"",""PaperFormat"":""SM"",""PaperType"":""130-lb-cover-uncoated"",""ProductStatus"":""activated"",""ProtectionType"":""none"",""ShapeEdgeType"":""none"",""SpotFinishingType"":""none"",""State"":""published"",""Variable"":""no""}"
cards_pf_sq210x210_pt_100-lb-cover-coated-silk_cl_4-0_hor,Posters — SQ210x210 — hor,posters,posters,"{""CoatingType"":""none"",""ColorType"":""4-0"",""Orientation"":""hor"",""PaperFormat"":""SQ210x210"",""PaperType"":""100-lb-cover-coated-silk"",""ProductStatus"":""activated"",""ProtectionType"":""none"",""ShapeEdgeType"":""none"",""SpotFinishingType"":""none"",""State"":""published"",""Variable"":""no""}"
cards_pf_sq210x210_pt_100-lb-cover-uncoated_cl_4-0_hor,Posters — SQ210x210 — hor,posters,posters,"{""CoatingType"":""none"",""ColorType"":""4-0"",""Orientation"":""hor"",""PaperFormat"":""SQ210x210"",""PaperType"":""100-lb-cover-uncoated"",""ProductStatus"":""activated"",""ProtectionType"":""none"",""ShapeEdgeType"":""none"",""SpotFinishingType"":""none"",""State"":""published"",""Variable"":""no""}"
cards_pf_sq210x210_pt_110-lb-cover-uncoated_cl_4-0_hor,Posters — SQ210x210 — hor,posters,posters,"{""CoatingType"":""none"",""ColorType"":""4-0"",""Orientation"":""hor"",""PaperFormat"":""SQ210x210"",""PaperType"":""110-lb-cover-uncoated"",""ProductStatus"":""activated"",""ProtectionType"":""none"",""ShapeEdgeType"":""none"",""SpotFinishingType"":""none"",""State"":""published"",""Variable"":""no""}"
cards_pf_sq210x210_pt_130-lb-cover-coated-silk_cl_4-0_hor,Posters — SQ210x210 — hor,posters,posters,"{""CoatingType"":""none"",""ColorType"":""4-0"",""Orientation"":""hor"",""PaperFormat"":""SQ210x210"",""PaperType"":""130-lb-cover-coated-silk"",""ProductStatus"":""activated"",""ProtectionType"":""none"",""ShapeEdgeType"":""none"",""SpotFinishingType"":""none"",""State"":""published"",""Variable"":""no""}"
cards_pf_sq210x210_pt_250-gsm-coated-silk_cl_4-0_hor,Posters — SQ210x210 — hor,posters,posters,"{""CoatingType"":""none"",""ColorType"":""4-0"",""Orientation"":""hor"",""PaperFormat"":""SQ210x210"",""PaperType"":""250-gsm-coated-silk"",""ProductStatus"":""activated"",""ProtectionType"":""none"",""ShapeEdgeType"":""none"",""SpotFinishingType"":""none"",""State"":""published"",""Variable"":""no""}"
cards_pf_sq210x210_pt_250-gsm-uncoated_cl_4-0_hor,Posters — SQ210x210 — hor,posters,posters,"{""CoatingType"":""none"",""ColorType"":""4-0"",""Orientation"":""hor"",""PaperFormat"":""SQ210x210"",""PaperType"":""250-gsm-uncoated"",""ProductStatus"":""activated"",""ProtectionType"":""none"",""ShapeEdgeType"":""none"",""SpotFinishingType"":""none"",""State"":""published"",""Variable"":""no""}"
cards_pf_sq210x210_pt_300-gsm-uncoated_cl_4-0_hor,Posters — SQ210x210 — hor,posters,posters,"{""CoatingType"":""none"",""ColorType"":""4-0"",""Orientation"":""hor"",""PaperFormat"":""SQ210x210"",""PaperType"":""300-gsm-uncoated"",""ProductStatus"":""activated"",""ProtectionType"":""none"",""ShapeEdgeType"":""none"",""SpotFinishingType"":""none"",""State"":""published"",""Variable"":""no""}"
cards_pf_sq210x210_pt_350-gsm-coated-silk_cl_4-0_hor,Posters — SQ210x210 — hor,posters,posters,"{""CoatingType"":""none"",""ColorType"":""4-0"",""Orientation"":""hor"",""PaperFormat"":""SQ210x210"",""PaperType"":""350-gsm-coated-silk"",""ProductStatus"":""activated"",""ProtectionType"":""none"",""ShapeEdgeType"":""none"",""SpotFinishingType"":""none"",""State"":""published"",""Variable"":""no""}"
cards_pf_sq_pt_100-lb-cover-coated-silk_cl_4-0_hor,Posters — SQ — hor,posters,posters,"{""CoatingType"":""none"",""ColorType"":""4-0"",""Orientation"":""hor"",""PaperFormat"":""SQ"",""PaperType"":""100-lb-cover-coated-silk"",""ProductStatus"":""activated"",""ProtectionType"":""none"",""ShapeEdgeType"":""none"",""SpotFinishingType"":""none"",""State"":""published"",""Variable"":""no""}"
cards_pf_sq_pt_100-lb-cover-uncoated_cl_4-0_hor,Posters — SQ — hor,posters,posters,"{""CoatingType"":""none"",""ColorType"":""4-0"",""Orientation"":""hor"",""PaperFormat"":""SQ"",""PaperType"":""100-lb-cover-uncoated"",""ProductStatus"":""activated"",""ProtectionType"":""none"",""ShapeEdgeType"":""none"",""SpotFinishingType"":""none"",""State"":""published"",""Variable"":""no""}"
cards_pf_sq_pt_250-gsm-coated-silk_cl_4-0_hor,Posters — SQ — hor,posters,posters,"{""CoatingType"":""none"",""ColorType"":""4-0"",""Orientation"":""hor"",""PaperFormat"":""SQ"",""PaperType"":""250-gsm-coated-silk"",""ProductStatus"":""activated"",""ProtectionType"":""none"",""ShapeEdgeType"":""none"",""SpotFinishingType"":""none"",""State"":""published"",""Variable"":""no""}"
cards_pf_sq_pt_250-gsm-uncoated_cl_4-0_hor,Posters — SQ — hor,posters,posters,"{""CoatingType"":""none"",""ColorType"":""4-0"",""Orientation"":""hor"",""PaperFormat"":""SQ"",""PaperType"":""250-gsm-uncoated"",""ProductStatus"":""activated"",""ProtectionType"":""none"",""ShapeEdgeType"":""none"",""SpotFinishingType"":""none"",""State"":""published"",""Variable"":""no""}"
cards_pf_sq_pt_300-gsm-coated-silk_cl_4-0_hor,Posters — SQ — hor,posters,posters,"{""CoatingType"":""none"",""ColorType"":""4-0"",""Orientation"":""hor"",""PaperFormat"":""SQ"",""PaperType"":""300-gsm-coated-silk"",""ProductStatus"":""activated"",""ProtectionType"":""none"",""ShapeEdgeType"":""none"",""SpotFinishingType"":""none"",""State"":""published"",""Variable"":""no""}"
cards_pf_sq_pt_300-gsm-uncoated_cl_4-0_hor,Posters — SQ — hor,posters,posters,"{""CoatingType"":""none"",""ColorType"":""4-0"",""Orientation"":""hor"",""PaperFormat"":""SQ"",""PaperType"":""300-gsm-uncoated"",""ProductStatus"":""activated"",""ProtectionType"":""none"",""ShapeEdgeType"":""none"",""SpotFinishingType"":""none"",""State"":""published"",""Variable"":""no""}"
cards_pf_sq_pt_300-gsm-uncoated_cl_4-0_hor_variable,Posters — SQ — hor,posters,posters,"{""CoatingType"":""none"",""ColorType"":""4-0"",""Orientation"":""hor"",""PaperFormat"":""SQ"",""PaperType"":""300-gsm-uncoated"",""ProductStatus"":""activated"",""ProtectionType"":""none"",""ShapeEdgeType"":""none"",""SpotFinishingType"":""none"",""State"":""published"",""Variable"":""yes""}"
cards_pf_sq_pt_300-gsm-uncoated_cl_4-0_set_round-8mm_hor,Posters — SQ — hor,posters,posters,"{""CoatingType"":""none"",""ColorType"":""4-0"",""Orientation"":""hor"",""PaperFormat"":""SQ"",""PaperType"":""300-gsm-uncoated"",""ProductStatus"":""activated"",""ProtectionType"":""none"",""ShapeEdgeType"":""round-8mm"",""SpotFinishingType"":""none"",""State"":""published"",""Variable"":""no""}"
cards_pf_sq_pt_300-gsm-uncoated_cl_4-0_sft_foil-copper-1-0_hor,Posters — SQ — hor,posters,posters,"{""CoatingType"":""none"",""ColorType"":""4-0"",""Orientation"":""hor"",""PaperFormat"":""SQ"",""PaperType"":""300-gsm-uncoated"",""ProductStatus"":""activated"",""ProtectionType"":""none"",""ShapeEdgeType"":""none"",""SpotFinishingType"":""foil-copper-1-0"",""State"":""published"",""Variable"":""no""}"
cards_pf_sq_pt_300-gsm-uncoated_cl_4-0_sft_foil-copper-1-0_set_round-8mm_hor,Posters — SQ — hor,posters,posters,"{""CoatingType"":""none"",""ColorType"":""4-0"",""Orientation"":""hor"",""PaperFormat"":""SQ"",""PaperType"":""300-gsm-uncoated"",""ProductStatus"":""activated"",""ProtectionType"":""none"",""ShapeEdgeType"":""round-8mm"",""SpotFinishingType"":""foil-copper-1-0"",""State"":""published"",""Variable"":""no""}"
cards_pf_sq_pt_300-gsm-uncoated_cl_4-0_sft_foil-copper-1-1_hor,Posters — SQ — hor,posters,posters,"{""CoatingType"":""none"",""ColorType"":""4-0"",""Orientation"":""hor"",""PaperFormat"":""SQ"",""PaperType"":""300-gsm-uncoated"",""ProductStatus"":""activated"",""ProtectionType"":""none"",""ShapeEdgeType"":""none"",""SpotFinishingType"":""foil-copper-1-1"",""State"":""published"",""Variable"":""no""}"
cards_pf_sq_pt_300-gsm-uncoated_cl_4-0_sft_foil-copper-1-1_set_round-8mm_hor,Posters — SQ — hor,posters,posters,"{""CoatingType"":""none"",""ColorType"":""4-0"",""Orientation"":""hor"",""PaperFormat"":""SQ"",""PaperType"":""300-gsm-uncoated"",""ProductStatus"":""activated"",""ProtectionType"":""none"",""ShapeEdgeType"":""round-8mm"",""SpotFinishingType"":""foil-copper-1-1"",""State"":""published"",""Variable"":""no""}"
cards_pf_sq_pt_300-gsm-uncoated_cl_4-0_sft_foil-gold-1-0_hor,Posters — SQ — hor,posters,posters,"{""CoatingType"":""none"",""ColorType"":""4-0"",""Orientation"":""hor"",""PaperFormat"":""SQ"",""PaperType"":""300-gsm-uncoated"",""ProductStatus"":""activated"",""ProtectionType"":""none"",""ShapeEdgeType"":""none"",""SpotFinishingType"":""foil-gold-1-0"",""State"":""published"",""Variable"":""no""}"
cards_pf_sq_pt_300-gsm-uncoated_cl_4-0_sft_foil-gold-1-0_set_round-8mm_hor,Posters — SQ — hor,posters,posters,"{""CoatingType"":""none"",""ColorType"":""4-0"",""Orientation"":""hor"",""PaperFormat"":""SQ"",""PaperType"":""300-gsm-uncoated"",""ProductStatus"":""activated"",""ProtectionType"":""none"",""ShapeEdgeType"":""round-8mm"",""SpotFinishingType"":""foil-gold-1-0"",""State"":""published"",""Variable"":""no""}"
cards_pf_sq_pt_300-gsm-uncoated_cl_4-0_sft_foil-gold-1-1_hor,Posters — SQ — hor,posters,posters,"{""CoatingType"":""none"",""ColorType"":""4-0"",""Orientation"":""hor"",""PaperFormat"":""SQ"",""PaperType"":""300-gsm-uncoated"",""ProductStatus"":""activated"",""ProtectionType"":""none"",""ShapeEdgeType"":""none"",""SpotFinishingType"":""foil-gold-1-1"",""State"":""published"",""Variable"":""no""}"
cards_pf_sq_pt_300-gsm-uncoated_cl_4-0_sft_foil-gold-1-1_set_round-8mm_hor,Posters — SQ — hor,posters,posters,"{""CoatingType"":""none"",""ColorType"":""4-0"",""Orientation"":""hor"",""PaperFormat"":""SQ"",""PaperType"":""300-gsm-uncoated"",""ProductStatus"":""activated"",""ProtectionType"":""none"",""ShapeEdgeType"":""round-8mm"",""SpotFinishingType"":""foil-gold-1-1"",""State"":""published"",""Variable"":""no""}"
cards_pf_sq_pt_300-gsm-uncoated_cl_4-0_sft_foil-silver-1-0_hor,Posters — SQ — hor,posters,posters,"{""CoatingType"":""none"",""ColorType"":""4-0"",""Orientation"":""hor"",""PaperFormat"":""SQ"",""PaperType"":""300-gsm-uncoated"",""ProductStatus"":""activated"",""ProtectionType"":""none"",""ShapeEdgeType"":""none"",""SpotFinishingType"":""foil-silver-1-0"",""State"":""published"",""Variable"":""no""}"
cards_pf_sq_pt_300-gsm-uncoated_cl_4-0_sft_foil-silver-1-0_set_round-8mm_hor,Posters — SQ — hor,posters,posters,"{""CoatingType"":""none"",""ColorType"":""4-0"",""Orientation"":""hor"",""PaperFormat"":""SQ"",""PaperType"":""300-gsm-uncoated"",""ProductStatus"":""activated"",""ProtectionType"":""none"",""ShapeEdgeType"":""round-8mm"",""SpotFinishingType"":""foil-silver-1-0"",""State"":""published"",""Variable"":""no""}"
cards_pf_sq_pt_300-gsm-uncoated_cl_4-0_sft_foil-silver-1-1_hor,Posters — SQ — hor,posters,posters,"{""CoatingType"":""none"",""ColorType"":""4-0"",""Orientation"":""hor"",""PaperFormat"":""SQ"",""PaperType"":""300-gsm-uncoated"",""ProductStatus"":""activated"",""ProtectionType"":""none"",""ShapeEdgeType"":""none"",""SpotFinishingType"":""foil-silver-1-1"",""State"":""published"",""Variable"":""no""}"
cards_pf_sq_pt_300-gsm-uncoated_cl_4-0_sft_foil-silver-1-1_set_round-8mm_hor,Posters — SQ — hor,posters,posters,"{""CoatingType"":""none"",""ColorType"":""4-0"",""Orientation"":""hor"",""PaperFormat"":""SQ"",""PaperType"":""300-gsm-uncoated"",""ProductStatus"":""activated"",""ProtectionType"":""none"",""ShapeEdgeType"":""round-8mm"",""SpotFinishingType"":""foil-silver-1-1"",""State"":""published"",""Variable"":""no""}"
cards_pf_sq_pt_350-gsm-coated-silk_cl_4-0_hor,Posters — SQ — hor,posters,posters,"{""CoatingType"":""none"",""ColorType"":""4-0"",""Orientation"":""hor"",""PaperFormat"":""SQ"",""PaperType"":""350-gsm-coated-silk"",""ProductStatus"":""activated"",""ProtectionType"":""none"",""ShapeEdgeType"":""none"",""SpotFinishingType"":""none"",""State"":""published"",""Variable"":""no""}"
cards_pf_sq_pt_350-gsm-uncoated_cl_4-0_hor,Posters — SQ — hor,posters,posters,"{""CoatingType"":""none"",""ColorType"":""4-0"",""Orientation"":""hor"",""PaperFormat"":""SQ"",""PaperType"":""350-gsm-uncoated"",""ProductStatus"":""activated"",""ProtectionType"":""none"",""ShapeEdgeType"":""none"",""SpotFinishingType"":""none"",""State"":""published"",""Variable"":""no""}"
cards_pf_sq_pt_80-lb-cover-coated-silk_cl_4-0_hor,Posters — SQ — hor,posters,posters,"{""CoatingType"":""none"",""ColorType"":""4-0"",""Orientation"":""hor"",""PaperFormat"":""SQ"",""PaperType"":""80-lb-cover-coated-silk"",""ProductStatus"":""activated"",""ProtectionType"":""none"",""ShapeEdgeType"":""none"",""SpotFinishingType"":""none"",""State"":""published"",""Variable"":""no""}"
cards_pf_sq_pt_80-lb-cover-uncoated_cl_4-0_hor,Posters — SQ — hor,posters,posters,"{""CoatingType"":""none"",""ColorType"":""4-0"",""Orientation"":""hor"",""PaperFormat"":""SQ"",""PaperType"":""80-lb-cover-uncoated"",""ProductStatus"":""activated"",""ProtectionType"":""none"",""ShapeEdgeType"":""none"",""SpotFinishingType"":""none"",""State"":""published"",""Variable"":""no""}"
cards_pf_sx_pt_110-lb-cover-uncoated_cl_4-0_hor,Posters — SX — hor,posters,posters,"{""CoatingType"":""none"",""ColorType"":""4-0"",""Orientation"":""hor"",""PaperFormat"":""SX"",""PaperType"":""110-lb-cover-uncoated"",""ProductStatus"":""activated"",""ProtectionType"":""none"",""ShapeEdgeType"":""none"",""SpotFinishingType"":""none"",""State"":""published"",""Variable"":""no""}"
cards_pf_sx_pt_130-lb-cover-coated-silk_cl_4-0_hor,Posters — SX — hor,posters,posters,"{""CoatingType"":""none"",""ColorType"":""4-0"",""Orientation"":""hor"",""PaperFormat"":""SX"",""PaperType"":""130-lb-cover-coated-silk"",""ProductStatus"":""activated"",""ProtectionType"":""none"",""ShapeEdgeType"":""none"",""SpotFinishingType"":""none"",""State"":""published"",""Variable"":""no""}"
cards_pf_sx_pt_130-lb-cover-uncoated_cl_4-0_hor,Posters — SX — hor,posters,posters,"{""CoatingType"":""none"",""ColorType"":""4-0"",""Orientation"":""hor"",""PaperFormat"":""SX"",""PaperType"":""130-lb-cover-uncoated"",""ProductStatus"":""activated"",""ProtectionType"":""none"",""ShapeEdgeType"":""none"",""SpotFinishingType"":""none"",""State"":""published"",""Variable"":""no""}"
flat_1000x1000-mm-40x40-inch_200-gsm-80lb-uncoated_4-0_hor,Posters — hor,posters,posters,"{""CoatingType"":""none"",""ColorType"":""4-0"",""Orientation"":""hor"",""ProductStatus"":""activated"",""ProtectionType"":""none"",""ShapeEdgeType"":""none"",""SpotFinishingType"":""none"",""State"":""published"",""UnifiedPaperFormat"":""1000x1000-mm-40x40-inch"",""UnifiedPaperType"":""200-gsm-80lb-uncoated""}"
flat_1000x1000-mm-40x40-inch_200-gsm-80lb-uncoated_4-0_ver,Posters — ver,posters,posters,"{""CoatingType"":""none"",""ColorType"":""4-0"",""Orientation"":""ver"",""ProductStatus"":""activated"",""ProtectionType"":""none"",""ShapeEdgeType"":""none"",""SpotFinishingType"":""none"",""State"":""published"",""UnifiedPaperFormat"":""1000x1000-mm-40x40-inch"",""UnifiedPaperType"":""200-gsm-80lb-uncoated""}"
flat_1000x1000-mm-40x40-inch_250-gsm-100lb-uncoated-offwhite-archival_4-0_hor,Posters — hor,posters,posters,"{""CoatingType"":""none"",""ColorType"":""4-0"",""Orientation"":""hor"",""ProductStatus"":""activated"",""ProtectionType"":""none"",""ShapeEdgeType"":""none"",""SpotFinishingType"":""none"",""State"":""published"",""UnifiedPaperFormat"":""1000x1000-mm-40x40-inch"",""UnifiedPaperType"":""250-gsm-100lb-uncoated-offwhite-archival""}"
flat_1000x1000-mm-40x40-inch_250-gsm-100lb-uncoated-offwhite-archival_4-0_ver,Posters — ver,posters,posters,"{""CoatingType"":""none"",""ColorType"":""4-0"",""Orientation"":""ver"",""ProductStatus"":""activated"",""ProtectionType"":""none"",""ShapeEdgeType"":""none"",""SpotFinishingType"":""none"",""State"":""published"",""UnifiedPaperFormat"":""1000x1000-mm-40x40-inch"",""UnifiedPaperType"":""250-gsm-100lb-uncoated-offwhite-archival""}"
flat_1000x1500-mm-40x60-inch_200-gsm-80lb-uncoated_4-0_hor,Posters — hor,posters,posters,"{""CoatingType"":""none"",""ColorType"":""4-0"",""Orientation"":""hor"",""ProductStatus"":""activated"",""ProtectionType"":""none"",""ShapeEdgeType"":""none"",""SpotFinishingType"":""none"",""State"":""published"",""UnifiedPaperFormat"":""1000x1500-mm-40x60-inch"",""UnifiedPaperType"":""200-gsm-80lb-uncoated""}"
flat_1000x1500-mm-40x60-inch_200-gsm-80lb-uncoated_4-0_ver,Posters — ver,posters,posters,"{""CoatingType"":""none"",""ColorType"":""4-0"",""Orientation"":""ver"",""ProductStatus"":""activated"",""ProtectionType"":""none"",""ShapeEdgeType"":""none"",""SpotFinishingType"":""none"",""State"":""published"",""UnifiedPaperFormat"":""1000x1500-mm-40x60-inch"",""UnifiedPaperType"":""200-gsm-80lb-uncoated""}"
flat_1000x1500-mm-40x60-inch_250-gsm-100lb-uncoated-offwhite-archival_4-0_hor,Posters — hor,posters,posters,"{""CoatingType"":""none"",""ColorType"":""4-0"",""Orientation"":""hor"",""ProductStatus"":""activated"",""ProtectionType"":""none"",""ShapeEdgeType"":""none"",""SpotFinishingType"":""none"",""State"":""published"",""UnifiedPaperFormat"":""1000x1500-mm-40x60-inch"",""UnifiedPaperType"":""250-gsm-100lb-uncoated-offwhite-archival""}"
flat_1000x1500-mm-40x60-inch_250-gsm-100lb-uncoated-offwhite-archival_4-0_ver,Posters — ver,posters,posters,"{""CoatingType"":""none"",""ColorType"":""4-0"",""Orientation"":""ver"",""ProductStatus"":""activated"",""ProtectionType"":""none"",""ShapeEdgeType"":""none"",""SpotFinishingType"":""none"",""State"":""published"",""UnifiedPaperFormat"":""1000x1500-mm-40x60-inch"",""UnifiedPaperType"":""250-gsm-100lb-uncoated-offwhite-archival""}"
flat_10x10-inch-250x250-mm_170-gsm-65lb-coated-silk_4-0_hor,Posters — hor,posters,posters,"{""CoatingType"":""none"",""ColorType"":""4-0"",""Orientation"":""hor"",""ProductStatus"":""activated"",""ProtectionType"":""none"",""ShapeEdgeType"":""none"",""SpotFinishingType"":""none"",""State"":""published"",""UnifiedPaperFormat"":""10x10-inch-250x250-mm"",""UnifiedPaperType"":""170-gsm-65lb-coated-silk""}"
flat_10x10-inch-250x250-mm_170-gsm-65lb-coated-silk_4-0_ver,Posters — ver,posters,posters,"{""CoatingType"":""none"",""ColorType"":""4-0"",""Orientation"":""ver"",""ProductStatus"":""activated"",""ProtectionType"":""none"",""ShapeEdgeType"":""none"",""SpotFinishingType"":""none"",""State"":""published"",""UnifiedPaperFormat"":""10x10-inch-250x250-mm"",""UnifiedPaperType"":""170-gsm-65lb-coated-silk""}"
flat_10x10-inch-250x250-mm_170-gsm-65lb-uncoated_4-0_hor,Posters — hor,posters,posters,"{""CoatingType"":""none"",""ColorType"":""4-0"",""Orientation"":""hor"",""ProductStatus"":""activated"",""ProtectionType"":""none"",""ShapeEdgeType"":""none"",""SpotFinishingType"":""none"",""State"":""published"",""UnifiedPaperFormat"":""10x10-inch-250x250-mm"",""UnifiedPaperType"":""170-gsm-65lb-uncoated""}"
flat_10x10-inch-250x250-mm_170-gsm-65lb-uncoated_4-0_ver,Posters — ver,posters,posters,"{""CoatingType"":""none"",""ColorType"":""4-0"",""Orientation"":""ver"",""ProductStatus"":""activated"",""ProtectionType"":""none"",""ShapeEdgeType"":""none"",""SpotFinishingType"":""none"",""State"":""published"",""UnifiedPaperFormat"":""10x10-inch-250x250-mm"",""UnifiedPaperType"":""170-gsm-65lb-uncoated""}"
flat_10x10-inch-250x250-mm_200-gsm-80lb-coated-silk_4-0_hor,Posters — hor,posters,posters,"{""CoatingType"":""none"",""ColorType"":""4-0"",""Orientation"":""hor"",""ProductStatus"":""activated"",""ProtectionType"":""none"",""ShapeEdgeType"":""none"",""SpotFinishingType"":""none"",""State"":""published"",""UnifiedPaperFormat"":""10x10-inch-250x250-mm"",""UnifiedPaperType"":""200-gsm-80lb-coated-silk""}"
flat_10x10-inch-250x250-mm_200-gsm-80lb-coated-silk_4-0_ver,Posters — ver,posters,posters,"{""CoatingType"":""none"",""ColorType"":""4-0"",""Orientation"":""ver"",""ProductStatus"":""activated"",""ProtectionType"":""none"",""ShapeEdgeType"":""none"",""SpotFinishingType"":""none"",""State"":""published"",""UnifiedPaperFormat"":""10x10-inch-250x250-mm"",""UnifiedPaperType"":""200-gsm-80lb-coated-silk""}"
flat_10x10-inch-250x250-mm_200-gsm-80lb-uncoated_4-0_hor,Posters — hor,posters,posters,"{""CoatingType"":""none"",""ColorType"":""4-0"",""Orientation"":""hor"",""ProductStatus"":""activated"",""ProtectionType"":""none"",""ShapeEdgeType"":""none"",""SpotFinishingType"":""none"",""State"":""published"",""UnifiedPaperFormat"":""10x10-inch-250x250-mm"",""UnifiedPaperType"":""200-gsm-80lb-uncoated""}"
flat_10x10-inch-250x250-mm_200-gsm-80lb-uncoated_4-0_ver,Posters — ver,posters,posters,"{""CoatingType"":""none"",""ColorType"":""4-0"",""Orientation"":""ver"",""ProductStatus"":""activated"",""ProtectionType"":""none"",""ShapeEdgeType"":""none"",""SpotFinishingType"":""none"",""State"":""published"",""UnifiedPaperFormat"":""10x10-inch-250x250-mm"",""UnifiedPaperType"":""200-gsm-80lb-uncoated""}"
flat_10x10-inch-250x250-mm_250-gsm-100lb-uncoated-offwhite-archival_4-0_hor,Posters — hor,posters,posters,"{""CoatingType"":""none"",""ColorType"":""4-0"",""Orientation"":""hor"",""ProductStatus"":""activated"",""ProtectionType"":""none"",""ShapeEdgeType"":""none"",""SpotFinishingType"":""none"",""State"":""published"",""UnifiedPaperFormat"":""10x10-inch-250x250-mm"",""UnifiedPaperType"":""250-gsm-100lb-uncoated-offwhite-archival""}"
flat_10x10-inch-250x250-mm_250-gsm-100lb-uncoated-offwhite-archival_4-0_ver,Posters — ver,posters,posters,"{""CoatingType"":""none"",""ColorType"":""4-0"",""Orientation"":""ver"",""ProductStatus"":""activated"",""ProtectionType"":""none"",""ShapeEdgeType"":""none"",""SpotFinishingType"":""none"",""State"":""published"",""UnifiedPaperFormat"":""10x10-inch-250x250-mm"",""UnifiedPaperType"":""250-gsm-100lb-uncoated-offwhite-archival""}"
flat_10x24-inch-250x600-mm_170-gsm-65lb-coated-silk_4-0_hor,Posters — hor,posters,posters,"{""CoatingType"":""none"",""ColorType"":""4-0"",""Orientation"":""hor"",""ProductStatus"":""activated"",""ProtectionType"":""none"",""ShapeEdgeType"":""none"",""SpotFinishingType"":""none"",""State"":""published"",""UnifiedPaperFormat"":""10x24-inch-250x600-mm"",""UnifiedPaperType"":""170-gsm-65lb-coated-silk""}"
flat_10x24-inch-250x600-mm_170-gsm-65lb-coated-silk_4-0_ver,Posters — ver,posters,posters,"{""CoatingType"":""none"",""ColorType"":""4-0"",""Orientation"":""ver"",""ProductStatus"":""activated"",""ProtectionType"":""none"",""ShapeEdgeType"":""none"",""SpotFinishingType"":""none"",""State"":""published"",""UnifiedPaperFormat"":""10x24-inch-250x600-mm"",""UnifiedPaperType"":""170-gsm-65lb-coated-silk""}"
flat_10x24-inch-250x600-mm_170-gsm-65lb-uncoated_4-0_hor,Posters — hor,posters,posters,"{""CoatingType"":""none"",""ColorType"":""4-0"",""Orientation"":""hor"",""ProductStatus"":""activated"",""ProtectionType"":""none"",""ShapeEdgeType"":""none"",""SpotFinishingType"":""none"",""State"":""published"",""UnifiedPaperFormat"":""10x24-inch-250x600-mm"",""UnifiedPaperType"":""170-gsm-65lb-uncoated""}"
flat_10x24-inch-250x600-mm_170-gsm-65lb-uncoated_4-0_ver,Posters — ver,posters,posters,"{""CoatingType"":""none"",""ColorType"":""4-0"",""Orientation"":""ver"",""ProductStatus"":""activated"",""ProtectionType"":""none"",""ShapeEdgeType"":""none"",""SpotFinishingType"":""none"",""State"":""published"",""UnifiedPaperFormat"":""10x24-inch-250x600-mm"",""UnifiedPaperType"":""170-gsm-65lb-uncoated""}"
flat_10x24-inch-250x600-mm_200-gsm-80lb-coated-silk_4-0_hor,Posters — hor,posters,posters,"{""CoatingType"":""none"",""ColorType"":""4-0"",""Orientation"":""hor"",""ProductStatus"":""activated"",""ProtectionType"":""none"",""ShapeEdgeType"":""none"",""SpotFinishingType"":""none"",""State"":""published"",""UnifiedPaperFormat"":""10x24-inch-250x600-mm"",""UnifiedPaperType"":""200-gsm-80lb-coated-silk""}"
flat_10x24-inch-250x600-mm_200-gsm-80lb-coated-silk_4-0_ver,Posters — ver,posters,posters,"{""CoatingType"":""none"",""ColorType"":""4-0"",""Orientation"":""ver"",""ProductStatus"":""activated"",""ProtectionType"":""none"",""ShapeEdgeType"":""none"",""SpotFinishingType"":""none"",""State"":""published"",""UnifiedPaperFormat"":""10x24-inch-250x600-mm"",""UnifiedPaperType"":""200-gsm-80lb-coated-silk""}"
flat_10x24-inch-250x600-mm_200-gsm-80lb-uncoated_4-0_hor,Posters — hor,posters,posters,"{""CoatingType"":""none"",""ColorType"":""4-0"",""Orientation"":""hor"",""ProductStatus"":""activated"",""ProtectionType"":""none"",""ShapeEdgeType"":""none"",""SpotFinishingType"":""none"",""State"":""published"",""UnifiedPaperFormat"":""10x24-inch-250x600-mm"",""UnifiedPaperType"":""200-gsm-80lb-uncoated""}"
flat_10x24-inch-250x600-mm_200-gsm-80lb-uncoated_4-0_ver,Posters — ver,posters,posters,"{""CoatingType"":""none"",""ColorType"":""4-0"",""Orientation"":""ver"",""ProductStatus"":""activated"",""ProtectionType"":""none"",""ShapeEdgeType"":""none"",""SpotFinishingType"":""none"",""State"":""published"",""UnifiedPaperFormat"":""10x24-inch-250x600-mm"",""UnifiedPaperType"":""200-gsm-80lb-uncoated""}"
flat_10x24-inch-250x600-mm_250-gsm-100lb-uncoated-offwhite-archival_4-0_hor,Posters — hor,posters,posters,"{""CoatingType"":""none"",""ColorType"":""4-0"",""Orientation"":""hor"",""ProductStatus"":""activated"",""ProtectionType"":""none"",""ShapeEdgeType"":""none"",""SpotFinishingType"":""none"",""State"":""published"",""UnifiedPaperFormat"":""10x24-inch-250x600-mm"",""UnifiedPaperType"":""250-gsm-100lb-uncoated-offwhite-archival""}"
flat_10x24-inch-250x600-mm_250-gsm-100lb-uncoated-offwhite-archival_4-0_ver,Posters — ver,posters,posters,"{""CoatingType"":""none"",""ColorType"":""4-0"",""Orientation"":""ver"",""ProductStatus"":""activated"",""ProtectionType"":""none"",""ShapeEdgeType"":""none"",""SpotFinishingType"":""none"",""State"":""published"",""UnifiedPaperFormat"":""10x24-inch-250x600-mm"",""UnifiedPaperType"":""250-gsm-100lb-uncoated-offwhite-archival""}"
flat_11x14-inch-270x350-mm_170-gsm-65lb-coated-silk_4-0_hor,Posters — hor,posters,posters,"{""CoatingType"":""none"",""ColorType"":""4-0"",""Orientation"":""hor"",""ProductStatus"":""activated"",""ProtectionType"":""none"",""ShapeEdgeType"":""none"",""SpotFinishingType"":""none"",""State"":""published"",""UnifiedPaperFormat"":""11x14-inch-270x350-mm"",""UnifiedPaperType"":""170-gsm-65lb-coated-silk""}"
flat_11x14-inch-270x350-mm_170-gsm-65lb-coated-silk_4-0_ver,Posters — ver,posters,posters,"{""CoatingType"":""none"",""ColorType"":""4-0"",""Orientation"":""ver"",""ProductStatus"":""activated"",""ProtectionType"":""none"",""ShapeEdgeType"":""none"",""SpotFinishingType"":""none"",""State"":""published"",""UnifiedPaperFormat"":""11x14-inch-270x350-mm"",""UnifiedPaperType"":""170-gsm-65lb-coated-silk""}"
flat_11x14-inch-270x350-mm_170-gsm-65lb-uncoated_4-0_hor,Posters — hor,posters,posters,"{""CoatingType"":""none"",""ColorType"":""4-0"",""Orientation"":""hor"",""ProductStatus"":""activated"",""ProtectionType"":""none"",""ShapeEdgeType"":""none"",""SpotFinishingType"":""none"",""State"":""published"",""UnifiedPaperFormat"":""11x14-inch-270x350-mm"",""UnifiedPaperType"":""170-gsm-65lb-uncoated""}"
flat_11x14-inch-270x350-mm_170-gsm-65lb-uncoated_4-0_ver,Posters — ver,posters,posters,"{""CoatingType"":""none"",""ColorType"":""4-0"",""Orientation"":""ver"",""ProductStatus"":""activated"",""ProtectionType"":""none"",""ShapeEdgeType"":""none"",""SpotFinishingType"":""none"",""State"":""published"",""UnifiedPaperFormat"":""11x14-inch-270x350-mm"",""UnifiedPaperType"":""170-gsm-65lb-uncoated""}"
flat_11x14-inch-270x350-mm_200-gsm-80lb-coated-silk_4-0_hor,Posters — hor,posters,posters,"{""CoatingType"":""none"",""ColorType"":""4-0"",""Orientation"":""hor"",""ProductStatus"":""activated"",""ProtectionType"":""none"",""ShapeEdgeType"":""none"",""SpotFinishingType"":""none"",""State"":""published"",""UnifiedPaperFormat"":""11x14-inch-270x350-mm"",""UnifiedPaperType"":""200-gsm-80lb-coated-silk""}"
flat_11x14-inch-270x350-mm_200-gsm-80lb-coated-silk_4-0_ver,Posters — ver,posters,posters,"{""CoatingType"":""none"",""ColorType"":""4-0"",""Orientation"":""ver"",""ProductStatus"":""activated"",""ProtectionType"":""none"",""ShapeEdgeType"":""none"",""SpotFinishingType"":""none"",""State"":""published"",""UnifiedPaperFormat"":""11x14-inch-270x350-mm"",""UnifiedPaperType"":""200-gsm-80lb-coated-silk""}"
flat_11x14-inch-270x350-mm_200-gsm-80lb-uncoated_4-0_hor,Posters — hor,posters,posters,"{""CoatingType"":""none"",""ColorType"":""4-0"",""Orientation"":""hor"",""ProductStatus"":""activated"",""ProtectionType"":""none"",""ShapeEdgeType"":""none"",""SpotFinishingType"":""none"",""State"":""published"",""UnifiedPaperFormat"":""11x14-inch-270x350-mm"",""UnifiedPaperType"":""200-gsm-80lb-uncoated""}"
flat_11x14-inch-270x350-mm_200-gsm-80lb-uncoated_4-0_ver,Posters — ver,posters,posters,"{""CoatingType"":""none"",""ColorType"":""4-0"",""Orientation"":""ver"",""ProductStatus"":""activated"",""ProtectionType"":""none"",""ShapeEdgeType"":""none"",""SpotFinishingType"":""none"",""State"":""published"",""UnifiedPaperFormat"":""11x14-inch-270x350-mm"",""UnifiedPaperType"":""200-gsm-80lb-uncoated""}"
flat_11x14-inch-270x350-mm_250-gsm-100lb-uncoated-offwhite-archival_4-0_hor,Posters — hor,posters,posters,"{""CoatingType"":""none"",""ColorType"":""4-0"",""Orientation"":""hor"",""ProductStatus"":""activated"",""ProtectionType"":""none"",""ShapeEdgeType"":""none"",""SpotFinishingType"":""none"",""State"":""published"",""UnifiedPaperFormat"":""11x14-inch-270x350-mm"",""UnifiedPaperType"":""250-gsm-100lb-uncoated-offwhite-archival""}"
flat_11x14-inch-270x350-mm_250-gsm-100lb-uncoated-offwhite-archival_4-0_ver,Posters — ver,posters,posters,"{""CoatingType"":""none"",""ColorType"":""4-0"",""Orientation"":""ver"",""ProductStatus"":""activated"",""ProtectionType"":""none"",""ShapeEdgeType"":""none"",""SpotFinishingType"":""none"",""State"":""published"",""UnifiedPaperFormat"":""11x14-inch-270x350-mm"",""UnifiedPaperType"":""250-gsm-100lb-uncoated-offwhite-archival""}"
flat_12x12-inch-300x300-mm_170-gsm-65lb-coated-silk_4-0_hor,Posters — hor,posters,posters,"{""CoatingType"":""none"",""ColorType"":""4-0"",""Orientation"":""hor"",""ProductStatus"":""activated"",""ProtectionType"":""none"",""ShapeEdgeType"":""none"",""SpotFinishingType"":""none"",""State"":""published"",""UnifiedPaperFormat"":""12x12-inch-300x300-mm"",""UnifiedPaperType"":""170-gsm-65lb-coated-silk""}"
flat_12x12-inch-300x300-mm_170-gsm-65lb-coated-silk_4-0_ver,Posters — ver,posters,posters,"{""CoatingType"":""none"",""ColorType"":""4-0"",""Orientation"":""ver"",""ProductStatus"":""activated"",""ProtectionType"":""none"",""ShapeEdgeType"":""none"",""SpotFinishingType"":""none"",""State"":""published"",""UnifiedPaperFormat"":""12x12-inch-300x300-mm"",""UnifiedPaperType"":""170-gsm-65lb-coated-silk""}"
flat_12x12-inch-300x300-mm_170-gsm-65lb-uncoated_4-0_hor,Posters — hor,posters,posters,"{""CoatingType"":""none"",""ColorType"":""4-0"",""Orientation"":""hor"",""ProductStatus"":""activated"",""ProtectionType"":""none"",""ShapeEdgeType"":""none"",""SpotFinishingType"":""none"",""State"":""published"",""UnifiedPaperFormat"":""12x12-inch-300x300-mm"",""UnifiedPaperType"":""170-gsm-65lb-uncoated""}"
flat_12x12-inch-300x300-mm_170-gsm-65lb-uncoated_4-0_ver,Posters — ver,posters,posters,"{""CoatingType"":""none"",""ColorType"":""4-0"",""Orientation"":""ver"",""ProductStatus"":""activated"",""ProtectionType"":""none"",""ShapeEdgeType"":""none"",""SpotFinishingType"":""none"",""State"":""published"",""UnifiedPaperFormat"":""12x12-inch-300x300-mm"",""UnifiedPaperType"":""170-gsm-65lb-uncoated""}"
flat_12x12-inch-300x300-mm_200-gsm-80lb-coated-silk_4-0_hor,Posters — hor,posters,posters,"{""CoatingType"":""none"",""ColorType"":""4-0"",""Orientation"":""hor"",""ProductStatus"":""activated"",""ProtectionType"":""none"",""ShapeEdgeType"":""none"",""SpotFinishingType"":""none"",""State"":""published"",""UnifiedPaperFormat"":""12x12-inch-300x300-mm"",""UnifiedPaperType"":""200-gsm-80lb-coated-silk""}"
flat_12x12-inch-300x300-mm_200-gsm-80lb-coated-silk_4-0_ver,Posters — ver,posters,posters,"{""CoatingType"":""none"",""ColorType"":""4-0"",""Orientation"":""ver"",""ProductStatus"":""activated"",""ProtectionType"":""none"",""ShapeEdgeType"":""none"",""SpotFinishingType"":""none"",""State"":""published"",""UnifiedPaperFormat"":""12x12-inch-300x300-mm"",""UnifiedPaperType"":""200-gsm-80lb-coated-silk""}"
flat_12x12-inch-300x300-mm_200-gsm-80lb-uncoated_4-0_hor,Posters — hor,posters,posters,"{""CoatingType"":""none"",""ColorType"":""4-0"",""Orientation"":""hor"",""ProductStatus"":""activated"",""ProtectionType"":""none"",""ShapeEdgeType"":""none"",""SpotFinishingType"":""none"",""State"":""published"",""UnifiedPaperFormat"":""12x12-inch-300x300-mm"",""UnifiedPaperType"":""200-gsm-80lb-uncoated""}"
flat_12x12-inch-300x300-mm_200-gsm-80lb-uncoated_4-0_ver,Posters — ver,posters,posters,"{""CoatingType"":""none"",""ColorType"":""4-0"",""Orientation"":""ver"",""ProductStatus"":""activated"",""ProtectionType"":""none"",""ShapeEdgeType"":""none"",""SpotFinishingType"":""none"",""State"":""published"",""UnifiedPaperFormat"":""12x12-inch-300x300-mm"",""UnifiedPaperType"":""200-gsm-80lb-uncoated""}"
flat_12x12-inch-300x300-mm_250-gsm-100lb-uncoated-offwhite-archival_4-0_hor,Posters — hor,posters,posters,"{""CoatingType"":""none"",""ColorType"":""4-0"",""Orientation"":""hor"",""ProductStatus"":""activated"",""ProtectionType"":""none"",""ShapeEdgeType"":""none"",""SpotFinishingType"":""none"",""State"":""published"",""UnifiedPaperFormat"":""12x12-inch-300x300-mm"",""UnifiedPaperType"":""250-gsm-100lb-uncoated-offwhite-archival""}"
flat_12x12-inch-300x300-mm_250-gsm-100lb-uncoated-offwhite-archival_4-0_ver,Posters — ver,posters,posters,"{""CoatingType"":""none"",""ColorType"":""4-0"",""Orientation"":""ver"",""ProductStatus"":""activated"",""ProtectionType"":""none"",""ShapeEdgeType"":""none"",""SpotFinishingType"":""none"",""State"":""published"",""UnifiedPaperFormat"":""12x12-inch-300x300-mm"",""UnifiedPaperType"":""250-gsm-100lb-uncoated-offwhite-archival""}"
flat_12x16-inch-300x400-mm_170-gsm-65lb-coated-silk_4-0_hor,Posters — hor,posters,posters,"{""CoatingType"":""none"",""ColorType"":""4-0"",""Orientation"":""hor"",""ProductStatus"":""activated"",""ProtectionType"":""none"",""ShapeEdgeType"":""none"",""SpotFinishingType"":""none"",""State"":""published"",""UnifiedPaperFormat"":""12x16-inch-300x400-mm"",""UnifiedPaperType"":""170-gsm-65lb-coated-silk""}"
flat_12x16-inch-300x400-mm_170-gsm-65lb-coated-silk_4-0_ver,Posters — ver,posters,posters,"{""CoatingType"":""none"",""ColorType"":""4-0"",""Orientation"":""ver"",""ProductStatus"":""activated"",""ProtectionType"":""none"",""ShapeEdgeType"":""none"",""SpotFinishingType"":""none"",""State"":""published"",""UnifiedPaperFormat"":""12x16-inch-300x400-mm"",""UnifiedPaperType"":""170-gsm-65lb-coated-silk""}"
flat_12x16-inch-300x400-mm_170-gsm-65lb-uncoated_4-0_hor,Posters — hor,posters,posters,"{""CoatingType"":""none"",""ColorType"":""4-0"",""Orientation"":""hor"",""ProductStatus"":""activated"",""ProtectionType"":""none"",""ShapeEdgeType"":""none"",""SpotFinishingType"":""none"",""State"":""published"",""UnifiedPaperFormat"":""12x16-inch-300x400-mm"",""UnifiedPaperType"":""170-gsm-65lb-uncoated""}"
flat_12x16-inch-300x400-mm_170-gsm-65lb-uncoated_4-0_ver,Posters — ver,posters,posters,"{""CoatingType"":""none"",""ColorType"":""4-0"",""Orientation"":""ver"",""ProductStatus"":""activated"",""ProtectionType"":""none"",""ShapeEdgeType"":""none"",""SpotFinishingType"":""none"",""State"":""published"",""UnifiedPaperFormat"":""12x16-inch-300x400-mm"",""UnifiedPaperType"":""170-gsm-65lb-uncoated""}"
flat_12x16-inch-300x400-mm_200-gsm-80lb-coated-silk_4-0_hor,Posters — hor,posters,posters,"{""CoatingType"":""none"",""ColorType"":""4-0"",""Orientation"":""hor"",""ProductStatus"":""activated"",""ProtectionType"":""none"",""ShapeEdgeType"":""none"",""SpotFinishingType"":""none"",""State"":""published"",""UnifiedPaperFormat"":""12x16-inch-300x400-mm"",""UnifiedPaperType"":""200-gsm-80lb-coated-silk""}"
flat_12x16-inch-300x400-mm_200-gsm-80lb-coated-silk_4-0_ver,Posters — ver,posters,posters,"{""CoatingType"":""none"",""ColorType"":""4-0"",""Orientation"":""ver"",""ProductStatus"":""activated"",""ProtectionType"":""none"",""ShapeEdgeType"":""none"",""SpotFinishingType"":""none"",""State"":""published"",""UnifiedPaperFormat"":""12x16-inch-300x400-mm"",""UnifiedPaperType"":""200-gsm-80lb-coated-silk""}"
flat_12x16-inch-300x400-mm_200-gsm-80lb-uncoated_4-0_hor,Posters — hor,posters,posters,"{""CoatingType"":""none"",""ColorType"":""4-0"",""Orientation"":""hor"",""ProductStatus"":""activated"",""ProtectionType"":""none"",""ShapeEdgeType"":""none"",""SpotFinishingType"":""none"",""State"":""published"",""UnifiedPaperFormat"":""12x16-inch-300x400-mm"",""UnifiedPaperType"":""200-gsm-80lb-uncoated""}"
flat_12x16-inch-300x400-mm_200-gsm-80lb-uncoated_4-0_ver,Posters — ver,posters,posters,"{""CoatingType"":""none"",""ColorType"":""4-0"",""Orientation"":""ver"",""ProductStatus"":""activated"",""ProtectionType"":""none"",""ShapeEdgeType"":""none"",""SpotFinishingType"":""none"",""State"":""published"",""UnifiedPaperFormat"":""12x16-inch-300x400-mm"",""UnifiedPaperType"":""200-gsm-80lb-uncoated""}"
flat_12x16-inch-300x400-mm_250-gsm-100lb-uncoated-offwhite-archival_4-0_hor,Posters — hor,posters,posters,"{""CoatingType"":""none"",""ColorType"":""4-0"",""Orientation"":""hor"",""ProductStatus"":""activated"",""ProtectionType"":""none"",""ShapeEdgeType"":""none"",""SpotFinishingType"":""none"",""State"":""published"",""UnifiedPaperFormat"":""12x16-inch-300x400-mm"",""UnifiedPaperType"":""250-gsm-100lb-uncoated-offwhite-archival""}"
flat_12x16-inch-300x400-mm_250-gsm-100lb-uncoated-offwhite-archival_4-0_ver,Posters — ver,posters,posters,"{""CoatingType"":""none"",""ColorType"":""4-0"",""Orientation"":""ver"",""ProductStatus"":""activated"",""ProtectionType"":""none"",""ShapeEdgeType"":""none"",""SpotFinishingType"":""none"",""State"":""published"",""UnifiedPaperFormat"":""12x16-inch-300x400-mm"",""UnifiedPaperType"":""250-gsm-100lb-uncoated-offwhite-archival""}"
flat_12x18-inch-300x450-mm_170-gsm-65lb-coated-silk_4-0_hor,Posters — hor,posters,posters,"{""CoatingType"":""none"",""ColorType"":""4-0"",""Orientation"":""hor"",""ProductStatus"":""activated"",""ProtectionType"":""none"",""ShapeEdgeType"":""none"",""SpotFinishingType"":""none"",""State"":""published"",""UnifiedPaperFormat"":""12x18-inch-300x450-mm"",""UnifiedPaperType"":""170-gsm-65lb-coated-silk""}"
flat_12x18-inch-300x450-mm_170-gsm-65lb-coated-silk_4-0_ver,Posters — ver,posters,posters,"{""CoatingType"":""none"",""ColorType"":""4-0"",""Orientation"":""ver"",""ProductStatus"":""activated"",""ProtectionType"":""none"",""ShapeEdgeType"":""none"",""SpotFinishingType"":""none"",""State"":""published"",""UnifiedPaperFormat"":""12x18-inch-300x450-mm"",""UnifiedPaperType"":""170-gsm-65lb-coated-silk""}"
flat_12x18-inch-300x450-mm_170-gsm-65lb-uncoated_4-0_hor,Posters — hor,posters,posters,"{""CoatingType"":""none"",""ColorType"":""4-0"",""Orientation"":""hor"",""ProductStatus"":""activated"",""ProtectionType"":""none"",""ShapeEdgeType"":""none"",""SpotFinishingType"":""none"",""State"":""published"",""UnifiedPaperFormat"":""12x18-inch-300x450-mm"",""UnifiedPaperType"":""170-gsm-65lb-uncoated""}"
flat_12x18-inch-300x450-mm_170-gsm-65lb-uncoated_4-0_ver,Posters — ver,posters,posters,"{""CoatingType"":""none"",""ColorType"":""4-0"",""Orientation"":""ver"",""ProductStatus"":""activated"",""ProtectionType"":""none"",""ShapeEdgeType"":""none"",""SpotFinishingType"":""none"",""State"":""published"",""UnifiedPaperFormat"":""12x18-inch-300x450-mm"",""UnifiedPaperType"":""170-gsm-65lb-uncoated""}"
flat_12x18-inch-300x450-mm_200-gsm-80lb-coated-silk_4-0_hor,Posters — hor,posters,posters,"{""CoatingType"":""none"",""ColorType"":""4-0"",""Orientation"":""hor"",""ProductStatus"":""activated"",""ProtectionType"":""none"",""ShapeEdgeType"":""none"",""SpotFinishingType"":""none"",""State"":""published"",""UnifiedPaperFormat"":""12x18-inch-300x450-mm"",""UnifiedPaperType"":""200-gsm-80lb-coated-silk""}"
flat_12x18-inch-300x450-mm_200-gsm-80lb-coated-silk_4-0_ver,Posters — ver,posters,posters,"{""CoatingType"":""none"",""ColorType"":""4-0"",""Orientation"":""ver"",""ProductStatus"":""activated"",""ProtectionType"":""none"",""ShapeEdgeType"":""none"",""SpotFinishingType"":""none"",""State"":""published"",""UnifiedPaperFormat"":""12x18-inch-300x450-mm"",""UnifiedPaperType"":""200-gsm-80lb-coated-silk""}"
flat_12x18-inch-300x450-mm_200-gsm-80lb-uncoated_4-0_hor,Posters — hor,posters,posters,"{""CoatingType"":""none"",""ColorType"":""4-0"",""Orientation"":""hor"",""ProductStatus"":""activated"",""ProtectionType"":""none"",""ShapeEdgeType"":""none"",""SpotFinishingType"":""none"",""State"":""published"",""UnifiedPaperFormat"":""12x18-inch-300x450-mm"",""UnifiedPaperType"":""200-gsm-80lb-uncoated""}"
flat_12x18-inch-300x450-mm_200-gsm-80lb-uncoated_4-0_ver,Posters — ver,posters,posters,"{""CoatingType"":""none"",""ColorType"":""4-0"",""Orientation"":""ver"",""ProductStatus"":""activated"",""ProtectionType"":""none"",""ShapeEdgeType"":""none"",""SpotFinishingType"":""none"",""State"":""published"",""UnifiedPaperFormat"":""12x18-inch-300x450-mm"",""UnifiedPaperType"":""200-gsm-80lb-uncoated""}"
flat_12x18-inch-300x450-mm_250-gsm-100lb-uncoated-offwhite-archival_4-0_hor,Posters — hor,posters,posters,"{""CoatingType"":""none"",""ColorType"":""4-0"",""Orientation"":""hor"",""ProductStatus"":""activated"",""ProtectionType"":""none"",""ShapeEdgeType"":""none"",""SpotFinishingType"":""none"",""State"":""published"",""UnifiedPaperFormat"":""12x18-inch-300x450-mm"",""UnifiedPaperType"":""250-gsm-100lb-uncoated-offwhite-archival""}"
flat_12x18-inch-300x450-mm_250-gsm-100lb-uncoated-offwhite-archival_4-0_ver,Posters — ver,posters,posters,"{""CoatingType"":""none"",""ColorType"":""4-0"",""Orientation"":""ver"",""ProductStatus"":""activated"",""ProtectionType"":""none"",""ShapeEdgeType"":""none"",""SpotFinishingType"":""none"",""State"":""published"",""UnifiedPaperFormat"":""12x18-inch-300x450-mm"",""UnifiedPaperType"":""250-gsm-100lb-uncoated-offwhite-archival""}"
flat_130x180-mm-5r_170-gsm-65lb-coated-silk_4-0_hor,Posters — hor,posters,posters,"{""CoatingType"":""none"",""ColorType"":""4-0"",""Orientation"":""hor"",""ProductStatus"":""activated"",""ProtectionType"":""none"",""ShapeEdgeType"":""none"",""SpotFinishingType"":""none"",""State"":""published"",""UnifiedPaperFormat"":""130x180-mm-5R"",""UnifiedPaperType"":""170-gsm-65lb-coated-silk""}"
flat_130x180-mm-5r_170-gsm-65lb-coated-silk_4-0_ver,Posters — ver,posters,posters,"{""CoatingType"":""none"",""ColorType"":""4-0"",""Orientation"":""ver"",""ProductStatus"":""activated"",""ProtectionType"":""none"",""ShapeEdgeType"":""none"",""SpotFinishingType"":""none"",""State"":""published"",""UnifiedPaperFormat"":""130x180-mm-5R"",""UnifiedPaperType"":""170-gsm-65lb-coated-silk""}"
flat_130x180-mm-5r_170-gsm-65lb-uncoated_4-0_hor,Posters — hor,posters,posters,"{""CoatingType"":""none"",""ColorType"":""4-0"",""Orientation"":""hor"",""ProductStatus"":""activated"",""ProtectionType"":""none"",""ShapeEdgeType"":""none"",""SpotFinishingType"":""none"",""State"":""published"",""UnifiedPaperFormat"":""130x180-mm-5R"",""UnifiedPaperType"":""170-gsm-65lb-uncoated""}"
flat_130x180-mm-5r_170-gsm-65lb-uncoated_4-0_ver,Posters — ver,posters,posters,"{""CoatingType"":""none"",""ColorType"":""4-0"",""Orientation"":""ver"",""ProductStatus"":""activated"",""ProtectionType"":""none"",""ShapeEdgeType"":""none"",""SpotFinishingType"":""none"",""State"":""published"",""UnifiedPaperFormat"":""130x180-mm-5R"",""UnifiedPaperType"":""170-gsm-65lb-uncoated""}"
flat_130x180-mm-5r_200-gsm-80lb-coated-silk_4-0_hor,Posters — hor,posters,posters,"{""CoatingType"":""none"",""ColorType"":""4-0"",""Orientation"":""hor"",""ProductStatus"":""activated"",""ProtectionType"":""none"",""ShapeEdgeType"":""none"",""SpotFinishingType"":""none"",""State"":""published"",""UnifiedPaperFormat"":""130x180-mm-5R"",""UnifiedPaperType"":""200-gsm-80lb-coated-silk""}"
flat_130x180-mm-5r_200-gsm-80lb-coated-silk_4-0_ver,Posters — ver,posters,posters,"{""CoatingType"":""none"",""ColorType"":""4-0"",""Orientation"":""ver"",""ProductStatus"":""activated"",""ProtectionType"":""none"",""ShapeEdgeType"":""none"",""SpotFinishingType"":""none"",""State"":""published"",""UnifiedPaperFormat"":""130x180-mm-5R"",""UnifiedPaperType"":""200-gsm-80lb-coated-silk""}"
flat_130x180-mm-5r_200-gsm-80lb-uncoated_4-0_hor,Posters — hor,posters,posters,"{""CoatingType"":""none"",""ColorType"":""4-0"",""Orientation"":""hor"",""ProductStatus"":""activated"",""ProtectionType"":""none"",""ShapeEdgeType"":""none"",""SpotFinishingType"":""none"",""State"":""published"",""UnifiedPaperFormat"":""130x180-mm-5R"",""UnifiedPaperType"":""200-gsm-80lb-uncoated""}"
flat_130x180-mm-5r_200-gsm-80lb-uncoated_4-0_ver,Posters — ver,posters,posters,"{""CoatingType"":""none"",""ColorType"":""4-0"",""Orientation"":""ver"",""ProductStatus"":""activated"",""ProtectionType"":""none"",""ShapeEdgeType"":""none"",""SpotFinishingType"":""none"",""State"":""published"",""UnifiedPaperFormat"":""130x180-mm-5R"",""UnifiedPaperType"":""200-gsm-80lb-uncoated""}"
flat_130x180-mm-5r_250-gsm-100lb-uncoated-offwhite-archival_4-0_hor,Posters — hor,posters,posters,"{""CoatingType"":""none"",""ColorType"":""4-0"",""Orientation"":""hor"",""ProductStatus"":""activated"",""ProtectionType"":""none"",""ShapeEdgeType"":""none"",""SpotFinishingType"":""none"",""State"":""published"",""UnifiedPaperFormat"":""130x180-mm-5R"",""UnifiedPaperType"":""250-gsm-100lb-uncoated-offwhite-archival""}"
flat_130x180-mm-5r_250-gsm-100lb-uncoated-offwhite-archival_4-0_ver,Posters — ver,posters,posters,"{""CoatingType"":""none"",""ColorType"":""4-0"",""Orientation"":""ver"",""ProductStatus"":""activated"",""ProtectionType"":""none"",""ShapeEdgeType"":""none"",""SpotFinishingType"":""none"",""State"":""published"",""UnifiedPaperFormat"":""130x180-mm-5R"",""UnifiedPaperType"":""250-gsm-100lb-uncoated-offwhite-archival""}"
flat_14x14-inch-350x350-mm_170-gsm-65lb-coated-silk_4-0_hor,Posters — hor,posters,posters,"{""CoatingType"":""none"",""ColorType"":""4-0"",""Orientation"":""hor"",""ProductStatus"":""activated"",""ProtectionType"":""none"",""ShapeEdgeType"":""none"",""SpotFinishingType"":""none"",""State"":""published"",""UnifiedPaperFormat"":""14x14-inch-350x350-mm"",""UnifiedPaperType"":""170-gsm-65lb-coated-silk""}"
flat_14x14-inch-350x350-mm_170-gsm-65lb-coated-silk_4-0_ver,Posters — ver,posters,posters,"{""CoatingType"":""none"",""ColorType"":""4-0"",""Orientation"":""ver"",""ProductStatus"":""activated"",""ProtectionType"":""none"",""ShapeEdgeType"":""none"",""SpotFinishingType"":""none"",""State"":""published"",""UnifiedPaperFormat"":""14x14-inch-350x350-mm"",""UnifiedPaperType"":""170-gsm-65lb-coated-silk""}"
flat_14x14-inch-350x350-mm_170-gsm-65lb-uncoated_4-0_hor,Posters — hor,posters,posters,"{""CoatingType"":""none"",""ColorType"":""4-0"",""Orientation"":""hor"",""ProductStatus"":""activated"",""ProtectionType"":""none"",""ShapeEdgeType"":""none"",""SpotFinishingType"":""none"",""State"":""published"",""UnifiedPaperFormat"":""14x14-inch-350x350-mm"",""UnifiedPaperType"":""170-gsm-65lb-uncoated""}"
flat_14x14-inch-350x350-mm_170-gsm-65lb-uncoated_4-0_ver,Posters — ver,posters,posters,"{""CoatingType"":""none"",""ColorType"":""4-0"",""Orientation"":""ver"",""ProductStatus"":""activated"",""ProtectionType"":""none"",""ShapeEdgeType"":""none"",""SpotFinishingType"":""none"",""State"":""published"",""UnifiedPaperFormat"":""14x14-inch-350x350-mm"",""UnifiedPaperType"":""170-gsm-65lb-uncoated""}"
flat_14x14-inch-350x350-mm_200-gsm-80lb-coated-silk_4-0_hor,Posters — hor,posters,posters,"{""CoatingType"":""none"",""ColorType"":""4-0"",""Orientation"":""hor"",""ProductStatus"":""activated"",""ProtectionType"":""none"",""ShapeEdgeType"":""none"",""SpotFinishingType"":""none"",""State"":""published"",""UnifiedPaperFormat"":""14x14-inch-350x350-mm"",""UnifiedPaperType"":""200-gsm-80lb-coated-silk""}"
flat_14x14-inch-350x350-mm_200-gsm-80lb-coated-silk_4-0_ver,Posters — ver,posters,posters,"{""CoatingType"":""none"",""ColorType"":""4-0"",""Orientation"":""ver"",""ProductStatus"":""activated"",""ProtectionType"":""none"",""ShapeEdgeType"":""none"",""SpotFinishingType"":""none"",""State"":""published"",""UnifiedPaperFormat"":""14x14-inch-350x350-mm"",""UnifiedPaperType"":""200-gsm-80lb-coated-silk""}"
flat_14x14-inch-350x350-mm_200-gsm-80lb-uncoated_4-0_hor,Posters — hor,posters,posters,"{""CoatingType"":""none"",""ColorType"":""4-0"",""Orientation"":""hor"",""ProductStatus"":""activated"",""ProtectionType"":""none"",""ShapeEdgeType"":""none"",""SpotFinishingType"":""none"",""State"":""published"",""UnifiedPaperFormat"":""14x14-inch-350x350-mm"",""UnifiedPaperType"":""200-gsm-80lb-uncoated""}"
flat_14x14-inch-350x350-mm_200-gsm-80lb-uncoated_4-0_ver,Posters — ver,posters,posters,"{""CoatingType"":""none"",""ColorType"":""4-0"",""Orientation"":""ver"",""ProductStatus"":""activated"",""ProtectionType"":""none"",""ShapeEdgeType"":""none"",""SpotFinishingType"":""none"",""State"":""published"",""UnifiedPaperFormat"":""14x14-inch-350x350-mm"",""UnifiedPaperType"":""200-gsm-80lb-uncoated""}"
flat_14x14-inch-350x350-mm_250-gsm-100lb-uncoated-offwhite-archival_4-0_hor,Posters — hor,posters,posters,"{""CoatingType"":""none"",""ColorType"":""4-0"",""Orientation"":""hor"",""ProductStatus"":""activated"",""ProtectionType"":""none"",""ShapeEdgeType"":""none"",""SpotFinishingType"":""none"",""State"":""published"",""UnifiedPaperFormat"":""14x14-inch-350x350-mm"",""UnifiedPaperType"":""250-gsm-100lb-uncoated-offwhite-archival""}"
flat_14x14-inch-350x350-mm_250-gsm-100lb-uncoated-offwhite-archival_4-0_ver,Posters — ver,posters,posters,"{""CoatingType"":""none"",""ColorType"":""4-0"",""Orientation"":""ver"",""ProductStatus"":""activated"",""ProtectionType"":""none"",""ShapeEdgeType"":""none"",""SpotFinishingType"":""none"",""State"":""published"",""UnifiedPaperFormat"":""14x14-inch-350x350-mm"",""UnifiedPaperType"":""250-gsm-100lb-uncoated-offwhite-archival""}"
flat_150x200-mm-6x8-inch_170-gsm-65lb-coated-silk_4-0_hor,Posters — hor,posters,posters,"{""CoatingType"":""none"",""ColorType"":""4-0"",""Orientation"":""hor"",""ProductStatus"":""activated"",""ProtectionType"":""none"",""ShapeEdgeType"":""none"",""SpotFinishingType"":""none"",""State"":""published"",""UnifiedPaperFormat"":""150x200-mm-6x8-inch"",""UnifiedPaperType"":""170-gsm-65lb-coated-silk""}"
flat_150x200-mm-6x8-inch_170-gsm-65lb-coated-silk_4-0_ver,Posters — ver,posters,posters,"{""CoatingType"":""none"",""ColorType"":""4-0"",""Orientation"":""ver"",""ProductStatus"":""activated"",""ProtectionType"":""none"",""ShapeEdgeType"":""none"",""SpotFinishingType"":""none"",""State"":""published"",""UnifiedPaperFormat"":""150x200-mm-6x8-inch"",""UnifiedPaperType"":""170-gsm-65lb-coated-silk""}"
flat_150x200-mm-6x8-inch_170-gsm-65lb-uncoated_4-0_hor,Posters — hor,posters,posters,"{""CoatingType"":""none"",""ColorType"":""4-0"",""Orientation"":""hor"",""ProductStatus"":""activated"",""ProtectionType"":""none"",""ShapeEdgeType"":""none"",""SpotFinishingType"":""none"",""State"":""published"",""UnifiedPaperFormat"":""150x200-mm-6x8-inch"",""UnifiedPaperType"":""170-gsm-65lb-uncoated""}"
flat_150x200-mm-6x8-inch_170-gsm-65lb-uncoated_4-0_ver,Posters — ver,posters,posters,"{""CoatingType"":""none"",""ColorType"":""4-0"",""Orientation"":""ver"",""ProductStatus"":""activated"",""ProtectionType"":""none"",""ShapeEdgeType"":""none"",""SpotFinishingType"":""none"",""State"":""published"",""UnifiedPaperFormat"":""150x200-mm-6x8-inch"",""UnifiedPaperType"":""170-gsm-65lb-uncoated""}"
flat_150x200-mm-6x8-inch_200-gsm-80lb-coated-silk_4-0_hor,Posters — hor,posters,posters,"{""CoatingType"":""none"",""ColorType"":""4-0"",""Orientation"":""hor"",""ProductStatus"":""activated"",""ProtectionType"":""none"",""ShapeEdgeType"":""none"",""SpotFinishingType"":""none"",""State"":""published"",""UnifiedPaperFormat"":""150x200-mm-6x8-inch"",""UnifiedPaperType"":""200-gsm-80lb-coated-silk""}"
flat_150x200-mm-6x8-inch_200-gsm-80lb-coated-silk_4-0_ver,Posters — ver,posters,posters,"{""CoatingType"":""none"",""ColorType"":""4-0"",""Orientation"":""ver"",""ProductStatus"":""activated"",""ProtectionType"":""none"",""ShapeEdgeType"":""none"",""SpotFinishingType"":""none"",""State"":""published"",""UnifiedPaperFormat"":""150x200-mm-6x8-inch"",""UnifiedPaperType"":""200-gsm-80lb-coated-silk""}"
flat_150x200-mm-6x8-inch_200-gsm-80lb-uncoated_4-0_hor,Posters — hor,posters,posters,"{""CoatingType"":""none"",""ColorType"":""4-0"",""Orientation"":""hor"",""ProductStatus"":""activated"",""ProtectionType"":""none"",""ShapeEdgeType"":""none"",""SpotFinishingType"":""none"",""State"":""published"",""UnifiedPaperFormat"":""150x200-mm-6x8-inch"",""UnifiedPaperType"":""200-gsm-80lb-uncoated""}"
flat_150x200-mm-6x8-inch_200-gsm-80lb-uncoated_4-0_ver,Posters — ver,posters,posters,"{""CoatingType"":""none"",""ColorType"":""4-0"",""Orientation"":""ver"",""ProductStatus"":""activated"",""ProtectionType"":""none"",""ShapeEdgeType"":""none"",""SpotFinishingType"":""none"",""State"":""published"",""UnifiedPaperFormat"":""150x200-mm-6x8-inch"",""UnifiedPaperType"":""200-gsm-80lb-uncoated""}"
flat_150x200-mm-6x8-inch_250-gsm-100lb-uncoated-offwhite-archival_4-0_hor,Posters — hor,posters,posters,"{""CoatingType"":""none"",""ColorType"":""4-0"",""Orientation"":""hor"",""ProductStatus"":""activated"",""ProtectionType"":""none"",""ShapeEdgeType"":""none"",""SpotFinishingType"":""none"",""State"":""published"",""UnifiedPaperFormat"":""150x200-mm-6x8-inch"",""UnifiedPaperType"":""250-gsm-100lb-uncoated-offwhite-archival""}"
flat_150x200-mm-6x8-inch_250-gsm-100lb-uncoated-offwhite-archival_4-0_ver,Posters — ver,posters,posters,"{""CoatingType"":""none"",""ColorType"":""4-0"",""Orientation"":""ver"",""ProductStatus"":""activated"",""ProtectionType"":""none"",""ShapeEdgeType"":""none"",""SpotFinishingType"":""none"",""State"":""published"",""UnifiedPaperFormat"":""150x200-mm-6x8-inch"",""UnifiedPaperType"":""250-gsm-100lb-uncoated-offwhite-archival""}"
flat_16x16-inch-400x400-mm_170-gsm-65lb-coated-silk_4-0_hor,Posters — hor,posters,posters,"{""CoatingType"":""none"",""ColorType"":""4-0"",""Orientation"":""hor"",""ProductStatus"":""activated"",""ProtectionType"":""none"",""ShapeEdgeType"":""none"",""SpotFinishingType"":""none"",""State"":""published"",""UnifiedPaperFormat"":""16x16-inch-400x400-mm"",""UnifiedPaperType"":""170-gsm-65lb-coated-silk""}"
flat_16x16-inch-400x400-mm_170-gsm-65lb-coated-silk_4-0_ver,Posters — ver,posters,posters,"{""CoatingType"":""none"",""ColorType"":""4-0"",""Orientation"":""ver"",""ProductStatus"":""activated"",""ProtectionType"":""none"",""ShapeEdgeType"":""none"",""SpotFinishingType"":""none"",""State"":""published"",""UnifiedPaperFormat"":""16x16-inch-400x400-mm"",""UnifiedPaperType"":""170-gsm-65lb-coated-silk""}"
flat_16x16-inch-400x400-mm_170-gsm-65lb-uncoated_4-0_hor,Posters — hor,posters,posters,"{""CoatingType"":""none"",""ColorType"":""4-0"",""Orientation"":""hor"",""ProductStatus"":""activated"",""ProtectionType"":""none"",""ShapeEdgeType"":""none"",""SpotFinishingType"":""none"",""State"":""published"",""UnifiedPaperFormat"":""16x16-inch-400x400-mm"",""UnifiedPaperType"":""170-gsm-65lb-uncoated""}"
flat_16x16-inch-400x400-mm_170-gsm-65lb-uncoated_4-0_ver,Posters — ver,posters,posters,"{""CoatingType"":""none"",""ColorType"":""4-0"",""Orientation"":""ver"",""ProductStatus"":""activated"",""ProtectionType"":""none"",""ShapeEdgeType"":""none"",""SpotFinishingType"":""none"",""State"":""published"",""UnifiedPaperFormat"":""16x16-inch-400x400-mm"",""UnifiedPaperType"":""170-gsm-65lb-uncoated""}"
flat_16x16-inch-400x400-mm_200-gsm-80lb-coated-silk_4-0_hor,Posters — hor,posters,posters,"{""CoatingType"":""none"",""ColorType"":""4-0"",""Orientation"":""hor"",""ProductStatus"":""activated"",""ProtectionType"":""none"",""ShapeEdgeType"":""none"",""SpotFinishingType"":""none"",""State"":""published"",""UnifiedPaperFormat"":""16x16-inch-400x400-mm"",""UnifiedPaperType"":""200-gsm-80lb-coated-silk""}"
flat_16x16-inch-400x400-mm_200-gsm-80lb-coated-silk_4-0_ver,Posters — ver,posters,posters,"{""CoatingType"":""none"",""ColorType"":""4-0"",""Orientation"":""ver"",""ProductStatus"":""activated"",""ProtectionType"":""none"",""ShapeEdgeType"":""none"",""SpotFinishingType"":""none"",""State"":""published"",""UnifiedPaperFormat"":""16x16-inch-400x400-mm"",""UnifiedPaperType"":""200-gsm-80lb-coated-silk""}"
flat_16x16-inch-400x400-mm_200-gsm-80lb-uncoated_4-0_hor,Posters — hor,posters,posters,"{""CoatingType"":""none"",""ColorType"":""4-0"",""Orientation"":""hor"",""ProductStatus"":""activated"",""ProtectionType"":""none"",""ShapeEdgeType"":""none"",""SpotFinishingType"":""none"",""State"":""published"",""UnifiedPaperFormat"":""16x16-inch-400x400-mm"",""UnifiedPaperType"":""200-gsm-80lb-uncoated""}"
flat_16x16-inch-400x400-mm_200-gsm-80lb-uncoated_4-0_ver,Posters — ver,posters,posters,"{""CoatingType"":""none"",""ColorType"":""4-0"",""Orientation"":""ver"",""ProductStatus"":""activated"",""ProtectionType"":""none"",""ShapeEdgeType"":""none"",""SpotFinishingType"":""none"",""State"":""published"",""UnifiedPaperFormat"":""16x16-inch-400x400-mm"",""UnifiedPaperType"":""200-gsm-80lb-uncoated""}"
flat_16x16-inch-400x400-mm_250-gsm-100lb-uncoated-offwhite-archival_4-0_hor,Posters — hor,posters,posters,"{""CoatingType"":""none"",""ColorType"":""4-0"",""Orientation"":""hor"",""ProductStatus"":""activated"",""ProtectionType"":""none"",""ShapeEdgeType"":""none"",""SpotFinishingType"":""none"",""State"":""published"",""UnifiedPaperFormat"":""16x16-inch-400x400-mm"",""UnifiedPaperType"":""250-gsm-100lb-uncoated-offwhite-archival""}"
flat_16x16-inch-400x400-mm_250-gsm-100lb-uncoated-offwhite-archival_4-0_ver,Posters — ver,posters,posters,"{""CoatingType"":""none"",""ColorType"":""4-0"",""Orientation"":""ver"",""ProductStatus"":""activated"",""ProtectionType"":""none"",""ShapeEdgeType"":""none"",""SpotFinishingType"":""none"",""State"":""published"",""UnifiedPaperFormat"":""16x16-inch-400x400-mm"",""UnifiedPaperType"":""250-gsm-100lb-uncoated-offwhite-archival""}"
flat_16x20-inch-400x500-mm_170-gsm-65lb-coated-silk_4-0_hor,Posters — hor,posters,posters,"{""CoatingType"":""none"",""ColorType"":""4-0"",""Orientation"":""hor"",""ProductStatus"":""activated"",""ProtectionType"":""none"",""ShapeEdgeType"":""none"",""SpotFinishingType"":""none"",""State"":""published"",""UnifiedPaperFormat"":""16x20-inch-400x500-mm"",""UnifiedPaperType"":""170-gsm-65lb-coated-silk""}"
flat_16x20-inch-400x500-mm_170-gsm-65lb-coated-silk_4-0_ver,Posters — ver,posters,posters,"{""CoatingType"":""none"",""ColorType"":""4-0"",""Orientation"":""ver"",""ProductStatus"":""activated"",""ProtectionType"":""none"",""ShapeEdgeType"":""none"",""SpotFinishingType"":""none"",""State"":""published"",""UnifiedPaperFormat"":""16x20-inch-400x500-mm"",""UnifiedPaperType"":""170-gsm-65lb-coated-silk""}"
flat_16x20-inch-400x500-mm_170-gsm-65lb-uncoated_4-0_hor,Posters — hor,posters,posters,"{""CoatingType"":""none"",""ColorType"":""4-0"",""Orientation"":""hor"",""ProductStatus"":""activated"",""ProtectionType"":""none"",""ShapeEdgeType"":""none"",""SpotFinishingType"":""none"",""State"":""published"",""UnifiedPaperFormat"":""16x20-inch-400x500-mm"",""UnifiedPaperType"":""170-gsm-65lb-uncoated""}"
flat_16x20-inch-400x500-mm_170-gsm-65lb-uncoated_4-0_ver,Posters — ver,posters,posters,"{""CoatingType"":""none"",""ColorType"":""4-0"",""Orientation"":""ver"",""ProductStatus"":""activated"",""ProtectionType"":""none"",""ShapeEdgeType"":""none"",""SpotFinishingType"":""none"",""State"":""published"",""UnifiedPaperFormat"":""16x20-inch-400x500-mm"",""UnifiedPaperType"":""170-gsm-65lb-uncoated""}"
flat_16x20-inch-400x500-mm_200-gsm-80lb-coated-silk_4-0_hor,Posters — hor,posters,posters,"{""CoatingType"":""none"",""ColorType"":""4-0"",""Orientation"":""hor"",""ProductStatus"":""activated"",""ProtectionType"":""none"",""ShapeEdgeType"":""none"",""SpotFinishingType"":""none"",""State"":""published"",""UnifiedPaperFormat"":""16x20-inch-400x500-mm"",""UnifiedPaperType"":""200-gsm-80lb-coated-silk""}"
flat_16x20-inch-400x500-mm_200-gsm-80lb-coated-silk_4-0_ver,Posters — ver,posters,posters,"{""CoatingType"":""none"",""ColorType"":""4-0"",""Orientation"":""ver"",""ProductStatus"":""activated"",""ProtectionType"":""none"",""ShapeEdgeType"":""none"",""SpotFinishingType"":""none"",""State"":""published"",""UnifiedPaperFormat"":""16x20-inch-400x500-mm"",""UnifiedPaperType"":""200-gsm-80lb-coated-silk""}"
flat_16x20-inch-400x500-mm_200-gsm-80lb-uncoated_4-0_hor,Posters — hor,posters,posters,"{""CoatingType"":""none"",""ColorType"":""4-0"",""Orientation"":""hor"",""ProductStatus"":""activated"",""ProtectionType"":""none"",""ShapeEdgeType"":""none"",""SpotFinishingType"":""none"",""State"":""published"",""UnifiedPaperFormat"":""16x20-inch-400x500-mm"",""UnifiedPaperType"":""200-gsm-80lb-uncoated""}"
flat_16x20-inch-400x500-mm_200-gsm-80lb-uncoated_4-0_ver,Posters — ver,posters,posters,"{""CoatingType"":""none"",""ColorType"":""4-0"",""Orientation"":""ver"",""ProductStatus"":""activated"",""ProtectionType"":""none"",""ShapeEdgeType"":""none"",""SpotFinishingType"":""none"",""State"":""published"",""UnifiedPaperFormat"":""16x20-inch-400x500-mm"",""UnifiedPaperType"":""200-gsm-80lb-uncoated""}"
flat_16x20-inch-400x500-mm_250-gsm-100lb-uncoated-offwhite-archival_4-0_hor,Posters — hor,posters,posters,"{""CoatingType"":""none"",""ColorType"":""4-0"",""Orientation"":""hor"",""ProductStatus"":""activated"",""ProtectionType"":""none"",""ShapeEdgeType"":""none"",""SpotFinishingType"":""none"",""State"":""published"",""UnifiedPaperFormat"":""16x20-inch-400x500-mm"",""UnifiedPaperType"":""250-gsm-100lb-uncoated-offwhite-archival""}"
flat_16x20-inch-400x500-mm_250-gsm-100lb-uncoated-offwhite-archival_4-0_ver,Posters — ver,posters,posters,"{""CoatingType"":""none"",""ColorType"":""4-0"",""Orientation"":""ver"",""ProductStatus"":""activated"",""ProtectionType"":""none"",""ShapeEdgeType"":""none"",""SpotFinishingType"":""none"",""State"":""published"",""UnifiedPaperFormat"":""16x20-inch-400x500-mm"",""UnifiedPaperType"":""250-gsm-100lb-uncoated-offwhite-archival""}"
flat_16x24-inch-400x600-mm_170-gsm-65lb-coated-silk_4-0_hor,Posters — hor,posters,posters,"{""CoatingType"":""none"",""ColorType"":""4-0"",""Orientation"":""hor"",""ProductStatus"":""activated"",""ProtectionType"":""none"",""ShapeEdgeType"":""none"",""SpotFinishingType"":""none"",""State"":""published"",""UnifiedPaperFormat"":""16x24-inch-400x600-mm"",""UnifiedPaperType"":""170-gsm-65lb-coated-silk""}"
flat_16x24-inch-400x600-mm_170-gsm-65lb-coated-silk_4-0_ver,Posters — ver,posters,posters,"{""CoatingType"":""none"",""ColorType"":""4-0"",""Orientation"":""ver"",""ProductStatus"":""activated"",""ProtectionType"":""none"",""ShapeEdgeType"":""none"",""SpotFinishingType"":""none"",""State"":""published"",""UnifiedPaperFormat"":""16x24-inch-400x600-mm"",""UnifiedPaperType"":""170-gsm-65lb-coated-silk""}"
flat_16x24-inch-400x600-mm_170-gsm-65lb-uncoated_4-0_hor,Posters — hor,posters,posters,"{""CoatingType"":""none"",""ColorType"":""4-0"",""Orientation"":""hor"",""ProductStatus"":""activated"",""ProtectionType"":""none"",""ShapeEdgeType"":""none"",""SpotFinishingType"":""none"",""State"":""published"",""UnifiedPaperFormat"":""16x24-inch-400x600-mm"",""UnifiedPaperType"":""170-gsm-65lb-uncoated""}"
flat_16x24-inch-400x600-mm_170-gsm-65lb-uncoated_4-0_ver,Posters — ver,posters,posters,"{""CoatingType"":""none"",""ColorType"":""4-0"",""Orientation"":""ver"",""ProductStatus"":""activated"",""ProtectionType"":""none"",""ShapeEdgeType"":""none"",""SpotFinishingType"":""none"",""State"":""published"",""UnifiedPaperFormat"":""16x24-inch-400x600-mm"",""UnifiedPaperType"":""170-gsm-65lb-uncoated""}"
flat_16x24-inch-400x600-mm_200-gsm-80lb-coated-silk_4-0_hor,Posters — hor,posters,posters,"{""CoatingType"":""none"",""ColorType"":""4-0"",""Orientation"":""hor"",""ProductStatus"":""activated"",""ProtectionType"":""none"",""ShapeEdgeType"":""none"",""SpotFinishingType"":""none"",""State"":""published"",""UnifiedPaperFormat"":""16x24-inch-400x600-mm"",""UnifiedPaperType"":""200-gsm-80lb-coated-silk""}"
flat_16x24-inch-400x600-mm_200-gsm-80lb-coated-silk_4-0_ver,Posters — ver,posters,posters,"{""CoatingType"":""none"",""ColorType"":""4-0"",""Orientation"":""ver"",""ProductStatus"":""activated"",""ProtectionType"":""none"",""ShapeEdgeType"":""none"",""SpotFinishingType"":""none"",""State"":""published"",""UnifiedPaperFormat"":""16x24-inch-400x600-mm"",""UnifiedPaperType"":""200-gsm-80lb-coated-silk""}"
flat_16x24-inch-400x600-mm_200-gsm-80lb-uncoated_4-0_hor,Posters — hor,posters,posters,"{""CoatingType"":""none"",""ColorType"":""4-0"",""Orientation"":""hor"",""ProductStatus"":""activated"",""ProtectionType"":""none"",""ShapeEdgeType"":""none"",""SpotFinishingType"":""none"",""State"":""published"",""UnifiedPaperFormat"":""16x24-inch-400x600-mm"",""UnifiedPaperType"":""200-gsm-80lb-uncoated""}"
flat_16x24-inch-400x600-mm_200-gsm-80lb-uncoated_4-0_ver,Posters — ver,posters,posters,"{""CoatingType"":""none"",""ColorType"":""4-0"",""Orientation"":""ver"",""ProductStatus"":""activated"",""ProtectionType"":""none"",""ShapeEdgeType"":""none"",""SpotFinishingType"":""none"",""State"":""published"",""UnifiedPaperFormat"":""16x24-inch-400x600-mm"",""UnifiedPaperType"":""200-gsm-80lb-uncoated""}"
flat_16x24-inch-400x600-mm_250-gsm-100lb-uncoated-offwhite-archival_4-0_hor,Posters — hor,posters,posters,"{""CoatingType"":""none"",""ColorType"":""4-0"",""Orientation"":""hor"",""ProductStatus"":""activated"",""ProtectionType"":""none"",""ShapeEdgeType"":""none"",""SpotFinishingType"":""none"",""State"":""published"",""UnifiedPaperFormat"":""16x24-inch-400x600-mm"",""UnifiedPaperType"":""250-gsm-100lb-uncoated-offwhite-archival""}"
flat_16x24-inch-400x600-mm_250-gsm-100lb-uncoated-offwhite-archival_4-0_ver,Posters — ver,posters,posters,"{""CoatingType"":""none"",""ColorType"":""4-0"",""Orientation"":""ver"",""ProductStatus"":""activated"",""ProtectionType"":""none"",""ShapeEdgeType"":""none"",""SpotFinishingType"":""none"",""State"":""published"",""UnifiedPaperFormat"":""16x24-inch-400x600-mm"",""UnifiedPaperType"":""250-gsm-100lb-uncoated-offwhite-archival""}"
flat_18x18-inch-450x450-mm_170-gsm-65lb-coated-silk_4-0_hor,Posters — hor,posters,posters,"{""CoatingType"":""none"",""ColorType"":""4-0"",""Orientation"":""hor"",""ProductStatus"":""activated"",""ProtectionType"":""none"",""ShapeEdgeType"":""none"",""SpotFinishingType"":""none"",""State"":""published"",""UnifiedPaperFormat"":""18x18-inch-450x450-mm"",""UnifiedPaperType"":""170-gsm-65lb-coated-silk""}"
flat_18x18-inch-450x450-mm_170-gsm-65lb-coated-silk_4-0_ver,Posters — ver,posters,posters,"{""CoatingType"":""none"",""ColorType"":""4-0"",""Orientation"":""ver"",""ProductStatus"":""activated"",""ProtectionType"":""none"",""ShapeEdgeType"":""none"",""SpotFinishingType"":""none"",""State"":""published"",""UnifiedPaperFormat"":""18x18-inch-450x450-mm"",""UnifiedPaperType"":""170-gsm-65lb-coated-silk""}"
flat_18x18-inch-450x450-mm_170-gsm-65lb-uncoated_4-0_hor,Posters — hor,posters,posters,"{""CoatingType"":""none"",""ColorType"":""4-0"",""Orientation"":""hor"",""ProductStatus"":""activated"",""ProtectionType"":""none"",""ShapeEdgeType"":""none"",""SpotFinishingType"":""none"",""State"":""published"",""UnifiedPaperFormat"":""18x18-inch-450x450-mm"",""UnifiedPaperType"":""170-gsm-65lb-uncoated""}"
flat_18x18-inch-450x450-mm_170-gsm-65lb-uncoated_4-0_ver,Posters — ver,posters,posters,"{""CoatingType"":""none"",""ColorType"":""4-0"",""Orientation"":""ver"",""ProductStatus"":""activated"",""ProtectionType"":""none"",""ShapeEdgeType"":""none"",""SpotFinishingType"":""none"",""State"":""published"",""UnifiedPaperFormat"":""18x18-inch-450x450-mm"",""UnifiedPaperType"":""170-gsm-65lb-uncoated""}"
flat_18x18-inch-450x450-mm_200-gsm-80lb-coated-silk_4-0_hor,Posters — hor,posters,posters,"{""CoatingType"":""none"",""ColorType"":""4-0"",""Orientation"":""hor"",""ProductStatus"":""activated"",""ProtectionType"":""none"",""ShapeEdgeType"":""none"",""SpotFinishingType"":""none"",""State"":""published"",""UnifiedPaperFormat"":""18x18-inch-450x450-mm"",""UnifiedPaperType"":""200-gsm-80lb-coated-silk""}"
flat_18x18-inch-450x450-mm_200-gsm-80lb-coated-silk_4-0_ver,Posters — ver,posters,posters,"{""CoatingType"":""none"",""ColorType"":""4-0"",""Orientation"":""ver"",""ProductStatus"":""activated"",""ProtectionType"":""none"",""ShapeEdgeType"":""none"",""SpotFinishingType"":""none"",""State"":""published"",""UnifiedPaperFormat"":""18x18-inch-450x450-mm"",""UnifiedPaperType"":""200-gsm-80lb-coated-silk""}"
flat_18x18-inch-450x450-mm_200-gsm-80lb-uncoated_4-0_hor,Posters — hor,posters,posters,"{""CoatingType"":""none"",""ColorType"":""4-0"",""Orientation"":""hor"",""ProductStatus"":""activated"",""ProtectionType"":""none"",""ShapeEdgeType"":""none"",""SpotFinishingType"":""none"",""State"":""published"",""UnifiedPaperFormat"":""18x18-inch-450x450-mm"",""UnifiedPaperType"":""200-gsm-80lb-uncoated""}"
flat_18x18-inch-450x450-mm_200-gsm-80lb-uncoated_4-0_ver,Posters — ver,posters,posters,"{""CoatingType"":""none"",""ColorType"":""4-0"",""Orientation"":""ver"",""ProductStatus"":""activated"",""ProtectionType"":""none"",""ShapeEdgeType"":""none"",""SpotFinishingType"":""none"",""State"":""published"",""UnifiedPaperFormat"":""18x18-inch-450x450-mm"",""UnifiedPaperType"":""200-gsm-80lb-uncoated""}"
flat_18x18-inch-450x450-mm_250-gsm-100lb-uncoated-offwhite-archival_4-0_hor,Posters — hor,posters,posters,"{""CoatingType"":""none"",""ColorType"":""4-0"",""Orientation"":""hor"",""ProductStatus"":""activated"",""ProtectionType"":""none"",""ShapeEdgeType"":""none"",""SpotFinishingType"":""none"",""State"":""published"",""UnifiedPaperFormat"":""18x18-inch-450x450-mm"",""UnifiedPaperType"":""250-gsm-100lb-uncoated-offwhite-archival""}"
flat_18x18-inch-450x450-mm_250-gsm-100lb-uncoated-offwhite-archival_4-0_ver,Posters — ver,posters,posters,"{""CoatingType"":""none"",""ColorType"":""4-0"",""Orientation"":""ver"",""ProductStatus"":""activated"",""ProtectionType"":""none"",""ShapeEdgeType"":""none"",""SpotFinishingType"":""none"",""State"":""published"",""UnifiedPaperFormat"":""18x18-inch-450x450-mm"",""UnifiedPaperType"":""250-gsm-100lb-uncoated-offwhite-archival""}"
flat_18x24-inch-450x600-mm_170-gsm-65lb-coated-silk_4-0_hor,Posters — hor,posters,posters,"{""CoatingType"":""none"",""ColorType"":""4-0"",""Orientation"":""hor"",""ProductStatus"":""activated"",""ProtectionType"":""none"",""ShapeEdgeType"":""none"",""SpotFinishingType"":""none"",""State"":""published"",""UnifiedPaperFormat"":""18x24-inch-450x600-mm"",""UnifiedPaperType"":""170-gsm-65lb-coated-silk""}"
flat_18x24-inch-450x600-mm_170-gsm-65lb-coated-silk_4-0_ver,Posters — ver,posters,posters,"{""CoatingType"":""none"",""ColorType"":""4-0"",""Orientation"":""ver"",""ProductStatus"":""activated"",""ProtectionType"":""none"",""ShapeEdgeType"":""none"",""SpotFinishingType"":""none"",""State"":""published"",""UnifiedPaperFormat"":""18x24-inch-450x600-mm"",""UnifiedPaperType"":""170-gsm-65lb-coated-silk""}"
flat_18x24-inch-450x600-mm_170-gsm-65lb-uncoated_4-0_hor,Posters — hor,posters,posters,"{""CoatingType"":""none"",""ColorType"":""4-0"",""Orientation"":""hor"",""ProductStatus"":""activated"",""ProtectionType"":""none"",""ShapeEdgeType"":""none"",""SpotFinishingType"":""none"",""State"":""published"",""UnifiedPaperFormat"":""18x24-inch-450x600-mm"",""UnifiedPaperType"":""170-gsm-65lb-uncoated""}"
flat_18x24-inch-450x600-mm_170-gsm-65lb-uncoated_4-0_ver,Posters — ver,posters,posters,"{""CoatingType"":""none"",""ColorType"":""4-0"",""Orientation"":""ver"",""ProductStatus"":""activated"",""ProtectionType"":""none"",""ShapeEdgeType"":""none"",""SpotFinishingType"":""none"",""State"":""published"",""UnifiedPaperFormat"":""18x24-inch-450x600-mm"",""UnifiedPaperType"":""170-gsm-65lb-uncoated""}"
flat_18x24-inch-450x600-mm_200-gsm-80lb-coated-silk_4-0_hor,Posters — hor,posters,posters,"{""CoatingType"":""none"",""ColorType"":""4-0"",""Orientation"":""hor"",""ProductStatus"":""activated"",""ProtectionType"":""none"",""ShapeEdgeType"":""none"",""SpotFinishingType"":""none"",""State"":""published"",""UnifiedPaperFormat"":""18x24-inch-450x600-mm"",""UnifiedPaperType"":""200-gsm-80lb-coated-silk""}"
flat_18x24-inch-450x600-mm_200-gsm-80lb-coated-silk_4-0_ver,Posters — ver,posters,posters,"{""CoatingType"":""none"",""ColorType"":""4-0"",""Orientation"":""ver"",""ProductStatus"":""activated"",""ProtectionType"":""none"",""ShapeEdgeType"":""none"",""SpotFinishingType"":""none"",""State"":""published"",""UnifiedPaperFormat"":""18x24-inch-450x600-mm"",""UnifiedPaperType"":""200-gsm-80lb-coated-silk""}"
flat_18x24-inch-450x600-mm_200-gsm-80lb-uncoated_4-0_hor,Posters — hor,posters,posters,"{""CoatingType"":""none"",""ColorType"":""4-0"",""Orientation"":""hor"",""ProductStatus"":""activated"",""ProtectionType"":""none"",""ShapeEdgeType"":""none"",""SpotFinishingType"":""none"",""State"":""published"",""UnifiedPaperFormat"":""18x24-inch-450x600-mm"",""UnifiedPaperType"":""200-gsm-80lb-uncoated""}"
flat_18x24-inch-450x600-mm_200-gsm-80lb-uncoated_4-0_ver,Posters — ver,posters,posters,"{""CoatingType"":""none"",""ColorType"":""4-0"",""Orientation"":""ver"",""ProductStatus"":""activated"",""ProtectionType"":""none"",""ShapeEdgeType"":""none"",""SpotFinishingType"":""none"",""State"":""published"",""UnifiedPaperFormat"":""18x24-inch-450x600-mm"",""UnifiedPaperType"":""200-gsm-80lb-uncoated""}"
flat_18x24-inch-450x600-mm_250-gsm-100lb-uncoated-offwhite-archival_4-0_hor,Posters — hor,posters,posters,"{""CoatingType"":""none"",""ColorType"":""4-0"",""Orientation"":""hor"",""ProductStatus"":""activated"",""ProtectionType"":""none"",""ShapeEdgeType"":""none"",""SpotFinishingType"":""none"",""State"":""published"",""UnifiedPaperFormat"":""18x24-inch-450x600-mm"",""UnifiedPaperType"":""250-gsm-100lb-uncoated-offwhite-archival""}"
flat_18x24-inch-450x600-mm_250-gsm-100lb-uncoated-offwhite-archival_4-0_ver,Posters — ver,posters,posters,"{""CoatingType"":""none"",""ColorType"":""4-0"",""Orientation"":""ver"",""ProductStatus"":""activated"",""ProtectionType"":""none"",""ShapeEdgeType"":""none"",""SpotFinishingType"":""none"",""State"":""published"",""UnifiedPaperFormat"":""18x24-inch-450x600-mm"",""UnifiedPaperType"":""250-gsm-100lb-uncoated-offwhite-archival""}"
flat_200x250-mm-8x10-inch_170-gsm-65lb-coated-silk_4-0_hor,Posters — hor,posters,posters,"{""CoatingType"":""none"",""ColorType"":""4-0"",""Orientation"":""hor"",""ProductStatus"":""activated"",""ProtectionType"":""none"",""ShapeEdgeType"":""none"",""SpotFinishingType"":""none"",""State"":""published"",""UnifiedPaperFormat"":""200x250-mm-8x10-inch"",""UnifiedPaperType"":""170-gsm-65lb-coated-silk""}"
flat_200x250-mm-8x10-inch_170-gsm-65lb-coated-silk_4-0_ver,Posters — ver,posters,posters,"{""CoatingType"":""none"",""ColorType"":""4-0"",""Orientation"":""ver"",""ProductStatus"":""activated"",""ProtectionType"":""none"",""ShapeEdgeType"":""none"",""SpotFinishingType"":""none"",""State"":""published"",""UnifiedPaperFormat"":""200x250-mm-8x10-inch"",""UnifiedPaperType"":""170-gsm-65lb-coated-silk""}"
flat_200x250-mm-8x10-inch_170-gsm-65lb-uncoated_4-0_hor,Posters — hor,posters,posters,"{""CoatingType"":""none"",""ColorType"":""4-0"",""Orientation"":""hor"",""ProductStatus"":""activated"",""ProtectionType"":""none"",""ShapeEdgeType"":""none"",""SpotFinishingType"":""none"",""State"":""published"",""UnifiedPaperFormat"":""200x250-mm-8x10-inch"",""UnifiedPaperType"":""170-gsm-65lb-uncoated""}"
flat_200x250-mm-8x10-inch_170-gsm-65lb-uncoated_4-0_ver,Posters — ver,posters,posters,"{""CoatingType"":""none"",""ColorType"":""4-0"",""Orientation"":""ver"",""ProductStatus"":""activated"",""ProtectionType"":""none"",""ShapeEdgeType"":""none"",""SpotFinishingType"":""none"",""State"":""published"",""UnifiedPaperFormat"":""200x250-mm-8x10-inch"",""UnifiedPaperType"":""170-gsm-65lb-uncoated""}"
flat_200x250-mm-8x10-inch_200-gsm-80lb-coated-silk_4-0_hor,Posters — hor,posters,posters,"{""CoatingType"":""none"",""ColorType"":""4-0"",""Orientation"":""hor"",""ProductStatus"":""activated"",""ProtectionType"":""none"",""ShapeEdgeType"":""none"",""SpotFinishingType"":""none"",""State"":""published"",""UnifiedPaperFormat"":""200x250-mm-8x10-inch"",""UnifiedPaperType"":""200-gsm-80lb-coated-silk""}"
flat_200x250-mm-8x10-inch_200-gsm-80lb-coated-silk_4-0_ver,Posters — ver,posters,posters,"{""CoatingType"":""none"",""ColorType"":""4-0"",""Orientation"":""ver"",""ProductStatus"":""activated"",""ProtectionType"":""none"",""ShapeEdgeType"":""none"",""SpotFinishingType"":""none"",""State"":""published"",""UnifiedPaperFormat"":""200x250-mm-8x10-inch"",""UnifiedPaperType"":""200-gsm-80lb-coated-silk""}"
flat_200x250-mm-8x10-inch_200-gsm-80lb-uncoated_4-0_hor,Posters — hor,posters,posters,"{""CoatingType"":""none"",""ColorType"":""4-0"",""Orientation"":""hor"",""ProductStatus"":""activated"",""ProtectionType"":""none"",""ShapeEdgeType"":""none"",""SpotFinishingType"":""none"",""State"":""published"",""UnifiedPaperFormat"":""200x250-mm-8x10-inch"",""UnifiedPaperType"":""200-gsm-80lb-uncoated""}"
flat_200x250-mm-8x10-inch_200-gsm-80lb-uncoated_4-0_ver,Posters — ver,posters,posters,"{""CoatingType"":""none"",""ColorType"":""4-0"",""Orientation"":""ver"",""ProductStatus"":""activated"",""ProtectionType"":""none"",""ShapeEdgeType"":""none"",""SpotFinishingType"":""none"",""State"":""published"",""UnifiedPaperFormat"":""200x250-mm-8x10-inch"",""UnifiedPaperType"":""200-gsm-80lb-uncoated""}"
flat_200x250-mm-8x10-inch_250-gsm-100lb-uncoated-offwhite-archival_4-0_hor,Posters — hor,posters,posters,"{""CoatingType"":""none"",""ColorType"":""4-0"",""Orientation"":""hor"",""ProductStatus"":""activated"",""ProtectionType"":""none"",""ShapeEdgeType"":""none"",""SpotFinishingType"":""none"",""State"":""published"",""UnifiedPaperFormat"":""200x250-mm-8x10-inch"",""UnifiedPaperType"":""250-gsm-100lb-uncoated-offwhite-archival""}"
flat_200x250-mm-8x10-inch_250-gsm-100lb-uncoated-offwhite-archival_4-0_ver,Posters — ver,posters,posters,"{""CoatingType"":""none"",""ColorType"":""4-0"",""Orientation"":""ver"",""ProductStatus"":""activated"",""ProtectionType"":""none"",""ShapeEdgeType"":""none"",""SpotFinishingType"":""none"",""State"":""published"",""UnifiedPaperFormat"":""200x250-mm-8x10-inch"",""UnifiedPaperType"":""250-gsm-100lb-uncoated-offwhite-archival""}"
flat_200x500-mm-8x20-inch_170-gsm-65lb-coated-silk_4-0_hor,Posters — hor,posters,posters,"{""CoatingType"":""none"",""ColorType"":""4-0"",""Orientation"":""hor"",""ProductStatus"":""activated"",""ProtectionType"":""none"",""ShapeEdgeType"":""none"",""SpotFinishingType"":""none"",""State"":""published"",""UnifiedPaperFormat"":""200x500-mm-8x20-inch"",""UnifiedPaperType"":""170-gsm-65lb-coated-silk""}"
flat_200x500-mm-8x20-inch_170-gsm-65lb-coated-silk_4-0_ver,Posters — ver,posters,posters,"{""CoatingType"":""none"",""ColorType"":""4-0"",""Orientation"":""ver"",""ProductStatus"":""activated"",""ProtectionType"":""none"",""ShapeEdgeType"":""none"",""SpotFinishingType"":""none"",""State"":""published"",""UnifiedPaperFormat"":""200x500-mm-8x20-inch"",""UnifiedPaperType"":""170-gsm-65lb-coated-silk""}"
flat_200x500-mm-8x20-inch_170-gsm-65lb-uncoated_4-0_hor,Posters — hor,posters,posters,"{""CoatingType"":""none"",""ColorType"":""4-0"",""Orientation"":""hor"",""ProductStatus"":""activated"",""ProtectionType"":""none"",""ShapeEdgeType"":""none"",""SpotFinishingType"":""none"",""State"":""published"",""UnifiedPaperFormat"":""200x500-mm-8x20-inch"",""UnifiedPaperType"":""170-gsm-65lb-uncoated""}"
flat_200x500-mm-8x20-inch_170-gsm-65lb-uncoated_4-0_ver,Posters — ver,posters,posters,"{""CoatingType"":""none"",""ColorType"":""4-0"",""Orientation"":""ver"",""ProductStatus"":""activated"",""ProtectionType"":""none"",""ShapeEdgeType"":""none"",""SpotFinishingType"":""none"",""State"":""published"",""UnifiedPaperFormat"":""200x500-mm-8x20-inch"",""UnifiedPaperType"":""170-gsm-65lb-uncoated""}"
flat_200x500-mm-8x20-inch_200-gsm-80lb-coated-silk_4-0_hor,Posters — hor,posters,posters,"{""CoatingType"":""none"",""ColorType"":""4-0"",""Orientation"":""hor"",""ProductStatus"":""activated"",""ProtectionType"":""none"",""ShapeEdgeType"":""none"",""SpotFinishingType"":""none"",""State"":""published"",""UnifiedPaperFormat"":""200x500-mm-8x20-inch"",""UnifiedPaperType"":""200-gsm-80lb-coated-silk""}"
flat_200x500-mm-8x20-inch_200-gsm-80lb-coated-silk_4-0_ver,Posters — ver,posters,posters,"{""CoatingType"":""none"",""ColorType"":""4-0"",""Orientation"":""ver"",""ProductStatus"":""activated"",""ProtectionType"":""none"",""ShapeEdgeType"":""none"",""SpotFinishingType"":""none"",""State"":""published"",""UnifiedPaperFormat"":""200x500-mm-8x20-inch"",""UnifiedPaperType"":""200-gsm-80lb-coated-silk""}"
flat_200x500-mm-8x20-inch_200-gsm-80lb-uncoated_4-0_hor,Posters — hor,posters,posters,"{""CoatingType"":""none"",""ColorType"":""4-0"",""Orientation"":""hor"",""ProductStatus"":""activated"",""ProtectionType"":""none"",""ShapeEdgeType"":""none"",""SpotFinishingType"":""none"",""State"":""published"",""UnifiedPaperFormat"":""200x500-mm-8x20-inch"",""UnifiedPaperType"":""200-gsm-80lb-uncoated""}"
flat_200x500-mm-8x20-inch_200-gsm-80lb-uncoated_4-0_ver,Posters — ver,posters,posters,"{""CoatingType"":""none"",""ColorType"":""4-0"",""Orientation"":""ver"",""ProductStatus"":""activated"",""ProtectionType"":""none"",""ShapeEdgeType"":""none"",""SpotFinishingType"":""none"",""State"":""published"",""UnifiedPaperFormat"":""200x500-mm-8x20-inch"",""UnifiedPaperType"":""200-gsm-80lb-uncoated""}"
flat_200x500-mm-8x20-inch_250-gsm-100lb-uncoated-offwhite-archival_4-0_hor,Posters — hor,posters,posters,"{""CoatingType"":""none"",""ColorType"":""4-0"",""Orientation"":""hor"",""ProductStatus"":""activated"",""ProtectionType"":""none"",""ShapeEdgeType"":""none"",""SpotFinishingType"":""none"",""State"":""published"",""UnifiedPaperFormat"":""200x500-mm-8x20-inch"",""UnifiedPaperType"":""250-gsm-100lb-uncoated-offwhite-archival""}"
flat_200x500-mm-8x20-inch_250-gsm-100lb-uncoated-offwhite-archival_4-0_ver,Posters — ver,posters,posters,"{""CoatingType"":""none"",""ColorType"":""4-0"",""Orientation"":""ver"",""ProductStatus"":""activated"",""ProtectionType"":""none"",""ShapeEdgeType"":""none"",""SpotFinishingType"":""none"",""State"":""published"",""UnifiedPaperFormat"":""200x500-mm-8x20-inch"",""UnifiedPaperType"":""250-gsm-100lb-uncoated-offwhite-archival""}"
flat_20x20-inch-500x500-mm_170-gsm-65lb-coated-silk_4-0_hor,Posters — hor,posters,posters,"{""CoatingType"":""none"",""ColorType"":""4-0"",""Orientation"":""hor"",""ProductStatus"":""activated"",""ProtectionType"":""none"",""ShapeEdgeType"":""none"",""SpotFinishingType"":""none"",""State"":""published"",""UnifiedPaperFormat"":""20x20-inch-500x500-mm"",""UnifiedPaperType"":""170-gsm-65lb-coated-silk""}"
flat_20x20-inch-500x500-mm_170-gsm-65lb-coated-silk_4-0_ver,Posters — ver,posters,posters,"{""CoatingType"":""none"",""ColorType"":""4-0"",""Orientation"":""ver"",""ProductStatus"":""activated"",""ProtectionType"":""none"",""ShapeEdgeType"":""none"",""SpotFinishingType"":""none"",""State"":""published"",""UnifiedPaperFormat"":""20x20-inch-500x500-mm"",""UnifiedPaperType"":""170-gsm-65lb-coated-silk""}"
flat_20x20-inch-500x500-mm_170-gsm-65lb-uncoated_4-0_hor,Posters — hor,posters,posters,"{""CoatingType"":""none"",""ColorType"":""4-0"",""Orientation"":""hor"",""ProductStatus"":""activated"",""ProtectionType"":""none"",""ShapeEdgeType"":""none"",""SpotFinishingType"":""none"",""State"":""published"",""UnifiedPaperFormat"":""20x20-inch-500x500-mm"",""UnifiedPaperType"":""170-gsm-65lb-uncoated""}"
flat_20x20-inch-500x500-mm_170-gsm-65lb-uncoated_4-0_ver,Posters — ver,posters,posters,"{""CoatingType"":""none"",""ColorType"":""4-0"",""Orientation"":""ver"",""ProductStatus"":""activated"",""ProtectionType"":""none"",""ShapeEdgeType"":""none"",""SpotFinishingType"":""none"",""State"":""published"",""UnifiedPaperFormat"":""20x20-inch-500x500-mm"",""UnifiedPaperType"":""170-gsm-65lb-uncoated""}"
flat_20x20-inch-500x500-mm_200-gsm-80lb-coated-silk_4-0_hor,Posters — hor,posters,posters,"{""CoatingType"":""none"",""ColorType"":""4-0"",""Orientation"":""hor"",""ProductStatus"":""activated"",""ProtectionType"":""none"",""ShapeEdgeType"":""none"",""SpotFinishingType"":""none"",""State"":""published"",""UnifiedPaperFormat"":""20x20-inch-500x500-mm"",""UnifiedPaperType"":""200-gsm-80lb-coated-silk""}"
flat_20x20-inch-500x500-mm_200-gsm-80lb-coated-silk_4-0_ver,Posters — ver,posters,posters,"{""CoatingType"":""none"",""ColorType"":""4-0"",""Orientation"":""ver"",""ProductStatus"":""activated"",""ProtectionType"":""none"",""ShapeEdgeType"":""none"",""SpotFinishingType"":""none"",""State"":""published"",""UnifiedPaperFormat"":""20x20-inch-500x500-mm"",""UnifiedPaperType"":""200-gsm-80lb-coated-silk""}"
flat_20x20-inch-500x500-mm_200-gsm-80lb-uncoated_4-0_hor,Posters — hor,posters,posters,"{""CoatingType"":""none"",""ColorType"":""4-0"",""Orientation"":""hor"",""ProductStatus"":""activated"",""ProtectionType"":""none"",""ShapeEdgeType"":""none"",""SpotFinishingType"":""none"",""State"":""published"",""UnifiedPaperFormat"":""20x20-inch-500x500-mm"",""UnifiedPaperType"":""200-gsm-80lb-uncoated""}"
flat_20x20-inch-500x500-mm_200-gsm-80lb-uncoated_4-0_ver,Posters — ver,posters,posters,"{""CoatingType"":""none"",""ColorType"":""4-0"",""Orientation"":""ver"",""ProductStatus"":""activated"",""ProtectionType"":""none"",""ShapeEdgeType"":""none"",""SpotFinishingType"":""none"",""State"":""published"",""UnifiedPaperFormat"":""20x20-inch-500x500-mm"",""UnifiedPaperType"":""200-gsm-80lb-uncoated""}"
flat_20x20-inch-500x500-mm_250-gsm-100lb-uncoated-offwhite-archival_4-0_hor,Posters — hor,posters,posters,"{""CoatingType"":""none"",""ColorType"":""4-0"",""Orientation"":""hor"",""ProductStatus"":""activated"",""ProtectionType"":""none"",""ShapeEdgeType"":""none"",""SpotFinishingType"":""none"",""State"":""published"",""UnifiedPaperFormat"":""20x20-inch-500x500-mm"",""UnifiedPaperType"":""250-gsm-100lb-uncoated-offwhite-archival""}"
flat_20x20-inch-500x500-mm_250-gsm-100lb-uncoated-offwhite-archival_4-0_ver,Posters — ver,posters,posters,"{""CoatingType"":""none"",""ColorType"":""4-0"",""Orientation"":""ver"",""ProductStatus"":""activated"",""ProtectionType"":""none"",""ShapeEdgeType"":""none"",""SpotFinishingType"":""none"",""State"":""published"",""UnifiedPaperFormat"":""20x20-inch-500x500-mm"",""UnifiedPaperType"":""250-gsm-100lb-uncoated-offwhite-archival""}"
flat_20x28-inch-500x700-mm_170-gsm-65lb-coated-silk_4-0_hor,Posters — hor,posters,posters,"{""CoatingType"":""none"",""ColorType"":""4-0"",""Orientation"":""hor"",""ProductStatus"":""activated"",""ProtectionType"":""none"",""ShapeEdgeType"":""none"",""SpotFinishingType"":""none"",""State"":""published"",""UnifiedPaperFormat"":""20x28-inch-500x700-mm"",""UnifiedPaperType"":""170-gsm-65lb-coated-silk""}"
flat_20x28-inch-500x700-mm_170-gsm-65lb-coated-silk_4-0_ver,Posters — ver,posters,posters,"{""CoatingType"":""none"",""ColorType"":""4-0"",""Orientation"":""ver"",""ProductStatus"":""activated"",""ProtectionType"":""none"",""ShapeEdgeType"":""none"",""SpotFinishingType"":""none"",""State"":""published"",""UnifiedPaperFormat"":""20x28-inch-500x700-mm"",""UnifiedPaperType"":""170-gsm-65lb-coated-silk""}"
flat_20x28-inch-500x700-mm_170-gsm-65lb-uncoated_4-0_hor,Posters — hor,posters,posters,"{""CoatingType"":""none"",""ColorType"":""4-0"",""Orientation"":""hor"",""ProductStatus"":""activated"",""ProtectionType"":""none"",""ShapeEdgeType"":""none"",""SpotFinishingType"":""none"",""State"":""published"",""UnifiedPaperFormat"":""20x28-inch-500x700-mm"",""UnifiedPaperType"":""170-gsm-65lb-uncoated""}"
flat_20x28-inch-500x700-mm_170-gsm-65lb-uncoated_4-0_ver,Posters — ver,posters,posters,"{""CoatingType"":""none"",""ColorType"":""4-0"",""Orientation"":""ver"",""ProductStatus"":""activated"",""ProtectionType"":""none"",""ShapeEdgeType"":""none"",""SpotFinishingType"":""none"",""State"":""published"",""UnifiedPaperFormat"":""20x28-inch-500x700-mm"",""UnifiedPaperType"":""170-gsm-65lb-uncoated""}"
flat_20x28-inch-500x700-mm_200-gsm-80lb-coated-silk_4-0_hor,Posters — hor,posters,posters,"{""CoatingType"":""none"",""ColorType"":""4-0"",""Orientation"":""hor"",""ProductStatus"":""activated"",""ProtectionType"":""none"",""ShapeEdgeType"":""none"",""SpotFinishingType"":""none"",""State"":""published"",""UnifiedPaperFormat"":""20x28-inch-500x700-mm"",""UnifiedPaperType"":""200-gsm-80lb-coated-silk""}"
flat_20x28-inch-500x700-mm_200-gsm-80lb-coated-silk_4-0_ver,Posters — ver,posters,posters,"{""CoatingType"":""none"",""ColorType"":""4-0"",""Orientation"":""ver"",""ProductStatus"":""activated"",""ProtectionType"":""none"",""ShapeEdgeType"":""none"",""SpotFinishingType"":""none"",""State"":""published"",""UnifiedPaperFormat"":""20x28-inch-500x700-mm"",""UnifiedPaperType"":""200-gsm-80lb-coated-silk""}"
flat_20x28-inch-500x700-mm_200-gsm-80lb-uncoated_4-0_hor,Posters — hor,posters,posters,"{""CoatingType"":""none"",""ColorType"":""4-0"",""Orientation"":""hor"",""ProductStatus"":""activated"",""ProtectionType"":""none"",""ShapeEdgeType"":""none"",""SpotFinishingType"":""none"",""State"":""published"",""UnifiedPaperFormat"":""20x28-inch-500x700-mm"",""UnifiedPaperType"":""200-gsm-80lb-uncoated""}"
flat_20x28-inch-500x700-mm_200-gsm-80lb-uncoated_4-0_ver,Posters — ver,posters,posters,"{""CoatingType"":""none"",""ColorType"":""4-0"",""Orientation"":""ver"",""ProductStatus"":""activated"",""ProtectionType"":""none"",""ShapeEdgeType"":""none"",""SpotFinishingType"":""none"",""State"":""published"",""UnifiedPaperFormat"":""20x28-inch-500x700-mm"",""UnifiedPaperType"":""200-gsm-80lb-uncoated""}"
flat_20x28-inch-500x700-mm_250-gsm-100lb-uncoated-offwhite-archival_4-0_hor,Posters — hor,posters,posters,"{""CoatingType"":""none"",""ColorType"":""4-0"",""Orientation"":""hor"",""ProductStatus"":""activated"",""ProtectionType"":""none"",""ShapeEdgeType"":""none"",""SpotFinishingType"":""none"",""State"":""published"",""UnifiedPaperFormat"":""20x28-inch-500x700-mm"",""UnifiedPaperType"":""250-gsm-100lb-uncoated-offwhite-archival""}"
flat_20x28-inch-500x700-mm_250-gsm-100lb-uncoated-offwhite-archival_4-0_ver,Posters — ver,posters,posters,"{""CoatingType"":""none"",""ColorType"":""4-0"",""Orientation"":""ver"",""ProductStatus"":""activated"",""ProtectionType"":""none"",""ShapeEdgeType"":""none"",""SpotFinishingType"":""none"",""State"":""published"",""UnifiedPaperFormat"":""20x28-inch-500x700-mm"",""UnifiedPaperType"":""250-gsm-100lb-uncoated-offwhite-archival""}"
flat_24x32-inch-600x800-mm_170-gsm-65lb-coated-silk_4-0_hor,Posters — hor,posters,posters,"{""CoatingType"":""none"",""ColorType"":""4-0"",""Orientation"":""hor"",""ProductStatus"":""activated"",""ProtectionType"":""none"",""ShapeEdgeType"":""none"",""SpotFinishingType"":""none"",""State"":""published"",""UnifiedPaperFormat"":""24x32-inch-600x800-mm"",""UnifiedPaperType"":""170-gsm-65lb-coated-silk""}"
flat_24x32-inch-600x800-mm_170-gsm-65lb-coated-silk_4-0_ver,Posters — ver,posters,posters,"{""CoatingType"":""none"",""ColorType"":""4-0"",""Orientation"":""ver"",""ProductStatus"":""activated"",""ProtectionType"":""none"",""ShapeEdgeType"":""none"",""SpotFinishingType"":""none"",""State"":""published"",""UnifiedPaperFormat"":""24x32-inch-600x800-mm"",""UnifiedPaperType"":""170-gsm-65lb-coated-silk""}"
flat_24x32-inch-600x800-mm_170-gsm-65lb-uncoated_4-0_hor,Posters — hor,posters,posters,"{""CoatingType"":""none"",""ColorType"":""4-0"",""Orientation"":""hor"",""ProductStatus"":""activated"",""ProtectionType"":""none"",""ShapeEdgeType"":""none"",""SpotFinishingType"":""none"",""State"":""published"",""UnifiedPaperFormat"":""24x32-inch-600x800-mm"",""UnifiedPaperType"":""170-gsm-65lb-uncoated""}"
flat_24x32-inch-600x800-mm_170-gsm-65lb-uncoated_4-0_ver,Posters — ver,posters,posters,"{""CoatingType"":""none"",""ColorType"":""4-0"",""Orientation"":""ver"",""ProductStatus"":""activated"",""ProtectionType"":""none"",""ShapeEdgeType"":""none"",""SpotFinishingType"":""none"",""State"":""published"",""UnifiedPaperFormat"":""24x32-inch-600x800-mm"",""UnifiedPaperType"":""170-gsm-65lb-uncoated""}"
flat_24x32-inch-600x800-mm_200-gsm-80lb-coated-silk_4-0_hor,Posters — hor,posters,posters,"{""CoatingType"":""none"",""ColorType"":""4-0"",""Orientation"":""hor"",""ProductStatus"":""activated"",""ProtectionType"":""none"",""ShapeEdgeType"":""none"",""SpotFinishingType"":""none"",""State"":""published"",""UnifiedPaperFormat"":""24x32-inch-600x800-mm"",""UnifiedPaperType"":""200-gsm-80lb-coated-silk""}"
flat_24x32-inch-600x800-mm_200-gsm-80lb-coated-silk_4-0_ver,Posters — ver,posters,posters,"{""CoatingType"":""none"",""ColorType"":""4-0"",""Orientation"":""ver"",""ProductStatus"":""activated"",""ProtectionType"":""none"",""ShapeEdgeType"":""none"",""SpotFinishingType"":""none"",""State"":""published"",""UnifiedPaperFormat"":""24x32-inch-600x800-mm"",""UnifiedPaperType"":""200-gsm-80lb-coated-silk""}"
flat_24x32-inch-600x800-mm_200-gsm-80lb-uncoated_4-0_hor,Posters — hor,posters,posters,"{""CoatingType"":""none"",""ColorType"":""4-0"",""Orientation"":""hor"",""ProductStatus"":""activated"",""ProtectionType"":""none"",""ShapeEdgeType"":""none"",""SpotFinishingType"":""none"",""State"":""published"",""UnifiedPaperFormat"":""24x32-inch-600x800-mm"",""UnifiedPaperType"":""200-gsm-80lb-uncoated""}"
flat_24x32-inch-600x800-mm_200-gsm-80lb-uncoated_4-0_ver,Posters — ver,posters,posters,"{""CoatingType"":""none"",""ColorType"":""4-0"",""Orientation"":""ver"",""ProductStatus"":""activated"",""ProtectionType"":""none"",""ShapeEdgeType"":""none"",""SpotFinishingType"":""none"",""State"":""published"",""UnifiedPaperFormat"":""24x32-inch-600x800-mm"",""UnifiedPaperType"":""200-gsm-80lb-uncoated""}"
flat_24x32-inch-600x800-mm_250-gsm-100lb-uncoated-offwhite-archival_4-0_hor,Posters — hor,posters,posters,"{""CoatingType"":""none"",""ColorType"":""4-0"",""Orientation"":""hor"",""ProductStatus"":""activated"",""ProtectionType"":""none"",""ShapeEdgeType"":""none"",""SpotFinishingType"":""none"",""State"":""published"",""UnifiedPaperFormat"":""24x32-inch-600x800-mm"",""UnifiedPaperType"":""250-gsm-100lb-uncoated-offwhite-archival""}"
flat_24x32-inch-600x800-mm_250-gsm-100lb-uncoated-offwhite-archival_4-0_ver,Posters — ver,posters,posters,"{""CoatingType"":""none"",""ColorType"":""4-0"",""Orientation"":""ver"",""ProductStatus"":""activated"",""ProtectionType"":""none"",""ShapeEdgeType"":""none"",""SpotFinishingType"":""none"",""State"":""published"",""UnifiedPaperFormat"":""24x32-inch-600x800-mm"",""UnifiedPaperType"":""250-gsm-100lb-uncoated-offwhite-archival""}"
flat_24x36-inch-600x900-mm_170-gsm-65lb-coated-silk_4-0_hor,Posters — hor,posters,posters,"{""CoatingType"":""none"",""ColorType"":""4-0"",""Orientation"":""hor"",""ProductStatus"":""activated"",""ProtectionType"":""none"",""ShapeEdgeType"":""none"",""SpotFinishingType"":""none"",""State"":""published"",""UnifiedPaperFormat"":""24x36-inch-600x900-mm"",""UnifiedPaperType"":""170-gsm-65lb-coated-silk""}"
flat_24x36-inch-600x900-mm_170-gsm-65lb-coated-silk_4-0_ver,Posters — ver,posters,posters,"{""CoatingType"":""none"",""ColorType"":""4-0"",""Orientation"":""ver"",""ProductStatus"":""activated"",""ProtectionType"":""none"",""ShapeEdgeType"":""none"",""SpotFinishingType"":""none"",""State"":""published"",""UnifiedPaperFormat"":""24x36-inch-600x900-mm"",""UnifiedPaperType"":""170-gsm-65lb-coated-silk""}"
flat_24x36-inch-600x900-mm_170-gsm-65lb-uncoated_4-0_hor,Posters — hor,posters,posters,"{""CoatingType"":""none"",""ColorType"":""4-0"",""Orientation"":""hor"",""ProductStatus"":""activated"",""ProtectionType"":""none"",""ShapeEdgeType"":""none"",""SpotFinishingType"":""none"",""State"":""published"",""UnifiedPaperFormat"":""24x36-inch-600x900-mm"",""UnifiedPaperType"":""170-gsm-65lb-uncoated""}"
flat_24x36-inch-600x900-mm_170-gsm-65lb-uncoated_4-0_ver,Posters — ver,posters,posters,"{""CoatingType"":""none"",""ColorType"":""4-0"",""Orientation"":""ver"",""ProductStatus"":""activated"",""ProtectionType"":""none"",""ShapeEdgeType"":""none"",""SpotFinishingType"":""none"",""State"":""published"",""UnifiedPaperFormat"":""24x36-inch-600x900-mm"",""UnifiedPaperType"":""170-gsm-65lb-uncoated""}"
flat_24x36-inch-600x900-mm_200-gsm-80lb-coated-silk_4-0_hor,Posters — hor,posters,posters,"{""CoatingType"":""none"",""ColorType"":""4-0"",""Orientation"":""hor"",""ProductStatus"":""activated"",""ProtectionType"":""none"",""ShapeEdgeType"":""none"",""SpotFinishingType"":""none"",""State"":""published"",""UnifiedPaperFormat"":""24x36-inch-600x900-mm"",""UnifiedPaperType"":""200-gsm-80lb-coated-silk""}"
flat_24x36-inch-600x900-mm_200-gsm-80lb-coated-silk_4-0_ver,Posters — ver,posters,posters,"{""CoatingType"":""none"",""ColorType"":""4-0"",""Orientation"":""ver"",""ProductStatus"":""activated"",""ProtectionType"":""none"",""ShapeEdgeType"":""none"",""SpotFinishingType"":""none"",""State"":""published"",""UnifiedPaperFormat"":""24x36-inch-600x900-mm"",""UnifiedPaperType"":""200-gsm-80lb-coated-silk""}"
flat_24x36-inch-600x900-mm_200-gsm-80lb-uncoated_4-0_hor,Posters — hor,posters,posters,"{""CoatingType"":""none"",""ColorType"":""4-0"",""Orientation"":""hor"",""ProductStatus"":""activated"",""ProtectionType"":""none"",""ShapeEdgeType"":""none"",""SpotFinishingType"":""none"",""State"":""published"",""UnifiedPaperFormat"":""24x36-inch-600x900-mm"",""UnifiedPaperType"":""200-gsm-80lb-uncoated""}"
flat_24x36-inch-600x900-mm_200-gsm-80lb-uncoated_4-0_ver,Posters — ver,posters,posters,"{""CoatingType"":""none"",""ColorType"":""4-0"",""Orientation"":""ver"",""ProductStatus"":""activated"",""ProtectionType"":""none"",""ShapeEdgeType"":""none"",""SpotFinishingType"":""none"",""State"":""published"",""UnifiedPaperFormat"":""24x36-inch-600x900-mm"",""UnifiedPaperType"":""200-gsm-80lb-uncoated""}"
flat_24x36-inch-600x900-mm_250-gsm-100lb-uncoated-offwhite-archival_4-0_hor,Posters — hor,posters,posters,"{""CoatingType"":""none"",""ColorType"":""4-0"",""Orientation"":""hor"",""ProductStatus"":""activated"",""ProtectionType"":""none"",""ShapeEdgeType"":""none"",""SpotFinishingType"":""none"",""State"":""published"",""UnifiedPaperFormat"":""24x36-inch-600x900-mm"",""UnifiedPaperType"":""250-gsm-100lb-uncoated-offwhite-archival""}"
flat_24x36-inch-600x900-mm_250-gsm-100lb-uncoated-offwhite-archival_4-0_ver,Posters — ver,posters,posters,"{""CoatingType"":""none"",""ColorType"":""4-0"",""Orientation"":""ver"",""ProductStatus"":""activated"",""ProtectionType"":""none"",""ShapeEdgeType"":""none"",""SpotFinishingType"":""none"",""State"":""published"",""UnifiedPaperFormat"":""24x36-inch-600x900-mm"",""UnifiedPaperType"":""250-gsm-100lb-uncoated-offwhite-archival""}"
flat_250x250-mm-10x10-inch_170-gsm-65lb-coated-silk_4-0_hor,Posters — hor,posters,posters,"{""CoatingType"":""none"",""ColorType"":""4-0"",""Orientation"":""hor"",""ProductStatus"":""activated"",""ProtectionType"":""none"",""ShapeEdgeType"":""none"",""SpotFinishingType"":""none"",""State"":""published"",""UnifiedPaperFormat"":""250x250-mm-10x10-inch"",""UnifiedPaperType"":""170-gsm-65lb-coated-silk""}"
flat_250x250-mm-10x10-inch_170-gsm-65lb-coated-silk_4-0_ver,Posters — ver,posters,posters,"{""CoatingType"":""none"",""ColorType"":""4-0"",""Orientation"":""ver"",""ProductStatus"":""activated"",""ProtectionType"":""none"",""ShapeEdgeType"":""none"",""SpotFinishingType"":""none"",""State"":""published"",""UnifiedPaperFormat"":""250x250-mm-10x10-inch"",""UnifiedPaperType"":""170-gsm-65lb-coated-silk""}"
flat_250x250-mm-10x10-inch_170-gsm-65lb-uncoated_4-0_hor,Posters — hor,posters,posters,"{""CoatingType"":""none"",""ColorType"":""4-0"",""Orientation"":""hor"",""ProductStatus"":""activated"",""ProtectionType"":""none"",""ShapeEdgeType"":""none"",""SpotFinishingType"":""none"",""State"":""published"",""UnifiedPaperFormat"":""250x250-mm-10x10-inch"",""UnifiedPaperType"":""170-gsm-65lb-uncoated""}"
flat_250x250-mm-10x10-inch_170-gsm-65lb-uncoated_4-0_ver,Posters — ver,posters,posters,"{""CoatingType"":""none"",""ColorType"":""4-0"",""Orientation"":""ver"",""ProductStatus"":""activated"",""ProtectionType"":""none"",""ShapeEdgeType"":""none"",""SpotFinishingType"":""none"",""State"":""published"",""UnifiedPaperFormat"":""250x250-mm-10x10-inch"",""UnifiedPaperType"":""170-gsm-65lb-uncoated""}"
flat_250x250-mm-10x10-inch_200-gsm-80lb-coated-silk_4-0_hor,Posters — hor,posters,posters,"{""CoatingType"":""none"",""ColorType"":""4-0"",""Orientation"":""hor"",""ProductStatus"":""activated"",""ProtectionType"":""none"",""ShapeEdgeType"":""none"",""SpotFinishingType"":""none"",""State"":""published"",""UnifiedPaperFormat"":""250x250-mm-10x10-inch"",""UnifiedPaperType"":""200-gsm-80lb-coated-silk""}"
flat_250x250-mm-10x10-inch_200-gsm-80lb-coated-silk_4-0_ver,Posters — ver,posters,posters,"{""CoatingType"":""none"",""ColorType"":""4-0"",""Orientation"":""ver"",""ProductStatus"":""activated"",""ProtectionType"":""none"",""ShapeEdgeType"":""none"",""SpotFinishingType"":""none"",""State"":""published"",""UnifiedPaperFormat"":""250x250-mm-10x10-inch"",""UnifiedPaperType"":""200-gsm-80lb-coated-silk""}"
flat_250x250-mm-10x10-inch_200-gsm-80lb-uncoated_4-0_hor,Posters — hor,posters,posters,"{""CoatingType"":""none"",""ColorType"":""4-0"",""Orientation"":""hor"",""ProductStatus"":""activated"",""ProtectionType"":""none"",""ShapeEdgeType"":""none"",""SpotFinishingType"":""none"",""State"":""published"",""UnifiedPaperFormat"":""250x250-mm-10x10-inch"",""UnifiedPaperType"":""200-gsm-80lb-uncoated""}"
flat_250x250-mm-10x10-inch_200-gsm-80lb-uncoated_4-0_ver,Posters — ver,posters,posters,"{""CoatingType"":""none"",""ColorType"":""4-0"",""Orientation"":""ver"",""ProductStatus"":""activated"",""ProtectionType"":""none"",""ShapeEdgeType"":""none"",""SpotFinishingType"":""none"",""State"":""published"",""UnifiedPaperFormat"":""250x250-mm-10x10-inch"",""UnifiedPaperType"":""200-gsm-80lb-uncoated""}"
flat_250x250-mm-10x10-inch_250-gsm-100lb-uncoated-offwhite-archival_4-0_hor,Posters — hor,posters,posters,"{""CoatingType"":""none"",""ColorType"":""4-0"",""Orientation"":""hor"",""ProductStatus"":""activated"",""ProtectionType"":""none"",""ShapeEdgeType"":""none"",""SpotFinishingType"":""none"",""State"":""published"",""UnifiedPaperFormat"":""250x250-mm-10x10-inch"",""UnifiedPaperType"":""250-gsm-100lb-uncoated-offwhite-archival""}"
flat_250x250-mm-10x10-inch_250-gsm-100lb-uncoated-offwhite-archival_4-0_ver,Posters — ver,posters,posters,"{""CoatingType"":""none"",""ColorType"":""4-0"",""Orientation"":""ver"",""ProductStatus"":""activated"",""ProtectionType"":""none"",""ShapeEdgeType"":""none"",""SpotFinishingType"":""none"",""State"":""published"",""UnifiedPaperFormat"":""250x250-mm-10x10-inch"",""UnifiedPaperType"":""250-gsm-100lb-uncoated-offwhite-archival""}"
flat_250x600-mm-10x24-inch_170-gsm-65lb-coated-silk_4-0_hor,Posters — hor,posters,posters,"{""CoatingType"":""none"",""ColorType"":""4-0"",""Orientation"":""hor"",""ProductStatus"":""activated"",""ProtectionType"":""none"",""ShapeEdgeType"":""none"",""SpotFinishingType"":""none"",""State"":""published"",""UnifiedPaperFormat"":""250x600-mm-10x24-inch"",""UnifiedPaperType"":""170-gsm-65lb-coated-silk""}"
flat_250x600-mm-10x24-inch_170-gsm-65lb-coated-silk_4-0_ver,Posters — ver,posters,posters,"{""CoatingType"":""none"",""ColorType"":""4-0"",""Orientation"":""ver"",""ProductStatus"":""activated"",""ProtectionType"":""none"",""ShapeEdgeType"":""none"",""SpotFinishingType"":""none"",""State"":""published"",""UnifiedPaperFormat"":""250x600-mm-10x24-inch"",""UnifiedPaperType"":""170-gsm-65lb-coated-silk""}"
flat_250x600-mm-10x24-inch_170-gsm-65lb-uncoated_4-0_hor,Posters — hor,posters,posters,"{""CoatingType"":""none"",""ColorType"":""4-0"",""Orientation"":""hor"",""ProductStatus"":""activated"",""ProtectionType"":""none"",""ShapeEdgeType"":""none"",""SpotFinishingType"":""none"",""State"":""published"",""UnifiedPaperFormat"":""250x600-mm-10x24-inch"",""UnifiedPaperType"":""170-gsm-65lb-uncoated""}"
flat_250x600-mm-10x24-inch_170-gsm-65lb-uncoated_4-0_ver,Posters — ver,posters,posters,"{""CoatingType"":""none"",""ColorType"":""4-0"",""Orientation"":""ver"",""ProductStatus"":""activated"",""ProtectionType"":""none"",""ShapeEdgeType"":""none"",""SpotFinishingType"":""none"",""State"":""published"",""UnifiedPaperFormat"":""250x600-mm-10x24-inch"",""UnifiedPaperType"":""170-gsm-65lb-uncoated""}"
flat_250x600-mm-10x24-inch_200-gsm-80lb-coated-silk_4-0_hor,Posters — hor,posters,posters,"{""CoatingType"":""none"",""ColorType"":""4-0"",""Orientation"":""hor"",""ProductStatus"":""activated"",""ProtectionType"":""none"",""ShapeEdgeType"":""none"",""SpotFinishingType"":""none"",""State"":""published"",""UnifiedPaperFormat"":""250x600-mm-10x24-inch"",""UnifiedPaperType"":""200-gsm-80lb-coated-silk""}"
flat_250x600-mm-10x24-inch_200-gsm-80lb-coated-silk_4-0_ver,Posters — ver,posters,posters,"{""CoatingType"":""none"",""ColorType"":""4-0"",""Orientation"":""ver"",""ProductStatus"":""activated"",""ProtectionType"":""none"",""ShapeEdgeType"":""none"",""SpotFinishingType"":""none"",""State"":""published"",""UnifiedPaperFormat"":""250x600-mm-10x24-inch"",""UnifiedPaperType"":""200-gsm-80lb-coated-silk""}"
flat_250x600-mm-10x24-inch_200-gsm-80lb-uncoated_4-0_hor,Posters — hor,posters,posters,"{""CoatingType"":""none"",""ColorType"":""4-0"",""Orientation"":""hor"",""ProductStatus"":""activated"",""ProtectionType"":""none"",""ShapeEdgeType"":""none"",""SpotFinishingType"":""none"",""State"":""published"",""UnifiedPaperFormat"":""250x600-mm-10x24-inch"",""UnifiedPaperType"":""200-gsm-80lb-uncoated""}"
flat_250x600-mm-10x24-inch_200-gsm-80lb-uncoated_4-0_ver,Posters — ver,posters,posters,"{""CoatingType"":""none"",""ColorType"":""4-0"",""Orientation"":""ver"",""ProductStatus"":""activated"",""ProtectionType"":""none"",""ShapeEdgeType"":""none"",""SpotFinishingType"":""none"",""State"":""published"",""UnifiedPaperFormat"":""250x600-mm-10x24-inch"",""UnifiedPaperType"":""200-gsm-80lb-uncoated""}"
flat_250x600-mm-10x24-inch_250-gsm-100lb-uncoated-offwhite-archival_4-0_hor,Posters — hor,posters,posters,"{""CoatingType"":""none"",""ColorType"":""4-0"",""Orientation"":""hor"",""ProductStatus"":""activated"",""ProtectionType"":""none"",""ShapeEdgeType"":""none"",""SpotFinishingType"":""none"",""State"":""published"",""UnifiedPaperFormat"":""250x600-mm-10x24-inch"",""UnifiedPaperType"":""250-gsm-100lb-uncoated-offwhite-archival""}"
flat_250x600-mm-10x24-inch_250-gsm-100lb-uncoated-offwhite-archival_4-0_ver,Posters — ver,posters,posters,"{""CoatingType"":""none"",""ColorType"":""4-0"",""Orientation"":""ver"",""ProductStatus"":""activated"",""ProtectionType"":""none"",""ShapeEdgeType"":""none"",""SpotFinishingType"":""none"",""State"":""published"",""UnifiedPaperFormat"":""250x600-mm-10x24-inch"",""UnifiedPaperType"":""250-gsm-100lb-uncoated-offwhite-archival""}"
flat_270x350-mm-11x14-inch_170-gsm-65lb-coated-silk_4-0_hor,Posters — hor,posters,posters,"{""CoatingType"":""none"",""ColorType"":""4-0"",""Orientation"":""hor"",""ProductStatus"":""activated"",""ProtectionType"":""none"",""ShapeEdgeType"":""none"",""SpotFinishingType"":""none"",""State"":""published"",""UnifiedPaperFormat"":""270x350-mm-11x14-inch"",""UnifiedPaperType"":""170-gsm-65lb-coated-silk""}"
flat_270x350-mm-11x14-inch_170-gsm-65lb-coated-silk_4-0_ver,Posters — ver,posters,posters,"{""CoatingType"":""none"",""ColorType"":""4-0"",""Orientation"":""ver"",""ProductStatus"":""activated"",""ProtectionType"":""none"",""ShapeEdgeType"":""none"",""SpotFinishingType"":""none"",""State"":""published"",""UnifiedPaperFormat"":""270x350-mm-11x14-inch"",""UnifiedPaperType"":""170-gsm-65lb-coated-silk""}"
flat_270x350-mm-11x14-inch_170-gsm-65lb-uncoated_4-0_hor,Posters — hor,posters,posters,"{""CoatingType"":""none"",""ColorType"":""4-0"",""Orientation"":""hor"",""ProductStatus"":""activated"",""ProtectionType"":""none"",""ShapeEdgeType"":""none"",""SpotFinishingType"":""none"",""State"":""published"",""UnifiedPaperFormat"":""270x350-mm-11x14-inch"",""UnifiedPaperType"":""170-gsm-65lb-uncoated""}"
flat_270x350-mm-11x14-inch_170-gsm-65lb-uncoated_4-0_ver,Posters — ver,posters,posters,"{""CoatingType"":""none"",""ColorType"":""4-0"",""Orientation"":""ver"",""ProductStatus"":""activated"",""ProtectionType"":""none"",""ShapeEdgeType"":""none"",""SpotFinishingType"":""none"",""State"":""published"",""UnifiedPaperFormat"":""270x350-mm-11x14-inch"",""UnifiedPaperType"":""170-gsm-65lb-uncoated""}"
flat_270x350-mm-11x14-inch_200-gsm-80lb-coated-silk_4-0_hor,Posters — hor,posters,posters,"{""CoatingType"":""none"",""ColorType"":""4-0"",""Orientation"":""hor"",""ProductStatus"":""activated"",""ProtectionType"":""none"",""ShapeEdgeType"":""none"",""SpotFinishingType"":""none"",""State"":""published"",""UnifiedPaperFormat"":""270x350-mm-11x14-inch"",""UnifiedPaperType"":""200-gsm-80lb-coated-silk""}"
flat_270x350-mm-11x14-inch_200-gsm-80lb-coated-silk_4-0_ver,Posters — ver,posters,posters,"{""CoatingType"":""none"",""ColorType"":""4-0"",""Orientation"":""ver"",""ProductStatus"":""activated"",""ProtectionType"":""none"",""ShapeEdgeType"":""none"",""SpotFinishingType"":""none"",""State"":""published"",""UnifiedPaperFormat"":""270x350-mm-11x14-inch"",""UnifiedPaperType"":""200-gsm-80lb-coated-silk""}"
flat_270x350-mm-11x14-inch_200-gsm-80lb-uncoated_4-0_hor,Posters — hor,posters,posters,"{""CoatingType"":""none"",""ColorType"":""4-0"",""Orientation"":""hor"",""ProductStatus"":""activated"",""ProtectionType"":""none"",""ShapeEdgeType"":""none"",""SpotFinishingType"":""none"",""State"":""published"",""UnifiedPaperFormat"":""270x350-mm-11x14-inch"",""UnifiedPaperType"":""200-gsm-80lb-uncoated""}"
flat_270x350-mm-11x14-inch_200-gsm-80lb-uncoated_4-0_ver,Posters — ver,posters,posters,"{""CoatingType"":""none"",""ColorType"":""4-0"",""Orientation"":""ver"",""ProductStatus"":""activated"",""ProtectionType"":""none"",""ShapeEdgeType"":""none"",""SpotFinishingType"":""none"",""State"":""published"",""UnifiedPaperFormat"":""270x350-mm-11x14-inch"",""UnifiedPaperType"":""200-gsm-80lb-uncoated""}"
flat_270x350-mm-11x14-inch_250-gsm-100lb-uncoated-offwhite-archival_4-0_hor,Posters — hor,posters,posters,"{""CoatingType"":""none"",""ColorType"":""4-0"",""Orientation"":""hor"",""ProductStatus"":""activated"",""ProtectionType"":""none"",""ShapeEdgeType"":""none"",""SpotFinishingType"":""none"",""State"":""published"",""UnifiedPaperFormat"":""270x350-mm-11x14-inch"",""UnifiedPaperType"":""250-gsm-100lb-uncoated-offwhite-archival""}"
flat_270x350-mm-11x14-inch_250-gsm-100lb-uncoated-offwhite-archival_4-0_ver,Posters — ver,posters,posters,"{""CoatingType"":""none"",""ColorType"":""4-0"",""Orientation"":""ver"",""ProductStatus"":""activated"",""ProtectionType"":""none"",""ShapeEdgeType"":""none"",""SpotFinishingType"":""none"",""State"":""published"",""UnifiedPaperFormat"":""270x350-mm-11x14-inch"",""UnifiedPaperType"":""250-gsm-100lb-uncoated-offwhite-archival""}"
flat_280x430-mm-xl_170-gsm-65lb-coated-silk_4-0_hor,Posters — hor,posters,posters,"{""CoatingType"":""none"",""ColorType"":""4-0"",""Orientation"":""hor"",""ProductStatus"":""activated"",""ProtectionType"":""none"",""ShapeEdgeType"":""none"",""SpotFinishingType"":""none"",""State"":""published"",""UnifiedPaperFormat"":""280x430-mm-XL"",""UnifiedPaperType"":""170-gsm-65lb-coated-silk""}"
flat_280x430-mm-xl_170-gsm-65lb-coated-silk_4-0_ver,Posters — ver,posters,posters,"{""CoatingType"":""none"",""ColorType"":""4-0"",""Orientation"":""ver"",""ProductStatus"":""activated"",""ProtectionType"":""none"",""ShapeEdgeType"":""none"",""SpotFinishingType"":""none"",""State"":""published"",""UnifiedPaperFormat"":""280x430-mm-XL"",""UnifiedPaperType"":""170-gsm-65lb-coated-silk""}"
flat_280x430-mm-xl_170-gsm-65lb-uncoated_4-0_hor,Posters — hor,posters,posters,"{""CoatingType"":""none"",""ColorType"":""4-0"",""Orientation"":""hor"",""ProductStatus"":""activated"",""ProtectionType"":""none"",""ShapeEdgeType"":""none"",""SpotFinishingType"":""none"",""State"":""published"",""UnifiedPaperFormat"":""280x430-mm-XL"",""UnifiedPaperType"":""170-gsm-65lb-uncoated""}"
flat_280x430-mm-xl_170-gsm-65lb-uncoated_4-0_ver,Posters — ver,posters,posters,"{""CoatingType"":""none"",""ColorType"":""4-0"",""Orientation"":""ver"",""ProductStatus"":""activated"",""ProtectionType"":""none"",""ShapeEdgeType"":""none"",""SpotFinishingType"":""none"",""State"":""published"",""UnifiedPaperFormat"":""280x430-mm-XL"",""UnifiedPaperType"":""170-gsm-65lb-uncoated""}"
flat_280x430-mm-xl_200-gsm-80lb-coated-silk_4-0_hor,Posters — hor,posters,posters,"{""CoatingType"":""none"",""ColorType"":""4-0"",""Orientation"":""hor"",""ProductStatus"":""activated"",""ProtectionType"":""none"",""ShapeEdgeType"":""none"",""SpotFinishingType"":""none"",""State"":""published"",""UnifiedPaperFormat"":""280x430-mm-XL"",""UnifiedPaperType"":""200-gsm-80lb-coated-silk""}"
flat_280x430-mm-xl_200-gsm-80lb-coated-silk_4-0_ver,Posters — ver,posters,posters,"{""CoatingType"":""none"",""ColorType"":""4-0"",""Orientation"":""ver"",""ProductStatus"":""activated"",""ProtectionType"":""none"",""ShapeEdgeType"":""none"",""SpotFinishingType"":""none"",""State"":""published"",""UnifiedPaperFormat"":""280x430-mm-XL"",""UnifiedPaperType"":""200-gsm-80lb-coated-silk""}"
flat_280x430-mm-xl_200-gsm-80lb-uncoated_4-0_hor,Posters — hor,posters,posters,"{""CoatingType"":""none"",""ColorType"":""4-0"",""Orientation"":""hor"",""ProductStatus"":""activated"",""ProtectionType"":""none"",""ShapeEdgeType"":""none"",""SpotFinishingType"":""none"",""State"":""published"",""UnifiedPaperFormat"":""280x430-mm-XL"",""UnifiedPaperType"":""200-gsm-80lb-uncoated""}"
flat_280x430-mm-xl_200-gsm-80lb-uncoated_4-0_ver,Posters — ver,posters,posters,"{""CoatingType"":""none"",""ColorType"":""4-0"",""Orientation"":""ver"",""ProductStatus"":""activated"",""ProtectionType"":""none"",""ShapeEdgeType"":""none"",""SpotFinishingType"":""none"",""State"":""published"",""UnifiedPaperFormat"":""280x430-mm-XL"",""UnifiedPaperType"":""200-gsm-80lb-uncoated""}"
flat_280x430-mm-xl_250-gsm-100lb-uncoated-offwhite-archival_4-0_hor,Posters — hor,posters,posters,"{""CoatingType"":""none"",""ColorType"":""4-0"",""Orientation"":""hor"",""ProductStatus"":""activated"",""ProtectionType"":""none"",""ShapeEdgeType"":""none"",""SpotFinishingType"":""none"",""State"":""published"",""UnifiedPaperFormat"":""280x430-mm-XL"",""UnifiedPaperType"":""250-gsm-100lb-uncoated-offwhite-archival""}"
flat_280x430-mm-xl_250-gsm-100lb-uncoated-offwhite-archival_4-0_ver,Posters — ver,posters,posters,"{""CoatingType"":""none"",""ColorType"":""4-0"",""Orientation"":""ver"",""ProductStatus"":""activated"",""ProtectionType"":""none"",""ShapeEdgeType"":""none"",""SpotFinishingType"":""none"",""State"":""published"",""UnifiedPaperFormat"":""280x430-mm-XL"",""UnifiedPaperType"":""250-gsm-100lb-uncoated-offwhite-archival""}"
flat_28x28-inch-700x700-mm_170-gsm-65lb-coated-silk_4-0_hor,Posters — hor,posters,posters,"{""CoatingType"":""none"",""ColorType"":""4-0"",""Orientation"":""hor"",""ProductStatus"":""activated"",""ProtectionType"":""none"",""ShapeEdgeType"":""none"",""SpotFinishingType"":""none"",""State"":""published"",""UnifiedPaperFormat"":""28x28-inch-700x700-mm"",""UnifiedPaperType"":""170-gsm-65lb-coated-silk""}"
flat_28x28-inch-700x700-mm_170-gsm-65lb-coated-silk_4-0_ver,Posters — ver,posters,posters,"{""CoatingType"":""none"",""ColorType"":""4-0"",""Orientation"":""ver"",""ProductStatus"":""activated"",""ProtectionType"":""none"",""ShapeEdgeType"":""none"",""SpotFinishingType"":""none"",""State"":""published"",""UnifiedPaperFormat"":""28x28-inch-700x700-mm"",""UnifiedPaperType"":""170-gsm-65lb-coated-silk""}"
flat_28x28-inch-700x700-mm_170-gsm-65lb-uncoated_4-0_hor,Posters — hor,posters,posters,"{""CoatingType"":""none"",""ColorType"":""4-0"",""Orientation"":""hor"",""ProductStatus"":""activated"",""ProtectionType"":""none"",""ShapeEdgeType"":""none"",""SpotFinishingType"":""none"",""State"":""published"",""UnifiedPaperFormat"":""28x28-inch-700x700-mm"",""UnifiedPaperType"":""170-gsm-65lb-uncoated""}"
flat_28x28-inch-700x700-mm_170-gsm-65lb-uncoated_4-0_ver,Posters — ver,posters,posters,"{""CoatingType"":""none"",""ColorType"":""4-0"",""Orientation"":""ver"",""ProductStatus"":""activated"",""ProtectionType"":""none"",""ShapeEdgeType"":""none"",""SpotFinishingType"":""none"",""State"":""published"",""UnifiedPaperFormat"":""28x28-inch-700x700-mm"",""UnifiedPaperType"":""170-gsm-65lb-uncoated""}"
flat_28x28-inch-700x700-mm_200-gsm-80lb-coated-silk_4-0_hor,Posters — hor,posters,posters,"{""CoatingType"":""none"",""ColorType"":""4-0"",""Orientation"":""hor"",""ProductStatus"":""activated"",""ProtectionType"":""none"",""ShapeEdgeType"":""none"",""SpotFinishingType"":""none"",""State"":""published"",""UnifiedPaperFormat"":""28x28-inch-700x700-mm"",""UnifiedPaperType"":""200-gsm-80lb-coated-silk""}"
flat_28x28-inch-700x700-mm_200-gsm-80lb-coated-silk_4-0_ver,Posters — ver,posters,posters,"{""CoatingType"":""none"",""ColorType"":""4-0"",""Orientation"":""ver"",""ProductStatus"":""activated"",""ProtectionType"":""none"",""ShapeEdgeType"":""none"",""SpotFinishingType"":""none"",""State"":""published"",""UnifiedPaperFormat"":""28x28-inch-700x700-mm"",""UnifiedPaperType"":""200-gsm-80lb-coated-silk""}"
flat_28x28-inch-700x700-mm_200-gsm-80lb-uncoated_4-0_hor,Posters — hor,posters,posters,"{""CoatingType"":""none"",""ColorType"":""4-0"",""Orientation"":""hor"",""ProductStatus"":""activated"",""ProtectionType"":""none"",""ShapeEdgeType"":""none"",""SpotFinishingType"":""none"",""State"":""published"",""UnifiedPaperFormat"":""28x28-inch-700x700-mm"",""UnifiedPaperType"":""200-gsm-80lb-uncoated""}"
flat_28x28-inch-700x700-mm_200-gsm-80lb-uncoated_4-0_ver,Posters — ver,posters,posters,"{""CoatingType"":""none"",""ColorType"":""4-0"",""Orientation"":""ver"",""ProductStatus"":""activated"",""ProtectionType"":""none"",""ShapeEdgeType"":""none"",""SpotFinishingType"":""none"",""State"":""published"",""UnifiedPaperFormat"":""28x28-inch-700x700-mm"",""UnifiedPaperType"":""200-gsm-80lb-uncoated""}"
flat_28x28-inch-700x700-mm_250-gsm-100lb-uncoated-offwhite-archival_4-0_hor,Posters — hor,posters,posters,"{""CoatingType"":""none"",""ColorType"":""4-0"",""Orientation"":""hor"",""ProductStatus"":""activated"",""ProtectionType"":""none"",""ShapeEdgeType"":""none"",""SpotFinishingType"":""none"",""State"":""published"",""UnifiedPaperFormat"":""28x28-inch-700x700-mm"",""UnifiedPaperType"":""250-gsm-100lb-uncoated-offwhite-archival""}"
flat_28x28-inch-700x700-mm_250-gsm-100lb-uncoated-offwhite-archival_4-0_ver,Posters — ver,posters,posters,"{""CoatingType"":""none"",""ColorType"":""4-0"",""Orientation"":""ver"",""ProductStatus"":""activated"",""ProtectionType"":""none"",""ShapeEdgeType"":""none"",""SpotFinishingType"":""none"",""State"":""published"",""UnifiedPaperFormat"":""28x28-inch-700x700-mm"",""UnifiedPaperType"":""250-gsm-100lb-uncoated-offwhite-archival""}"
flat_28x40-inch-700x1000-mm_170-gsm-65lb-coated-silk_4-0_hor,Posters — hor,posters,posters,"{""CoatingType"":""none"",""ColorType"":""4-0"",""Orientation"":""hor"",""ProductStatus"":""activated"",""ProtectionType"":""none"",""ShapeEdgeType"":""none"",""SpotFinishingType"":""none"",""State"":""published"",""UnifiedPaperFormat"":""28x40-inch-700x1000-mm"",""UnifiedPaperType"":""170-gsm-65lb-coated-silk""}"
flat_28x40-inch-700x1000-mm_170-gsm-65lb-coated-silk_4-0_ver,Posters — ver,posters,posters,"{""CoatingType"":""none"",""ColorType"":""4-0"",""Orientation"":""ver"",""ProductStatus"":""activated"",""ProtectionType"":""none"",""ShapeEdgeType"":""none"",""SpotFinishingType"":""none"",""State"":""published"",""UnifiedPaperFormat"":""28x40-inch-700x1000-mm"",""UnifiedPaperType"":""170-gsm-65lb-coated-silk""}"
flat_28x40-inch-700x1000-mm_170-gsm-65lb-uncoated_4-0_hor,Posters — hor,posters,posters,"{""CoatingType"":""none"",""ColorType"":""4-0"",""Orientation"":""hor"",""ProductStatus"":""activated"",""ProtectionType"":""none"",""ShapeEdgeType"":""none"",""SpotFinishingType"":""none"",""State"":""published"",""UnifiedPaperFormat"":""28x40-inch-700x1000-mm"",""UnifiedPaperType"":""170-gsm-65lb-uncoated""}"
flat_28x40-inch-700x1000-mm_170-gsm-65lb-uncoated_4-0_ver,Posters — ver,posters,posters,"{""CoatingType"":""none"",""ColorType"":""4-0"",""Orientation"":""ver"",""ProductStatus"":""activated"",""ProtectionType"":""none"",""ShapeEdgeType"":""none"",""SpotFinishingType"":""none"",""State"":""published"",""UnifiedPaperFormat"":""28x40-inch-700x1000-mm"",""UnifiedPaperType"":""170-gsm-65lb-uncoated""}"
flat_28x40-inch-700x1000-mm_200-gsm-80lb-coated-silk_4-0_hor,Posters — hor,posters,posters,"{""CoatingType"":""none"",""ColorType"":""4-0"",""Orientation"":""hor"",""ProductStatus"":""activated"",""ProtectionType"":""none"",""ShapeEdgeType"":""none"",""SpotFinishingType"":""none"",""State"":""published"",""UnifiedPaperFormat"":""28x40-inch-700x1000-mm"",""UnifiedPaperType"":""200-gsm-80lb-coated-silk""}"
flat_28x40-inch-700x1000-mm_200-gsm-80lb-coated-silk_4-0_ver,Posters — ver,posters,posters,"{""CoatingType"":""none"",""ColorType"":""4-0"",""Orientation"":""ver"",""ProductStatus"":""activated"",""ProtectionType"":""none"",""ShapeEdgeType"":""none"",""SpotFinishingType"":""none"",""State"":""published"",""UnifiedPaperFormat"":""28x40-inch-700x1000-mm"",""UnifiedPaperType"":""200-gsm-80lb-coated-silk""}"
flat_28x40-inch-700x1000-mm_200-gsm-80lb-uncoated_4-0_hor,Posters — hor,posters,posters,"{""CoatingType"":""none"",""ColorType"":""4-0"",""Orientation"":""hor"",""ProductStatus"":""activated"",""ProtectionType"":""none"",""ShapeEdgeType"":""none"",""SpotFinishingType"":""none"",""State"":""published"",""UnifiedPaperFormat"":""28x40-inch-700x1000-mm"",""UnifiedPaperType"":""200-gsm-80lb-uncoated""}"
flat_28x40-inch-700x1000-mm_200-gsm-80lb-uncoated_4-0_ver,Posters — ver,posters,posters,"{""CoatingType"":""none"",""ColorType"":""4-0"",""Orientation"":""ver"",""ProductStatus"":""activated"",""ProtectionType"":""none"",""ShapeEdgeType"":""none"",""SpotFinishingType"":""none"",""State"":""published"",""UnifiedPaperFormat"":""28x40-inch-700x1000-mm"",""UnifiedPaperType"":""200-gsm-80lb-uncoated""}"
flat_28x40-inch-700x1000-mm_250-gsm-100lb-uncoated-offwhite-archival_4-0_hor,Posters — hor,posters,posters,"{""CoatingType"":""none"",""ColorType"":""4-0"",""Orientation"":""hor"",""ProductStatus"":""activated"",""ProtectionType"":""none"",""ShapeEdgeType"":""none"",""SpotFinishingType"":""none"",""State"":""published"",""UnifiedPaperFormat"":""28x40-inch-700x1000-mm"",""UnifiedPaperType"":""250-gsm-100lb-uncoated-offwhite-archival""}"
flat_28x40-inch-700x1000-mm_250-gsm-100lb-uncoated-offwhite-archival_4-0_ver,Posters — ver,posters,posters,"{""CoatingType"":""none"",""ColorType"":""4-0"",""Orientation"":""ver"",""ProductStatus"":""activated"",""ProtectionType"":""none"",""ShapeEdgeType"":""none"",""SpotFinishingType"":""none"",""State"":""published"",""UnifiedPaperFormat"":""28x40-inch-700x1000-mm"",""UnifiedPaperType"":""250-gsm-100lb-uncoated-offwhite-archival""}"
flat_300x300-mm-12x12-inch_170-gsm-65lb-coated-silk_4-0_hor,Posters — hor,posters,posters,"{""CoatingType"":""none"",""ColorType"":""4-0"",""Orientation"":""hor"",""ProductStatus"":""activated"",""ProtectionType"":""none"",""ShapeEdgeType"":""none"",""SpotFinishingType"":""none"",""State"":""published"",""UnifiedPaperFormat"":""300x300-mm-12x12-inch"",""UnifiedPaperType"":""170-gsm-65lb-coated-silk""}"
flat_300x300-mm-12x12-inch_170-gsm-65lb-coated-silk_4-0_ver,Posters — ver,posters,posters,"{""CoatingType"":""none"",""ColorType"":""4-0"",""Orientation"":""ver"",""ProductStatus"":""activated"",""ProtectionType"":""none"",""ShapeEdgeType"":""none"",""SpotFinishingType"":""none"",""State"":""published"",""UnifiedPaperFormat"":""300x300-mm-12x12-inch"",""UnifiedPaperType"":""170-gsm-65lb-coated-silk""}"
flat_300x300-mm-12x12-inch_170-gsm-65lb-uncoated_4-0_hor,Posters — hor,posters,posters,"{""CoatingType"":""none"",""ColorType"":""4-0"",""Orientation"":""hor"",""ProductStatus"":""activated"",""ProtectionType"":""none"",""ShapeEdgeType"":""none"",""SpotFinishingType"":""none"",""State"":""published"",""UnifiedPaperFormat"":""300x300-mm-12x12-inch"",""UnifiedPaperType"":""170-gsm-65lb-uncoated""}"
flat_300x300-mm-12x12-inch_170-gsm-65lb-uncoated_4-0_ver,Posters — ver,posters,posters,"{""CoatingType"":""none"",""ColorType"":""4-0"",""Orientation"":""ver"",""ProductStatus"":""activated"",""ProtectionType"":""none"",""ShapeEdgeType"":""none"",""SpotFinishingType"":""none"",""State"":""published"",""UnifiedPaperFormat"":""300x300-mm-12x12-inch"",""UnifiedPaperType"":""170-gsm-65lb-uncoated""}"
flat_300x300-mm-12x12-inch_200-gsm-80lb-coated-silk_4-0_hor,Posters — hor,posters,posters,"{""CoatingType"":""none"",""ColorType"":""4-0"",""Orientation"":""hor"",""ProductStatus"":""activated"",""ProtectionType"":""none"",""ShapeEdgeType"":""none"",""SpotFinishingType"":""none"",""State"":""published"",""UnifiedPaperFormat"":""300x300-mm-12x12-inch"",""UnifiedPaperType"":""200-gsm-80lb-coated-silk""}"
flat_300x300-mm-12x12-inch_200-gsm-80lb-coated-silk_4-0_ver,Posters — ver,posters,posters,"{""CoatingType"":""none"",""ColorType"":""4-0"",""Orientation"":""ver"",""ProductStatus"":""activated"",""ProtectionType"":""none"",""ShapeEdgeType"":""none"",""SpotFinishingType"":""none"",""State"":""published"",""UnifiedPaperFormat"":""300x300-mm-12x12-inch"",""UnifiedPaperType"":""200-gsm-80lb-coated-silk""}"
flat_300x300-mm-12x12-inch_200-gsm-80lb-uncoated_4-0_hor,Posters — hor,posters,posters,"{""CoatingType"":""none"",""ColorType"":""4-0"",""Orientation"":""hor"",""ProductStatus"":""activated"",""ProtectionType"":""none"",""ShapeEdgeType"":""none"",""SpotFinishingType"":""none"",""State"":""published"",""UnifiedPaperFormat"":""300x300-mm-12x12-inch"",""UnifiedPaperType"":""200-gsm-80lb-uncoated""}"
flat_300x300-mm-12x12-inch_200-gsm-80lb-uncoated_4-0_ver,Posters — ver,posters,posters,"{""CoatingType"":""none"",""ColorType"":""4-0"",""Orientation"":""ver"",""ProductStatus"":""activated"",""ProtectionType"":""none"",""ShapeEdgeType"":""none"",""SpotFinishingType"":""none"",""State"":""published"",""UnifiedPaperFormat"":""300x300-mm-12x12-inch"",""UnifiedPaperType"":""200-gsm-80lb-uncoated""}"
flat_300x300-mm-12x12-inch_250-gsm-100lb-uncoated-offwhite-archival_4-0_hor,Posters — hor,posters,posters,"{""CoatingType"":""none"",""ColorType"":""4-0"",""Orientation"":""hor"",""ProductStatus"":""activated"",""ProtectionType"":""none"",""ShapeEdgeType"":""none"",""SpotFinishingType"":""none"",""State"":""published"",""UnifiedPaperFormat"":""300x300-mm-12x12-inch"",""UnifiedPaperType"":""250-gsm-100lb-uncoated-offwhite-archival""}"
flat_300x300-mm-12x12-inch_250-gsm-100lb-uncoated-offwhite-archival_4-0_ver,Posters — ver,posters,posters,"{""CoatingType"":""none"",""ColorType"":""4-0"",""Orientation"":""ver"",""ProductStatus"":""activated"",""ProtectionType"":""none"",""ShapeEdgeType"":""none"",""SpotFinishingType"":""none"",""State"":""published"",""UnifiedPaperFormat"":""300x300-mm-12x12-inch"",""UnifiedPaperType"":""250-gsm-100lb-uncoated-offwhite-archival""}"
flat_300x400-mm-12x16-inch_170-gsm-65lb-coated-silk_4-0_hor,Posters — hor,posters,posters,"{""CoatingType"":""none"",""ColorType"":""4-0"",""Orientation"":""hor"",""ProductStatus"":""activated"",""ProtectionType"":""none"",""ShapeEdgeType"":""none"",""SpotFinishingType"":""none"",""State"":""published"",""UnifiedPaperFormat"":""300x400-mm-12x16-inch"",""UnifiedPaperType"":""170-gsm-65lb-coated-silk""}"
flat_300x400-mm-12x16-inch_170-gsm-65lb-coated-silk_4-0_ver,Posters — ver,posters,posters,"{""CoatingType"":""none"",""ColorType"":""4-0"",""Orientation"":""ver"",""ProductStatus"":""activated"",""ProtectionType"":""none"",""ShapeEdgeType"":""none"",""SpotFinishingType"":""none"",""State"":""published"",""UnifiedPaperFormat"":""300x400-mm-12x16-inch"",""UnifiedPaperType"":""170-gsm-65lb-coated-silk""}"
flat_300x400-mm-12x16-inch_170-gsm-65lb-uncoated_4-0_hor,Posters — hor,posters,posters,"{""CoatingType"":""none"",""ColorType"":""4-0"",""Orientation"":""hor"",""ProductStatus"":""activated"",""ProtectionType"":""none"",""ShapeEdgeType"":""none"",""SpotFinishingType"":""none"",""State"":""published"",""UnifiedPaperFormat"":""300x400-mm-12x16-inch"",""UnifiedPaperType"":""170-gsm-65lb-uncoated""}"
flat_300x400-mm-12x16-inch_170-gsm-65lb-uncoated_4-0_ver,Posters — ver,posters,posters,"{""CoatingType"":""none"",""ColorType"":""4-0"",""Orientation"":""ver"",""ProductStatus"":""activated"",""ProtectionType"":""none"",""ShapeEdgeType"":""none"",""SpotFinishingType"":""none"",""State"":""published"",""UnifiedPaperFormat"":""300x400-mm-12x16-inch"",""UnifiedPaperType"":""170-gsm-65lb-uncoated""}"
flat_300x400-mm-12x16-inch_200-gsm-80lb-coated-silk_4-0_hor,Posters — hor,posters,posters,"{""CoatingType"":""none"",""ColorType"":""4-0"",""Orientation"":""hor"",""ProductStatus"":""activated"",""ProtectionType"":""none"",""ShapeEdgeType"":""none"",""SpotFinishingType"":""none"",""State"":""published"",""UnifiedPaperFormat"":""300x400-mm-12x16-inch"",""UnifiedPaperType"":""200-gsm-80lb-coated-silk""}"
flat_300x400-mm-12x16-inch_200-gsm-80lb-coated-silk_4-0_ver,Posters — ver,posters,posters,"{""CoatingType"":""none"",""ColorType"":""4-0"",""Orientation"":""ver"",""ProductStatus"":""activated"",""ProtectionType"":""none"",""ShapeEdgeType"":""none"",""SpotFinishingType"":""none"",""State"":""published"",""UnifiedPaperFormat"":""300x400-mm-12x16-inch"",""UnifiedPaperType"":""200-gsm-80lb-coated-silk""}"
flat_300x400-mm-12x16-inch_200-gsm-80lb-uncoated_4-0_hor,Posters — hor,posters,posters,"{""CoatingType"":""none"",""ColorType"":""4-0"",""Orientation"":""hor"",""ProductStatus"":""activated"",""ProtectionType"":""none"",""ShapeEdgeType"":""none"",""SpotFinishingType"":""none"",""State"":""published"",""UnifiedPaperFormat"":""300x400-mm-12x16-inch"",""UnifiedPaperType"":""200-gsm-80lb-uncoated""}"
flat_300x400-mm-12x16-inch_200-gsm-80lb-uncoated_4-0_ver,Posters — ver,posters,posters,"{""CoatingType"":""none"",""ColorType"":""4-0"",""Orientation"":""ver"",""ProductStatus"":""activated"",""ProtectionType"":""none"",""ShapeEdgeType"":""none"",""SpotFinishingType"":""none"",""State"":""published"",""UnifiedPaperFormat"":""300x400-mm-12x16-inch"",""UnifiedPaperType"":""200-gsm-80lb-uncoated""}"
flat_300x400-mm-12x16-inch_250-gsm-100lb-uncoated-offwhite-archival_4-0_hor,Posters — hor,posters,posters,"{""CoatingType"":""none"",""ColorType"":""4-0"",""Orientation"":""hor"",""ProductStatus"":""activated"",""ProtectionType"":""none"",""ShapeEdgeType"":""none"",""SpotFinishingType"":""none"",""State"":""published"",""UnifiedPaperFormat"":""300x400-mm-12x16-inch"",""UnifiedPaperType"":""250-gsm-100lb-uncoated-offwhite-archival""}"
flat_300x400-mm-12x16-inch_250-gsm-100lb-uncoated-offwhite-archival_4-0_ver,Posters — ver,posters,posters,"{""CoatingType"":""none"",""ColorType"":""4-0"",""Orientation"":""ver"",""ProductStatus"":""activated"",""ProtectionType"":""none"",""ShapeEdgeType"":""none"",""SpotFinishingType"":""none"",""State"":""published"",""UnifiedPaperFormat"":""300x400-mm-12x16-inch"",""UnifiedPaperType"":""250-gsm-100lb-uncoated-offwhite-archival""}"
flat_300x450-mm-12x18-inch_170-gsm-65lb-coated-silk_4-0_hor,Posters — hor,posters,posters,"{""CoatingType"":""none"",""ColorType"":""4-0"",""Orientation"":""hor"",""ProductStatus"":""activated"",""ProtectionType"":""none"",""ShapeEdgeType"":""none"",""SpotFinishingType"":""none"",""State"":""published"",""UnifiedPaperFormat"":""300x450-mm-12x18-inch"",""UnifiedPaperType"":""170-gsm-65lb-coated-silk""}"
flat_300x450-mm-12x18-inch_170-gsm-65lb-coated-silk_4-0_ver,Posters — ver,posters,posters,"{""CoatingType"":""none"",""ColorType"":""4-0"",""Orientation"":""ver"",""ProductStatus"":""activated"",""ProtectionType"":""none"",""ShapeEdgeType"":""none"",""SpotFinishingType"":""none"",""State"":""published"",""UnifiedPaperFormat"":""300x450-mm-12x18-inch"",""UnifiedPaperType"":""170-gsm-65lb-coated-silk""}"
flat_300x450-mm-12x18-inch_170-gsm-65lb-uncoated_4-0_hor,Posters — hor,posters,posters,"{""CoatingType"":""none"",""ColorType"":""4-0"",""Orientation"":""hor"",""ProductStatus"":""activated"",""ProtectionType"":""none"",""ShapeEdgeType"":""none"",""SpotFinishingType"":""none"",""State"":""published"",""UnifiedPaperFormat"":""300x450-mm-12x18-inch"",""UnifiedPaperType"":""170-gsm-65lb-uncoated""}"
flat_300x450-mm-12x18-inch_170-gsm-65lb-uncoated_4-0_ver,Posters — ver,posters,posters,"{""CoatingType"":""none"",""ColorType"":""4-0"",""Orientation"":""ver"",""ProductStatus"":""activated"",""ProtectionType"":""none"",""ShapeEdgeType"":""none"",""SpotFinishingType"":""none"",""State"":""published"",""UnifiedPaperFormat"":""300x450-mm-12x18-inch"",""UnifiedPaperType"":""170-gsm-65lb-uncoated""}"
flat_300x450-mm-12x18-inch_200-gsm-80lb-coated-silk_4-0_hor,Posters — hor,posters,posters,"{""CoatingType"":""none"",""ColorType"":""4-0"",""Orientation"":""hor"",""ProductStatus"":""activated"",""ProtectionType"":""none"",""ShapeEdgeType"":""none"",""SpotFinishingType"":""none"",""State"":""published"",""UnifiedPaperFormat"":""300x450-mm-12x18-inch"",""UnifiedPaperType"":""200-gsm-80lb-coated-silk""}"
flat_300x450-mm-12x18-inch_200-gsm-80lb-coated-silk_4-0_ver,Posters — ver,posters,posters,"{""CoatingType"":""none"",""ColorType"":""4-0"",""Orientation"":""ver"",""ProductStatus"":""activated"",""ProtectionType"":""none"",""ShapeEdgeType"":""none"",""SpotFinishingType"":""none"",""State"":""published"",""UnifiedPaperFormat"":""300x450-mm-12x18-inch"",""UnifiedPaperType"":""200-gsm-80lb-coated-silk""}"
flat_300x450-mm-12x18-inch_200-gsm-80lb-uncoated_4-0_hor,Posters — hor,posters,posters,"{""CoatingType"":""none"",""ColorType"":""4-0"",""Orientation"":""hor"",""ProductStatus"":""activated"",""ProtectionType"":""none"",""ShapeEdgeType"":""none"",""SpotFinishingType"":""none"",""State"":""published"",""UnifiedPaperFormat"":""300x450-mm-12x18-inch"",""UnifiedPaperType"":""200-gsm-80lb-uncoated""}"
flat_300x450-mm-12x18-inch_200-gsm-80lb-uncoated_4-0_ver,Posters — ver,posters,posters,"{""CoatingType"":""none"",""ColorType"":""4-0"",""Orientation"":""ver"",""ProductStatus"":""activated"",""ProtectionType"":""none"",""ShapeEdgeType"":""none"",""SpotFinishingType"":""none"",""State"":""published"",""UnifiedPaperFormat"":""300x450-mm-12x18-inch"",""UnifiedPaperType"":""200-gsm-80lb-uncoated""}"
flat_300x450-mm-12x18-inch_250-gsm-100lb-uncoated-offwhite-archival_4-0_hor,Posters — hor,posters,posters,"{""CoatingType"":""none"",""ColorType"":""4-0"",""Orientation"":""hor"",""ProductStatus"":""activated"",""ProtectionType"":""none"",""ShapeEdgeType"":""none"",""SpotFinishingType"":""none"",""State"":""published"",""UnifiedPaperFormat"":""300x450-mm-12x18-inch"",""UnifiedPaperType"":""250-gsm-100lb-uncoated-offwhite-archival""}"
flat_300x450-mm-12x18-inch_250-gsm-100lb-uncoated-offwhite-archival_4-0_ver,Posters — ver,posters,posters,"{""CoatingType"":""none"",""ColorType"":""4-0"",""Orientation"":""ver"",""ProductStatus"":""activated"",""ProtectionType"":""none"",""ShapeEdgeType"":""none"",""SpotFinishingType"":""none"",""State"":""published"",""UnifiedPaperFormat"":""300x450-mm-12x18-inch"",""UnifiedPaperType"":""250-gsm-100lb-uncoated-offwhite-archival""}"
flat_30x40-inch-750x1000-mm_170-gsm-65lb-coated-silk_4-0_hor,Posters — hor,posters,posters,"{""CoatingType"":""none"",""ColorType"":""4-0"",""Orientation"":""hor"",""ProductStatus"":""activated"",""ProtectionType"":""none"",""ShapeEdgeType"":""none"",""SpotFinishingType"":""none"",""State"":""published"",""UnifiedPaperFormat"":""30x40-inch-750x1000-mm"",""UnifiedPaperType"":""170-gsm-65lb-coated-silk""}"
flat_30x40-inch-750x1000-mm_170-gsm-65lb-coated-silk_4-0_ver,Posters — ver,posters,posters,"{""CoatingType"":""none"",""ColorType"":""4-0"",""Orientation"":""ver"",""ProductStatus"":""activated"",""ProtectionType"":""none"",""ShapeEdgeType"":""none"",""SpotFinishingType"":""none"",""State"":""published"",""UnifiedPaperFormat"":""30x40-inch-750x1000-mm"",""UnifiedPaperType"":""170-gsm-65lb-coated-silk""}"
flat_30x40-inch-750x1000-mm_170-gsm-65lb-uncoated_4-0_hor,Posters — hor,posters,posters,"{""CoatingType"":""none"",""ColorType"":""4-0"",""Orientation"":""hor"",""ProductStatus"":""activated"",""ProtectionType"":""none"",""ShapeEdgeType"":""none"",""SpotFinishingType"":""none"",""State"":""published"",""UnifiedPaperFormat"":""30x40-inch-750x1000-mm"",""UnifiedPaperType"":""170-gsm-65lb-uncoated""}"
flat_30x40-inch-750x1000-mm_170-gsm-65lb-uncoated_4-0_ver,Posters — ver,posters,posters,"{""CoatingType"":""none"",""ColorType"":""4-0"",""Orientation"":""ver"",""ProductStatus"":""activated"",""ProtectionType"":""none"",""ShapeEdgeType"":""none"",""SpotFinishingType"":""none"",""State"":""published"",""UnifiedPaperFormat"":""30x40-inch-750x1000-mm"",""UnifiedPaperType"":""170-gsm-65lb-uncoated""}"
flat_30x40-inch-750x1000-mm_200-gsm-80lb-coated-silk_4-0_hor,Posters — hor,posters,posters,"{""CoatingType"":""none"",""ColorType"":""4-0"",""Orientation"":""hor"",""ProductStatus"":""activated"",""ProtectionType"":""none"",""ShapeEdgeType"":""none"",""SpotFinishingType"":""none"",""State"":""published"",""UnifiedPaperFormat"":""30x40-inch-750x1000-mm"",""UnifiedPaperType"":""200-gsm-80lb-coated-silk""}"
flat_30x40-inch-750x1000-mm_200-gsm-80lb-coated-silk_4-0_ver,Posters — ver,posters,posters,"{""CoatingType"":""none"",""ColorType"":""4-0"",""Orientation"":""ver"",""ProductStatus"":""activated"",""ProtectionType"":""none"",""ShapeEdgeType"":""none"",""SpotFinishingType"":""none"",""State"":""published"",""UnifiedPaperFormat"":""30x40-inch-750x1000-mm"",""UnifiedPaperType"":""200-gsm-80lb-coated-silk""}"
flat_30x40-inch-750x1000-mm_200-gsm-80lb-uncoated_4-0_hor,Posters — hor,posters,posters,"{""CoatingType"":""none"",""ColorType"":""4-0"",""Orientation"":""hor"",""ProductStatus"":""activated"",""ProtectionType"":""none"",""ShapeEdgeType"":""none"",""SpotFinishingType"":""none"",""State"":""published"",""UnifiedPaperFormat"":""30x40-inch-750x1000-mm"",""UnifiedPaperType"":""200-gsm-80lb-uncoated""}"
flat_30x40-inch-750x1000-mm_200-gsm-80lb-uncoated_4-0_ver,Posters — ver,posters,posters,"{""CoatingType"":""none"",""ColorType"":""4-0"",""Orientation"":""ver"",""ProductStatus"":""activated"",""ProtectionType"":""none"",""ShapeEdgeType"":""none"",""SpotFinishingType"":""none"",""State"":""published"",""UnifiedPaperFormat"":""30x40-inch-750x1000-mm"",""UnifiedPaperType"":""200-gsm-80lb-uncoated""}"
flat_30x40-inch-750x1000-mm_250-gsm-100lb-uncoated-offwhite-archival_4-0_hor,Posters — hor,posters,posters,"{""CoatingType"":""none"",""ColorType"":""4-0"",""Orientation"":""hor"",""ProductStatus"":""activated"",""ProtectionType"":""none"",""ShapeEdgeType"":""none"",""SpotFinishingType"":""none"",""State"":""published"",""UnifiedPaperFormat"":""30x40-inch-750x1000-mm"",""UnifiedPaperType"":""250-gsm-100lb-uncoated-offwhite-archival""}"
flat_30x40-inch-750x1000-mm_250-gsm-100lb-uncoated-offwhite-archival_4-0_ver,Posters — ver,posters,posters,"{""CoatingType"":""none"",""ColorType"":""4-0"",""Orientation"":""ver"",""ProductStatus"":""activated"",""ProtectionType"":""none"",""ShapeEdgeType"":""none"",""SpotFinishingType"":""none"",""State"":""published"",""UnifiedPaperFormat"":""30x40-inch-750x1000-mm"",""UnifiedPaperType"":""250-gsm-100lb-uncoated-offwhite-archival""}"
flat_32x48-inch-800x1200-mm_250-gsm-100lb-uncoated-offwhite-archival_4-0_hor,Posters — hor,posters,posters,"{""CoatingType"":""none"",""ColorType"":""4-0"",""Orientation"":""hor"",""ProductStatus"":""activated"",""ProtectionType"":""none"",""ShapeEdgeType"":""none"",""SpotFinishingType"":""none"",""State"":""published"",""UnifiedPaperFormat"":""32x48-inch-800x1200-mm"",""UnifiedPaperType"":""250-gsm-100lb-uncoated-offwhite-archival""}"
flat_32x48-inch-800x1200-mm_250-gsm-100lb-uncoated-offwhite-archival_4-0_ver,Posters — ver,posters,posters,"{""CoatingType"":""none"",""ColorType"":""4-0"",""Orientation"":""ver"",""ProductStatus"":""activated"",""ProtectionType"":""none"",""ShapeEdgeType"":""none"",""SpotFinishingType"":""none"",""State"":""published"",""UnifiedPaperFormat"":""32x48-inch-800x1200-mm"",""UnifiedPaperType"":""250-gsm-100lb-uncoated-offwhite-archival""}"
flat_350x350-mm-14x14-inch_170-gsm-65lb-coated-silk_4-0_hor,Posters — hor,posters,posters,"{""CoatingType"":""none"",""ColorType"":""4-0"",""Orientation"":""hor"",""ProductStatus"":""activated"",""ProtectionType"":""none"",""ShapeEdgeType"":""none"",""SpotFinishingType"":""none"",""State"":""published"",""UnifiedPaperFormat"":""350x350-mm-14x14-inch"",""UnifiedPaperType"":""170-gsm-65lb-coated-silk""}"
flat_350x350-mm-14x14-inch_170-gsm-65lb-coated-silk_4-0_ver,Posters — ver,posters,posters,"{""CoatingType"":""none"",""ColorType"":""4-0"",""Orientation"":""ver"",""ProductStatus"":""activated"",""ProtectionType"":""none"",""ShapeEdgeType"":""none"",""SpotFinishingType"":""none"",""State"":""published"",""UnifiedPaperFormat"":""350x350-mm-14x14-inch"",""UnifiedPaperType"":""170-gsm-65lb-coated-silk""}"
flat_350x350-mm-14x14-inch_170-gsm-65lb-uncoated_4-0_hor,Posters — hor,posters,posters,"{""CoatingType"":""none"",""ColorType"":""4-0"",""Orientation"":""hor"",""ProductStatus"":""activated"",""ProtectionType"":""none"",""ShapeEdgeType"":""none"",""SpotFinishingType"":""none"",""State"":""published"",""UnifiedPaperFormat"":""350x350-mm-14x14-inch"",""UnifiedPaperType"":""170-gsm-65lb-uncoated""}"
flat_350x350-mm-14x14-inch_170-gsm-65lb-uncoated_4-0_ver,Posters — ver,posters,posters,"{""CoatingType"":""none"",""ColorType"":""4-0"",""Orientation"":""ver"",""ProductStatus"":""activated"",""ProtectionType"":""none"",""ShapeEdgeType"":""none"",""SpotFinishingType"":""none"",""State"":""published"",""UnifiedPaperFormat"":""350x350-mm-14x14-inch"",""UnifiedPaperType"":""170-gsm-65lb-uncoated""}"
flat_350x350-mm-14x14-inch_200-gsm-80lb-coated-silk_4-0_hor,Posters — hor,posters,posters,"{""CoatingType"":""none"",""ColorType"":""4-0"",""Orientation"":""hor"",""ProductStatus"":""activated"",""ProtectionType"":""none"",""ShapeEdgeType"":""none"",""SpotFinishingType"":""none"",""State"":""published"",""UnifiedPaperFormat"":""350x350-mm-14x14-inch"",""UnifiedPaperType"":""200-gsm-80lb-coated-silk""}"
flat_350x350-mm-14x14-inch_200-gsm-80lb-coated-silk_4-0_ver,Posters — ver,posters,posters,"{""CoatingType"":""none"",""ColorType"":""4-0"",""Orientation"":""ver"",""ProductStatus"":""activated"",""ProtectionType"":""none"",""ShapeEdgeType"":""none"",""SpotFinishingType"":""none"",""State"":""published"",""UnifiedPaperFormat"":""350x350-mm-14x14-inch"",""UnifiedPaperType"":""200-gsm-80lb-coated-silk""}"
flat_350x350-mm-14x14-inch_200-gsm-80lb-uncoated_4-0_hor,Posters — hor,posters,posters,"{""CoatingType"":""none"",""ColorType"":""4-0"",""Orientation"":""hor"",""ProductStatus"":""activated"",""ProtectionType"":""none"",""ShapeEdgeType"":""none"",""SpotFinishingType"":""none"",""State"":""published"",""UnifiedPaperFormat"":""350x350-mm-14x14-inch"",""UnifiedPaperType"":""200-gsm-80lb-uncoated""}"
flat_350x350-mm-14x14-inch_200-gsm-80lb-uncoated_4-0_ver,Posters — ver,posters,posters,"{""CoatingType"":""none"",""ColorType"":""4-0"",""Orientation"":""ver"",""ProductStatus"":""activated"",""ProtectionType"":""none"",""ShapeEdgeType"":""none"",""SpotFinishingType"":""none"",""State"":""published"",""UnifiedPaperFormat"":""350x350-mm-14x14-inch"",""UnifiedPaperType"":""200-gsm-80lb-uncoated""}"
flat_350x350-mm-14x14-inch_250-gsm-100lb-uncoated-offwhite-archival_4-0_hor,Posters — hor,posters,posters,"{""CoatingType"":""none"",""ColorType"":""4-0"",""Orientation"":""hor"",""ProductStatus"":""activated"",""ProtectionType"":""none"",""ShapeEdgeType"":""none"",""SpotFinishingType"":""none"",""State"":""published"",""UnifiedPaperFormat"":""350x350-mm-14x14-inch"",""UnifiedPaperType"":""250-gsm-100lb-uncoated-offwhite-archival""}"
flat_350x350-mm-14x14-inch_250-gsm-100lb-uncoated-offwhite-archival_4-0_ver,Posters — ver,posters,posters,"{""CoatingType"":""none"",""ColorType"":""4-0"",""Orientation"":""ver"",""ProductStatus"":""activated"",""ProtectionType"":""none"",""ShapeEdgeType"":""none"",""SpotFinishingType"":""none"",""State"":""published"",""UnifiedPaperFormat"":""350x350-mm-14x14-inch"",""UnifiedPaperType"":""250-gsm-100lb-uncoated-offwhite-archival""}"
flat_400x400-mm-16x16-inch_170-gsm-65lb-coated-silk_4-0_hor,Posters — hor,posters,posters,"{""CoatingType"":""none"",""ColorType"":""4-0"",""Orientation"":""hor"",""ProductStatus"":""activated"",""ProtectionType"":""none"",""ShapeEdgeType"":""none"",""SpotFinishingType"":""none"",""State"":""published"",""UnifiedPaperFormat"":""400x400-mm-16x16-inch"",""UnifiedPaperType"":""170-gsm-65lb-coated-silk""}"
flat_400x400-mm-16x16-inch_170-gsm-65lb-coated-silk_4-0_ver,Posters — ver,posters,posters,"{""CoatingType"":""none"",""ColorType"":""4-0"",""Orientation"":""ver"",""ProductStatus"":""activated"",""ProtectionType"":""none"",""ShapeEdgeType"":""none"",""SpotFinishingType"":""none"",""State"":""published"",""UnifiedPaperFormat"":""400x400-mm-16x16-inch"",""UnifiedPaperType"":""170-gsm-65lb-coated-silk""}"
flat_400x400-mm-16x16-inch_170-gsm-65lb-uncoated_4-0_hor,Posters — hor,posters,posters,"{""CoatingType"":""none"",""ColorType"":""4-0"",""Orientation"":""hor"",""ProductStatus"":""activated"",""ProtectionType"":""none"",""ShapeEdgeType"":""none"",""SpotFinishingType"":""none"",""State"":""published"",""UnifiedPaperFormat"":""400x400-mm-16x16-inch"",""UnifiedPaperType"":""170-gsm-65lb-uncoated""}"
flat_400x400-mm-16x16-inch_170-gsm-65lb-uncoated_4-0_ver,Posters — ver,posters,posters,"{""CoatingType"":""none"",""ColorType"":""4-0"",""Orientation"":""ver"",""ProductStatus"":""activated"",""ProtectionType"":""none"",""ShapeEdgeType"":""none"",""SpotFinishingType"":""none"",""State"":""published"",""UnifiedPaperFormat"":""400x400-mm-16x16-inch"",""UnifiedPaperType"":""170-gsm-65lb-uncoated""}"
flat_400x400-mm-16x16-inch_200-gsm-80lb-coated-silk_4-0_hor,Posters — hor,posters,posters,"{""CoatingType"":""none"",""ColorType"":""4-0"",""Orientation"":""hor"",""ProductStatus"":""activated"",""ProtectionType"":""none"",""ShapeEdgeType"":""none"",""SpotFinishingType"":""none"",""State"":""published"",""UnifiedPaperFormat"":""400x400-mm-16x16-inch"",""UnifiedPaperType"":""200-gsm-80lb-coated-silk""}"
flat_400x400-mm-16x16-inch_200-gsm-80lb-coated-silk_4-0_ver,Posters — ver,posters,posters,"{""CoatingType"":""none"",""ColorType"":""4-0"",""Orientation"":""ver"",""ProductStatus"":""activated"",""ProtectionType"":""none"",""ShapeEdgeType"":""none"",""SpotFinishingType"":""none"",""State"":""published"",""UnifiedPaperFormat"":""400x400-mm-16x16-inch"",""UnifiedPaperType"":""200-gsm-80lb-coated-silk""}"
flat_400x400-mm-16x16-inch_200-gsm-80lb-uncoated_4-0_hor,Posters — hor,posters,posters,"{""CoatingType"":""none"",""ColorType"":""4-0"",""Orientation"":""hor"",""ProductStatus"":""activated"",""ProtectionType"":""none"",""ShapeEdgeType"":""none"",""SpotFinishingType"":""none"",""State"":""published"",""UnifiedPaperFormat"":""400x400-mm-16x16-inch"",""UnifiedPaperType"":""200-gsm-80lb-uncoated""}"
flat_400x400-mm-16x16-inch_200-gsm-80lb-uncoated_4-0_ver,Posters — ver,posters,posters,"{""CoatingType"":""none"",""ColorType"":""4-0"",""Orientation"":""ver"",""ProductStatus"":""activated"",""ProtectionType"":""none"",""ShapeEdgeType"":""none"",""SpotFinishingType"":""none"",""State"":""published"",""UnifiedPaperFormat"":""400x400-mm-16x16-inch"",""UnifiedPaperType"":""200-gsm-80lb-uncoated""}"
flat_400x400-mm-16x16-inch_250-gsm-100lb-uncoated-offwhite-archival_4-0_hor,Posters — hor,posters,posters,"{""CoatingType"":""none"",""ColorType"":""4-0"",""Orientation"":""hor"",""ProductStatus"":""activated"",""ProtectionType"":""none"",""ShapeEdgeType"":""none"",""SpotFinishingType"":""none"",""State"":""published"",""UnifiedPaperFormat"":""400x400-mm-16x16-inch"",""UnifiedPaperType"":""250-gsm-100lb-uncoated-offwhite-archival""}"
flat_400x400-mm-16x16-inch_250-gsm-100lb-uncoated-offwhite-archival_4-0_ver,Posters — ver,posters,posters,"{""CoatingType"":""none"",""ColorType"":""4-0"",""Orientation"":""ver"",""ProductStatus"":""activated"",""ProtectionType"":""none"",""ShapeEdgeType"":""none"",""SpotFinishingType"":""none"",""State"":""published"",""UnifiedPaperFormat"":""400x400-mm-16x16-inch"",""UnifiedPaperType"":""250-gsm-100lb-uncoated-offwhite-archival""}"
flat_400x500-mm-16x20-inch_170-gsm-65lb-coated-silk_4-0_hor,Posters — hor,posters,posters,"{""CoatingType"":""none"",""ColorType"":""4-0"",""Orientation"":""hor"",""ProductStatus"":""activated"",""ProtectionType"":""none"",""ShapeEdgeType"":""none"",""SpotFinishingType"":""none"",""State"":""published"",""UnifiedPaperFormat"":""400x500-mm-16x20-inch"",""UnifiedPaperType"":""170-gsm-65lb-coated-silk""}"
flat_400x500-mm-16x20-inch_170-gsm-65lb-coated-silk_4-0_ver,Posters — ver,posters,posters,"{""CoatingType"":""none"",""ColorType"":""4-0"",""Orientation"":""ver"",""ProductStatus"":""activated"",""ProtectionType"":""none"",""ShapeEdgeType"":""none"",""SpotFinishingType"":""none"",""State"":""published"",""UnifiedPaperFormat"":""400x500-mm-16x20-inch"",""UnifiedPaperType"":""170-gsm-65lb-coated-silk""}"
flat_400x500-mm-16x20-inch_170-gsm-65lb-uncoated_4-0_hor,Posters — hor,posters,posters,"{""CoatingType"":""none"",""ColorType"":""4-0"",""Orientation"":""hor"",""ProductStatus"":""activated"",""ProtectionType"":""none"",""ShapeEdgeType"":""none"",""SpotFinishingType"":""none"",""State"":""published"",""UnifiedPaperFormat"":""400x500-mm-16x20-inch"",""UnifiedPaperType"":""170-gsm-65lb-uncoated""}"
flat_400x500-mm-16x20-inch_170-gsm-65lb-uncoated_4-0_ver,Posters — ver,posters,posters,"{""CoatingType"":""none"",""ColorType"":""4-0"",""Orientation"":""ver"",""ProductStatus"":""activated"",""ProtectionType"":""none"",""ShapeEdgeType"":""none"",""SpotFinishingType"":""none"",""State"":""published"",""UnifiedPaperFormat"":""400x500-mm-16x20-inch"",""UnifiedPaperType"":""170-gsm-65lb-uncoated""}"
flat_400x500-mm-16x20-inch_200-gsm-80lb-coated-silk_4-0_hor,Posters — hor,posters,posters,"{""CoatingType"":""none"",""ColorType"":""4-0"",""Orientation"":""hor"",""ProductStatus"":""activated"",""ProtectionType"":""none"",""ShapeEdgeType"":""none"",""SpotFinishingType"":""none"",""State"":""published"",""UnifiedPaperFormat"":""400x500-mm-16x20-inch"",""UnifiedPaperType"":""200-gsm-80lb-coated-silk""}"
flat_400x500-mm-16x20-inch_200-gsm-80lb-coated-silk_4-0_ver,Posters — ver,posters,posters,"{""CoatingType"":""none"",""ColorType"":""4-0"",""Orientation"":""ver"",""ProductStatus"":""activated"",""ProtectionType"":""none"",""ShapeEdgeType"":""none"",""SpotFinishingType"":""none"",""State"":""published"",""UnifiedPaperFormat"":""400x500-mm-16x20-inch"",""UnifiedPaperType"":""200-gsm-80lb-coated-silk""}"
flat_400x500-mm-16x20-inch_200-gsm-80lb-uncoated_4-0_hor,Posters — hor,posters,posters,"{""CoatingType"":""none"",""ColorType"":""4-0"",""Orientation"":""hor"",""ProductStatus"":""activated"",""ProtectionType"":""none"",""ShapeEdgeType"":""none"",""SpotFinishingType"":""none"",""State"":""published"",""UnifiedPaperFormat"":""400x500-mm-16x20-inch"",""UnifiedPaperType"":""200-gsm-80lb-uncoated""}"
flat_400x500-mm-16x20-inch_200-gsm-80lb-uncoated_4-0_ver,Posters — ver,posters,posters,"{""CoatingType"":""none"",""ColorType"":""4-0"",""Orientation"":""ver"",""ProductStatus"":""activated"",""ProtectionType"":""none"",""ShapeEdgeType"":""none"",""SpotFinishingType"":""none"",""State"":""published"",""UnifiedPaperFormat"":""400x500-mm-16x20-inch"",""UnifiedPaperType"":""200-gsm-80lb-uncoated""}"
flat_400x500-mm-16x20-inch_250-gsm-100lb-uncoated-offwhite-archival_4-0_hor,Posters — hor,posters,posters,"{""CoatingType"":""none"",""ColorType"":""4-0"",""Orientation"":""hor"",""ProductStatus"":""activated"",""ProtectionType"":""none"",""ShapeEdgeType"":""none"",""SpotFinishingType"":""none"",""State"":""published"",""UnifiedPaperFormat"":""400x500-mm-16x20-inch"",""UnifiedPaperType"":""250-gsm-100lb-uncoated-offwhite-archival""}"
flat_400x500-mm-16x20-inch_250-gsm-100lb-uncoated-offwhite-archival_4-0_ver,Posters — ver,posters,posters,"{""CoatingType"":""none"",""ColorType"":""4-0"",""Orientation"":""ver"",""ProductStatus"":""activated"",""ProtectionType"":""none"",""ShapeEdgeType"":""none"",""SpotFinishingType"":""none"",""State"":""published"",""UnifiedPaperFormat"":""400x500-mm-16x20-inch"",""UnifiedPaperType"":""250-gsm-100lb-uncoated-offwhite-archival""}"
flat_400x600-mm-16x24-inch_170-gsm-65lb-coated-silk_4-0_hor,Posters — hor,posters,posters,"{""CoatingType"":""none"",""ColorType"":""4-0"",""Orientation"":""hor"",""ProductStatus"":""activated"",""ProtectionType"":""none"",""ShapeEdgeType"":""none"",""SpotFinishingType"":""none"",""State"":""published"",""UnifiedPaperFormat"":""400x600-mm-16x24-inch"",""UnifiedPaperType"":""170-gsm-65lb-coated-silk""}"
flat_400x600-mm-16x24-inch_170-gsm-65lb-coated-silk_4-0_ver,Posters — ver,posters,posters,"{""CoatingType"":""none"",""ColorType"":""4-0"",""Orientation"":""ver"",""ProductStatus"":""activated"",""ProtectionType"":""none"",""ShapeEdgeType"":""none"",""SpotFinishingType"":""none"",""State"":""published"",""UnifiedPaperFormat"":""400x600-mm-16x24-inch"",""UnifiedPaperType"":""170-gsm-65lb-coated-silk""}"
flat_400x600-mm-16x24-inch_170-gsm-65lb-uncoated_4-0_hor,Posters — hor,posters,posters,"{""CoatingType"":""none"",""ColorType"":""4-0"",""Orientation"":""hor"",""ProductStatus"":""activated"",""ProtectionType"":""none"",""ShapeEdgeType"":""none"",""SpotFinishingType"":""none"",""State"":""published"",""UnifiedPaperFormat"":""400x600-mm-16x24-inch"",""UnifiedPaperType"":""170-gsm-65lb-uncoated""}"
flat_400x600-mm-16x24-inch_170-gsm-65lb-uncoated_4-0_ver,Posters — ver,posters,posters,"{""CoatingType"":""none"",""ColorType"":""4-0"",""Orientation"":""ver"",""ProductStatus"":""activated"",""ProtectionType"":""none"",""ShapeEdgeType"":""none"",""SpotFinishingType"":""none"",""State"":""published"",""UnifiedPaperFormat"":""400x600-mm-16x24-inch"",""UnifiedPaperType"":""170-gsm-65lb-uncoated""}"
flat_400x600-mm-16x24-inch_200-gsm-80lb-coated-silk_4-0_hor,Posters — hor,posters,posters,"{""CoatingType"":""none"",""ColorType"":""4-0"",""Orientation"":""hor"",""ProductStatus"":""activated"",""ProtectionType"":""none"",""ShapeEdgeType"":""none"",""SpotFinishingType"":""none"",""State"":""published"",""UnifiedPaperFormat"":""400x600-mm-16x24-inch"",""UnifiedPaperType"":""200-gsm-80lb-coated-silk""}"
flat_400x600-mm-16x24-inch_200-gsm-80lb-coated-silk_4-0_ver,Posters — ver,posters,posters,"{""CoatingType"":""none"",""ColorType"":""4-0"",""Orientation"":""ver"",""ProductStatus"":""activated"",""ProtectionType"":""none"",""ShapeEdgeType"":""none"",""SpotFinishingType"":""none"",""State"":""published"",""UnifiedPaperFormat"":""400x600-mm-16x24-inch"",""UnifiedPaperType"":""200-gsm-80lb-coated-silk""}"
flat_400x600-mm-16x24-inch_200-gsm-80lb-uncoated_4-0_hor,Posters — hor,posters,posters,"{""CoatingType"":""none"",""ColorType"":""4-0"",""Orientation"":""hor"",""ProductStatus"":""activated"",""ProtectionType"":""none"",""ShapeEdgeType"":""none"",""SpotFinishingType"":""none"",""State"":""published"",""UnifiedPaperFormat"":""400x600-mm-16x24-inch"",""UnifiedPaperType"":""200-gsm-80lb-uncoated""}"
flat_400x600-mm-16x24-inch_200-gsm-80lb-uncoated_4-0_ver,Posters — ver,posters,posters,"{""CoatingType"":""none"",""ColorType"":""4-0"",""Orientation"":""ver"",""ProductStatus"":""activated"",""ProtectionType"":""none"",""ShapeEdgeType"":""none"",""SpotFinishingType"":""none"",""State"":""published"",""UnifiedPaperFormat"":""400x600-mm-16x24-inch"",""UnifiedPaperType"":""200-gsm-80lb-uncoated""}"
flat_400x600-mm-16x24-inch_250-gsm-100lb-uncoated-offwhite-archival_4-0_hor,Posters — hor,posters,posters,"{""CoatingType"":""none"",""ColorType"":""4-0"",""Orientation"":""hor"",""ProductStatus"":""activated"",""ProtectionType"":""none"",""ShapeEdgeType"":""none"",""SpotFinishingType"":""none"",""State"":""published"",""UnifiedPaperFormat"":""400x600-mm-16x24-inch"",""UnifiedPaperType"":""250-gsm-100lb-uncoated-offwhite-archival""}"
flat_400x600-mm-16x24-inch_250-gsm-100lb-uncoated-offwhite-archival_4-0_ver,Posters — ver,posters,posters,"{""CoatingType"":""none"",""ColorType"":""4-0"",""Orientation"":""ver"",""ProductStatus"":""activated"",""ProtectionType"":""none"",""ShapeEdgeType"":""none"",""SpotFinishingType"":""none"",""State"":""published"",""UnifiedPaperFormat"":""400x600-mm-16x24-inch"",""UnifiedPaperType"":""250-gsm-100lb-uncoated-offwhite-archival""}"
flat_40x40-inch-1000x1000-mm_250-gsm-100lb-uncoated-offwhite-archival_4-0_hor,Posters — hor,posters,posters,"{""CoatingType"":""none"",""ColorType"":""4-0"",""Orientation"":""hor"",""ProductStatus"":""activated"",""ProtectionType"":""none"",""ShapeEdgeType"":""none"",""SpotFinishingType"":""none"",""State"":""published"",""UnifiedPaperFormat"":""40x40-inch-1000x1000-mm"",""UnifiedPaperType"":""250-gsm-100lb-uncoated-offwhite-archival""}"
flat_40x40-inch-1000x1000-mm_250-gsm-100lb-uncoated-offwhite-archival_4-0_ver,Posters — ver,posters,posters,"{""CoatingType"":""none"",""ColorType"":""4-0"",""Orientation"":""ver"",""ProductStatus"":""activated"",""ProtectionType"":""none"",""ShapeEdgeType"":""none"",""SpotFinishingType"":""none"",""State"":""published"",""UnifiedPaperFormat"":""40x40-inch-1000x1000-mm"",""UnifiedPaperType"":""250-gsm-100lb-uncoated-offwhite-archival""}"
flat_40x60-inch-1000x1500-mm_250-gsm-100lb-uncoated-offwhite-archival_4-0_hor,Posters — hor,posters,posters,"{""CoatingType"":""none"",""ColorType"":""4-0"",""Orientation"":""hor"",""ProductStatus"":""activated"",""ProtectionType"":""none"",""ShapeEdgeType"":""none"",""SpotFinishingType"":""none"",""State"":""published"",""UnifiedPaperFormat"":""40x60-inch-1000x1500-mm"",""UnifiedPaperType"":""250-gsm-100lb-uncoated-offwhite-archival""}"
flat_40x60-inch-1000x1500-mm_250-gsm-100lb-uncoated-offwhite-archival_4-0_ver,Posters — ver,posters,posters,"{""CoatingType"":""none"",""ColorType"":""4-0"",""Orientation"":""ver"",""ProductStatus"":""activated"",""ProtectionType"":""none"",""ShapeEdgeType"":""none"",""SpotFinishingType"":""none"",""State"":""published"",""UnifiedPaperFormat"":""40x60-inch-1000x1500-mm"",""UnifiedPaperType"":""250-gsm-100lb-uncoated-offwhite-archival""}"
flat_450x450-mm-18x18-inch_170-gsm-65lb-coated-silk_4-0_hor,Posters — hor,posters,posters,"{""CoatingType"":""none"",""ColorType"":""4-0"",""Orientation"":""hor"",""ProductStatus"":""activated"",""ProtectionType"":""none"",""ShapeEdgeType"":""none"",""SpotFinishingType"":""none"",""State"":""published"",""UnifiedPaperFormat"":""450x450-mm-18x18-inch"",""UnifiedPaperType"":""170-gsm-65lb-coated-silk""}"
flat_450x450-mm-18x18-inch_170-gsm-65lb-coated-silk_4-0_ver,Posters — ver,posters,posters,"{""CoatingType"":""none"",""ColorType"":""4-0"",""Orientation"":""ver"",""ProductStatus"":""activated"",""ProtectionType"":""none"",""ShapeEdgeType"":""none"",""SpotFinishingType"":""none"",""State"":""published"",""UnifiedPaperFormat"":""450x450-mm-18x18-inch"",""UnifiedPaperType"":""170-gsm-65lb-coated-silk""}"
flat_450x450-mm-18x18-inch_170-gsm-65lb-uncoated_4-0_hor,Posters — hor,posters,posters,"{""CoatingType"":""none"",""ColorType"":""4-0"",""Orientation"":""hor"",""ProductStatus"":""activated"",""ProtectionType"":""none"",""ShapeEdgeType"":""none"",""SpotFinishingType"":""none"",""State"":""published"",""UnifiedPaperFormat"":""450x450-mm-18x18-inch"",""UnifiedPaperType"":""170-gsm-65lb-uncoated""}"
flat_450x450-mm-18x18-inch_170-gsm-65lb-uncoated_4-0_ver,Posters — ver,posters,posters,"{""CoatingType"":""none"",""ColorType"":""4-0"",""Orientation"":""ver"",""ProductStatus"":""activated"",""ProtectionType"":""none"",""ShapeEdgeType"":""none"",""SpotFinishingType"":""none"",""State"":""published"",""UnifiedPaperFormat"":""450x450-mm-18x18-inch"",""UnifiedPaperType"":""170-gsm-65lb-uncoated""}"
flat_450x450-mm-18x18-inch_200-gsm-80lb-coated-silk_4-0_hor,Posters — hor,posters,posters,"{""CoatingType"":""none"",""ColorType"":""4-0"",""Orientation"":""hor"",""ProductStatus"":""activated"",""ProtectionType"":""none"",""ShapeEdgeType"":""none"",""SpotFinishingType"":""none"",""State"":""published"",""UnifiedPaperFormat"":""450x450-mm-18x18-inch"",""UnifiedPaperType"":""200-gsm-80lb-coated-silk""}"
flat_450x450-mm-18x18-inch_200-gsm-80lb-coated-silk_4-0_ver,Posters — ver,posters,posters,"{""CoatingType"":""none"",""ColorType"":""4-0"",""Orientation"":""ver"",""ProductStatus"":""activated"",""ProtectionType"":""none"",""ShapeEdgeType"":""none"",""SpotFinishingType"":""none"",""State"":""published"",""UnifiedPaperFormat"":""450x450-mm-18x18-inch"",""UnifiedPaperType"":""200-gsm-80lb-coated-silk""}"
flat_450x450-mm-18x18-inch_200-gsm-80lb-uncoated_4-0_hor,Posters — hor,posters,posters,"{""CoatingType"":""none"",""ColorType"":""4-0"",""Orientation"":""hor"",""ProductStatus"":""activated"",""ProtectionType"":""none"",""ShapeEdgeType"":""none"",""SpotFinishingType"":""none"",""State"":""published"",""UnifiedPaperFormat"":""450x450-mm-18x18-inch"",""UnifiedPaperType"":""200-gsm-80lb-uncoated""}"
flat_450x450-mm-18x18-inch_200-gsm-80lb-uncoated_4-0_ver,Posters — ver,posters,posters,"{""CoatingType"":""none"",""ColorType"":""4-0"",""Orientation"":""ver"",""ProductStatus"":""activated"",""ProtectionType"":""none"",""ShapeEdgeType"":""none"",""SpotFinishingType"":""none"",""State"":""published"",""UnifiedPaperFormat"":""450x450-mm-18x18-inch"",""UnifiedPaperType"":""200-gsm-80lb-uncoated""}"
flat_450x450-mm-18x18-inch_250-gsm-100lb-uncoated-offwhite-archival_4-0_hor,Posters — hor,posters,posters,"{""CoatingType"":""none"",""ColorType"":""4-0"",""Orientation"":""hor"",""ProductStatus"":""activated"",""ProtectionType"":""none"",""ShapeEdgeType"":""none"",""SpotFinishingType"":""none"",""State"":""published"",""UnifiedPaperFormat"":""450x450-mm-18x18-inch"",""UnifiedPaperType"":""250-gsm-100lb-uncoated-offwhite-archival""}"
flat_450x450-mm-18x18-inch_250-gsm-100lb-uncoated-offwhite-archival_4-0_ver,Posters — ver,posters,posters,"{""CoatingType"":""none"",""ColorType"":""4-0"",""Orientation"":""ver"",""ProductStatus"":""activated"",""ProtectionType"":""none"",""ShapeEdgeType"":""none"",""SpotFinishingType"":""none"",""State"":""published"",""UnifiedPaperFormat"":""450x450-mm-18x18-inch"",""UnifiedPaperType"":""250-gsm-100lb-uncoated-offwhite-archival""}"
flat_450x600-mm-18x24-inch_170-gsm-65lb-coated-silk_4-0_hor,Posters — hor,posters,posters,"{""CoatingType"":""none"",""ColorType"":""4-0"",""Orientation"":""hor"",""ProductStatus"":""activated"",""ProtectionType"":""none"",""ShapeEdgeType"":""none"",""SpotFinishingType"":""none"",""State"":""published"",""UnifiedPaperFormat"":""450x600-mm-18x24-inch"",""UnifiedPaperType"":""170-gsm-65lb-coated-silk""}"
flat_450x600-mm-18x24-inch_170-gsm-65lb-coated-silk_4-0_ver,Posters — ver,posters,posters,"{""CoatingType"":""none"",""ColorType"":""4-0"",""Orientation"":""ver"",""ProductStatus"":""activated"",""ProtectionType"":""none"",""ShapeEdgeType"":""none"",""SpotFinishingType"":""none"",""State"":""published"",""UnifiedPaperFormat"":""450x600-mm-18x24-inch"",""UnifiedPaperType"":""170-gsm-65lb-coated-silk""}"
flat_450x600-mm-18x24-inch_170-gsm-65lb-uncoated_4-0_hor,Posters — hor,posters,posters,"{""CoatingType"":""none"",""ColorType"":""4-0"",""Orientation"":""hor"",""ProductStatus"":""activated"",""ProtectionType"":""none"",""ShapeEdgeType"":""none"",""SpotFinishingType"":""none"",""State"":""published"",""UnifiedPaperFormat"":""450x600-mm-18x24-inch"",""UnifiedPaperType"":""170-gsm-65lb-uncoated""}"
flat_450x600-mm-18x24-inch_170-gsm-65lb-uncoated_4-0_ver,Posters — ver,posters,posters,"{""CoatingType"":""none"",""ColorType"":""4-0"",""Orientation"":""ver"",""ProductStatus"":""activated"",""ProtectionType"":""none"",""ShapeEdgeType"":""none"",""SpotFinishingType"":""none"",""State"":""published"",""UnifiedPaperFormat"":""450x600-mm-18x24-inch"",""UnifiedPaperType"":""170-gsm-65lb-uncoated""}"
flat_450x600-mm-18x24-inch_200-gsm-80lb-coated-silk_4-0_hor,Posters — hor,posters,posters,"{""CoatingType"":""none"",""ColorType"":""4-0"",""Orientation"":""hor"",""ProductStatus"":""activated"",""ProtectionType"":""none"",""ShapeEdgeType"":""none"",""SpotFinishingType"":""none"",""State"":""published"",""UnifiedPaperFormat"":""450x600-mm-18x24-inch"",""UnifiedPaperType"":""200-gsm-80lb-coated-silk""}"
flat_450x600-mm-18x24-inch_200-gsm-80lb-coated-silk_4-0_ver,Posters — ver,posters,posters,"{""CoatingType"":""none"",""ColorType"":""4-0"",""Orientation"":""ver"",""ProductStatus"":""activated"",""ProtectionType"":""none"",""ShapeEdgeType"":""none"",""SpotFinishingType"":""none"",""State"":""published"",""UnifiedPaperFormat"":""450x600-mm-18x24-inch"",""UnifiedPaperType"":""200-gsm-80lb-coated-silk""}"
flat_450x600-mm-18x24-inch_200-gsm-80lb-uncoated_4-0_hor,Posters — hor,posters,posters,"{""CoatingType"":""none"",""ColorType"":""4-0"",""Orientation"":""hor"",""ProductStatus"":""activated"",""ProtectionType"":""none"",""ShapeEdgeType"":""none"",""SpotFinishingType"":""none"",""State"":""published"",""UnifiedPaperFormat"":""450x600-mm-18x24-inch"",""UnifiedPaperType"":""200-gsm-80lb-uncoated""}"
flat_450x600-mm-18x24-inch_200-gsm-80lb-uncoated_4-0_ver,Posters — ver,posters,posters,"{""CoatingType"":""none"",""ColorType"":""4-0"",""Orientation"":""ver"",""ProductStatus"":""activated"",""ProtectionType"":""none"",""ShapeEdgeType"":""none"",""SpotFinishingType"":""none"",""State"":""published"",""UnifiedPaperFormat"":""450x600-mm-18x24-inch"",""UnifiedPaperType"":""200-gsm-80lb-uncoated""}"
flat_450x600-mm-18x24-inch_250-gsm-100lb-uncoated-offwhite-archival_4-0_hor,Posters — hor,posters,posters,"{""CoatingType"":""none"",""ColorType"":""4-0"",""Orientation"":""hor"",""ProductStatus"":""activated"",""ProtectionType"":""none"",""ShapeEdgeType"":""none"",""SpotFinishingType"":""none"",""State"":""published"",""UnifiedPaperFormat"":""450x600-mm-18x24-inch"",""UnifiedPaperType"":""250-gsm-100lb-uncoated-offwhite-archival""}"
flat_450x600-mm-18x24-inch_250-gsm-100lb-uncoated-offwhite-archival_4-0_ver,Posters — ver,posters,posters,"{""CoatingType"":""none"",""ColorType"":""4-0"",""Orientation"":""ver"",""ProductStatus"":""activated"",""ProtectionType"":""none"",""ShapeEdgeType"":""none"",""SpotFinishingType"":""none"",""State"":""published"",""UnifiedPaperFormat"":""450x600-mm-18x24-inch"",""UnifiedPaperType"":""250-gsm-100lb-uncoated-offwhite-archival""}"
flat_500x500-mm-20x20-inch_170-gsm-65lb-coated-silk_4-0_hor,Posters — hor,posters,posters,"{""CoatingType"":""none"",""ColorType"":""4-0"",""Orientation"":""hor"",""ProductStatus"":""activated"",""ProtectionType"":""none"",""ShapeEdgeType"":""none"",""SpotFinishingType"":""none"",""State"":""published"",""UnifiedPaperFormat"":""500x500-mm-20x20-inch"",""UnifiedPaperType"":""170-gsm-65lb-coated-silk""}"
flat_500x500-mm-20x20-inch_170-gsm-65lb-coated-silk_4-0_ver,Posters — ver,posters,posters,"{""CoatingType"":""none"",""ColorType"":""4-0"",""Orientation"":""ver"",""ProductStatus"":""activated"",""ProtectionType"":""none"",""ShapeEdgeType"":""none"",""SpotFinishingType"":""none"",""State"":""published"",""UnifiedPaperFormat"":""500x500-mm-20x20-inch"",""UnifiedPaperType"":""170-gsm-65lb-coated-silk""}"
flat_500x500-mm-20x20-inch_170-gsm-65lb-uncoated_4-0_hor,Posters — hor,posters,posters,"{""CoatingType"":""none"",""ColorType"":""4-0"",""Orientation"":""hor"",""ProductStatus"":""activated"",""ProtectionType"":""none"",""ShapeEdgeType"":""none"",""SpotFinishingType"":""none"",""State"":""published"",""UnifiedPaperFormat"":""500x500-mm-20x20-inch"",""UnifiedPaperType"":""170-gsm-65lb-uncoated""}"
flat_500x500-mm-20x20-inch_170-gsm-65lb-uncoated_4-0_ver,Posters — ver,posters,posters,"{""CoatingType"":""none"",""ColorType"":""4-0"",""Orientation"":""ver"",""ProductStatus"":""activated"",""ProtectionType"":""none"",""ShapeEdgeType"":""none"",""SpotFinishingType"":""none"",""State"":""published"",""UnifiedPaperFormat"":""500x500-mm-20x20-inch"",""UnifiedPaperType"":""170-gsm-65lb-uncoated""}"
flat_500x500-mm-20x20-inch_200-gsm-80lb-coated-silk_4-0_hor,Posters — hor,posters,posters,"{""CoatingType"":""none"",""ColorType"":""4-0"",""Orientation"":""hor"",""ProductStatus"":""activated"",""ProtectionType"":""none"",""ShapeEdgeType"":""none"",""SpotFinishingType"":""none"",""State"":""published"",""UnifiedPaperFormat"":""500x500-mm-20x20-inch"",""UnifiedPaperType"":""200-gsm-80lb-coated-silk""}"
flat_500x500-mm-20x20-inch_200-gsm-80lb-coated-silk_4-0_ver,Posters — ver,posters,posters,"{""CoatingType"":""none"",""ColorType"":""4-0"",""Orientation"":""ver"",""ProductStatus"":""activated"",""ProtectionType"":""none"",""ShapeEdgeType"":""none"",""SpotFinishingType"":""none"",""State"":""published"",""UnifiedPaperFormat"":""500x500-mm-20x20-inch"",""UnifiedPaperType"":""200-gsm-80lb-coated-silk""}"
flat_500x500-mm-20x20-inch_200-gsm-80lb-uncoated_4-0_hor,Posters — hor,posters,posters,"{""CoatingType"":""none"",""ColorType"":""4-0"",""Orientation"":""hor"",""ProductStatus"":""activated"",""ProtectionType"":""none"",""ShapeEdgeType"":""none"",""SpotFinishingType"":""none"",""State"":""published"",""UnifiedPaperFormat"":""500x500-mm-20x20-inch"",""UnifiedPaperType"":""200-gsm-80lb-uncoated""}"
flat_500x500-mm-20x20-inch_200-gsm-80lb-uncoated_4-0_ver,Posters — ver,posters,posters,"{""CoatingType"":""none"",""ColorType"":""4-0"",""Orientation"":""ver"",""ProductStatus"":""activated"",""ProtectionType"":""none"",""ShapeEdgeType"":""none"",""SpotFinishingType"":""none"",""State"":""published"",""UnifiedPaperFormat"":""500x500-mm-20x20-inch"",""UnifiedPaperType"":""200-gsm-80lb-uncoated""}"
flat_500x500-mm-20x20-inch_250-gsm-100lb-uncoated-offwhite-archival_4-0_hor,Posters — hor,posters,posters,"{""CoatingType"":""none"",""ColorType"":""4-0"",""Orientation"":""hor"",""ProductStatus"":""activated"",""ProtectionType"":""none"",""ShapeEdgeType"":""none"",""SpotFinishingType"":""none"",""State"":""published"",""UnifiedPaperFormat"":""500x500-mm-20x20-inch"",""UnifiedPaperType"":""250-gsm-100lb-uncoated-offwhite-archival""}"
flat_500x500-mm-20x20-inch_250-gsm-100lb-uncoated-offwhite-archival_4-0_ver,Posters — ver,posters,posters,"{""CoatingType"":""none"",""ColorType"":""4-0"",""Orientation"":""ver"",""ProductStatus"":""activated"",""ProtectionType"":""none"",""ShapeEdgeType"":""none"",""SpotFinishingType"":""none"",""State"":""published"",""UnifiedPaperFormat"":""500x500-mm-20x20-inch"",""UnifiedPaperType"":""250-gsm-100lb-uncoated-offwhite-archival""}"
flat_500x700-mm-20x28-inch_170-gsm-65lb-coated-silk_4-0_hor,Posters — hor,posters,posters,"{""CoatingType"":""none"",""ColorType"":""4-0"",""Orientation"":""hor"",""ProductStatus"":""activated"",""ProtectionType"":""none"",""ShapeEdgeType"":""none"",""SpotFinishingType"":""none"",""State"":""published"",""UnifiedPaperFormat"":""500x700-mm-20x28-inch"",""UnifiedPaperType"":""170-gsm-65lb-coated-silk""}"
flat_500x700-mm-20x28-inch_170-gsm-65lb-coated-silk_4-0_ver,Posters — ver,posters,posters,"{""CoatingType"":""none"",""ColorType"":""4-0"",""Orientation"":""ver"",""ProductStatus"":""activated"",""ProtectionType"":""none"",""ShapeEdgeType"":""none"",""SpotFinishingType"":""none"",""State"":""published"",""UnifiedPaperFormat"":""500x700-mm-20x28-inch"",""UnifiedPaperType"":""170-gsm-65lb-coated-silk""}"
flat_500x700-mm-20x28-inch_170-gsm-65lb-uncoated_4-0_hor,Posters — hor,posters,posters,"{""CoatingType"":""none"",""ColorType"":""4-0"",""Orientation"":""hor"",""ProductStatus"":""activated"",""ProtectionType"":""none"",""ShapeEdgeType"":""none"",""SpotFinishingType"":""none"",""State"":""published"",""UnifiedPaperFormat"":""500x700-mm-20x28-inch"",""UnifiedPaperType"":""170-gsm-65lb-uncoated""}"
flat_500x700-mm-20x28-inch_170-gsm-65lb-uncoated_4-0_ver,Posters — ver,posters,posters,"{""CoatingType"":""none"",""ColorType"":""4-0"",""Orientation"":""ver"",""ProductStatus"":""activated"",""ProtectionType"":""none"",""ShapeEdgeType"":""none"",""SpotFinishingType"":""none"",""State"":""published"",""UnifiedPaperFormat"":""500x700-mm-20x28-inch"",""UnifiedPaperType"":""170-gsm-65lb-uncoated""}"
flat_500x700-mm-20x28-inch_200-gsm-80lb-coated-silk_4-0_hor,Posters — hor,posters,posters,"{""CoatingType"":""none"",""ColorType"":""4-0"",""Orientation"":""hor"",""ProductStatus"":""activated"",""ProtectionType"":""none"",""ShapeEdgeType"":""none"",""SpotFinishingType"":""none"",""State"":""published"",""UnifiedPaperFormat"":""500x700-mm-20x28-inch"",""UnifiedPaperType"":""200-gsm-80lb-coated-silk""}"
flat_500x700-mm-20x28-inch_200-gsm-80lb-coated-silk_4-0_ver,Posters — ver,posters,posters,"{""CoatingType"":""none"",""ColorType"":""4-0"",""Orientation"":""ver"",""ProductStatus"":""activated"",""ProtectionType"":""none"",""ShapeEdgeType"":""none"",""SpotFinishingType"":""none"",""State"":""published"",""UnifiedPaperFormat"":""500x700-mm-20x28-inch"",""UnifiedPaperType"":""200-gsm-80lb-coated-silk""}"
flat_500x700-mm-20x28-inch_200-gsm-80lb-uncoated_4-0_hor,Posters — hor,posters,posters,"{""CoatingType"":""none"",""ColorType"":""4-0"",""Orientation"":""hor"",""ProductStatus"":""activated"",""ProtectionType"":""none"",""ShapeEdgeType"":""none"",""SpotFinishingType"":""none"",""State"":""published"",""UnifiedPaperFormat"":""500x700-mm-20x28-inch"",""UnifiedPaperType"":""200-gsm-80lb-uncoated""}"
flat_500x700-mm-20x28-inch_200-gsm-80lb-uncoated_4-0_ver,Posters — ver,posters,posters,"{""CoatingType"":""none"",""ColorType"":""4-0"",""Orientation"":""ver"",""ProductStatus"":""activated"",""ProtectionType"":""none"",""ShapeEdgeType"":""none"",""SpotFinishingType"":""none"",""State"":""published"",""UnifiedPaperFormat"":""500x700-mm-20x28-inch"",""UnifiedPaperType"":""200-gsm-80lb-uncoated""}"
flat_500x700-mm-20x28-inch_250-gsm-100lb-uncoated-offwhite-archival_4-0_hor,Posters — hor,posters,posters,"{""CoatingType"":""none"",""ColorType"":""4-0"",""Orientation"":""hor"",""ProductStatus"":""activated"",""ProtectionType"":""none"",""ShapeEdgeType"":""none"",""SpotFinishingType"":""none"",""State"":""published"",""UnifiedPaperFormat"":""500x700-mm-20x28-inch"",""UnifiedPaperType"":""250-gsm-100lb-uncoated-offwhite-archival""}"
flat_500x700-mm-20x28-inch_250-gsm-100lb-uncoated-offwhite-archival_4-0_ver,Posters — ver,posters,posters,"{""CoatingType"":""none"",""ColorType"":""4-0"",""Orientation"":""ver"",""ProductStatus"":""activated"",""ProtectionType"":""none"",""ShapeEdgeType"":""none"",""SpotFinishingType"":""none"",""State"":""published"",""UnifiedPaperFormat"":""500x700-mm-20x28-inch"",""UnifiedPaperType"":""250-gsm-100lb-uncoated-offwhite-archival""}"
flat_5r-130x180-mm_170-gsm-65lb-coated-silk_4-0_hor,Posters — hor,posters,posters,"{""CoatingType"":""none"",""ColorType"":""4-0"",""Orientation"":""hor"",""ProductStatus"":""activated"",""ProtectionType"":""none"",""ShapeEdgeType"":""none"",""SpotFinishingType"":""none"",""State"":""published"",""UnifiedPaperFormat"":""5R-130x180-mm"",""UnifiedPaperType"":""170-gsm-65lb-coated-silk""}"
flat_5r-130x180-mm_170-gsm-65lb-coated-silk_4-0_ver,Posters — ver,posters,posters,"{""CoatingType"":""none"",""ColorType"":""4-0"",""Orientation"":""ver"",""ProductStatus"":""activated"",""ProtectionType"":""none"",""ShapeEdgeType"":""none"",""SpotFinishingType"":""none"",""State"":""published"",""UnifiedPaperFormat"":""5R-130x180-mm"",""UnifiedPaperType"":""170-gsm-65lb-coated-silk""}"
flat_5r-130x180-mm_170-gsm-65lb-uncoated_4-0_hor,Posters — hor,posters,posters,"{""CoatingType"":""none"",""ColorType"":""4-0"",""Orientation"":""hor"",""ProductStatus"":""activated"",""ProtectionType"":""none"",""ShapeEdgeType"":""none"",""SpotFinishingType"":""none"",""State"":""published"",""UnifiedPaperFormat"":""5R-130x180-mm"",""UnifiedPaperType"":""170-gsm-65lb-uncoated""}"
flat_5r-130x180-mm_170-gsm-65lb-uncoated_4-0_ver,Posters — ver,posters,posters,"{""CoatingType"":""none"",""ColorType"":""4-0"",""Orientation"":""ver"",""ProductStatus"":""activated"",""ProtectionType"":""none"",""ShapeEdgeType"":""none"",""SpotFinishingType"":""none"",""State"":""published"",""UnifiedPaperFormat"":""5R-130x180-mm"",""UnifiedPaperType"":""170-gsm-65lb-uncoated""}"
flat_5r-130x180-mm_200-gsm-80lb-coated-silk_4-0_hor,Posters — hor,posters,posters,"{""CoatingType"":""none"",""ColorType"":""4-0"",""Orientation"":""hor"",""ProductStatus"":""activated"",""ProtectionType"":""none"",""ShapeEdgeType"":""none"",""SpotFinishingType"":""none"",""State"":""published"",""UnifiedPaperFormat"":""5R-130x180-mm"",""UnifiedPaperType"":""200-gsm-80lb-coated-silk""}"
flat_5r-130x180-mm_200-gsm-80lb-coated-silk_4-0_ver,Posters — ver,posters,posters,"{""CoatingType"":""none"",""ColorType"":""4-0"",""Orientation"":""ver"",""ProductStatus"":""activated"",""ProtectionType"":""none"",""ShapeEdgeType"":""none"",""SpotFinishingType"":""none"",""State"":""published"",""UnifiedPaperFormat"":""5R-130x180-mm"",""UnifiedPaperType"":""200-gsm-80lb-coated-silk""}"
flat_5r-130x180-mm_200-gsm-80lb-uncoated_4-0_hor,Posters — hor,posters,posters,"{""CoatingType"":""none"",""ColorType"":""4-0"",""Orientation"":""hor"",""ProductStatus"":""activated"",""ProtectionType"":""none"",""ShapeEdgeType"":""none"",""SpotFinishingType"":""none"",""State"":""published"",""UnifiedPaperFormat"":""5R-130x180-mm"",""UnifiedPaperType"":""200-gsm-80lb-uncoated""}"
flat_5r-130x180-mm_200-gsm-80lb-uncoated_4-0_ver,Posters — ver,posters,posters,"{""CoatingType"":""none"",""ColorType"":""4-0"",""Orientation"":""ver"",""ProductStatus"":""activated"",""ProtectionType"":""none"",""ShapeEdgeType"":""none"",""SpotFinishingType"":""none"",""State"":""published"",""UnifiedPaperFormat"":""5R-130x180-mm"",""UnifiedPaperType"":""200-gsm-80lb-uncoated""}"
flat_5r-130x180-mm_250-gsm-100lb-uncoated-offwhite-archival_4-0_hor,Posters — hor,posters,posters,"{""CoatingType"":""none"",""ColorType"":""4-0"",""Orientation"":""hor"",""ProductStatus"":""activated"",""ProtectionType"":""none"",""ShapeEdgeType"":""none"",""SpotFinishingType"":""none"",""State"":""published"",""UnifiedPaperFormat"":""5R-130x180-mm"",""UnifiedPaperType"":""250-gsm-100lb-uncoated-offwhite-archival""}"
flat_5r-130x180-mm_250-gsm-100lb-uncoated-offwhite-archival_4-0_ver,Posters — ver,posters,posters,"{""CoatingType"":""none"",""ColorType"":""4-0"",""Orientation"":""ver"",""ProductStatus"":""activated"",""ProtectionType"":""none"",""ShapeEdgeType"":""none"",""SpotFinishingType"":""none"",""State"":""published"",""UnifiedPaperFormat"":""5R-130x180-mm"",""UnifiedPaperType"":""250-gsm-100lb-uncoated-offwhite-archival""}"
flat_600x800-mm-24x32-inch_170-gsm-65lb-coated-silk_4-0_hor,Posters — hor,posters,posters,"{""CoatingType"":""none"",""ColorType"":""4-0"",""Orientation"":""hor"",""ProductStatus"":""activated"",""ProtectionType"":""none"",""ShapeEdgeType"":""none"",""SpotFinishingType"":""none"",""State"":""published"",""UnifiedPaperFormat"":""600x800-mm-24x32-inch"",""UnifiedPaperType"":""170-gsm-65lb-coated-silk""}"
flat_600x800-mm-24x32-inch_170-gsm-65lb-coated-silk_4-0_ver,Posters — ver,posters,posters,"{""CoatingType"":""none"",""ColorType"":""4-0"",""Orientation"":""ver"",""ProductStatus"":""activated"",""ProtectionType"":""none"",""ShapeEdgeType"":""none"",""SpotFinishingType"":""none"",""State"":""published"",""UnifiedPaperFormat"":""600x800-mm-24x32-inch"",""UnifiedPaperType"":""170-gsm-65lb-coated-silk""}"
flat_600x800-mm-24x32-inch_170-gsm-65lb-uncoated_4-0_hor,Posters — hor,posters,posters,"{""CoatingType"":""none"",""ColorType"":""4-0"",""Orientation"":""hor"",""ProductStatus"":""activated"",""ProtectionType"":""none"",""ShapeEdgeType"":""none"",""SpotFinishingType"":""none"",""State"":""published"",""UnifiedPaperFormat"":""600x800-mm-24x32-inch"",""UnifiedPaperType"":""170-gsm-65lb-uncoated""}"
flat_600x800-mm-24x32-inch_170-gsm-65lb-uncoated_4-0_ver,Posters — ver,posters,posters,"{""CoatingType"":""none"",""ColorType"":""4-0"",""Orientation"":""ver"",""ProductStatus"":""activated"",""ProtectionType"":""none"",""ShapeEdgeType"":""none"",""SpotFinishingType"":""none"",""State"":""published"",""UnifiedPaperFormat"":""600x800-mm-24x32-inch"",""UnifiedPaperType"":""170-gsm-65lb-uncoated""}"
flat_600x800-mm-24x32-inch_200-gsm-80lb-coated-silk_4-0_hor,Posters — hor,posters,posters,"{""CoatingType"":""none"",""ColorType"":""4-0"",""Orientation"":""hor"",""ProductStatus"":""activated"",""ProtectionType"":""none"",""ShapeEdgeType"":""none"",""SpotFinishingType"":""none"",""State"":""published"",""UnifiedPaperFormat"":""600x800-mm-24x32-inch"",""UnifiedPaperType"":""200-gsm-80lb-coated-silk""}"
flat_600x800-mm-24x32-inch_200-gsm-80lb-coated-silk_4-0_ver,Posters — ver,posters,posters,"{""CoatingType"":""none"",""ColorType"":""4-0"",""Orientation"":""ver"",""ProductStatus"":""activated"",""ProtectionType"":""none"",""ShapeEdgeType"":""none"",""SpotFinishingType"":""none"",""State"":""published"",""UnifiedPaperFormat"":""600x800-mm-24x32-inch"",""UnifiedPaperType"":""200-gsm-80lb-coated-silk""}"
flat_600x800-mm-24x32-inch_200-gsm-80lb-uncoated_4-0_hor,Posters — hor,posters,posters,"{""CoatingType"":""none"",""ColorType"":""4-0"",""Orientation"":""hor"",""ProductStatus"":""activated"",""ProtectionType"":""none"",""ShapeEdgeType"":""none"",""SpotFinishingType"":""none"",""State"":""published"",""UnifiedPaperFormat"":""600x800-mm-24x32-inch"",""UnifiedPaperType"":""200-gsm-80lb-uncoated""}"
flat_600x800-mm-24x32-inch_200-gsm-80lb-uncoated_4-0_ver,Posters — ver,posters,posters,"{""CoatingType"":""none"",""ColorType"":""4-0"",""Orientation"":""ver"",""ProductStatus"":""activated"",""ProtectionType"":""none"",""ShapeEdgeType"":""none"",""SpotFinishingType"":""none"",""State"":""published"",""UnifiedPaperFormat"":""600x800-mm-24x32-inch"",""UnifiedPaperType"":""200-gsm-80lb-uncoated""}"
flat_600x800-mm-24x32-inch_250-gsm-100lb-uncoated-offwhite-archival_4-0_hor,Posters — hor,posters,posters,"{""CoatingType"":""none"",""ColorType"":""4-0"",""Orientation"":""hor"",""ProductStatus"":""activated"",""ProtectionType"":""none"",""ShapeEdgeType"":""none"",""SpotFinishingType"":""none"",""State"":""published"",""UnifiedPaperFormat"":""600x800-mm-24x32-inch"",""UnifiedPaperType"":""250-gsm-100lb-uncoated-offwhite-archival""}"
flat_600x800-mm-24x32-inch_250-gsm-100lb-uncoated-offwhite-archival_4-0_ver,Posters — ver,posters,posters,"{""CoatingType"":""none"",""ColorType"":""4-0"",""Orientation"":""ver"",""ProductStatus"":""activated"",""ProtectionType"":""none"",""ShapeEdgeType"":""none"",""SpotFinishingType"":""none"",""State"":""published"",""UnifiedPaperFormat"":""600x800-mm-24x32-inch"",""UnifiedPaperType"":""250-gsm-100lb-uncoated-offwhite-archival""}"
flat_600x900-mm-24x36-inch_170-gsm-65lb-coated-silk_4-0_hor,Posters — hor,posters,posters,"{""CoatingType"":""none"",""ColorType"":""4-0"",""Orientation"":""hor"",""ProductStatus"":""activated"",""ProtectionType"":""none"",""ShapeEdgeType"":""none"",""SpotFinishingType"":""none"",""State"":""published"",""UnifiedPaperFormat"":""600x900-mm-24x36-inch"",""UnifiedPaperType"":""170-gsm-65lb-coated-silk""}"
flat_600x900-mm-24x36-inch_170-gsm-65lb-coated-silk_4-0_ver,Posters — ver,posters,posters,"{""CoatingType"":""none"",""ColorType"":""4-0"",""Orientation"":""ver"",""ProductStatus"":""activated"",""ProtectionType"":""none"",""ShapeEdgeType"":""none"",""SpotFinishingType"":""none"",""State"":""published"",""UnifiedPaperFormat"":""600x900-mm-24x36-inch"",""UnifiedPaperType"":""170-gsm-65lb-coated-silk""}"
flat_600x900-mm-24x36-inch_170-gsm-65lb-uncoated_4-0_hor,Posters — hor,posters,posters,"{""CoatingType"":""none"",""ColorType"":""4-0"",""Orientation"":""hor"",""ProductStatus"":""activated"",""ProtectionType"":""none"",""ShapeEdgeType"":""none"",""SpotFinishingType"":""none"",""State"":""published"",""UnifiedPaperFormat"":""600x900-mm-24x36-inch"",""UnifiedPaperType"":""170-gsm-65lb-uncoated""}"
flat_600x900-mm-24x36-inch_170-gsm-65lb-uncoated_4-0_ver,Posters — ver,posters,posters,"{""CoatingType"":""none"",""ColorType"":""4-0"",""Orientation"":""ver"",""ProductStatus"":""activated"",""ProtectionType"":""none"",""ShapeEdgeType"":""none"",""SpotFinishingType"":""none"",""State"":""published"",""UnifiedPaperFormat"":""600x900-mm-24x36-inch"",""UnifiedPaperType"":""170-gsm-65lb-uncoated""}"
flat_600x900-mm-24x36-inch_200-gsm-80lb-coated-silk_4-0_hor,Posters — hor,posters,posters,"{""CoatingType"":""none"",""ColorType"":""4-0"",""Orientation"":""hor"",""ProductStatus"":""activated"",""ProtectionType"":""none"",""ShapeEdgeType"":""none"",""SpotFinishingType"":""none"",""State"":""published"",""UnifiedPaperFormat"":""600x900-mm-24x36-inch"",""UnifiedPaperType"":""200-gsm-80lb-coated-silk""}"
flat_600x900-mm-24x36-inch_200-gsm-80lb-coated-silk_4-0_ver,Posters — ver,posters,posters,"{""CoatingType"":""none"",""ColorType"":""4-0"",""Orientation"":""ver"",""ProductStatus"":""activated"",""ProtectionType"":""none"",""ShapeEdgeType"":""none"",""SpotFinishingType"":""none"",""State"":""published"",""UnifiedPaperFormat"":""600x900-mm-24x36-inch"",""UnifiedPaperType"":""200-gsm-80lb-coated-silk""}"
flat_600x900-mm-24x36-inch_200-gsm-80lb-uncoated_4-0_hor,Posters — hor,posters,posters,"{""CoatingType"":""none"",""ColorType"":""4-0"",""Orientation"":""hor"",""ProductStatus"":""activated"",""ProtectionType"":""none"",""ShapeEdgeType"":""none"",""SpotFinishingType"":""none"",""State"":""published"",""UnifiedPaperFormat"":""600x900-mm-24x36-inch"",""UnifiedPaperType"":""200-gsm-80lb-uncoated""}"
flat_600x900-mm-24x36-inch_200-gsm-80lb-uncoated_4-0_ver,Posters — ver,posters,posters,"{""CoatingType"":""none"",""ColorType"":""4-0"",""Orientation"":""ver"",""ProductStatus"":""activated"",""ProtectionType"":""none"",""ShapeEdgeType"":""none"",""SpotFinishingType"":""none"",""State"":""published"",""UnifiedPaperFormat"":""600x900-mm-24x36-inch"",""UnifiedPaperType"":""200-gsm-80lb-uncoated""}"
flat_600x900-mm-24x36-inch_250-gsm-100lb-uncoated-offwhite-archival_4-0_hor,Posters — hor,posters,posters,"{""CoatingType"":""none"",""ColorType"":""4-0"",""Orientation"":""hor"",""ProductStatus"":""activated"",""ProtectionType"":""none"",""ShapeEdgeType"":""none"",""SpotFinishingType"":""none"",""State"":""published"",""UnifiedPaperFormat"":""600x900-mm-24x36-inch"",""UnifiedPaperType"":""250-gsm-100lb-uncoated-offwhite-archival""}"
flat_600x900-mm-24x36-inch_250-gsm-100lb-uncoated-offwhite-archival_4-0_ver,Posters — ver,posters,posters,"{""CoatingType"":""none"",""ColorType"":""4-0"",""Orientation"":""ver"",""ProductStatus"":""activated"",""ProtectionType"":""none"",""ShapeEdgeType"":""none"",""SpotFinishingType"":""none"",""State"":""published"",""UnifiedPaperFormat"":""600x900-mm-24x36-inch"",""UnifiedPaperType"":""250-gsm-100lb-uncoated-offwhite-archival""}"
flat_6x8-inch-150x200-mm_170-gsm-65lb-coated-silk_4-0_hor,Posters — hor,posters,posters,"{""CoatingType"":""none"",""ColorType"":""4-0"",""Orientation"":""hor"",""ProductStatus"":""activated"",""ProtectionType"":""none"",""ShapeEdgeType"":""none"",""SpotFinishingType"":""none"",""State"":""published"",""UnifiedPaperFormat"":""6x8-inch-150x200-mm"",""UnifiedPaperType"":""170-gsm-65lb-coated-silk""}"
flat_6x8-inch-150x200-mm_170-gsm-65lb-coated-silk_4-0_ver,Posters — ver,posters,posters,"{""CoatingType"":""none"",""ColorType"":""4-0"",""Orientation"":""ver"",""ProductStatus"":""activated"",""ProtectionType"":""none"",""ShapeEdgeType"":""none"",""SpotFinishingType"":""none"",""State"":""published"",""UnifiedPaperFormat"":""6x8-inch-150x200-mm"",""UnifiedPaperType"":""170-gsm-65lb-coated-silk""}"
flat_6x8-inch-150x200-mm_170-gsm-65lb-uncoated_4-0_hor,Posters — hor,posters,posters,"{""CoatingType"":""none"",""ColorType"":""4-0"",""Orientation"":""hor"",""ProductStatus"":""activated"",""ProtectionType"":""none"",""ShapeEdgeType"":""none"",""SpotFinishingType"":""none"",""State"":""published"",""UnifiedPaperFormat"":""6x8-inch-150x200-mm"",""UnifiedPaperType"":""170-gsm-65lb-uncoated""}"
flat_6x8-inch-150x200-mm_170-gsm-65lb-uncoated_4-0_ver,Posters — ver,posters,posters,"{""CoatingType"":""none"",""ColorType"":""4-0"",""Orientation"":""ver"",""ProductStatus"":""activated"",""ProtectionType"":""none"",""ShapeEdgeType"":""none"",""SpotFinishingType"":""none"",""State"":""published"",""UnifiedPaperFormat"":""6x8-inch-150x200-mm"",""UnifiedPaperType"":""170-gsm-65lb-uncoated""}"
flat_6x8-inch-150x200-mm_200-gsm-80lb-coated-silk_4-0_hor,Posters — hor,posters,posters,"{""CoatingType"":""none"",""ColorType"":""4-0"",""Orientation"":""hor"",""ProductStatus"":""activated"",""ProtectionType"":""none"",""ShapeEdgeType"":""none"",""SpotFinishingType"":""none"",""State"":""published"",""UnifiedPaperFormat"":""6x8-inch-150x200-mm"",""UnifiedPaperType"":""200-gsm-80lb-coated-silk""}"
flat_6x8-inch-150x200-mm_200-gsm-80lb-coated-silk_4-0_ver,Posters — ver,posters,posters,"{""CoatingType"":""none"",""ColorType"":""4-0"",""Orientation"":""ver"",""ProductStatus"":""activated"",""ProtectionType"":""none"",""ShapeEdgeType"":""none"",""SpotFinishingType"":""none"",""State"":""published"",""UnifiedPaperFormat"":""6x8-inch-150x200-mm"",""UnifiedPaperType"":""200-gsm-80lb-coated-silk""}"
flat_6x8-inch-150x200-mm_200-gsm-80lb-uncoated_4-0_hor,Posters — hor,posters,posters,"{""CoatingType"":""none"",""ColorType"":""4-0"",""Orientation"":""hor"",""ProductStatus"":""activated"",""ProtectionType"":""none"",""ShapeEdgeType"":""none"",""SpotFinishingType"":""none"",""State"":""published"",""UnifiedPaperFormat"":""6x8-inch-150x200-mm"",""UnifiedPaperType"":""200-gsm-80lb-uncoated""}"
flat_6x8-inch-150x200-mm_200-gsm-80lb-uncoated_4-0_ver,Posters — ver,posters,posters,"{""CoatingType"":""none"",""ColorType"":""4-0"",""Orientation"":""ver"",""ProductStatus"":""activated"",""ProtectionType"":""none"",""ShapeEdgeType"":""none"",""SpotFinishingType"":""none"",""State"":""published"",""UnifiedPaperFormat"":""6x8-inch-150x200-mm"",""UnifiedPaperType"":""200-gsm-80lb-uncoated""}"
flat_6x8-inch-150x200-mm_250-gsm-100lb-uncoated-offwhite-archival_4-0_hor,Posters — hor,posters,posters,"{""CoatingType"":""none"",""ColorType"":""4-0"",""Orientation"":""hor"",""ProductStatus"":""activated"",""ProtectionType"":""none"",""ShapeEdgeType"":""none"",""SpotFinishingType"":""none"",""State"":""published"",""UnifiedPaperFormat"":""6x8-inch-150x200-mm"",""UnifiedPaperType"":""250-gsm-100lb-uncoated-offwhite-archival""}"
flat_6x8-inch-150x200-mm_250-gsm-100lb-uncoated-offwhite-archival_4-0_ver,Posters — ver,posters,posters,"{""CoatingType"":""none"",""ColorType"":""4-0"",""Orientation"":""ver"",""ProductStatus"":""activated"",""ProtectionType"":""none"",""ShapeEdgeType"":""none"",""SpotFinishingType"":""none"",""State"":""published"",""UnifiedPaperFormat"":""6x8-inch-150x200-mm"",""UnifiedPaperType"":""250-gsm-100lb-uncoated-offwhite-archival""}"
flat_700x1000-mm-28x40-inch_170-gsm-65lb-coated-silk_4-0_hor,Posters — hor,posters,posters,"{""CoatingType"":""none"",""ColorType"":""4-0"",""Orientation"":""hor"",""ProductStatus"":""activated"",""ProtectionType"":""none"",""ShapeEdgeType"":""none"",""SpotFinishingType"":""none"",""State"":""published"",""UnifiedPaperFormat"":""700x1000-mm-28x40-inch"",""UnifiedPaperType"":""170-gsm-65lb-coated-silk""}"
flat_700x1000-mm-28x40-inch_170-gsm-65lb-coated-silk_4-0_ver,Posters — ver,posters,posters,"{""CoatingType"":""none"",""ColorType"":""4-0"",""Orientation"":""ver"",""ProductStatus"":""activated"",""ProtectionType"":""none"",""ShapeEdgeType"":""none"",""SpotFinishingType"":""none"",""State"":""published"",""UnifiedPaperFormat"":""700x1000-mm-28x40-inch"",""UnifiedPaperType"":""170-gsm-65lb-coated-silk""}"
flat_700x1000-mm-28x40-inch_170-gsm-65lb-uncoated_4-0_hor,Posters — hor,posters,posters,"{""CoatingType"":""none"",""ColorType"":""4-0"",""Orientation"":""hor"",""ProductStatus"":""activated"",""ProtectionType"":""none"",""ShapeEdgeType"":""none"",""SpotFinishingType"":""none"",""State"":""published"",""UnifiedPaperFormat"":""700x1000-mm-28x40-inch"",""UnifiedPaperType"":""170-gsm-65lb-uncoated""}"
flat_700x1000-mm-28x40-inch_170-gsm-65lb-uncoated_4-0_ver,Posters — ver,posters,posters,"{""CoatingType"":""none"",""ColorType"":""4-0"",""Orientation"":""ver"",""ProductStatus"":""activated"",""ProtectionType"":""none"",""ShapeEdgeType"":""none"",""SpotFinishingType"":""none"",""State"":""published"",""UnifiedPaperFormat"":""700x1000-mm-28x40-inch"",""UnifiedPaperType"":""170-gsm-65lb-uncoated""}"
flat_700x1000-mm-28x40-inch_200-gsm-80lb-coated-silk_4-0_hor,Posters — hor,posters,posters,"{""CoatingType"":""none"",""ColorType"":""4-0"",""Orientation"":""hor"",""ProductStatus"":""activated"",""ProtectionType"":""none"",""ShapeEdgeType"":""none"",""SpotFinishingType"":""none"",""State"":""published"",""UnifiedPaperFormat"":""700x1000-mm-28x40-inch"",""UnifiedPaperType"":""200-gsm-80lb-coated-silk""}"
flat_700x1000-mm-28x40-inch_200-gsm-80lb-coated-silk_4-0_ver,Posters — ver,posters,posters,"{""CoatingType"":""none"",""ColorType"":""4-0"",""Orientation"":""ver"",""ProductStatus"":""activated"",""ProtectionType"":""none"",""ShapeEdgeType"":""none"",""SpotFinishingType"":""none"",""State"":""published"",""UnifiedPaperFormat"":""700x1000-mm-28x40-inch"",""UnifiedPaperType"":""200-gsm-80lb-coated-silk""}"
flat_700x1000-mm-28x40-inch_200-gsm-80lb-uncoated_4-0_hor,Posters — hor,posters,posters,"{""CoatingType"":""none"",""ColorType"":""4-0"",""Orientation"":""hor"",""ProductStatus"":""activated"",""ProtectionType"":""none"",""ShapeEdgeType"":""none"",""SpotFinishingType"":""none"",""State"":""published"",""UnifiedPaperFormat"":""700x1000-mm-28x40-inch"",""UnifiedPaperType"":""200-gsm-80lb-uncoated""}"
flat_700x1000-mm-28x40-inch_200-gsm-80lb-uncoated_4-0_ver,Posters — ver,posters,posters,"{""CoatingType"":""none"",""ColorType"":""4-0"",""Orientation"":""ver"",""ProductStatus"":""activated"",""ProtectionType"":""none"",""ShapeEdgeType"":""none"",""SpotFinishingType"":""none"",""State"":""published"",""UnifiedPaperFormat"":""700x1000-mm-28x40-inch"",""UnifiedPaperType"":""200-gsm-80lb-uncoated""}"
flat_700x1000-mm-28x40-inch_250-gsm-100lb-uncoated-offwhite-archival_4-0_hor,Posters — hor,posters,posters,"{""CoatingType"":""none"",""ColorType"":""4-0"",""Orientation"":""hor"",""ProductStatus"":""activated"",""ProtectionType"":""none"",""ShapeEdgeType"":""none"",""SpotFinishingType"":""none"",""State"":""published"",""UnifiedPaperFormat"":""700x1000-mm-28x40-inch"",""UnifiedPaperType"":""250-gsm-100lb-uncoated-offwhite-archival""}"
flat_700x1000-mm-28x40-inch_250-gsm-100lb-uncoated-offwhite-archival_4-0_ver,Posters — ver,posters,posters,"{""CoatingType"":""none"",""ColorType"":""4-0"",""Orientation"":""ver"",""ProductStatus"":""activated"",""ProtectionType"":""none"",""ShapeEdgeType"":""none"",""SpotFinishingType"":""none"",""State"":""published"",""UnifiedPaperFormat"":""700x1000-mm-28x40-inch"",""UnifiedPaperType"":""250-gsm-100lb-uncoated-offwhite-archival""}"
flat_700x700-mm-28x28-inch_170-gsm-65lb-coated-silk_4-0_hor,Posters — hor,posters,posters,"{""CoatingType"":""none"",""ColorType"":""4-0"",""Orientation"":""hor"",""ProductStatus"":""activated"",""ProtectionType"":""none"",""ShapeEdgeType"":""none"",""SpotFinishingType"":""none"",""State"":""published"",""UnifiedPaperFormat"":""700x700-mm-28x28-inch"",""UnifiedPaperType"":""170-gsm-65lb-coated-silk""}"
flat_700x700-mm-28x28-inch_170-gsm-65lb-coated-silk_4-0_ver,Posters — ver,posters,posters,"{""CoatingType"":""none"",""ColorType"":""4-0"",""Orientation"":""ver"",""ProductStatus"":""activated"",""ProtectionType"":""none"",""ShapeEdgeType"":""none"",""SpotFinishingType"":""none"",""State"":""published"",""UnifiedPaperFormat"":""700x700-mm-28x28-inch"",""UnifiedPaperType"":""170-gsm-65lb-coated-silk""}"
flat_700x700-mm-28x28-inch_170-gsm-65lb-uncoated_4-0_hor,Posters — hor,posters,posters,"{""CoatingType"":""none"",""ColorType"":""4-0"",""Orientation"":""hor"",""ProductStatus"":""activated"",""ProtectionType"":""none"",""ShapeEdgeType"":""none"",""SpotFinishingType"":""none"",""State"":""published"",""UnifiedPaperFormat"":""700x700-mm-28x28-inch"",""UnifiedPaperType"":""170-gsm-65lb-uncoated""}"
flat_700x700-mm-28x28-inch_170-gsm-65lb-uncoated_4-0_ver,Posters — ver,posters,posters,"{""CoatingType"":""none"",""ColorType"":""4-0"",""Orientation"":""ver"",""ProductStatus"":""activated"",""ProtectionType"":""none"",""ShapeEdgeType"":""none"",""SpotFinishingType"":""none"",""State"":""published"",""UnifiedPaperFormat"":""700x700-mm-28x28-inch"",""UnifiedPaperType"":""170-gsm-65lb-uncoated""}"
flat_700x700-mm-28x28-inch_200-gsm-80lb-coated-silk_4-0_hor,Posters — hor,posters,posters,"{""CoatingType"":""none"",""ColorType"":""4-0"",""Orientation"":""hor"",""ProductStatus"":""activated"",""ProtectionType"":""none"",""ShapeEdgeType"":""none"",""SpotFinishingType"":""none"",""State"":""published"",""UnifiedPaperFormat"":""700x700-mm-28x28-inch"",""UnifiedPaperType"":""200-gsm-80lb-coated-silk""}"
flat_700x700-mm-28x28-inch_200-gsm-80lb-coated-silk_4-0_ver,Posters — ver,posters,posters,"{""CoatingType"":""none"",""ColorType"":""4-0"",""Orientation"":""ver"",""ProductStatus"":""activated"",""ProtectionType"":""none"",""ShapeEdgeType"":""none"",""SpotFinishingType"":""none"",""State"":""published"",""UnifiedPaperFormat"":""700x700-mm-28x28-inch"",""UnifiedPaperType"":""200-gsm-80lb-coated-silk""}"
flat_700x700-mm-28x28-inch_200-gsm-80lb-uncoated_4-0_hor,Posters — hor,posters,posters,"{""CoatingType"":""none"",""ColorType"":""4-0"",""Orientation"":""hor"",""ProductStatus"":""activated"",""ProtectionType"":""none"",""ShapeEdgeType"":""none"",""SpotFinishingType"":""none"",""State"":""published"",""UnifiedPaperFormat"":""700x700-mm-28x28-inch"",""UnifiedPaperType"":""200-gsm-80lb-uncoated""}"
flat_700x700-mm-28x28-inch_200-gsm-80lb-uncoated_4-0_ver,Posters — ver,posters,posters,"{""CoatingType"":""none"",""ColorType"":""4-0"",""Orientation"":""ver"",""ProductStatus"":""activated"",""ProtectionType"":""none"",""ShapeEdgeType"":""none"",""SpotFinishingType"":""none"",""State"":""published"",""UnifiedPaperFormat"":""700x700-mm-28x28-inch"",""UnifiedPaperType"":""200-gsm-80lb-uncoated""}"
flat_700x700-mm-28x28-inch_250-gsm-100lb-uncoated-offwhite-archival_4-0_hor,Posters — hor,posters,posters,"{""CoatingType"":""none"",""ColorType"":""4-0"",""Orientation"":""hor"",""ProductStatus"":""activated"",""ProtectionType"":""none"",""ShapeEdgeType"":""none"",""SpotFinishingType"":""none"",""State"":""published"",""UnifiedPaperFormat"":""700x700-mm-28x28-inch"",""UnifiedPaperType"":""250-gsm-100lb-uncoated-offwhite-archival""}"
flat_700x700-mm-28x28-inch_250-gsm-100lb-uncoated-offwhite-archival_4-0_ver,Posters — ver,posters,posters,"{""CoatingType"":""none"",""ColorType"":""4-0"",""Orientation"":""ver"",""ProductStatus"":""activated"",""ProtectionType"":""none"",""ShapeEdgeType"":""none"",""SpotFinishingType"":""none"",""State"":""published"",""UnifiedPaperFormat"":""700x700-mm-28x28-inch"",""UnifiedPaperType"":""250-gsm-100lb-uncoated-offwhite-archival""}"
flat_750x1000-mm-30x40-inch_170-gsm-65lb-coated-silk_4-0_hor,Posters — hor,posters,posters,"{""CoatingType"":""none"",""ColorType"":""4-0"",""Orientation"":""hor"",""ProductStatus"":""activated"",""ProtectionType"":""none"",""ShapeEdgeType"":""none"",""SpotFinishingType"":""none"",""State"":""published"",""UnifiedPaperFormat"":""750x1000-mm-30x40-inch"",""UnifiedPaperType"":""170-gsm-65lb-coated-silk""}"
flat_750x1000-mm-30x40-inch_170-gsm-65lb-coated-silk_4-0_ver,Posters — ver,posters,posters,"{""CoatingType"":""none"",""ColorType"":""4-0"",""Orientation"":""ver"",""ProductStatus"":""activated"",""ProtectionType"":""none"",""ShapeEdgeType"":""none"",""SpotFinishingType"":""none"",""State"":""published"",""UnifiedPaperFormat"":""750x1000-mm-30x40-inch"",""UnifiedPaperType"":""170-gsm-65lb-coated-silk""}"
flat_750x1000-mm-30x40-inch_170-gsm-65lb-uncoated_4-0_hor,Posters — hor,posters,posters,"{""CoatingType"":""none"",""ColorType"":""4-0"",""Orientation"":""hor"",""ProductStatus"":""activated"",""ProtectionType"":""none"",""ShapeEdgeType"":""none"",""SpotFinishingType"":""none"",""State"":""published"",""UnifiedPaperFormat"":""750x1000-mm-30x40-inch"",""UnifiedPaperType"":""170-gsm-65lb-uncoated""}"
flat_750x1000-mm-30x40-inch_170-gsm-65lb-uncoated_4-0_ver,Posters — ver,posters,posters,"{""CoatingType"":""none"",""ColorType"":""4-0"",""Orientation"":""ver"",""ProductStatus"":""activated"",""ProtectionType"":""none"",""ShapeEdgeType"":""none"",""SpotFinishingType"":""none"",""State"":""published"",""UnifiedPaperFormat"":""750x1000-mm-30x40-inch"",""UnifiedPaperType"":""170-gsm-65lb-uncoated""}"
flat_750x1000-mm-30x40-inch_200-gsm-80lb-coated-silk_4-0_hor,Posters — hor,posters,posters,"{""CoatingType"":""none"",""ColorType"":""4-0"",""Orientation"":""hor"",""ProductStatus"":""activated"",""ProtectionType"":""none"",""ShapeEdgeType"":""none"",""SpotFinishingType"":""none"",""State"":""published"",""UnifiedPaperFormat"":""750x1000-mm-30x40-inch"",""UnifiedPaperType"":""200-gsm-80lb-coated-silk""}"
flat_750x1000-mm-30x40-inch_200-gsm-80lb-coated-silk_4-0_ver,Posters — ver,posters,posters,"{""CoatingType"":""none"",""ColorType"":""4-0"",""Orientation"":""ver"",""ProductStatus"":""activated"",""ProtectionType"":""none"",""ShapeEdgeType"":""none"",""SpotFinishingType"":""none"",""State"":""published"",""UnifiedPaperFormat"":""750x1000-mm-30x40-inch"",""UnifiedPaperType"":""200-gsm-80lb-coated-silk""}"
flat_750x1000-mm-30x40-inch_200-gsm-80lb-uncoated_4-0_hor,Posters — hor,posters,posters,"{""CoatingType"":""none"",""ColorType"":""4-0"",""Orientation"":""hor"",""ProductStatus"":""activated"",""ProtectionType"":""none"",""ShapeEdgeType"":""none"",""SpotFinishingType"":""none"",""State"":""published"",""UnifiedPaperFormat"":""750x1000-mm-30x40-inch"",""UnifiedPaperType"":""200-gsm-80lb-uncoated""}"
flat_750x1000-mm-30x40-inch_200-gsm-80lb-uncoated_4-0_ver,Posters — ver,posters,posters,"{""CoatingType"":""none"",""ColorType"":""4-0"",""Orientation"":""ver"",""ProductStatus"":""activated"",""ProtectionType"":""none"",""ShapeEdgeType"":""none"",""SpotFinishingType"":""none"",""State"":""published"",""UnifiedPaperFormat"":""750x1000-mm-30x40-inch"",""UnifiedPaperType"":""200-gsm-80lb-uncoated""}"
flat_750x1000-mm-30x40-inch_250-gsm-100lb-uncoated-offwhite-archival_4-0_hor,Posters — hor,posters,posters,"{""CoatingType"":""none"",""ColorType"":""4-0"",""Orientation"":""hor"",""ProductStatus"":""activated"",""ProtectionType"":""none"",""ShapeEdgeType"":""none"",""SpotFinishingType"":""none"",""State"":""published"",""UnifiedPaperFormat"":""750x1000-mm-30x40-inch"",""UnifiedPaperType"":""250-gsm-100lb-uncoated-offwhite-archival""}"
flat_750x1000-mm-30x40-inch_250-gsm-100lb-uncoated-offwhite-archival_4-0_ver,Posters — ver,posters,posters,"{""CoatingType"":""none"",""ColorType"":""4-0"",""Orientation"":""ver"",""ProductStatus"":""activated"",""ProtectionType"":""none"",""ShapeEdgeType"":""none"",""SpotFinishingType"":""none"",""State"":""published"",""UnifiedPaperFormat"":""750x1000-mm-30x40-inch"",""UnifiedPaperType"":""250-gsm-100lb-uncoated-offwhite-archival""}"
flat_800x1200-mm-32x48-inch_250-gsm-100lb-uncoated-offwhite-archival_4-0_hor,Posters — hor,posters,posters,"{""CoatingType"":""none"",""ColorType"":""4-0"",""Orientation"":""hor"",""ProductStatus"":""activated"",""ProtectionType"":""none"",""ShapeEdgeType"":""none"",""SpotFinishingType"":""none"",""State"":""published"",""UnifiedPaperFormat"":""800x1200-mm-32x48-inch"",""UnifiedPaperType"":""250-gsm-100lb-uncoated-offwhite-archival""}"
flat_800x1200-mm-32x48-inch_250-gsm-100lb-uncoated-offwhite-archival_4-0_ver,Posters — ver,posters,posters,"{""CoatingType"":""none"",""ColorType"":""4-0"",""Orientation"":""ver"",""ProductStatus"":""activated"",""ProtectionType"":""none"",""ShapeEdgeType"":""none"",""SpotFinishingType"":""none"",""State"":""published"",""UnifiedPaperFormat"":""800x1200-mm-32x48-inch"",""UnifiedPaperType"":""250-gsm-100lb-uncoated-offwhite-archival""}"
flat_8x10-inch-200x250-mm_170-gsm-65lb-coated-silk_4-0_hor,Posters — hor,posters,posters,"{""CoatingType"":""none"",""ColorType"":""4-0"",""Orientation"":""hor"",""ProductStatus"":""activated"",""ProtectionType"":""none"",""ShapeEdgeType"":""none"",""SpotFinishingType"":""none"",""State"":""published"",""UnifiedPaperFormat"":""8x10-inch-200x250-mm"",""UnifiedPaperType"":""170-gsm-65lb-coated-silk""}"
flat_8x10-inch-200x250-mm_170-gsm-65lb-coated-silk_4-0_ver,Posters — ver,posters,posters,"{""CoatingType"":""none"",""ColorType"":""4-0"",""Orientation"":""ver"",""ProductStatus"":""activated"",""ProtectionType"":""none"",""ShapeEdgeType"":""none"",""SpotFinishingType"":""none"",""State"":""published"",""UnifiedPaperFormat"":""8x10-inch-200x250-mm"",""UnifiedPaperType"":""170-gsm-65lb-coated-silk""}"
flat_8x10-inch-200x250-mm_170-gsm-65lb-uncoated_4-0_hor,Posters — hor,posters,posters,"{""CoatingType"":""none"",""ColorType"":""4-0"",""Orientation"":""hor"",""ProductStatus"":""activated"",""ProtectionType"":""none"",""ShapeEdgeType"":""none"",""SpotFinishingType"":""none"",""State"":""published"",""UnifiedPaperFormat"":""8x10-inch-200x250-mm"",""UnifiedPaperType"":""170-gsm-65lb-uncoated""}"
flat_8x10-inch-200x250-mm_170-gsm-65lb-uncoated_4-0_ver,Posters — ver,posters,posters,"{""CoatingType"":""none"",""ColorType"":""4-0"",""Orientation"":""ver"",""ProductStatus"":""activated"",""ProtectionType"":""none"",""ShapeEdgeType"":""none"",""SpotFinishingType"":""none"",""State"":""published"",""UnifiedPaperFormat"":""8x10-inch-200x250-mm"",""UnifiedPaperType"":""170-gsm-65lb-uncoated""}"
flat_8x10-inch-200x250-mm_200-gsm-80lb-coated-silk_4-0_hor,Posters — hor,posters,posters,"{""CoatingType"":""none"",""ColorType"":""4-0"",""Orientation"":""hor"",""ProductStatus"":""activated"",""ProtectionType"":""none"",""ShapeEdgeType"":""none"",""SpotFinishingType"":""none"",""State"":""published"",""UnifiedPaperFormat"":""8x10-inch-200x250-mm"",""UnifiedPaperType"":""200-gsm-80lb-coated-silk""}"
flat_8x10-inch-200x250-mm_200-gsm-80lb-coated-silk_4-0_ver,Posters — ver,posters,posters,"{""CoatingType"":""none"",""ColorType"":""4-0"",""Orientation"":""ver"",""ProductStatus"":""activated"",""ProtectionType"":""none"",""ShapeEdgeType"":""none"",""SpotFinishingType"":""none"",""State"":""published"",""UnifiedPaperFormat"":""8x10-inch-200x250-mm"",""UnifiedPaperType"":""200-gsm-80lb-coated-silk""}"
flat_8x10-inch-200x250-mm_200-gsm-80lb-uncoated_4-0_hor,Posters — hor,posters,posters,"{""CoatingType"":""none"",""ColorType"":""4-0"",""Orientation"":""hor"",""ProductStatus"":""activated"",""ProtectionType"":""none"",""ShapeEdgeType"":""none"",""SpotFinishingType"":""none"",""State"":""published"",""UnifiedPaperFormat"":""8x10-inch-200x250-mm"",""UnifiedPaperType"":""200-gsm-80lb-uncoated""}"
flat_8x10-inch-200x250-mm_200-gsm-80lb-uncoated_4-0_ver,Posters — ver,posters,posters,"{""CoatingType"":""none"",""ColorType"":""4-0"",""Orientation"":""ver"",""ProductStatus"":""activated"",""ProtectionType"":""none"",""ShapeEdgeType"":""none"",""SpotFinishingType"":""none"",""State"":""published"",""UnifiedPaperFormat"":""8x10-inch-200x250-mm"",""UnifiedPaperType"":""200-gsm-80lb-uncoated""}"
flat_8x10-inch-200x250-mm_250-gsm-100lb-uncoated-offwhite-archival_4-0_hor,Posters — hor,posters,posters,"{""CoatingType"":""none"",""ColorType"":""4-0"",""Orientation"":""hor"",""ProductStatus"":""activated"",""ProtectionType"":""none"",""ShapeEdgeType"":""none"",""SpotFinishingType"":""none"",""State"":""published"",""UnifiedPaperFormat"":""8x10-inch-200x250-mm"",""UnifiedPaperType"":""250-gsm-100lb-uncoated-offwhite-archival""}"
flat_8x10-inch-200x250-mm_250-gsm-100lb-uncoated-offwhite-archival_4-0_ver,Posters — ver,posters,posters,"{""CoatingType"":""none"",""ColorType"":""4-0"",""Orientation"":""ver"",""ProductStatus"":""activated"",""ProtectionType"":""none"",""ShapeEdgeType"":""none"",""SpotFinishingType"":""none"",""State"":""published"",""UnifiedPaperFormat"":""8x10-inch-200x250-mm"",""UnifiedPaperType"":""250-gsm-100lb-uncoated-offwhite-archival""}"
flat_8x12-inch-a4_170-gsm-65lb-coated-silk_4-0_hor,Posters — hor,posters,posters,"{""CoatingType"":""none"",""ColorType"":""4-0"",""Orientation"":""hor"",""ProductStatus"":""activated"",""ProtectionType"":""none"",""ShapeEdgeType"":""none"",""SpotFinishingType"":""none"",""State"":""published"",""UnifiedPaperFormat"":""8x12-inch-A4"",""UnifiedPaperType"":""170-gsm-65lb-coated-silk""}"
flat_8x12-inch-a4_170-gsm-65lb-coated-silk_4-0_ver,Posters — ver,posters,posters,"{""CoatingType"":""none"",""ColorType"":""4-0"",""Orientation"":""ver"",""ProductStatus"":""activated"",""ProtectionType"":""none"",""ShapeEdgeType"":""none"",""SpotFinishingType"":""none"",""State"":""published"",""UnifiedPaperFormat"":""8x12-inch-A4"",""UnifiedPaperType"":""170-gsm-65lb-coated-silk""}"
flat_8x12-inch-a4_170-gsm-65lb-uncoated_4-0_hor,Posters — hor,posters,posters,"{""CoatingType"":""none"",""ColorType"":""4-0"",""Orientation"":""hor"",""ProductStatus"":""activated"",""ProtectionType"":""none"",""ShapeEdgeType"":""none"",""SpotFinishingType"":""none"",""State"":""published"",""UnifiedPaperFormat"":""8x12-inch-A4"",""UnifiedPaperType"":""170-gsm-65lb-uncoated""}"
flat_8x12-inch-a4_170-gsm-65lb-uncoated_4-0_ver,Posters — ver,posters,posters,"{""CoatingType"":""none"",""ColorType"":""4-0"",""Orientation"":""ver"",""ProductStatus"":""activated"",""ProtectionType"":""none"",""ShapeEdgeType"":""none"",""SpotFinishingType"":""none"",""State"":""published"",""UnifiedPaperFormat"":""8x12-inch-A4"",""UnifiedPaperType"":""170-gsm-65lb-uncoated""}"
flat_8x12-inch-a4_200-gsm-80lb-coated-silk_4-0_hor,Posters — hor,posters,posters,"{""CoatingType"":""none"",""ColorType"":""4-0"",""Orientation"":""hor"",""ProductStatus"":""activated"",""ProtectionType"":""none"",""ShapeEdgeType"":""none"",""SpotFinishingType"":""none"",""State"":""published"",""UnifiedPaperFormat"":""8x12-inch-A4"",""UnifiedPaperType"":""200-gsm-80lb-coated-silk""}"
flat_8x12-inch-a4_200-gsm-80lb-coated-silk_4-0_ver,Posters — ver,posters,posters,"{""CoatingType"":""none"",""ColorType"":""4-0"",""Orientation"":""ver"",""ProductStatus"":""activated"",""ProtectionType"":""none"",""ShapeEdgeType"":""none"",""SpotFinishingType"":""none"",""State"":""published"",""UnifiedPaperFormat"":""8x12-inch-A4"",""UnifiedPaperType"":""200-gsm-80lb-coated-silk""}"
flat_8x12-inch-a4_200-gsm-80lb-uncoated_4-0_hor,Posters — hor,posters,posters,"{""CoatingType"":""none"",""ColorType"":""4-0"",""Orientation"":""hor"",""ProductStatus"":""activated"",""ProtectionType"":""none"",""ShapeEdgeType"":""none"",""SpotFinishingType"":""none"",""State"":""published"",""UnifiedPaperFormat"":""8x12-inch-A4"",""UnifiedPaperType"":""200-gsm-80lb-uncoated""}"
flat_8x12-inch-a4_200-gsm-80lb-uncoated_4-0_ver,Posters — ver,posters,posters,"{""CoatingType"":""none"",""ColorType"":""4-0"",""Orientation"":""ver"",""ProductStatus"":""activated"",""ProtectionType"":""none"",""ShapeEdgeType"":""none"",""SpotFinishingType"":""none"",""State"":""published"",""UnifiedPaperFormat"":""8x12-inch-A4"",""UnifiedPaperType"":""200-gsm-80lb-uncoated""}"
flat_8x12-inch-a4_250-gsm-100lb-uncoated-offwhite-archival_4-0_hor,Posters — hor,posters,posters,"{""CoatingType"":""none"",""ColorType"":""4-0"",""Orientation"":""hor"",""ProductStatus"":""activated"",""ProtectionType"":""none"",""ShapeEdgeType"":""none"",""SpotFinishingType"":""none"",""State"":""published"",""UnifiedPaperFormat"":""8x12-inch-A4"",""UnifiedPaperType"":""250-gsm-100lb-uncoated-offwhite-archival""}"
flat_8x12-inch-a4_250-gsm-100lb-uncoated-offwhite-archival_4-0_ver,Posters — ver,posters,posters,"{""CoatingType"":""none"",""ColorType"":""4-0"",""Orientation"":""ver"",""ProductStatus"":""activated"",""ProtectionType"":""none"",""ShapeEdgeType"":""none"",""SpotFinishingType"":""none"",""State"":""published"",""UnifiedPaperFormat"":""8x12-inch-A4"",""UnifiedPaperType"":""250-gsm-100lb-uncoated-offwhite-archival""}"
flat_8x20-inch-200x500-mm_170-gsm-65lb-coated-silk_4-0_hor,Posters — hor,posters,posters,"{""CoatingType"":""none"",""ColorType"":""4-0"",""Orientation"":""hor"",""ProductStatus"":""activated"",""ProtectionType"":""none"",""ShapeEdgeType"":""none"",""SpotFinishingType"":""none"",""State"":""published"",""UnifiedPaperFormat"":""8x20-inch-200x500-mm"",""UnifiedPaperType"":""170-gsm-65lb-coated-silk""}"
flat_8x20-inch-200x500-mm_170-gsm-65lb-coated-silk_4-0_ver,Posters — ver,posters,posters,"{""CoatingType"":""none"",""ColorType"":""4-0"",""Orientation"":""ver"",""ProductStatus"":""activated"",""ProtectionType"":""none"",""ShapeEdgeType"":""none"",""SpotFinishingType"":""none"",""State"":""published"",""UnifiedPaperFormat"":""8x20-inch-200x500-mm"",""UnifiedPaperType"":""170-gsm-65lb-coated-silk""}"
flat_8x20-inch-200x500-mm_170-gsm-65lb-uncoated_4-0_hor,Posters — hor,posters,posters,"{""CoatingType"":""none"",""ColorType"":""4-0"",""Orientation"":""hor"",""ProductStatus"":""activated"",""ProtectionType"":""none"",""ShapeEdgeType"":""none"",""SpotFinishingType"":""none"",""State"":""published"",""UnifiedPaperFormat"":""8x20-inch-200x500-mm"",""UnifiedPaperType"":""170-gsm-65lb-uncoated""}"
flat_8x20-inch-200x500-mm_170-gsm-65lb-uncoated_4-0_ver,Posters — ver,posters,posters,"{""CoatingType"":""none"",""ColorType"":""4-0"",""Orientation"":""ver"",""ProductStatus"":""activated"",""ProtectionType"":""none"",""ShapeEdgeType"":""none"",""SpotFinishingType"":""none"",""State"":""published"",""UnifiedPaperFormat"":""8x20-inch-200x500-mm"",""UnifiedPaperType"":""170-gsm-65lb-uncoated""}"
flat_8x20-inch-200x500-mm_200-gsm-80lb-coated-silk_4-0_hor,Posters — hor,posters,posters,"{""CoatingType"":""none"",""ColorType"":""4-0"",""Orientation"":""hor"",""ProductStatus"":""activated"",""ProtectionType"":""none"",""ShapeEdgeType"":""none"",""SpotFinishingType"":""none"",""State"":""published"",""UnifiedPaperFormat"":""8x20-inch-200x500-mm"",""UnifiedPaperType"":""200-gsm-80lb-coated-silk""}"
flat_8x20-inch-200x500-mm_200-gsm-80lb-coated-silk_4-0_ver,Posters — ver,posters,posters,"{""CoatingType"":""none"",""ColorType"":""4-0"",""Orientation"":""ver"",""ProductStatus"":""activated"",""ProtectionType"":""none"",""ShapeEdgeType"":""none"",""SpotFinishingType"":""none"",""State"":""published"",""UnifiedPaperFormat"":""8x20-inch-200x500-mm"",""UnifiedPaperType"":""200-gsm-80lb-coated-silk""}"
flat_8x20-inch-200x500-mm_200-gsm-80lb-uncoated_4-0_hor,Posters — hor,posters,posters,"{""CoatingType"":""none"",""ColorType"":""4-0"",""Orientation"":""hor"",""ProductStatus"":""activated"",""ProtectionType"":""none"",""ShapeEdgeType"":""none"",""SpotFinishingType"":""none"",""State"":""published"",""UnifiedPaperFormat"":""8x20-inch-200x500-mm"",""UnifiedPaperType"":""200-gsm-80lb-uncoated""}"
flat_8x20-inch-200x500-mm_200-gsm-80lb-uncoated_4-0_ver,Posters — ver,posters,posters,"{""CoatingType"":""none"",""ColorType"":""4-0"",""Orientation"":""ver"",""ProductStatus"":""activated"",""ProtectionType"":""none"",""ShapeEdgeType"":""none"",""SpotFinishingType"":""none"",""State"":""published"",""UnifiedPaperFormat"":""8x20-inch-200x500-mm"",""UnifiedPaperType"":""200-gsm-80lb-uncoated""}"
flat_8x20-inch-200x500-mm_250-gsm-100lb-uncoated-offwhite-archival_4-0_hor,Posters — hor,posters,posters,"{""CoatingType"":""none"",""ColorType"":""4-0"",""Orientation"":""hor"",""ProductStatus"":""activated"",""ProtectionType"":""none"",""ShapeEdgeType"":""none"",""SpotFinishingType"":""none"",""State"":""published"",""UnifiedPaperFormat"":""8x20-inch-200x500-mm"",""UnifiedPaperType"":""250-gsm-100lb-uncoated-offwhite-archival""}"
flat_8x20-inch-200x500-mm_250-gsm-100lb-uncoated-offwhite-archival_4-0_ver,Posters — ver,posters,posters,"{""CoatingType"":""none"",""ColorType"":""4-0"",""Orientation"":""ver"",""ProductStatus"":""activated"",""ProtectionType"":""none"",""ShapeEdgeType"":""none"",""SpotFinishingType"":""none"",""State"":""published"",""UnifiedPaperFormat"":""8x20-inch-200x500-mm"",""UnifiedPaperType"":""250-gsm-100lb-uncoated-offwhite-archival""}"
flat_a0_170-gsm-65lb-coated-silk_4-0_hor,Posters — hor,posters,posters,"{""CoatingType"":""none"",""ColorType"":""4-0"",""Orientation"":""hor"",""ProductStatus"":""activated"",""ProtectionType"":""none"",""ShapeEdgeType"":""none"",""SpotFinishingType"":""none"",""State"":""published"",""UnifiedPaperFormat"":""A0"",""UnifiedPaperType"":""170-gsm-65lb-coated-silk""}"
flat_a0_170-gsm-65lb-coated-silk_4-0_ver,Posters — ver,posters,posters,"{""CoatingType"":""none"",""ColorType"":""4-0"",""Orientation"":""ver"",""ProductStatus"":""activated"",""ProtectionType"":""none"",""ShapeEdgeType"":""none"",""SpotFinishingType"":""none"",""State"":""published"",""UnifiedPaperFormat"":""A0"",""UnifiedPaperType"":""170-gsm-65lb-coated-silk""}"
flat_a0_170-gsm-65lb-uncoated_4-0_hor,Posters — hor,posters,posters,"{""CoatingType"":""none"",""ColorType"":""4-0"",""Orientation"":""hor"",""ProductStatus"":""activated"",""ProtectionType"":""none"",""ShapeEdgeType"":""none"",""SpotFinishingType"":""none"",""State"":""published"",""UnifiedPaperFormat"":""A0"",""UnifiedPaperType"":""170-gsm-65lb-uncoated""}"
flat_a0_170-gsm-65lb-uncoated_4-0_ver,Posters — ver,posters,posters,"{""CoatingType"":""none"",""ColorType"":""4-0"",""Orientation"":""ver"",""ProductStatus"":""activated"",""ProtectionType"":""none"",""ShapeEdgeType"":""none"",""SpotFinishingType"":""none"",""State"":""published"",""UnifiedPaperFormat"":""A0"",""UnifiedPaperType"":""170-gsm-65lb-uncoated""}"
flat_a0_200-gsm-80lb-coated-silk_4-0_hor,Posters — hor,posters,posters,"{""CoatingType"":""none"",""ColorType"":""4-0"",""Orientation"":""hor"",""ProductStatus"":""activated"",""ProtectionType"":""none"",""ShapeEdgeType"":""none"",""SpotFinishingType"":""none"",""State"":""published"",""UnifiedPaperFormat"":""A0"",""UnifiedPaperType"":""200-gsm-80lb-coated-silk""}"
flat_a0_200-gsm-80lb-coated-silk_4-0_ver,Posters — ver,posters,posters,"{""CoatingType"":""none"",""ColorType"":""4-0"",""Orientation"":""ver"",""ProductStatus"":""activated"",""ProtectionType"":""none"",""ShapeEdgeType"":""none"",""SpotFinishingType"":""none"",""State"":""published"",""UnifiedPaperFormat"":""A0"",""UnifiedPaperType"":""200-gsm-80lb-coated-silk""}"
flat_a0_200-gsm-80lb-uncoated_4-0_hor,Posters — hor,posters,posters,"{""CoatingType"":""none"",""ColorType"":""4-0"",""Orientation"":""hor"",""ProductStatus"":""activated"",""ProtectionType"":""none"",""ShapeEdgeType"":""none"",""SpotFinishingType"":""none"",""State"":""published"",""UnifiedPaperFormat"":""A0"",""UnifiedPaperType"":""200-gsm-80lb-uncoated""}"
flat_a0_200-gsm-80lb-uncoated_4-0_ver,Posters — ver,posters,posters,"{""CoatingType"":""none"",""ColorType"":""4-0"",""Orientation"":""ver"",""ProductStatus"":""activated"",""ProtectionType"":""none"",""ShapeEdgeType"":""none"",""SpotFinishingType"":""none"",""State"":""published"",""UnifiedPaperFormat"":""A0"",""UnifiedPaperType"":""200-gsm-80lb-uncoated""}"
flat_a0_250-gsm-100lb-uncoated-offwhite-archival_4-0_hor,Posters — hor,posters,posters,"{""CoatingType"":""none"",""ColorType"":""4-0"",""Orientation"":""hor"",""ProductStatus"":""activated"",""ProtectionType"":""none"",""ShapeEdgeType"":""none"",""SpotFinishingType"":""none"",""State"":""published"",""UnifiedPaperFormat"":""A0"",""UnifiedPaperType"":""250-gsm-100lb-uncoated-offwhite-archival""}"
flat_a0_250-gsm-100lb-uncoated-offwhite-archival_4-0_ver,Posters — ver,posters,posters,"{""CoatingType"":""none"",""ColorType"":""4-0"",""Orientation"":""ver"",""ProductStatus"":""activated"",""ProtectionType"":""none"",""ShapeEdgeType"":""none"",""SpotFinishingType"":""none"",""State"":""published"",""UnifiedPaperFormat"":""A0"",""UnifiedPaperType"":""250-gsm-100lb-uncoated-offwhite-archival""}"
flat_a1_170-gsm-65lb-coated-silk_4-0_hor,Posters — hor,posters,posters,"{""CoatingType"":""none"",""ColorType"":""4-0"",""Orientation"":""hor"",""ProductStatus"":""activated"",""ProtectionType"":""none"",""ShapeEdgeType"":""none"",""SpotFinishingType"":""none"",""State"":""published"",""UnifiedPaperFormat"":""A1"",""UnifiedPaperType"":""170-gsm-65lb-coated-silk""}"
flat_a1_170-gsm-65lb-coated-silk_4-0_ver,Posters — ver,posters,posters,"{""CoatingType"":""none"",""ColorType"":""4-0"",""Orientation"":""ver"",""ProductStatus"":""activated"",""ProtectionType"":""none"",""ShapeEdgeType"":""none"",""SpotFinishingType"":""none"",""State"":""published"",""UnifiedPaperFormat"":""A1"",""UnifiedPaperType"":""170-gsm-65lb-coated-silk""}"
flat_a1_170-gsm-65lb-uncoated_4-0_hor,Posters — hor,posters,posters,"{""CoatingType"":""none"",""ColorType"":""4-0"",""Orientation"":""hor"",""ProductStatus"":""activated"",""ProtectionType"":""none"",""ShapeEdgeType"":""none"",""SpotFinishingType"":""none"",""State"":""published"",""UnifiedPaperFormat"":""A1"",""UnifiedPaperType"":""170-gsm-65lb-uncoated""}"
flat_a1_170-gsm-65lb-uncoated_4-0_ver,Posters — ver,posters,posters,"{""CoatingType"":""none"",""ColorType"":""4-0"",""Orientation"":""ver"",""ProductStatus"":""activated"",""ProtectionType"":""none"",""ShapeEdgeType"":""none"",""SpotFinishingType"":""none"",""State"":""published"",""UnifiedPaperFormat"":""A1"",""UnifiedPaperType"":""170-gsm-65lb-uncoated""}"
flat_a1_200-gsm-80lb-coated-silk_4-0_hor,Posters — hor,posters,posters,"{""CoatingType"":""none"",""ColorType"":""4-0"",""Orientation"":""hor"",""ProductStatus"":""activated"",""ProtectionType"":""none"",""ShapeEdgeType"":""none"",""SpotFinishingType"":""none"",""State"":""published"",""UnifiedPaperFormat"":""A1"",""UnifiedPaperType"":""200-gsm-80lb-coated-silk""}"
flat_a1_200-gsm-80lb-coated-silk_4-0_ver,Posters — ver,posters,posters,"{""CoatingType"":""none"",""ColorType"":""4-0"",""Orientation"":""ver"",""ProductStatus"":""activated"",""ProtectionType"":""none"",""ShapeEdgeType"":""none"",""SpotFinishingType"":""none"",""State"":""published"",""UnifiedPaperFormat"":""A1"",""UnifiedPaperType"":""200-gsm-80lb-coated-silk""}"
flat_a1_200-gsm-80lb-uncoated_4-0_hor,Posters — hor,posters,posters,"{""CoatingType"":""none"",""ColorType"":""4-0"",""Orientation"":""hor"",""ProductStatus"":""activated"",""ProtectionType"":""none"",""ShapeEdgeType"":""none"",""SpotFinishingType"":""none"",""State"":""published"",""UnifiedPaperFormat"":""A1"",""UnifiedPaperType"":""200-gsm-80lb-uncoated""}"
flat_a1_200-gsm-80lb-uncoated_4-0_ver,Posters — ver,posters,posters,"{""CoatingType"":""none"",""ColorType"":""4-0"",""Orientation"":""ver"",""ProductStatus"":""activated"",""ProtectionType"":""none"",""ShapeEdgeType"":""none"",""SpotFinishingType"":""none"",""State"":""published"",""UnifiedPaperFormat"":""A1"",""UnifiedPaperType"":""200-gsm-80lb-uncoated""}"
flat_a1_250-gsm-100lb-uncoated-offwhite-archival_4-0_hor,Posters — hor,posters,posters,"{""CoatingType"":""none"",""ColorType"":""4-0"",""Orientation"":""hor"",""ProductStatus"":""activated"",""ProtectionType"":""none"",""ShapeEdgeType"":""none"",""SpotFinishingType"":""none"",""State"":""published"",""UnifiedPaperFormat"":""A1"",""UnifiedPaperType"":""250-gsm-100lb-uncoated-offwhite-archival""}"
flat_a1_250-gsm-100lb-uncoated-offwhite-archival_4-0_ver,Posters — ver,posters,posters,"{""CoatingType"":""none"",""ColorType"":""4-0"",""Orientation"":""ver"",""ProductStatus"":""activated"",""ProtectionType"":""none"",""ShapeEdgeType"":""none"",""SpotFinishingType"":""none"",""State"":""published"",""UnifiedPaperFormat"":""A1"",""UnifiedPaperType"":""250-gsm-100lb-uncoated-offwhite-archival""}"
flat_a2_170-gsm-65lb-coated-silk_4-0_hor,Posters — hor,posters,posters,"{""CoatingType"":""none"",""ColorType"":""4-0"",""Orientation"":""hor"",""ProductStatus"":""activated"",""ProtectionType"":""none"",""ShapeEdgeType"":""none"",""SpotFinishingType"":""none"",""State"":""published"",""UnifiedPaperFormat"":""A2"",""UnifiedPaperType"":""170-gsm-65lb-coated-silk""}"
flat_a2_170-gsm-65lb-coated-silk_4-0_ver,Posters — ver,posters,posters,"{""CoatingType"":""none"",""ColorType"":""4-0"",""Orientation"":""ver"",""ProductStatus"":""activated"",""ProtectionType"":""none"",""ShapeEdgeType"":""none"",""SpotFinishingType"":""none"",""State"":""published"",""UnifiedPaperFormat"":""A2"",""UnifiedPaperType"":""170-gsm-65lb-coated-silk""}"
flat_a2_170-gsm-65lb-uncoated_4-0_hor,Posters — hor,posters,posters,"{""CoatingType"":""none"",""ColorType"":""4-0"",""Orientation"":""hor"",""ProductStatus"":""activated"",""ProtectionType"":""none"",""ShapeEdgeType"":""none"",""SpotFinishingType"":""none"",""State"":""published"",""UnifiedPaperFormat"":""A2"",""UnifiedPaperType"":""170-gsm-65lb-uncoated""}"
flat_a2_170-gsm-65lb-uncoated_4-0_ver,Posters — ver,posters,posters,"{""CoatingType"":""none"",""ColorType"":""4-0"",""Orientation"":""ver"",""ProductStatus"":""activated"",""ProtectionType"":""none"",""ShapeEdgeType"":""none"",""SpotFinishingType"":""none"",""State"":""published"",""UnifiedPaperFormat"":""A2"",""UnifiedPaperType"":""170-gsm-65lb-uncoated""}"
flat_a2_200-gsm-80lb-coated-silk_4-0_hor,Posters — hor,posters,posters,"{""CoatingType"":""none"",""ColorType"":""4-0"",""Orientation"":""hor"",""ProductStatus"":""activated"",""ProtectionType"":""none"",""ShapeEdgeType"":""none"",""SpotFinishingType"":""none"",""State"":""published"",""UnifiedPaperFormat"":""A2"",""UnifiedPaperType"":""200-gsm-80lb-coated-silk""}"
flat_a2_200-gsm-80lb-coated-silk_4-0_ver,Posters — ver,posters,posters,"{""CoatingType"":""none"",""ColorType"":""4-0"",""Orientation"":""ver"",""ProductStatus"":""activated"",""ProtectionType"":""none"",""ShapeEdgeType"":""none"",""SpotFinishingType"":""none"",""State"":""published"",""UnifiedPaperFormat"":""A2"",""UnifiedPaperType"":""200-gsm-80lb-coated-silk""}"
flat_a2_200-gsm-80lb-uncoated_4-0_hor,Posters — hor,posters,posters,"{""CoatingType"":""none"",""ColorType"":""4-0"",""Orientation"":""hor"",""ProductStatus"":""activated"",""ProtectionType"":""none"",""ShapeEdgeType"":""none"",""SpotFinishingType"":""none"",""State"":""published"",""UnifiedPaperFormat"":""A2"",""UnifiedPaperType"":""200-gsm-80lb-uncoated""}"
flat_a2_200-gsm-80lb-uncoated_4-0_ver,Posters — ver,posters,posters,"{""CoatingType"":""none"",""ColorType"":""4-0"",""Orientation"":""ver"",""ProductStatus"":""activated"",""ProtectionType"":""none"",""ShapeEdgeType"":""none"",""SpotFinishingType"":""none"",""State"":""published"",""UnifiedPaperFormat"":""A2"",""UnifiedPaperType"":""200-gsm-80lb-uncoated""}"
flat_a2_250-gsm-100lb-uncoated-offwhite-archival_4-0_hor,Posters — hor,posters,posters,"{""CoatingType"":""none"",""ColorType"":""4-0"",""Orientation"":""hor"",""ProductStatus"":""activated"",""ProtectionType"":""none"",""ShapeEdgeType"":""none"",""SpotFinishingType"":""none"",""State"":""published"",""UnifiedPaperFormat"":""A2"",""UnifiedPaperType"":""250-gsm-100lb-uncoated-offwhite-archival""}"
flat_a2_250-gsm-100lb-uncoated-offwhite-archival_4-0_ver,Posters — ver,posters,posters,"{""CoatingType"":""none"",""ColorType"":""4-0"",""Orientation"":""ver"",""ProductStatus"":""activated"",""ProtectionType"":""none"",""ShapeEdgeType"":""none"",""SpotFinishingType"":""none"",""State"":""published"",""UnifiedPaperFormat"":""A2"",""UnifiedPaperType"":""250-gsm-100lb-uncoated-offwhite-archival""}"
flat_a3_170-gsm-65lb-coated-silk_4-0_hor,Posters — hor,posters,posters,"{""CoatingType"":""none"",""ColorType"":""4-0"",""Orientation"":""hor"",""ProductStatus"":""activated"",""ProtectionType"":""none"",""ShapeEdgeType"":""none"",""SpotFinishingType"":""none"",""State"":""published"",""UnifiedPaperFormat"":""A3"",""UnifiedPaperType"":""170-gsm-65lb-coated-silk""}"
flat_a3_170-gsm-65lb-coated-silk_4-0_ver,Posters — ver,posters,posters,"{""CoatingType"":""none"",""ColorType"":""4-0"",""Orientation"":""ver"",""ProductStatus"":""activated"",""ProtectionType"":""none"",""ShapeEdgeType"":""none"",""SpotFinishingType"":""none"",""State"":""published"",""UnifiedPaperFormat"":""A3"",""UnifiedPaperType"":""170-gsm-65lb-coated-silk""}"
flat_a3_170-gsm-65lb-uncoated_4-0_hor,Posters — hor,posters,posters,"{""CoatingType"":""none"",""ColorType"":""4-0"",""Orientation"":""hor"",""ProductStatus"":""activated"",""ProtectionType"":""none"",""ShapeEdgeType"":""none"",""SpotFinishingType"":""none"",""State"":""published"",""UnifiedPaperFormat"":""A3"",""UnifiedPaperType"":""170-gsm-65lb-uncoated""}"
flat_a3_170-gsm-65lb-uncoated_4-0_ver,Posters — ver,posters,posters,"{""CoatingType"":""none"",""ColorType"":""4-0"",""Orientation"":""ver"",""ProductStatus"":""activated"",""ProtectionType"":""none"",""ShapeEdgeType"":""none"",""SpotFinishingType"":""none"",""State"":""published"",""UnifiedPaperFormat"":""A3"",""UnifiedPaperType"":""170-gsm-65lb-uncoated""}"
flat_a3_200-gsm-80lb-coated-silk_4-0_hor,Posters — hor,posters,posters,"{""CoatingType"":""none"",""ColorType"":""4-0"",""Orientation"":""hor"",""ProductStatus"":""activated"",""ProtectionType"":""none"",""ShapeEdgeType"":""none"",""SpotFinishingType"":""none"",""State"":""published"",""UnifiedPaperFormat"":""A3"",""UnifiedPaperType"":""200-gsm-80lb-coated-silk""}"
flat_a3_200-gsm-80lb-coated-silk_4-0_ver,Posters — ver,posters,posters,"{""CoatingType"":""none"",""ColorType"":""4-0"",""Orientation"":""ver"",""ProductStatus"":""activated"",""ProtectionType"":""none"",""ShapeEdgeType"":""none"",""SpotFinishingType"":""none"",""State"":""published"",""UnifiedPaperFormat"":""A3"",""UnifiedPaperType"":""200-gsm-80lb-coated-silk""}"
flat_a3_200-gsm-80lb-uncoated_4-0_hor,Posters — hor,posters,posters,"{""CoatingType"":""none"",""ColorType"":""4-0"",""Orientation"":""hor"",""ProductStatus"":""activated"",""ProtectionType"":""none"",""ShapeEdgeType"":""none"",""SpotFinishingType"":""none"",""State"":""published"",""UnifiedPaperFormat"":""A3"",""UnifiedPaperType"":""200-gsm-80lb-uncoated""}"
flat_a3_200-gsm-80lb-uncoated_4-0_ver,Posters — ver,posters,posters,"{""CoatingType"":""none"",""ColorType"":""4-0"",""Orientation"":""ver"",""ProductStatus"":""activated"",""ProtectionType"":""none"",""ShapeEdgeType"":""none"",""SpotFinishingType"":""none"",""State"":""published"",""UnifiedPaperFormat"":""A3"",""UnifiedPaperType"":""200-gsm-80lb-uncoated""}"
flat_a3_250-gsm-100lb-uncoated-offwhite-archival_4-0_hor,Posters — hor,posters,posters,"{""CoatingType"":""none"",""ColorType"":""4-0"",""Orientation"":""hor"",""ProductStatus"":""activated"",""ProtectionType"":""none"",""ShapeEdgeType"":""none"",""SpotFinishingType"":""none"",""State"":""published"",""UnifiedPaperFormat"":""A3"",""UnifiedPaperType"":""250-gsm-100lb-uncoated-offwhite-archival""}"
flat_a3_250-gsm-100lb-uncoated-offwhite-archival_4-0_ver,Posters — ver,posters,posters,"{""CoatingType"":""none"",""ColorType"":""4-0"",""Orientation"":""ver"",""ProductStatus"":""activated"",""ProtectionType"":""none"",""ShapeEdgeType"":""none"",""SpotFinishingType"":""none"",""State"":""published"",""UnifiedPaperFormat"":""A3"",""UnifiedPaperType"":""250-gsm-100lb-uncoated-offwhite-archival""}"
flat_a4-8x12-inch_170-gsm-65lb-coated-silk_4-0_hor,Posters — hor,posters,posters,"{""CoatingType"":""none"",""ColorType"":""4-0"",""Orientation"":""hor"",""ProductStatus"":""activated"",""ProtectionType"":""none"",""ShapeEdgeType"":""none"",""SpotFinishingType"":""none"",""State"":""published"",""UnifiedPaperFormat"":""A4-8x12-inch"",""UnifiedPaperType"":""170-gsm-65lb-coated-silk""}"
flat_a4-8x12-inch_170-gsm-65lb-coated-silk_4-0_ver,Posters — ver,posters,posters,"{""CoatingType"":""none"",""ColorType"":""4-0"",""Orientation"":""ver"",""ProductStatus"":""activated"",""ProtectionType"":""none"",""ShapeEdgeType"":""none"",""SpotFinishingType"":""none"",""State"":""published"",""UnifiedPaperFormat"":""A4-8x12-inch"",""UnifiedPaperType"":""170-gsm-65lb-coated-silk""}"
flat_a4-8x12-inch_170-gsm-65lb-uncoated_4-0_hor,Posters — hor,posters,posters,"{""CoatingType"":""none"",""ColorType"":""4-0"",""Orientation"":""hor"",""ProductStatus"":""activated"",""ProtectionType"":""none"",""ShapeEdgeType"":""none"",""SpotFinishingType"":""none"",""State"":""published"",""UnifiedPaperFormat"":""A4-8x12-inch"",""UnifiedPaperType"":""170-gsm-65lb-uncoated""}"
flat_a4-8x12-inch_170-gsm-65lb-uncoated_4-0_ver,Posters — ver,posters,posters,"{""CoatingType"":""none"",""ColorType"":""4-0"",""Orientation"":""ver"",""ProductStatus"":""activated"",""ProtectionType"":""none"",""ShapeEdgeType"":""none"",""SpotFinishingType"":""none"",""State"":""published"",""UnifiedPaperFormat"":""A4-8x12-inch"",""UnifiedPaperType"":""170-gsm-65lb-uncoated""}"
flat_a4-8x12-inch_200-gsm-80lb-coated-silk_4-0_hor,Posters — hor,posters,posters,"{""CoatingType"":""none"",""ColorType"":""4-0"",""Orientation"":""hor"",""ProductStatus"":""activated"",""ProtectionType"":""none"",""ShapeEdgeType"":""none"",""SpotFinishingType"":""none"",""State"":""published"",""UnifiedPaperFormat"":""A4-8x12-inch"",""UnifiedPaperType"":""200-gsm-80lb-coated-silk""}"
flat_a4-8x12-inch_200-gsm-80lb-coated-silk_4-0_ver,Posters — ver,posters,posters,"{""CoatingType"":""none"",""ColorType"":""4-0"",""Orientation"":""ver"",""ProductStatus"":""activated"",""ProtectionType"":""none"",""ShapeEdgeType"":""none"",""SpotFinishingType"":""none"",""State"":""published"",""UnifiedPaperFormat"":""A4-8x12-inch"",""UnifiedPaperType"":""200-gsm-80lb-coated-silk""}"
flat_a4-8x12-inch_200-gsm-80lb-uncoated_4-0_hor,Posters — hor,posters,posters,"{""CoatingType"":""none"",""ColorType"":""4-0"",""Orientation"":""hor"",""ProductStatus"":""activated"",""ProtectionType"":""none"",""ShapeEdgeType"":""none"",""SpotFinishingType"":""none"",""State"":""published"",""UnifiedPaperFormat"":""A4-8x12-inch"",""UnifiedPaperType"":""200-gsm-80lb-uncoated""}"
flat_a4-8x12-inch_200-gsm-80lb-uncoated_4-0_ver,Posters — ver,posters,posters,"{""CoatingType"":""none"",""ColorType"":""4-0"",""Orientation"":""ver"",""ProductStatus"":""activated"",""ProtectionType"":""none"",""ShapeEdgeType"":""none"",""SpotFinishingType"":""none"",""State"":""published"",""UnifiedPaperFormat"":""A4-8x12-inch"",""UnifiedPaperType"":""200-gsm-80lb-uncoated""}"
flat_a4-8x12-inch_250-gsm-100lb-uncoated-offwhite-archival_4-0_hor,Posters — hor,posters,posters,"{""CoatingType"":""none"",""ColorType"":""4-0"",""Orientation"":""hor"",""ProductStatus"":""activated"",""ProtectionType"":""none"",""ShapeEdgeType"":""none"",""SpotFinishingType"":""none"",""State"":""published"",""UnifiedPaperFormat"":""A4-8x12-inch"",""UnifiedPaperType"":""250-gsm-100lb-uncoated-offwhite-archival""}"
flat_a4-8x12-inch_250-gsm-100lb-uncoated-offwhite-archival_4-0_ver,Posters — ver,posters,posters,"{""CoatingType"":""none"",""ColorType"":""4-0"",""Orientation"":""ver"",""ProductStatus"":""activated"",""ProtectionType"":""none"",""ShapeEdgeType"":""none"",""SpotFinishingType"":""none"",""State"":""published"",""UnifiedPaperFormat"":""A4-8x12-inch"",""UnifiedPaperType"":""250-gsm-100lb-uncoated-offwhite-archival""}"
flat_product_pf_10x10-inch_pt_100-lb-cover-uncoated-offwhite-archival_cl_4-0_ct_none_prt_none_sft_none_set_none_hor,Posters — 10x10-inch — hor,posters,posters,"{""CoatingType"":""none"",""ColorType"":""4-0"",""Orientation"":""hor"",""PaperFormat"":""10x10-inch"",""PaperType"":""100-lb-cover-uncoated-offwhite-archival"",""ProductStatus"":""activated"",""ProtectionType"":""none"",""ShapeEdgeType"":""none"",""SpotFinishingType"":""none"",""State"":""published"",""Variable"":""no""}"
flat_product_pf_10x10-inch_pt_100-lb-cover-uncoated-offwhite-archival_cl_4-0_ct_none_prt_none_sft_none_set_none_ver,Posters — 10x10-inch — ver,posters,posters,"{""CoatingType"":""none"",""ColorType"":""4-0"",""Orientation"":""ver"",""PaperFormat"":""10x10-inch"",""PaperType"":""100-lb-cover-uncoated-offwhite-archival"",""ProductStatus"":""activated"",""ProtectionType"":""none"",""ShapeEdgeType"":""none"",""SpotFinishingType"":""none"",""State"":""published"",""Variable"":""no""}"
flat_product_pf_10x10-inch_pt_170-gsm-coated-silk_cl_4-0_ct_none_prt_none_sft_none_set_none_hor,Posters — 10x10-inch — hor,posters,posters,"{""CoatingType"":""none"",""ColorType"":""4-0"",""Orientation"":""hor"",""PaperFormat"":""10x10-inch"",""PaperType"":""170-gsm-coated-silk"",""ProductStatus"":""activated"",""ProtectionType"":""none"",""ShapeEdgeType"":""none"",""SpotFinishingType"":""none"",""State"":""published"",""Variable"":""no""}"
flat_product_pf_10x10-inch_pt_170-gsm-coated-silk_cl_4-0_ct_none_prt_none_sft_none_set_none_ver,Posters — 10x10-inch — ver,posters,posters,"{""CoatingType"":""none"",""ColorType"":""4-0"",""Orientation"":""ver"",""PaperFormat"":""10x10-inch"",""PaperType"":""170-gsm-coated-silk"",""ProductStatus"":""activated"",""ProtectionType"":""none"",""ShapeEdgeType"":""none"",""SpotFinishingType"":""none"",""State"":""published"",""Variable"":""no""}"
flat_product_pf_10x10-inch_pt_170-gsm-uncoated_cl_4-0_ct_none_prt_none_sft_none_set_none_hor,Posters — 10x10-inch — hor,posters,posters,"{""CoatingType"":""none"",""ColorType"":""4-0"",""Orientation"":""hor"",""PaperFormat"":""10x10-inch"",""PaperType"":""170-gsm-uncoated"",""ProductStatus"":""activated"",""ProtectionType"":""none"",""ShapeEdgeType"":""none"",""SpotFinishingType"":""none"",""State"":""published"",""Variable"":""no""}"
flat_product_pf_10x10-inch_pt_170-gsm-uncoated_cl_4-0_ct_none_prt_none_sft_none_set_none_ver,Posters — 10x10-inch — ver,posters,posters,"{""CoatingType"":""none"",""ColorType"":""4-0"",""Orientation"":""ver"",""PaperFormat"":""10x10-inch"",""PaperType"":""170-gsm-uncoated"",""ProductStatus"":""activated"",""ProtectionType"":""none"",""ShapeEdgeType"":""none"",""SpotFinishingType"":""none"",""State"":""published"",""Variable"":""no""}"
flat_product_pf_10x10-inch_pt_200-gsm-coated-silk_cl_4-0_ct_none_prt_none_sft_none_set_none_hor,Posters — 10x10-inch — hor,posters,posters,"{""CoatingType"":""none"",""ColorType"":""4-0"",""Orientation"":""hor"",""PaperFormat"":""10x10-inch"",""PaperType"":""200-gsm-coated-silk"",""ProductStatus"":""activated"",""ProtectionType"":""none"",""ShapeEdgeType"":""none"",""SpotFinishingType"":""none"",""State"":""published"",""Variable"":""no""}"
flat_product_pf_10x10-inch_pt_200-gsm-coated-silk_cl_4-0_ct_none_prt_none_sft_none_set_none_ver,Posters — 10x10-inch — ver,posters,posters,"{""CoatingType"":""none"",""ColorType"":""4-0"",""Orientation"":""ver"",""PaperFormat"":""10x10-inch"",""PaperType"":""200-gsm-coated-silk"",""ProductStatus"":""activated"",""ProtectionType"":""none"",""ShapeEdgeType"":""none"",""SpotFinishingType"":""none"",""State"":""published"",""Variable"":""no""}"
flat_product_pf_10x10-inch_pt_200-gsm-uncoated_cl_4-0_ct_none_prt_none_sft_none_set_none_hor,Posters — 10x10-inch — hor,posters,posters,"{""CoatingType"":""none"",""ColorType"":""4-0"",""Orientation"":""hor"",""PaperFormat"":""10x10-inch"",""PaperType"":""200-gsm-uncoated"",""ProductStatus"":""activated"",""ProtectionType"":""none"",""ShapeEdgeType"":""none"",""SpotFinishingType"":""none"",""State"":""published"",""Variable"":""no""}"
flat_product_pf_10x10-inch_pt_200-gsm-uncoated_cl_4-0_ct_none_prt_none_sft_none_set_none_ver,Posters — 10x10-inch — ver,posters,posters,"{""CoatingType"":""none"",""ColorType"":""4-0"",""Orientation"":""ver"",""PaperFormat"":""10x10-inch"",""PaperType"":""200-gsm-uncoated"",""ProductStatus"":""activated"",""ProtectionType"":""none"",""ShapeEdgeType"":""none"",""SpotFinishingType"":""none"",""State"":""published"",""Variable"":""no""}"
flat_product_pf_10x10-inch_pt_65-lb-cover-coated-silk_cl_4-0_ct_none_prt_none_sft_none_set_none_hor,Posters — 10x10-inch — hor,posters,posters,"{""CoatingType"":""none"",""ColorType"":""4-0"",""Orientation"":""hor"",""PaperFormat"":""10x10-inch"",""PaperType"":""65-lb-cover-coated-silk"",""ProductStatus"":""activated"",""ProtectionType"":""none"",""ShapeEdgeType"":""none"",""SpotFinishingType"":""none"",""State"":""published"",""Variable"":""no""}"
flat_product_pf_10x10-inch_pt_65-lb-cover-coated-silk_cl_4-0_ct_none_prt_none_sft_none_set_none_ver,Posters — 10x10-inch — ver,posters,posters,"{""CoatingType"":""none"",""ColorType"":""4-0"",""Orientation"":""ver"",""PaperFormat"":""10x10-inch"",""PaperType"":""65-lb-cover-coated-silk"",""ProductStatus"":""activated"",""ProtectionType"":""none"",""ShapeEdgeType"":""none"",""SpotFinishingType"":""none"",""State"":""published"",""Variable"":""no""}"
flat_product_pf_10x10-inch_pt_65-lb-cover-uncoated_cl_4-0_ct_none_prt_none_sft_none_set_none_hor,Posters — 10x10-inch — hor,posters,posters,"{""CoatingType"":""none"",""ColorType"":""4-0"",""Orientation"":""hor"",""PaperFormat"":""10x10-inch"",""PaperType"":""65-lb-cover-uncoated"",""ProductStatus"":""activated"",""ProtectionType"":""none"",""ShapeEdgeType"":""none"",""SpotFinishingType"":""none"",""State"":""published"",""Variable"":""no""}"
flat_product_pf_10x10-inch_pt_65-lb-cover-uncoated_cl_4-0_ct_none_prt_none_sft_none_set_none_ver,Posters — 10x10-inch — ver,posters,posters,"{""CoatingType"":""none"",""ColorType"":""4-0"",""Orientation"":""ver"",""PaperFormat"":""10x10-inch"",""PaperType"":""65-lb-cover-uncoated"",""ProductStatus"":""activated"",""ProtectionType"":""none"",""ShapeEdgeType"":""none"",""SpotFinishingType"":""none"",""State"":""published"",""Variable"":""no""}"
flat_product_pf_10x10-inch_pt_80-lb-cover-coated-silk_cl_4-0_ct_none_prt_none_sft_none_set_none_hor,Posters — 10x10-inch — hor,posters,posters,"{""CoatingType"":""none"",""ColorType"":""4-0"",""Orientation"":""hor"",""PaperFormat"":""10x10-inch"",""PaperType"":""80-lb-cover-coated-silk"",""ProductStatus"":""activated"",""ProtectionType"":""none"",""ShapeEdgeType"":""none"",""SpotFinishingType"":""none"",""State"":""published"",""Variable"":""no""}"
flat_product_pf_10x10-inch_pt_80-lb-cover-coated-silk_cl_4-0_ct_none_prt_none_sft_none_set_none_ver,Posters — 10x10-inch — ver,posters,posters,"{""CoatingType"":""none"",""ColorType"":""4-0"",""Orientation"":""ver"",""PaperFormat"":""10x10-inch"",""PaperType"":""80-lb-cover-coated-silk"",""ProductStatus"":""activated"",""ProtectionType"":""none"",""ShapeEdgeType"":""none"",""SpotFinishingType"":""none"",""State"":""published"",""Variable"":""no""}"
flat_product_pf_10x10-inch_pt_80-lb-cover-uncoated_cl_4-0_ct_none_prt_none_sft_none_set_none_hor,Posters — 10x10-inch — hor,posters,posters,"{""CoatingType"":""none"",""ColorType"":""4-0"",""Orientation"":""hor"",""PaperFormat"":""10x10-inch"",""PaperType"":""80-lb-cover-uncoated"",""ProductStatus"":""activated"",""ProtectionType"":""none"",""ShapeEdgeType"":""none"",""SpotFinishingType"":""none"",""State"":""published"",""Variable"":""no""}"
flat_product_pf_10x10-inch_pt_80-lb-cover-uncoated_cl_4-0_ct_none_prt_none_sft_none_set_none_ver,Posters — 10x10-inch — ver,posters,posters,"{""CoatingType"":""none"",""ColorType"":""4-0"",""Orientation"":""ver"",""PaperFormat"":""10x10-inch"",""PaperType"":""80-lb-cover-uncoated"",""ProductStatus"":""activated"",""ProtectionType"":""none"",""ShapeEdgeType"":""none"",""SpotFinishingType"":""none"",""State"":""published"",""Variable"":""no""}"
flat_product_pf_11x14-inch_pt_100-lb-cover-uncoated-offwhite-archival_cl_4-0_ct_none_prt_none_sft_none_set_none_hor,Posters — 11x14-inch — hor,posters,posters,"{""CoatingType"":""none"",""ColorType"":""4-0"",""Orientation"":""hor"",""PaperFormat"":""11x14-inch"",""PaperType"":""100-lb-cover-uncoated-offwhite-archival"",""ProductStatus"":""activated"",""ProtectionType"":""none"",""ShapeEdgeType"":""none"",""SpotFinishingType"":""none"",""State"":""published"",""Variable"":""no""}"
flat_product_pf_11x14-inch_pt_100-lb-cover-uncoated-offwhite-archival_cl_4-0_ct_none_prt_none_sft_none_set_none_ver,Posters — 11x14-inch — ver,posters,posters,"{""CoatingType"":""none"",""ColorType"":""4-0"",""Orientation"":""ver"",""PaperFormat"":""11x14-inch"",""PaperType"":""100-lb-cover-uncoated-offwhite-archival"",""ProductStatus"":""activated"",""ProtectionType"":""none"",""ShapeEdgeType"":""none"",""SpotFinishingType"":""none"",""State"":""published"",""Variable"":""no""}"
flat_product_pf_11x14-inch_pt_170-gsm-coated-silk_cl_4-0_ct_none_prt_none_sft_none_set_none_hor,Posters — 11x14-inch — hor,posters,posters,"{""CoatingType"":""none"",""ColorType"":""4-0"",""Orientation"":""hor"",""PaperFormat"":""11x14-inch"",""PaperType"":""170-gsm-coated-silk"",""ProductStatus"":""activated"",""ProtectionType"":""none"",""ShapeEdgeType"":""none"",""SpotFinishingType"":""none"",""State"":""published"",""Variable"":""no""}"
flat_product_pf_11x14-inch_pt_170-gsm-coated-silk_cl_4-0_ct_none_prt_none_sft_none_set_none_ver,Posters — 11x14-inch — ver,posters,posters,"{""CoatingType"":""none"",""ColorType"":""4-0"",""Orientation"":""ver"",""PaperFormat"":""11x14-inch"",""PaperType"":""170-gsm-coated-silk"",""ProductStatus"":""activated"",""ProtectionType"":""none"",""ShapeEdgeType"":""none"",""SpotFinishingType"":""none"",""State"":""published"",""Variable"":""no""}"
flat_product_pf_11x14-inch_pt_170-gsm-uncoated_cl_4-0_ct_none_prt_none_sft_none_set_none_hor,Posters — 11x14-inch — hor,posters,posters,"{""CoatingType"":""none"",""ColorType"":""4-0"",""Orientation"":""hor"",""PaperFormat"":""11x14-inch"",""PaperType"":""170-gsm-uncoated"",""ProductStatus"":""activated"",""ProtectionType"":""none"",""ShapeEdgeType"":""none"",""SpotFinishingType"":""none"",""State"":""published"",""Variable"":""no""}"
flat_product_pf_11x14-inch_pt_170-gsm-uncoated_cl_4-0_ct_none_prt_none_sft_none_set_none_ver,Posters — 11x14-inch — ver,posters,posters,"{""CoatingType"":""none"",""ColorType"":""4-0"",""Orientation"":""ver"",""PaperFormat"":""11x14-inch"",""PaperType"":""170-gsm-uncoated"",""ProductStatus"":""activated"",""ProtectionType"":""none"",""ShapeEdgeType"":""none"",""SpotFinishingType"":""none"",""State"":""published"",""Variable"":""no""}"
flat_product_pf_11x14-inch_pt_200-gsm-coated-silk_cl_4-0_ct_none_prt_none_sft_none_set_none_hor,Posters — 11x14-inch — hor,posters,posters,"{""CoatingType"":""none"",""ColorType"":""4-0"",""Orientation"":""hor"",""PaperFormat"":""11x14-inch"",""PaperType"":""200-gsm-coated-silk"",""ProductStatus"":""activated"",""ProtectionType"":""none"",""ShapeEdgeType"":""none"",""SpotFinishingType"":""none"",""State"":""published"",""Variable"":""no""}"
flat_product_pf_11x14-inch_pt_200-gsm-coated-silk_cl_4-0_ct_none_prt_none_sft_none_set_none_ver,Posters — 11x14-inch — ver,posters,posters,"{""CoatingType"":""none"",""ColorType"":""4-0"",""Orientation"":""ver"",""PaperFormat"":""11x14-inch"",""PaperType"":""200-gsm-coated-silk"",""ProductStatus"":""activated"",""ProtectionType"":""none"",""ShapeEdgeType"":""none"",""SpotFinishingType"":""none"",""State"":""published"",""Variable"":""no""}"
flat_product_pf_11x14-inch_pt_200-gsm-uncoated_cl_4-0_ct_none_prt_none_sft_none_set_none_hor,Posters — 11x14-inch — hor,posters,posters,"{""CoatingType"":""none"",""ColorType"":""4-0"",""Orientation"":""hor"",""PaperFormat"":""11x14-inch"",""PaperType"":""200-gsm-uncoated"",""ProductStatus"":""activated"",""ProtectionType"":""none"",""ShapeEdgeType"":""none"",""SpotFinishingType"":""none"",""State"":""published"",""Variable"":""no""}"
flat_product_pf_11x14-inch_pt_200-gsm-uncoated_cl_4-0_ct_none_prt_none_sft_none_set_none_ver,Posters — 11x14-inch — ver,posters,posters,"{""CoatingType"":""none"",""ColorType"":""4-0"",""Orientation"":""ver"",""PaperFormat"":""11x14-inch"",""PaperType"":""200-gsm-uncoated"",""ProductStatus"":""activated"",""ProtectionType"":""none"",""ShapeEdgeType"":""none"",""SpotFinishingType"":""none"",""State"":""published"",""Variable"":""no""}"
flat_product_pf_11x14-inch_pt_65-lb-cover-coated-silk_cl_4-0_ct_none_prt_none_sft_none_set_none_hor,Posters — 11x14-inch — hor,posters,posters,"{""CoatingType"":""none"",""ColorType"":""4-0"",""Orientation"":""hor"",""PaperFormat"":""11x14-inch"",""PaperType"":""65-lb-cover-coated-silk"",""ProductStatus"":""activated"",""ProtectionType"":""none"",""ShapeEdgeType"":""none"",""SpotFinishingType"":""none"",""State"":""published"",""Variable"":""no""}"
flat_product_pf_11x14-inch_pt_65-lb-cover-coated-silk_cl_4-0_ct_none_prt_none_sft_none_set_none_ver,Posters — 11x14-inch — ver,posters,posters,"{""CoatingType"":""none"",""ColorType"":""4-0"",""Orientation"":""ver"",""PaperFormat"":""11x14-inch"",""PaperType"":""65-lb-cover-coated-silk"",""ProductStatus"":""activated"",""ProtectionType"":""none"",""ShapeEdgeType"":""none"",""SpotFinishingType"":""none"",""State"":""published"",""Variable"":""no""}"
flat_product_pf_11x14-inch_pt_65-lb-cover-uncoated_cl_4-0_ct_none_prt_none_sft_none_set_none_hor,Posters — 11x14-inch — hor,posters,posters,"{""CoatingType"":""none"",""ColorType"":""4-0"",""Orientation"":""hor"",""PaperFormat"":""11x14-inch"",""PaperType"":""65-lb-cover-uncoated"",""ProductStatus"":""activated"",""ProtectionType"":""none"",""ShapeEdgeType"":""none"",""SpotFinishingType"":""none"",""State"":""published"",""Variable"":""no""}"
flat_product_pf_11x14-inch_pt_65-lb-cover-uncoated_cl_4-0_ct_none_prt_none_sft_none_set_none_ver,Posters — 11x14-inch — ver,posters,posters,"{""CoatingType"":""none"",""ColorType"":""4-0"",""Orientation"":""ver"",""PaperFormat"":""11x14-inch"",""PaperType"":""65-lb-cover-uncoated"",""ProductStatus"":""activated"",""ProtectionType"":""none"",""ShapeEdgeType"":""none"",""SpotFinishingType"":""none"",""State"":""published"",""Variable"":""no""}"
flat_product_pf_11x14-inch_pt_80-lb-cover-coated-silk_cl_4-0_ct_none_prt_none_sft_none_set_none_hor,Posters — 11x14-inch — hor,posters,posters,"{""CoatingType"":""none"",""ColorType"":""4-0"",""Orientation"":""hor"",""PaperFormat"":""11x14-inch"",""PaperType"":""80-lb-cover-coated-silk"",""ProductStatus"":""activated"",""ProtectionType"":""none"",""ShapeEdgeType"":""none"",""SpotFinishingType"":""none"",""State"":""published"",""Variable"":""no""}"
flat_product_pf_11x14-inch_pt_80-lb-cover-coated-silk_cl_4-0_ct_none_prt_none_sft_none_set_none_ver,Posters — 11x14-inch — ver,posters,posters,"{""CoatingType"":""none"",""ColorType"":""4-0"",""Orientation"":""ver"",""PaperFormat"":""11x14-inch"",""PaperType"":""80-lb-cover-coated-silk"",""ProductStatus"":""activated"",""ProtectionType"":""none"",""ShapeEdgeType"":""none"",""SpotFinishingType"":""none"",""State"":""published"",""Variable"":""no""}"
flat_product_pf_11x14-inch_pt_80-lb-cover-uncoated_cl_4-0_ct_none_prt_none_sft_none_set_none_hor,Posters — 11x14-inch — hor,posters,posters,"{""CoatingType"":""none"",""ColorType"":""4-0"",""Orientation"":""hor"",""PaperFormat"":""11x14-inch"",""PaperType"":""80-lb-cover-uncoated"",""ProductStatus"":""activated"",""ProtectionType"":""none"",""ShapeEdgeType"":""none"",""SpotFinishingType"":""none"",""State"":""published"",""Variable"":""no""}"
flat_product_pf_11x14-inch_pt_80-lb-cover-uncoated_cl_4-0_ct_none_prt_none_sft_none_set_none_ver,Posters — 11x14-inch — ver,posters,posters,"{""CoatingType"":""none"",""ColorType"":""4-0"",""Orientation"":""ver"",""PaperFormat"":""11x14-inch"",""PaperType"":""80-lb-cover-uncoated"",""ProductStatus"":""activated"",""ProtectionType"":""none"",""ShapeEdgeType"":""none"",""SpotFinishingType"":""none"",""State"":""published"",""Variable"":""no""}"
flat_product_pf_12x12-inch_pt_100-lb-cover-uncoated-offwhite-archival_cl_4-0_ct_none_prt_none_sft_none_set_none_hor,Posters — 12x12-inch — hor,posters,posters,"{""CoatingType"":""none"",""ColorType"":""4-0"",""Orientation"":""hor"",""PaperFormat"":""12x12-inch"",""PaperType"":""100-lb-cover-uncoated-offwhite-archival"",""ProductStatus"":""activated"",""ProtectionType"":""none"",""ShapeEdgeType"":""none"",""SpotFinishingType"":""none"",""State"":""published"",""Variable"":""no""}"
flat_product_pf_12x12-inch_pt_100-lb-cover-uncoated-offwhite-archival_cl_4-0_ct_none_prt_none_sft_none_set_none_ver,Posters — 12x12-inch — ver,posters,posters,"{""CoatingType"":""none"",""ColorType"":""4-0"",""Orientation"":""ver"",""PaperFormat"":""12x12-inch"",""PaperType"":""100-lb-cover-uncoated-offwhite-archival"",""ProductStatus"":""activated"",""ProtectionType"":""none"",""ShapeEdgeType"":""none"",""SpotFinishingType"":""none"",""State"":""published"",""Variable"":""no""}"
flat_product_pf_12x12-inch_pt_170-gsm-coated-silk_cl_4-0_ct_none_prt_none_sft_none_set_none_hor,Posters — 12x12-inch — hor,posters,posters,"{""CoatingType"":""none"",""ColorType"":""4-0"",""Orientation"":""hor"",""PaperFormat"":""12x12-inch"",""PaperType"":""170-gsm-coated-silk"",""ProductStatus"":""activated"",""ProtectionType"":""none"",""ShapeEdgeType"":""none"",""SpotFinishingType"":""none"",""State"":""published"",""Variable"":""no""}"
flat_product_pf_12x12-inch_pt_170-gsm-coated-silk_cl_4-0_ct_none_prt_none_sft_none_set_none_ver,Posters — 12x12-inch — ver,posters,posters,"{""CoatingType"":""none"",""ColorType"":""4-0"",""Orientation"":""ver"",""PaperFormat"":""12x12-inch"",""PaperType"":""170-gsm-coated-silk"",""ProductStatus"":""activated"",""ProtectionType"":""none"",""ShapeEdgeType"":""none"",""SpotFinishingType"":""none"",""State"":""published"",""Variable"":""no""}"
flat_product_pf_12x12-inch_pt_170-gsm-uncoated_cl_4-0_ct_none_prt_none_sft_none_set_none_hor,Posters — 12x12-inch — hor,posters,posters,"{""CoatingType"":""none"",""ColorType"":""4-0"",""Orientation"":""hor"",""PaperFormat"":""12x12-inch"",""PaperType"":""170-gsm-uncoated"",""ProductStatus"":""activated"",""ProtectionType"":""none"",""ShapeEdgeType"":""none"",""SpotFinishingType"":""none"",""State"":""published"",""Variable"":""no""}"
flat_product_pf_12x12-inch_pt_170-gsm-uncoated_cl_4-0_ct_none_prt_none_sft_none_set_none_ver,Posters — 12x12-inch — ver,posters,posters,"{""CoatingType"":""none"",""ColorType"":""4-0"",""Orientation"":""ver"",""PaperFormat"":""12x12-inch"",""PaperType"":""170-gsm-uncoated"",""ProductStatus"":""activated"",""ProtectionType"":""none"",""ShapeEdgeType"":""none"",""SpotFinishingType"":""none"",""State"":""published"",""Variable"":""no""}"
flat_product_pf_12x12-inch_pt_200-gsm-coated-silk_cl_4-0_ct_none_prt_none_sft_none_set_none_hor,Posters — 12x12-inch — hor,posters,posters,"{""CoatingType"":""none"",""ColorType"":""4-0"",""Orientation"":""hor"",""PaperFormat"":""12x12-inch"",""PaperType"":""200-gsm-coated-silk"",""ProductStatus"":""activated"",""ProtectionType"":""none"",""ShapeEdgeType"":""none"",""SpotFinishingType"":""none"",""State"":""published"",""Variable"":""no""}"
flat_product_pf_12x12-inch_pt_200-gsm-coated-silk_cl_4-0_ct_none_prt_none_sft_none_set_none_ver,Posters — 12x12-inch — ver,posters,posters,"{""CoatingType"":""none"",""ColorType"":""4-0"",""Orientation"":""ver"",""PaperFormat"":""12x12-inch"",""PaperType"":""200-gsm-coated-silk"",""ProductStatus"":""activated"",""ProtectionType"":""none"",""ShapeEdgeType"":""none"",""SpotFinishingType"":""none"",""State"":""published"",""Variable"":""no""}"
flat_product_pf_12x12-inch_pt_200-gsm-uncoated_cl_4-0_ct_none_prt_none_sft_none_set_none_hor,Posters — 12x12-inch — hor,posters,posters,"{""CoatingType"":""none"",""ColorType"":""4-0"",""Orientation"":""hor"",""PaperFormat"":""12x12-inch"",""PaperType"":""200-gsm-uncoated"",""ProductStatus"":""activated"",""ProtectionType"":""none"",""ShapeEdgeType"":""none"",""SpotFinishingType"":""none"",""State"":""published"",""Variable"":""no""}"
flat_product_pf_12x12-inch_pt_200-gsm-uncoated_cl_4-0_ct_none_prt_none_sft_none_set_none_ver,Posters — 12x12-inch — ver,posters,posters,"{""CoatingType"":""none"",""ColorType"":""4-0"",""Orientation"":""ver"",""PaperFormat"":""12x12-inch"",""PaperType"":""200-gsm-uncoated"",""ProductStatus"":""activated"",""ProtectionType"":""none"",""ShapeEdgeType"":""none"",""SpotFinishingType"":""none"",""State"":""published"",""Variable"":""no""}"
flat_product_pf_12x12-inch_pt_65-lb-cover-coated-silk_cl_4-0_ct_none_prt_none_sft_none_set_none_hor,Posters — 12x12-inch — hor,posters,posters,"{""CoatingType"":""none"",""ColorType"":""4-0"",""Orientation"":""hor"",""PaperFormat"":""12x12-inch"",""PaperType"":""65-lb-cover-coated-silk"",""ProductStatus"":""activated"",""ProtectionType"":""none"",""ShapeEdgeType"":""none"",""SpotFinishingType"":""none"",""State"":""published"",""Variable"":""no""}"
flat_product_pf_12x12-inch_pt_65-lb-cover-coated-silk_cl_4-0_ct_none_prt_none_sft_none_set_none_ver,Posters — 12x12-inch — ver,posters,posters,"{""CoatingType"":""none"",""ColorType"":""4-0"",""Orientation"":""ver"",""PaperFormat"":""12x12-inch"",""PaperType"":""65-lb-cover-coated-silk"",""ProductStatus"":""activated"",""ProtectionType"":""none"",""ShapeEdgeType"":""none"",""SpotFinishingType"":""none"",""State"":""published"",""Variable"":""no""}"
flat_product_pf_12x12-inch_pt_65-lb-cover-uncoated_cl_4-0_ct_none_prt_none_sft_none_set_none_hor,Posters — 12x12-inch — hor,posters,posters,"{""CoatingType"":""none"",""ColorType"":""4-0"",""Orientation"":""hor"",""PaperFormat"":""12x12-inch"",""PaperType"":""65-lb-cover-uncoated"",""ProductStatus"":""activated"",""ProtectionType"":""none"",""ShapeEdgeType"":""none"",""SpotFinishingType"":""none"",""State"":""published"",""Variable"":""no""}"
flat_product_pf_12x12-inch_pt_65-lb-cover-uncoated_cl_4-0_ct_none_prt_none_sft_none_set_none_ver,Posters — 12x12-inch — ver,posters,posters,"{""CoatingType"":""none"",""ColorType"":""4-0"",""Orientation"":""ver"",""PaperFormat"":""12x12-inch"",""PaperType"":""65-lb-cover-uncoated"",""ProductStatus"":""activated"",""ProtectionType"":""none"",""ShapeEdgeType"":""none"",""SpotFinishingType"":""none"",""State"":""published"",""Variable"":""no""}"
flat_product_pf_12x12-inch_pt_80-lb-cover-coated-silk_cl_4-0_ct_none_prt_none_sft_none_set_none_hor,Posters — 12x12-inch — hor,posters,posters,"{""CoatingType"":""none"",""ColorType"":""4-0"",""Orientation"":""hor"",""PaperFormat"":""12x12-inch"",""PaperType"":""80-lb-cover-coated-silk"",""ProductStatus"":""activated"",""ProtectionType"":""none"",""ShapeEdgeType"":""none"",""SpotFinishingType"":""none"",""State"":""published"",""Variable"":""no""}"
flat_product_pf_12x12-inch_pt_80-lb-cover-coated-silk_cl_4-0_ct_none_prt_none_sft_none_set_none_ver,Posters — 12x12-inch — ver,posters,posters,"{""CoatingType"":""none"",""ColorType"":""4-0"",""Orientation"":""ver"",""PaperFormat"":""12x12-inch"",""PaperType"":""80-lb-cover-coated-silk"",""ProductStatus"":""activated"",""ProtectionType"":""none"",""ShapeEdgeType"":""none"",""SpotFinishingType"":""none"",""State"":""published"",""Variable"":""no""}"
flat_product_pf_12x12-inch_pt_80-lb-cover-uncoated_cl_4-0_ct_none_prt_none_sft_none_set_none_hor,Posters — 12x12-inch — hor,posters,posters,"{""CoatingType"":""none"",""ColorType"":""4-0"",""Orientation"":""hor"",""PaperFormat"":""12x12-inch"",""PaperType"":""80-lb-cover-uncoated"",""ProductStatus"":""activated"",""ProtectionType"":""none"",""ShapeEdgeType"":""none"",""SpotFinishingType"":""none"",""State"":""published"",""Variable"":""no""}"
flat_product_pf_12x12-inch_pt_80-lb-cover-uncoated_cl_4-0_ct_none_prt_none_sft_none_set_none_ver,Posters — 12x12-inch — ver,posters,posters,"{""CoatingType"":""none"",""ColorType"":""4-0"",""Orientation"":""ver"",""PaperFormat"":""12x12-inch"",""PaperType"":""80-lb-cover-uncoated"",""ProductStatus"":""activated"",""ProtectionType"":""none"",""ShapeEdgeType"":""none"",""SpotFinishingType"":""none"",""State"":""published"",""Variable"":""no""}"
flat_product_pf_12x16-inch_pt_100-lb-cover-uncoated-offwhite-archival_cl_4-0_ct_none_prt_none_sft_none_set_none_hor,Posters — 12x16-inch — hor,posters,posters,"{""CoatingType"":""none"",""ColorType"":""4-0"",""Orientation"":""hor"",""PaperFormat"":""12x16-inch"",""PaperType"":""100-lb-cover-uncoated-offwhite-archival"",""ProductStatus"":""activated"",""ProtectionType"":""none"",""ShapeEdgeType"":""none"",""SpotFinishingType"":""none"",""State"":""published"",""Variable"":""no""}"
flat_product_pf_12x16-inch_pt_100-lb-cover-uncoated-offwhite-archival_cl_4-0_ct_none_prt_none_sft_none_set_none_ver,Posters — 12x16-inch — ver,posters,posters,"{""CoatingType"":""none"",""ColorType"":""4-0"",""Orientation"":""ver"",""PaperFormat"":""12x16-inch"",""PaperType"":""100-lb-cover-uncoated-offwhite-archival"",""ProductStatus"":""activated"",""ProtectionType"":""none"",""ShapeEdgeType"":""none"",""SpotFinishingType"":""none"",""State"":""published"",""Variable"":""no""}"
flat_product_pf_12x16-inch_pt_170-gsm-coated-silk_cl_4-0_ct_none_prt_none_sft_none_set_none_hor,Posters — 12x16-inch — hor,posters,posters,"{""CoatingType"":""none"",""ColorType"":""4-0"",""Orientation"":""hor"",""PaperFormat"":""12x16-inch"",""PaperType"":""170-gsm-coated-silk"",""ProductStatus"":""activated"",""ProtectionType"":""none"",""ShapeEdgeType"":""none"",""SpotFinishingType"":""none"",""State"":""published"",""Variable"":""no""}"
flat_product_pf_12x16-inch_pt_170-gsm-coated-silk_cl_4-0_ct_none_prt_none_sft_none_set_none_ver,Posters — 12x16-inch — ver,posters,posters,"{""CoatingType"":""none"",""ColorType"":""4-0"",""Orientation"":""ver"",""PaperFormat"":""12x16-inch"",""PaperType"":""170-gsm-coated-silk"",""ProductStatus"":""activated"",""ProtectionType"":""none"",""ShapeEdgeType"":""none"",""SpotFinishingType"":""none"",""State"":""published"",""Variable"":""no""}"
flat_product_pf_12x16-inch_pt_170-gsm-uncoated_cl_4-0_ct_none_prt_none_sft_none_set_none_hor,Posters — 12x16-inch — hor,posters,posters,"{""CoatingType"":""none"",""ColorType"":""4-0"",""Orientation"":""hor"",""PaperFormat"":""12x16-inch"",""PaperType"":""170-gsm-uncoated"",""ProductStatus"":""activated"",""ProtectionType"":""none"",""ShapeEdgeType"":""none"",""SpotFinishingType"":""none"",""State"":""published"",""Variable"":""no""}"
flat_product_pf_12x16-inch_pt_170-gsm-uncoated_cl_4-0_ct_none_prt_none_sft_none_set_none_ver,Posters — 12x16-inch — ver,posters,posters,"{""CoatingType"":""none"",""ColorType"":""4-0"",""Orientation"":""ver"",""PaperFormat"":""12x16-inch"",""PaperType"":""170-gsm-uncoated"",""ProductStatus"":""activated"",""ProtectionType"":""none"",""ShapeEdgeType"":""none"",""SpotFinishingType"":""none"",""State"":""published"",""Variable"":""no""}"
flat_product_pf_12x16-inch_pt_200-gsm-coated-silk_cl_4-0_ct_none_prt_none_sft_none_set_none_hor,Posters — 12x16-inch — hor,posters,posters,"{""CoatingType"":""none"",""ColorType"":""4-0"",""Orientation"":""hor"",""PaperFormat"":""12x16-inch"",""PaperType"":""200-gsm-coated-silk"",""ProductStatus"":""activated"",""ProtectionType"":""none"",""ShapeEdgeType"":""none"",""SpotFinishingType"":""none"",""State"":""published"",""Variable"":""no""}"
flat_product_pf_12x16-inch_pt_200-gsm-coated-silk_cl_4-0_ct_none_prt_none_sft_none_set_none_ver,Posters — 12x16-inch — ver,posters,posters,"{""CoatingType"":""none"",""ColorType"":""4-0"",""Orientation"":""ver"",""PaperFormat"":""12x16-inch"",""PaperType"":""200-gsm-coated-silk"",""ProductStatus"":""activated"",""ProtectionType"":""none"",""ShapeEdgeType"":""none"",""SpotFinishingType"":""none"",""State"":""published"",""Variable"":""no""}"
flat_product_pf_12x16-inch_pt_200-gsm-uncoated_cl_4-0_ct_none_prt_none_sft_none_set_none_hor,Posters — 12x16-inch — hor,posters,posters,"{""CoatingType"":""none"",""ColorType"":""4-0"",""Orientation"":""hor"",""PaperFormat"":""12x16-inch"",""PaperType"":""200-gsm-uncoated"",""ProductStatus"":""activated"",""ProtectionType"":""none"",""ShapeEdgeType"":""none"",""SpotFinishingType"":""none"",""State"":""published"",""Variable"":""no""}"
flat_product_pf_12x16-inch_pt_200-gsm-uncoated_cl_4-0_ct_none_prt_none_sft_none_set_none_ver,Posters — 12x16-inch — ver,posters,posters,"{""CoatingType"":""none"",""ColorType"":""4-0"",""Orientation"":""ver"",""PaperFormat"":""12x16-inch"",""PaperType"":""200-gsm-uncoated"",""ProductStatus"":""activated"",""ProtectionType"":""none"",""ShapeEdgeType"":""none"",""SpotFinishingType"":""none"",""State"":""published"",""Variable"":""no""}"
flat_product_pf_12x16-inch_pt_65-lb-cover-coated-silk_cl_4-0_ct_none_prt_none_sft_none_set_none_hor,Posters — 12x16-inch — hor,posters,posters,"{""CoatingType"":""none"",""ColorType"":""4-0"",""Orientation"":""hor"",""PaperFormat"":""12x16-inch"",""PaperType"":""65-lb-cover-coated-silk"",""ProductStatus"":""activated"",""ProtectionType"":""none"",""ShapeEdgeType"":""none"",""SpotFinishingType"":""none"",""State"":""published"",""Variable"":""no""}"
flat_product_pf_12x16-inch_pt_65-lb-cover-coated-silk_cl_4-0_ct_none_prt_none_sft_none_set_none_ver,Posters — 12x16-inch — ver,posters,posters,"{""CoatingType"":""none"",""ColorType"":""4-0"",""Orientation"":""ver"",""PaperFormat"":""12x16-inch"",""PaperType"":""65-lb-cover-coated-silk"",""ProductStatus"":""activated"",""ProtectionType"":""none"",""ShapeEdgeType"":""none"",""SpotFinishingType"":""none"",""State"":""published"",""Variable"":""no""}"
flat_product_pf_12x16-inch_pt_65-lb-cover-uncoated_cl_4-0_ct_none_prt_none_sft_none_set_none_hor,Posters — 12x16-inch — hor,posters,posters,"{""CoatingType"":""none"",""ColorType"":""4-0"",""Orientation"":""hor"",""PaperFormat"":""12x16-inch"",""PaperType"":""65-lb-cover-uncoated"",""ProductStatus"":""activated"",""ProtectionType"":""none"",""ShapeEdgeType"":""none"",""SpotFinishingType"":""none"",""State"":""published"",""Variable"":""no""}"
flat_product_pf_12x16-inch_pt_65-lb-cover-uncoated_cl_4-0_ct_none_prt_none_sft_none_set_none_ver,Posters — 12x16-inch — ver,posters,posters,"{""CoatingType"":""none"",""ColorType"":""4-0"",""Orientation"":""ver"",""PaperFormat"":""12x16-inch"",""PaperType"":""65-lb-cover-uncoated"",""ProductStatus"":""activated"",""ProtectionType"":""none"",""ShapeEdgeType"":""none"",""SpotFinishingType"":""none"",""State"":""published"",""Variable"":""no""}"
flat_product_pf_12x16-inch_pt_80-lb-cover-coated-silk_cl_4-0_ct_none_prt_none_sft_none_set_none_hor,Posters — 12x16-inch — hor,posters,posters,"{""CoatingType"":""none"",""ColorType"":""4-0"",""Orientation"":""hor"",""PaperFormat"":""12x16-inch"",""PaperType"":""80-lb-cover-coated-silk"",""ProductStatus"":""activated"",""ProtectionType"":""none"",""ShapeEdgeType"":""none"",""SpotFinishingType"":""none"",""State"":""published"",""Variable"":""no""}"
flat_product_pf_12x16-inch_pt_80-lb-cover-coated-silk_cl_4-0_ct_none_prt_none_sft_none_set_none_ver,Posters — 12x16-inch — ver,posters,posters,"{""CoatingType"":""none"",""ColorType"":""4-0"",""Orientation"":""ver"",""PaperFormat"":""12x16-inch"",""PaperType"":""80-lb-cover-coated-silk"",""ProductStatus"":""activated"",""ProtectionType"":""none"",""ShapeEdgeType"":""none"",""SpotFinishingType"":""none"",""State"":""published"",""Variable"":""no""}"
flat_product_pf_12x16-inch_pt_80-lb-cover-uncoated_cl_4-0_ct_none_prt_none_sft_none_set_none_hor,Posters — 12x16-inch — hor,posters,posters,"{""CoatingType"":""none"",""ColorType"":""4-0"",""Orientation"":""hor"",""PaperFormat"":""12x16-inch"",""PaperType"":""80-lb-cover-uncoated"",""ProductStatus"":""activated"",""ProtectionType"":""none"",""ShapeEdgeType"":""none"",""SpotFinishingType"":""none"",""State"":""published"",""Variable"":""no""}"
flat_product_pf_12x16-inch_pt_80-lb-cover-uncoated_cl_4-0_ct_none_prt_none_sft_none_set_none_ver,Posters — 12x16-inch — ver,posters,posters,"{""CoatingType"":""none"",""ColorType"":""4-0"",""Orientation"":""ver"",""PaperFormat"":""12x16-inch"",""PaperType"":""80-lb-cover-uncoated"",""ProductStatus"":""activated"",""ProtectionType"":""none"",""ShapeEdgeType"":""none"",""SpotFinishingType"":""none"",""State"":""published"",""Variable"":""no""}"
flat_product_pf_12x18-inch_pt_100-lb-cover-uncoated-offwhite-archival_cl_4-0_ct_none_prt_none_sft_none_set_none_hor,Posters — 12x18-inch — hor,posters,posters,"{""CoatingType"":""none"",""ColorType"":""4-0"",""Orientation"":""hor"",""PaperFormat"":""12x18-inch"",""PaperType"":""100-lb-cover-uncoated-offwhite-archival"",""ProductStatus"":""activated"",""ProtectionType"":""none"",""ShapeEdgeType"":""none"",""SpotFinishingType"":""none"",""State"":""published"",""Variable"":""no""}"
flat_product_pf_12x18-inch_pt_100-lb-cover-uncoated-offwhite-archival_cl_4-0_ct_none_prt_none_sft_none_set_none_ver,Posters — 12x18-inch — ver,posters,posters,"{""CoatingType"":""none"",""ColorType"":""4-0"",""Orientation"":""ver"",""PaperFormat"":""12x18-inch"",""PaperType"":""100-lb-cover-uncoated-offwhite-archival"",""ProductStatus"":""activated"",""ProtectionType"":""none"",""ShapeEdgeType"":""none"",""SpotFinishingType"":""none"",""State"":""published"",""Variable"":""no""}"
flat_product_pf_12x18-inch_pt_170-gsm-coated-silk_cl_4-0_ct_none_prt_none_sft_none_set_none_hor,Posters — 12x18-inch — hor,posters,posters,"{""CoatingType"":""none"",""ColorType"":""4-0"",""Orientation"":""hor"",""PaperFormat"":""12x18-inch"",""PaperType"":""170-gsm-coated-silk"",""ProductStatus"":""activated"",""ProtectionType"":""none"",""ShapeEdgeType"":""none"",""SpotFinishingType"":""none"",""State"":""published"",""Variable"":""no""}"
flat_product_pf_12x18-inch_pt_170-gsm-coated-silk_cl_4-0_ct_none_prt_none_sft_none_set_none_ver,Posters — 12x18-inch — ver,posters,posters,"{""CoatingType"":""none"",""ColorType"":""4-0"",""Orientation"":""ver"",""PaperFormat"":""12x18-inch"",""PaperType"":""170-gsm-coated-silk"",""ProductStatus"":""activated"",""ProtectionType"":""none"",""ShapeEdgeType"":""none"",""SpotFinishingType"":""none"",""State"":""published"",""Variable"":""no""}"
flat_product_pf_12x18-inch_pt_170-gsm-uncoated_cl_4-0_ct_none_prt_none_sft_none_set_none_hor,Posters — 12x18-inch — hor,posters,posters,"{""CoatingType"":""none"",""ColorType"":""4-0"",""Orientation"":""hor"",""PaperFormat"":""12x18-inch"",""PaperType"":""170-gsm-uncoated"",""ProductStatus"":""activated"",""ProtectionType"":""none"",""ShapeEdgeType"":""none"",""SpotFinishingType"":""none"",""State"":""published"",""Variable"":""no""}"
flat_product_pf_12x18-inch_pt_170-gsm-uncoated_cl_4-0_ct_none_prt_none_sft_none_set_none_ver,Posters — 12x18-inch — ver,posters,posters,"{""CoatingType"":""none"",""ColorType"":""4-0"",""Orientation"":""ver"",""PaperFormat"":""12x18-inch"",""PaperType"":""170-gsm-uncoated"",""ProductStatus"":""activated"",""ProtectionType"":""none"",""ShapeEdgeType"":""none"",""SpotFinishingType"":""none"",""State"":""published"",""Variable"":""no""}"
flat_product_pf_12x18-inch_pt_200-gsm-coated-silk_cl_4-0_ct_none_prt_none_sft_none_set_none_hor,Posters — 12x18-inch — hor,posters,posters,"{""CoatingType"":""none"",""ColorType"":""4-0"",""Orientation"":""hor"",""PaperFormat"":""12x18-inch"",""PaperType"":""200-gsm-coated-silk"",""ProductStatus"":""activated"",""ProtectionType"":""none"",""ShapeEdgeType"":""none"",""SpotFinishingType"":""none"",""State"":""published"",""Variable"":""no""}"
flat_product_pf_12x18-inch_pt_200-gsm-coated-silk_cl_4-0_ct_none_prt_none_sft_none_set_none_ver,Posters — 12x18-inch — ver,posters,posters,"{""CoatingType"":""none"",""ColorType"":""4-0"",""Orientation"":""ver"",""PaperFormat"":""12x18-inch"",""PaperType"":""200-gsm-coated-silk"",""ProductStatus"":""activated"",""ProtectionType"":""none"",""ShapeEdgeType"":""none"",""SpotFinishingType"":""none"",""State"":""published"",""Variable"":""no""}"
flat_product_pf_12x18-inch_pt_200-gsm-uncoated_cl_4-0_ct_none_prt_none_sft_none_set_none_hor,Posters — 12x18-inch — hor,posters,posters,"{""CoatingType"":""none"",""ColorType"":""4-0"",""Orientation"":""hor"",""PaperFormat"":""12x18-inch"",""PaperType"":""200-gsm-uncoated"",""ProductStatus"":""activated"",""ProtectionType"":""none"",""ShapeEdgeType"":""none"",""SpotFinishingType"":""none"",""State"":""published"",""Variable"":""no""}"
flat_product_pf_12x18-inch_pt_200-gsm-uncoated_cl_4-0_ct_none_prt_none_sft_none_set_none_ver,Posters — 12x18-inch — ver,posters,posters,"{""CoatingType"":""none"",""ColorType"":""4-0"",""Orientation"":""ver"",""PaperFormat"":""12x18-inch"",""PaperType"":""200-gsm-uncoated"",""ProductStatus"":""activated"",""ProtectionType"":""none"",""ShapeEdgeType"":""none"",""SpotFinishingType"":""none"",""State"":""published"",""Variable"":""no""}"
flat_product_pf_12x18-inch_pt_65-lb-cover-coated-silk_cl_4-0_ct_none_prt_none_sft_none_set_none_hor,Posters — 12x18-inch — hor,posters,posters,"{""CoatingType"":""none"",""ColorType"":""4-0"",""Orientation"":""hor"",""PaperFormat"":""12x18-inch"",""PaperType"":""65-lb-cover-coated-silk"",""ProductStatus"":""activated"",""ProtectionType"":""none"",""ShapeEdgeType"":""none"",""SpotFinishingType"":""none"",""State"":""published"",""Variable"":""no""}"
flat_product_pf_12x18-inch_pt_65-lb-cover-coated-silk_cl_4-0_ct_none_prt_none_sft_none_set_none_ver,Posters — 12x18-inch — ver,posters,posters,"{""CoatingType"":""none"",""ColorType"":""4-0"",""Orientation"":""ver"",""PaperFormat"":""12x18-inch"",""PaperType"":""65-lb-cover-coated-silk"",""ProductStatus"":""activated"",""ProtectionType"":""none"",""ShapeEdgeType"":""none"",""SpotFinishingType"":""none"",""State"":""published"",""Variable"":""no""}"
flat_product_pf_12x18-inch_pt_65-lb-cover-uncoated_cl_4-0_ct_none_prt_none_sft_none_set_none_hor,Posters — 12x18-inch — hor,posters,posters,"{""CoatingType"":""none"",""ColorType"":""4-0"",""Orientation"":""hor"",""PaperFormat"":""12x18-inch"",""PaperType"":""65-lb-cover-uncoated"",""ProductStatus"":""activated"",""ProtectionType"":""none"",""ShapeEdgeType"":""none"",""SpotFinishingType"":""none"",""State"":""published"",""Variable"":""no""}"
flat_product_pf_12x18-inch_pt_65-lb-cover-uncoated_cl_4-0_ct_none_prt_none_sft_none_set_none_ver,Posters — 12x18-inch — ver,posters,posters,"{""CoatingType"":""none"",""ColorType"":""4-0"",""Orientation"":""ver"",""PaperFormat"":""12x18-inch"",""PaperType"":""65-lb-cover-uncoated"",""ProductStatus"":""activated"",""ProtectionType"":""none"",""ShapeEdgeType"":""none"",""SpotFinishingType"":""none"",""State"":""published"",""Variable"":""no""}"
flat_product_pf_12x18-inch_pt_80-lb-cover-coated-silk_cl_4-0_ct_none_prt_none_sft_none_set_none_hor,Posters — 12x18-inch — hor,posters,posters,"{""CoatingType"":""none"",""ColorType"":""4-0"",""Orientation"":""hor"",""PaperFormat"":""12x18-inch"",""PaperType"":""80-lb-cover-coated-silk"",""ProductStatus"":""activated"",""ProtectionType"":""none"",""ShapeEdgeType"":""none"",""SpotFinishingType"":""none"",""State"":""published"",""Variable"":""no""}"
flat_product_pf_12x18-inch_pt_80-lb-cover-coated-silk_cl_4-0_ct_none_prt_none_sft_none_set_none_ver,Posters — 12x18-inch — ver,posters,posters,"{""CoatingType"":""none"",""ColorType"":""4-0"",""Orientation"":""ver"",""PaperFormat"":""12x18-inch"",""PaperType"":""80-lb-cover-coated-silk"",""ProductStatus"":""activated"",""ProtectionType"":""none"",""ShapeEdgeType"":""none"",""SpotFinishingType"":""none"",""State"":""published"",""Variable"":""no""}"
flat_product_pf_12x18-inch_pt_80-lb-cover-uncoated_cl_4-0_ct_none_prt_none_sft_none_set_none_hor,Posters — 12x18-inch — hor,posters,posters,"{""CoatingType"":""none"",""ColorType"":""4-0"",""Orientation"":""hor"",""PaperFormat"":""12x18-inch"",""PaperType"":""80-lb-cover-uncoated"",""ProductStatus"":""activated"",""ProtectionType"":""none"",""ShapeEdgeType"":""none"",""SpotFinishingType"":""none"",""State"":""published"",""Variable"":""no""}"
flat_product_pf_12x18-inch_pt_80-lb-cover-uncoated_cl_4-0_ct_none_prt_none_sft_none_set_none_ver,Posters — 12x18-inch — ver,posters,posters,"{""CoatingType"":""none"",""ColorType"":""4-0"",""Orientation"":""ver"",""PaperFormat"":""12x18-inch"",""PaperType"":""80-lb-cover-uncoated"",""ProductStatus"":""activated"",""ProtectionType"":""none"",""ShapeEdgeType"":""none"",""SpotFinishingType"":""none"",""State"":""published"",""Variable"":""no""}"
flat_product_pf_130x180-mm_pt_170-gsm-coated-silk_cl_4-0_ct_none_prt_none_sft_none_set_none_hor,Posters — 130x180-mm — hor,posters,posters,"{""CoatingType"":""none"",""ColorType"":""4-0"",""Orientation"":""hor"",""PaperFormat"":""130x180-mm"",""PaperType"":""170-gsm-coated-silk"",""ProductStatus"":""activated"",""ProtectionType"":""none"",""ShapeEdgeType"":""none"",""SpotFinishingType"":""none"",""State"":""published"",""Variable"":""no""}"
flat_product_pf_130x180-mm_pt_170-gsm-coated-silk_cl_4-0_ct_none_prt_none_sft_none_set_none_ver,Posters — 130x180-mm — ver,posters,posters,"{""CoatingType"":""none"",""ColorType"":""4-0"",""Orientation"":""ver"",""PaperFormat"":""130x180-mm"",""PaperType"":""170-gsm-coated-silk"",""ProductStatus"":""activated"",""ProtectionType"":""none"",""ShapeEdgeType"":""none"",""SpotFinishingType"":""none"",""State"":""published"",""Variable"":""no""}"
flat_product_pf_130x180-mm_pt_170-gsm-uncoated_cl_4-0_ct_none_prt_none_sft_none_set_none_hor,Posters — 130x180-mm — hor,posters,posters,"{""CoatingType"":""none"",""ColorType"":""4-0"",""Orientation"":""hor"",""PaperFormat"":""130x180-mm"",""PaperType"":""170-gsm-uncoated"",""ProductStatus"":""activated"",""ProtectionType"":""none"",""ShapeEdgeType"":""none"",""SpotFinishingType"":""none"",""State"":""published"",""Variable"":""no""}"
flat_product_pf_130x180-mm_pt_170-gsm-uncoated_cl_4-0_ct_none_prt_none_sft_none_set_none_ver,Posters — 130x180-mm — ver,posters,posters,"{""CoatingType"":""none"",""ColorType"":""4-0"",""Orientation"":""ver"",""PaperFormat"":""130x180-mm"",""PaperType"":""170-gsm-uncoated"",""ProductStatus"":""activated"",""ProtectionType"":""none"",""ShapeEdgeType"":""none"",""SpotFinishingType"":""none"",""State"":""published"",""Variable"":""no""}"
flat_product_pf_130x180-mm_pt_200-gsm-coated-silk_cl_4-0_ct_none_prt_none_sft_none_set_none_hor,Posters — 130x180-mm — hor,posters,posters,"{""CoatingType"":""none"",""ColorType"":""4-0"",""Orientation"":""hor"",""PaperFormat"":""130x180-mm"",""PaperType"":""200-gsm-coated-silk"",""ProductStatus"":""activated"",""ProtectionType"":""none"",""ShapeEdgeType"":""none"",""SpotFinishingType"":""none"",""State"":""published"",""Variable"":""no""}"
flat_product_pf_130x180-mm_pt_200-gsm-coated-silk_cl_4-0_ct_none_prt_none_sft_none_set_none_ver,Posters — 130x180-mm — ver,posters,posters,"{""CoatingType"":""none"",""ColorType"":""4-0"",""Orientation"":""ver"",""PaperFormat"":""130x180-mm"",""PaperType"":""200-gsm-coated-silk"",""ProductStatus"":""activated"",""ProtectionType"":""none"",""ShapeEdgeType"":""none"",""SpotFinishingType"":""none"",""State"":""published"",""Variable"":""no""}"
flat_product_pf_130x180-mm_pt_200-gsm-uncoated_cl_4-0_ct_none_prt_none_sft_none_set_none_hor,Posters — 130x180-mm — hor,posters,posters,"{""CoatingType"":""none"",""ColorType"":""4-0"",""Orientation"":""hor"",""PaperFormat"":""130x180-mm"",""PaperType"":""200-gsm-uncoated"",""ProductStatus"":""activated"",""ProtectionType"":""none"",""ShapeEdgeType"":""none"",""SpotFinishingType"":""none"",""State"":""published"",""Variable"":""no""}"
flat_product_pf_130x180-mm_pt_200-gsm-uncoated_cl_4-0_ct_none_prt_none_sft_none_set_none_ver,Posters — 130x180-mm — ver,posters,posters,"{""CoatingType"":""none"",""ColorType"":""4-0"",""Orientation"":""ver"",""PaperFormat"":""130x180-mm"",""PaperType"":""200-gsm-uncoated"",""ProductStatus"":""activated"",""ProtectionType"":""none"",""ShapeEdgeType"":""none"",""SpotFinishingType"":""none"",""State"":""published"",""Variable"":""no""}"
flat_product_pf_130x180-mm_pt_250-gsm-uncoated-offwhite-archival_cl_4-0_ct_none_prt_none_sft_none_set_none_hor,Posters — 130x180-mm — hor,posters,posters,"{""CoatingType"":""none"",""ColorType"":""4-0"",""Orientation"":""hor"",""PaperFormat"":""130x180-mm"",""PaperType"":""250-gsm-uncoated-offwhite-archival"",""ProductStatus"":""activated"",""ProtectionType"":""none"",""ShapeEdgeType"":""none"",""SpotFinishingType"":""none"",""State"":""published"",""Variable"":""no""}"
flat_product_pf_130x180-mm_pt_250-gsm-uncoated-offwhite-archival_cl_4-0_ct_none_prt_none_sft_none_set_none_ver,Posters — 130x180-mm — ver,posters,posters,"{""CoatingType"":""none"",""ColorType"":""4-0"",""Orientation"":""ver"",""PaperFormat"":""130x180-mm"",""PaperType"":""250-gsm-uncoated-offwhite-archival"",""ProductStatus"":""activated"",""ProtectionType"":""none"",""ShapeEdgeType"":""none"",""SpotFinishingType"":""none"",""State"":""published"",""Variable"":""no""}"
flat_product_pf_130x180-mm_pt_65-lb-cover-coated-silk_cl_4-0_ct_none_prt_none_sft_none_set_none_hor,Posters — 130x180-mm — hor,posters,posters,"{""CoatingType"":""none"",""ColorType"":""4-0"",""Orientation"":""hor"",""PaperFormat"":""130x180-mm"",""PaperType"":""65-lb-cover-coated-silk"",""ProductStatus"":""activated"",""ProtectionType"":""none"",""ShapeEdgeType"":""none"",""SpotFinishingType"":""none"",""State"":""published"",""Variable"":""no""}"
flat_product_pf_130x180-mm_pt_65-lb-cover-coated-silk_cl_4-0_ct_none_prt_none_sft_none_set_none_ver,Posters — 130x180-mm — ver,posters,posters,"{""CoatingType"":""none"",""ColorType"":""4-0"",""Orientation"":""ver"",""PaperFormat"":""130x180-mm"",""PaperType"":""65-lb-cover-coated-silk"",""ProductStatus"":""activated"",""ProtectionType"":""none"",""ShapeEdgeType"":""none"",""SpotFinishingType"":""none"",""State"":""published"",""Variable"":""no""}"
flat_product_pf_130x180-mm_pt_65-lb-cover-uncoated_cl_4-0_ct_none_prt_none_sft_none_set_none_hor,Posters — 130x180-mm — hor,posters,posters,"{""CoatingType"":""none"",""ColorType"":""4-0"",""Orientation"":""hor"",""PaperFormat"":""130x180-mm"",""PaperType"":""65-lb-cover-uncoated"",""ProductStatus"":""activated"",""ProtectionType"":""none"",""ShapeEdgeType"":""none"",""SpotFinishingType"":""none"",""State"":""published"",""Variable"":""no""}"
flat_product_pf_130x180-mm_pt_65-lb-cover-uncoated_cl_4-0_ct_none_prt_none_sft_none_set_none_ver,Posters — 130x180-mm — ver,posters,posters,"{""CoatingType"":""none"",""ColorType"":""4-0"",""Orientation"":""ver"",""PaperFormat"":""130x180-mm"",""PaperType"":""65-lb-cover-uncoated"",""ProductStatus"":""activated"",""ProtectionType"":""none"",""ShapeEdgeType"":""none"",""SpotFinishingType"":""none"",""State"":""published"",""Variable"":""no""}"
flat_product_pf_130x180-mm_pt_80-lb-cover-coated-silk_cl_4-0_ct_none_prt_none_sft_none_set_none_hor,Posters — 130x180-mm — hor,posters,posters,"{""CoatingType"":""none"",""ColorType"":""4-0"",""Orientation"":""hor"",""PaperFormat"":""130x180-mm"",""PaperType"":""80-lb-cover-coated-silk"",""ProductStatus"":""activated"",""ProtectionType"":""none"",""ShapeEdgeType"":""none"",""SpotFinishingType"":""none"",""State"":""published"",""Variable"":""no""}"
flat_product_pf_130x180-mm_pt_80-lb-cover-coated-silk_cl_4-0_ct_none_prt_none_sft_none_set_none_ver,Posters — 130x180-mm — ver,posters,posters,"{""CoatingType"":""none"",""ColorType"":""4-0"",""Orientation"":""ver"",""PaperFormat"":""130x180-mm"",""PaperType"":""80-lb-cover-coated-silk"",""ProductStatus"":""activated"",""ProtectionType"":""none"",""ShapeEdgeType"":""none"",""SpotFinishingType"":""none"",""State"":""published"",""Variable"":""no""}"
flat_product_pf_130x180-mm_pt_80-lb-cover-uncoated_cl_4-0_ct_none_prt_none_sft_none_set_none_hor,Posters — 130x180-mm — hor,posters,posters,"{""CoatingType"":""none"",""ColorType"":""4-0"",""Orientation"":""hor"",""PaperFormat"":""130x180-mm"",""PaperType"":""80-lb-cover-uncoated"",""ProductStatus"":""activated"",""ProtectionType"":""none"",""ShapeEdgeType"":""none"",""SpotFinishingType"":""none"",""State"":""published"",""Variable"":""no""}"
flat_product_pf_130x180-mm_pt_80-lb-cover-uncoated_cl_4-0_ct_none_prt_none_sft_none_set_none_ver,Posters — 130x180-mm — ver,posters,posters,"{""CoatingType"":""none"",""ColorType"":""4-0"",""Orientation"":""ver"",""PaperFormat"":""130x180-mm"",""PaperType"":""80-lb-cover-uncoated"",""ProductStatus"":""activated"",""ProtectionType"":""none"",""ShapeEdgeType"":""none"",""SpotFinishingType"":""none"",""State"":""published"",""Variable"":""no""}"
flat_product_pf_14x14-inch_pt_100-lb-cover-uncoated-offwhite-archival_cl_4-0_ct_none_prt_none_sft_none_set_none_hor,Posters — 14x14-inch — hor,posters,posters,"{""CoatingType"":""none"",""ColorType"":""4-0"",""Orientation"":""hor"",""PaperFormat"":""14x14-inch"",""PaperType"":""100-lb-cover-uncoated-offwhite-archival"",""ProductStatus"":""activated"",""ProtectionType"":""none"",""ShapeEdgeType"":""none"",""SpotFinishingType"":""none"",""State"":""published"",""Variable"":""no""}"
flat_product_pf_14x14-inch_pt_100-lb-cover-uncoated-offwhite-archival_cl_4-0_ct_none_prt_none_sft_none_set_none_ver,Posters — 14x14-inch — ver,posters,posters,"{""CoatingType"":""none"",""ColorType"":""4-0"",""Orientation"":""ver"",""PaperFormat"":""14x14-inch"",""PaperType"":""100-lb-cover-uncoated-offwhite-archival"",""ProductStatus"":""activated"",""ProtectionType"":""none"",""ShapeEdgeType"":""none"",""SpotFinishingType"":""none"",""State"":""published"",""Variable"":""no""}"
flat_product_pf_14x14-inch_pt_170-gsm-coated-silk_cl_4-0_ct_none_prt_none_sft_none_set_none_hor,Posters — 14x14-inch — hor,posters,posters,"{""CoatingType"":""none"",""ColorType"":""4-0"",""Orientation"":""hor"",""PaperFormat"":""14x14-inch"",""PaperType"":""170-gsm-coated-silk"",""ProductStatus"":""activated"",""ProtectionType"":""none"",""ShapeEdgeType"":""none"",""SpotFinishingType"":""none"",""State"":""published"",""Variable"":""no""}"
flat_product_pf_14x14-inch_pt_170-gsm-coated-silk_cl_4-0_ct_none_prt_none_sft_none_set_none_ver,Posters — 14x14-inch — ver,posters,posters,"{""CoatingType"":""none"",""ColorType"":""4-0"",""Orientation"":""ver"",""PaperFormat"":""14x14-inch"",""PaperType"":""170-gsm-coated-silk"",""ProductStatus"":""activated"",""ProtectionType"":""none"",""ShapeEdgeType"":""none"",""SpotFinishingType"":""none"",""State"":""published"",""Variable"":""no""}"
flat_product_pf_14x14-inch_pt_170-gsm-uncoated_cl_4-0_ct_none_prt_none_sft_none_set_none_hor,Posters — 14x14-inch — hor,posters,posters,"{""CoatingType"":""none"",""ColorType"":""4-0"",""Orientation"":""hor"",""PaperFormat"":""14x14-inch"",""PaperType"":""170-gsm-uncoated"",""ProductStatus"":""activated"",""ProtectionType"":""none"",""ShapeEdgeType"":""none"",""SpotFinishingType"":""none"",""State"":""published"",""Variable"":""no""}"
flat_product_pf_14x14-inch_pt_170-gsm-uncoated_cl_4-0_ct_none_prt_none_sft_none_set_none_ver,Posters — 14x14-inch — ver,posters,posters,"{""CoatingType"":""none"",""ColorType"":""4-0"",""Orientation"":""ver"",""PaperFormat"":""14x14-inch"",""PaperType"":""170-gsm-uncoated"",""ProductStatus"":""activated"",""ProtectionType"":""none"",""ShapeEdgeType"":""none"",""SpotFinishingType"":""none"",""State"":""published"",""Variable"":""no""}"
flat_product_pf_14x14-inch_pt_200-gsm-coated-silk_cl_4-0_ct_none_prt_none_sft_none_set_none_hor,Posters — 14x14-inch — hor,posters,posters,"{""CoatingType"":""none"",""ColorType"":""4-0"",""Orientation"":""hor"",""PaperFormat"":""14x14-inch"",""PaperType"":""200-gsm-coated-silk"",""ProductStatus"":""activated"",""ProtectionType"":""none"",""ShapeEdgeType"":""none"",""SpotFinishingType"":""none"",""State"":""published"",""Variable"":""no""}"
flat_product_pf_14x14-inch_pt_200-gsm-coated-silk_cl_4-0_ct_none_prt_none_sft_none_set_none_ver,Posters — 14x14-inch — ver,posters,posters,"{""CoatingType"":""none"",""ColorType"":""4-0"",""Orientation"":""ver"",""PaperFormat"":""14x14-inch"",""PaperType"":""200-gsm-coated-silk"",""ProductStatus"":""activated"",""ProtectionType"":""none"",""ShapeEdgeType"":""none"",""SpotFinishingType"":""none"",""State"":""published"",""Variable"":""no""}"
flat_product_pf_14x14-inch_pt_200-gsm-uncoated_cl_4-0_ct_none_prt_none_sft_none_set_none_hor,Posters — 14x14-inch — hor,posters,posters,"{""CoatingType"":""none"",""ColorType"":""4-0"",""Orientation"":""hor"",""PaperFormat"":""14x14-inch"",""PaperType"":""200-gsm-uncoated"",""ProductStatus"":""activated"",""ProtectionType"":""none"",""ShapeEdgeType"":""none"",""SpotFinishingType"":""none"",""State"":""published"",""Variable"":""no""}"
flat_product_pf_14x14-inch_pt_200-gsm-uncoated_cl_4-0_ct_none_prt_none_sft_none_set_none_ver,Posters — 14x14-inch — ver,posters,posters,"{""CoatingType"":""none"",""ColorType"":""4-0"",""Orientation"":""ver"",""PaperFormat"":""14x14-inch"",""PaperType"":""200-gsm-uncoated"",""ProductStatus"":""activated"",""ProtectionType"":""none"",""ShapeEdgeType"":""none"",""SpotFinishingType"":""none"",""State"":""published"",""Variable"":""no""}"
flat_product_pf_14x14-inch_pt_65-lb-cover-coated-silk_cl_4-0_ct_none_prt_none_sft_none_set_none_hor,Posters — 14x14-inch — hor,posters,posters,"{""CoatingType"":""none"",""ColorType"":""4-0"",""Orientation"":""hor"",""PaperFormat"":""14x14-inch"",""PaperType"":""65-lb-cover-coated-silk"",""ProductStatus"":""activated"",""ProtectionType"":""none"",""ShapeEdgeType"":""none"",""SpotFinishingType"":""none"",""State"":""published"",""Variable"":""no""}"
flat_product_pf_14x14-inch_pt_65-lb-cover-coated-silk_cl_4-0_ct_none_prt_none_sft_none_set_none_ver,Posters — 14x14-inch — ver,posters,posters,"{""CoatingType"":""none"",""ColorType"":""4-0"",""Orientation"":""ver"",""PaperFormat"":""14x14-inch"",""PaperType"":""65-lb-cover-coated-silk"",""ProductStatus"":""activated"",""ProtectionType"":""none"",""ShapeEdgeType"":""none"",""SpotFinishingType"":""none"",""State"":""published"",""Variable"":""no""}"
flat_product_pf_14x14-inch_pt_65-lb-cover-uncoated_cl_4-0_ct_none_prt_none_sft_none_set_none_hor,Posters — 14x14-inch — hor,posters,posters,"{""CoatingType"":""none"",""ColorType"":""4-0"",""Orientation"":""hor"",""PaperFormat"":""14x14-inch"",""PaperType"":""65-lb-cover-uncoated"",""ProductStatus"":""activated"",""ProtectionType"":""none"",""ShapeEdgeType"":""none"",""SpotFinishingType"":""none"",""State"":""published"",""Variable"":""no""}"
flat_product_pf_14x14-inch_pt_65-lb-cover-uncoated_cl_4-0_ct_none_prt_none_sft_none_set_none_ver,Posters — 14x14-inch — ver,posters,posters,"{""CoatingType"":""none"",""ColorType"":""4-0"",""Orientation"":""ver"",""PaperFormat"":""14x14-inch"",""PaperType"":""65-lb-cover-uncoated"",""ProductStatus"":""activated"",""ProtectionType"":""none"",""ShapeEdgeType"":""none"",""SpotFinishingType"":""none"",""State"":""published"",""Variable"":""no""}"
flat_product_pf_14x14-inch_pt_80-lb-cover-coated-silk_cl_4-0_ct_none_prt_none_sft_none_set_none_hor,Posters — 14x14-inch — hor,posters,posters,"{""CoatingType"":""none"",""ColorType"":""4-0"",""Orientation"":""hor"",""PaperFormat"":""14x14-inch"",""PaperType"":""80-lb-cover-coated-silk"",""ProductStatus"":""activated"",""ProtectionType"":""none"",""ShapeEdgeType"":""none"",""SpotFinishingType"":""none"",""State"":""published"",""Variable"":""no""}"
flat_product_pf_14x14-inch_pt_80-lb-cover-coated-silk_cl_4-0_ct_none_prt_none_sft_none_set_none_ver,Posters — 14x14-inch — ver,posters,posters,"{""CoatingType"":""none"",""ColorType"":""4-0"",""Orientation"":""ver"",""PaperFormat"":""14x14-inch"",""PaperType"":""80-lb-cover-coated-silk"",""ProductStatus"":""activated"",""ProtectionType"":""none"",""ShapeEdgeType"":""none"",""SpotFinishingType"":""none"",""State"":""published"",""Variable"":""no""}"
flat_product_pf_14x14-inch_pt_80-lb-cover-uncoated_cl_4-0_ct_none_prt_none_sft_none_set_none_hor,Posters — 14x14-inch — hor,posters,posters,"{""CoatingType"":""none"",""ColorType"":""4-0"",""Orientation"":""hor"",""PaperFormat"":""14x14-inch"",""PaperType"":""80-lb-cover-uncoated"",""ProductStatus"":""activated"",""ProtectionType"":""none"",""ShapeEdgeType"":""none"",""SpotFinishingType"":""none"",""State"":""published"",""Variable"":""no""}"
flat_product_pf_14x14-inch_pt_80-lb-cover-uncoated_cl_4-0_ct_none_prt_none_sft_none_set_none_ver,Posters — 14x14-inch — ver,posters,posters,"{""CoatingType"":""none"",""ColorType"":""4-0"",""Orientation"":""ver"",""PaperFormat"":""14x14-inch"",""PaperType"":""80-lb-cover-uncoated"",""ProductStatus"":""activated"",""ProtectionType"":""none"",""ShapeEdgeType"":""none"",""SpotFinishingType"":""none"",""State"":""published"",""Variable"":""no""}"
flat_product_pf_150x200-mm_pt_170-gsm-coated-silk_cl_4-0_ct_none_prt_none_sft_none_set_none_hor,Posters — 150x200-mm — hor,posters,posters,"{""CoatingType"":""none"",""ColorType"":""4-0"",""Orientation"":""hor"",""PaperFormat"":""150x200-mm"",""PaperType"":""170-gsm-coated-silk"",""ProductStatus"":""activated"",""ProtectionType"":""none"",""ShapeEdgeType"":""none"",""SpotFinishingType"":""none"",""State"":""published"",""Variable"":""no""}"
flat_product_pf_150x200-mm_pt_170-gsm-coated-silk_cl_4-0_ct_none_prt_none_sft_none_set_none_ver,Posters — 150x200-mm — ver,posters,posters,"{""CoatingType"":""none"",""ColorType"":""4-0"",""Orientation"":""ver"",""PaperFormat"":""150x200-mm"",""PaperType"":""170-gsm-coated-silk"",""ProductStatus"":""activated"",""ProtectionType"":""none"",""ShapeEdgeType"":""none"",""SpotFinishingType"":""none"",""State"":""published"",""Variable"":""no""}"
flat_product_pf_150x200-mm_pt_170-gsm-uncoated_cl_4-0_ct_none_prt_none_sft_none_set_none_hor,Posters — 150x200-mm — hor,posters,posters,"{""CoatingType"":""none"",""ColorType"":""4-0"",""Orientation"":""hor"",""PaperFormat"":""150x200-mm"",""PaperType"":""170-gsm-uncoated"",""ProductStatus"":""activated"",""ProtectionType"":""none"",""ShapeEdgeType"":""none"",""SpotFinishingType"":""none"",""State"":""published"",""Variable"":""no""}"
flat_product_pf_150x200-mm_pt_170-gsm-uncoated_cl_4-0_ct_none_prt_none_sft_none_set_none_ver,Posters — 150x200-mm — ver,posters,posters,"{""CoatingType"":""none"",""ColorType"":""4-0"",""Orientation"":""ver"",""PaperFormat"":""150x200-mm"",""PaperType"":""170-gsm-uncoated"",""ProductStatus"":""activated"",""ProtectionType"":""none"",""ShapeEdgeType"":""none"",""SpotFinishingType"":""none"",""State"":""published"",""Variable"":""no""}"
flat_product_pf_150x200-mm_pt_200-gsm-coated-silk_cl_4-0_ct_none_prt_none_sft_none_set_none_hor,Posters — 150x200-mm — hor,posters,posters,"{""CoatingType"":""none"",""ColorType"":""4-0"",""Orientation"":""hor"",""PaperFormat"":""150x200-mm"",""PaperType"":""200-gsm-coated-silk"",""ProductStatus"":""activated"",""ProtectionType"":""none"",""ShapeEdgeType"":""none"",""SpotFinishingType"":""none"",""State"":""published"",""Variable"":""no""}"
flat_product_pf_150x200-mm_pt_200-gsm-coated-silk_cl_4-0_ct_none_prt_none_sft_none_set_none_ver,Posters — 150x200-mm — ver,posters,posters,"{""CoatingType"":""none"",""ColorType"":""4-0"",""Orientation"":""ver"",""PaperFormat"":""150x200-mm"",""PaperType"":""200-gsm-coated-silk"",""ProductStatus"":""activated"",""ProtectionType"":""none"",""ShapeEdgeType"":""none"",""SpotFinishingType"":""none"",""State"":""published"",""Variable"":""no""}"
flat_product_pf_150x200-mm_pt_200-gsm-uncoated_cl_4-0_ct_none_prt_none_sft_none_set_none_hor,Posters — 150x200-mm — hor,posters,posters,"{""CoatingType"":""none"",""ColorType"":""4-0"",""Orientation"":""hor"",""PaperFormat"":""150x200-mm"",""PaperType"":""200-gsm-uncoated"",""ProductStatus"":""activated"",""ProtectionType"":""none"",""ShapeEdgeType"":""none"",""SpotFinishingType"":""none"",""State"":""published"",""Variable"":""no""}"
flat_product_pf_150x200-mm_pt_200-gsm-uncoated_cl_4-0_ct_none_prt_none_sft_none_set_none_ver,Posters — 150x200-mm — ver,posters,posters,"{""CoatingType"":""none"",""ColorType"":""4-0"",""Orientation"":""ver"",""PaperFormat"":""150x200-mm"",""PaperType"":""200-gsm-uncoated"",""ProductStatus"":""activated"",""ProtectionType"":""none"",""ShapeEdgeType"":""none"",""SpotFinishingType"":""none"",""State"":""published"",""Variable"":""no""}"
flat_product_pf_150x200-mm_pt_250-gsm-uncoated-offwhite-archival_cl_4-0_ct_none_prt_none_sft_none_set_none_hor,Posters — 150x200-mm — hor,posters,posters,"{""CoatingType"":""none"",""ColorType"":""4-0"",""Orientation"":""hor"",""PaperFormat"":""150x200-mm"",""PaperType"":""250-gsm-uncoated-offwhite-archival"",""ProductStatus"":""activated"",""ProtectionType"":""none"",""ShapeEdgeType"":""none"",""SpotFinishingType"":""none"",""State"":""published"",""Variable"":""no""}"
flat_product_pf_150x200-mm_pt_250-gsm-uncoated-offwhite-archival_cl_4-0_ct_none_prt_none_sft_none_set_none_ver,Posters — 150x200-mm — ver,posters,posters,"{""CoatingType"":""none"",""ColorType"":""4-0"",""Orientation"":""ver"",""PaperFormat"":""150x200-mm"",""PaperType"":""250-gsm-uncoated-offwhite-archival"",""ProductStatus"":""activated"",""ProtectionType"":""none"",""ShapeEdgeType"":""none"",""SpotFinishingType"":""none"",""State"":""published"",""Variable"":""no""}"
flat_product_pf_16x16-inch_pt_100-lb-cover-uncoated-offwhite-archival_cl_4-0_ct_none_prt_none_sft_none_set_none_hor,Posters — 16x16-inch — hor,posters,posters,"{""CoatingType"":""none"",""ColorType"":""4-0"",""Orientation"":""hor"",""PaperFormat"":""16x16-inch"",""PaperType"":""100-lb-cover-uncoated-offwhite-archival"",""ProductStatus"":""activated"",""ProtectionType"":""none"",""ShapeEdgeType"":""none"",""SpotFinishingType"":""none"",""State"":""published"",""Variable"":""no""}"
flat_product_pf_16x16-inch_pt_100-lb-cover-uncoated-offwhite-archival_cl_4-0_ct_none_prt_none_sft_none_set_none_ver,Posters — 16x16-inch — ver,posters,posters,"{""CoatingType"":""none"",""ColorType"":""4-0"",""Orientation"":""ver"",""PaperFormat"":""16x16-inch"",""PaperType"":""100-lb-cover-uncoated-offwhite-archival"",""ProductStatus"":""activated"",""ProtectionType"":""none"",""ShapeEdgeType"":""none"",""SpotFinishingType"":""none"",""State"":""published"",""Variable"":""no""}"
flat_product_pf_16x16-inch_pt_170-gsm-coated-silk_cl_4-0_ct_none_prt_none_sft_none_set_none_hor,Posters — 16x16-inch — hor,posters,posters,"{""CoatingType"":""none"",""ColorType"":""4-0"",""Orientation"":""hor"",""PaperFormat"":""16x16-inch"",""PaperType"":""170-gsm-coated-silk"",""ProductStatus"":""activated"",""ProtectionType"":""none"",""ShapeEdgeType"":""none"",""SpotFinishingType"":""none"",""State"":""published"",""Variable"":""no""}"
flat_product_pf_16x16-inch_pt_170-gsm-coated-silk_cl_4-0_ct_none_prt_none_sft_none_set_none_ver,Posters — 16x16-inch — ver,posters,posters,"{""CoatingType"":""none"",""ColorType"":""4-0"",""Orientation"":""ver"",""PaperFormat"":""16x16-inch"",""PaperType"":""170-gsm-coated-silk"",""ProductStatus"":""activated"",""ProtectionType"":""none"",""ShapeEdgeType"":""none"",""SpotFinishingType"":""none"",""State"":""published"",""Variable"":""no""}"
flat_product_pf_16x16-inch_pt_170-gsm-uncoated_cl_4-0_ct_none_prt_none_sft_none_set_none_hor,Posters — 16x16-inch — hor,posters,posters,"{""CoatingType"":""none"",""ColorType"":""4-0"",""Orientation"":""hor"",""PaperFormat"":""16x16-inch"",""PaperType"":""170-gsm-uncoated"",""ProductStatus"":""activated"",""ProtectionType"":""none"",""ShapeEdgeType"":""none"",""SpotFinishingType"":""none"",""State"":""published"",""Variable"":""no""}"
flat_product_pf_16x16-inch_pt_170-gsm-uncoated_cl_4-0_ct_none_prt_none_sft_none_set_none_ver,Posters — 16x16-inch — ver,posters,posters,"{""CoatingType"":""none"",""ColorType"":""4-0"",""Orientation"":""ver"",""PaperFormat"":""16x16-inch"",""PaperType"":""170-gsm-uncoated"",""ProductStatus"":""activated"",""ProtectionType"":""none"",""ShapeEdgeType"":""none"",""SpotFinishingType"":""none"",""State"":""published"",""Variable"":""no""}"
flat_product_pf_16x16-inch_pt_200-gsm-coated-silk_cl_4-0_ct_none_prt_none_sft_none_set_none_hor,Posters — 16x16-inch — hor,posters,posters,"{""CoatingType"":""none"",""ColorType"":""4-0"",""Orientation"":""hor"",""PaperFormat"":""16x16-inch"",""PaperType"":""200-gsm-coated-silk"",""ProductStatus"":""activated"",""ProtectionType"":""none"",""ShapeEdgeType"":""none"",""SpotFinishingType"":""none"",""State"":""published"",""Variable"":""no""}"
flat_product_pf_16x16-inch_pt_200-gsm-coated-silk_cl_4-0_ct_none_prt_none_sft_none_set_none_ver,Posters — 16x16-inch — ver,posters,posters,"{""CoatingType"":""none"",""ColorType"":""4-0"",""Orientation"":""ver"",""PaperFormat"":""16x16-inch"",""PaperType"":""200-gsm-coated-silk"",""ProductStatus"":""activated"",""ProtectionType"":""none"",""ShapeEdgeType"":""none"",""SpotFinishingType"":""none"",""State"":""published"",""Variable"":""no""}"
flat_product_pf_16x16-inch_pt_200-gsm-uncoated_cl_4-0_ct_none_prt_none_sft_none_set_none_hor,Posters — 16x16-inch — hor,posters,posters,"{""CoatingType"":""none"",""ColorType"":""4-0"",""Orientation"":""hor"",""PaperFormat"":""16x16-inch"",""PaperType"":""200-gsm-uncoated"",""ProductStatus"":""activated"",""ProtectionType"":""none"",""ShapeEdgeType"":""none"",""SpotFinishingType"":""none"",""State"":""published"",""Variable"":""no""}"
flat_product_pf_16x16-inch_pt_200-gsm-uncoated_cl_4-0_ct_none_prt_none_sft_none_set_none_ver,Posters — 16x16-inch — ver,posters,posters,"{""CoatingType"":""none"",""ColorType"":""4-0"",""Orientation"":""ver"",""PaperFormat"":""16x16-inch"",""PaperType"":""200-gsm-uncoated"",""ProductStatus"":""activated"",""ProtectionType"":""none"",""ShapeEdgeType"":""none"",""SpotFinishingType"":""none"",""State"":""published"",""Variable"":""no""}"
flat_product_pf_16x16-inch_pt_65-lb-cover-coated-silk_cl_4-0_ct_none_prt_none_sft_none_set_none_hor,Posters — 16x16-inch — hor,posters,posters,"{""CoatingType"":""none"",""ColorType"":""4-0"",""Orientation"":""hor"",""PaperFormat"":""16x16-inch"",""PaperType"":""65-lb-cover-coated-silk"",""ProductStatus"":""activated"",""ProtectionType"":""none"",""ShapeEdgeType"":""none"",""SpotFinishingType"":""none"",""State"":""published"",""Variable"":""no""}"
flat_product_pf_16x16-inch_pt_65-lb-cover-coated-silk_cl_4-0_ct_none_prt_none_sft_none_set_none_ver,Posters — 16x16-inch — ver,posters,posters,"{""CoatingType"":""none"",""ColorType"":""4-0"",""Orientation"":""ver"",""PaperFormat"":""16x16-inch"",""PaperType"":""65-lb-cover-coated-silk"",""ProductStatus"":""activated"",""ProtectionType"":""none"",""ShapeEdgeType"":""none"",""SpotFinishingType"":""none"",""State"":""published"",""Variable"":""no""}"
flat_product_pf_16x16-inch_pt_65-lb-cover-uncoated_cl_4-0_ct_none_prt_none_sft_none_set_none_hor,Posters — 16x16-inch — hor,posters,posters,"{""CoatingType"":""none"",""ColorType"":""4-0"",""Orientation"":""hor"",""PaperFormat"":""16x16-inch"",""PaperType"":""65-lb-cover-uncoated"",""ProductStatus"":""activated"",""ProtectionType"":""none"",""ShapeEdgeType"":""none"",""SpotFinishingType"":""none"",""State"":""published"",""Variable"":""no""}"
flat_product_pf_16x16-inch_pt_65-lb-cover-uncoated_cl_4-0_ct_none_prt_none_sft_none_set_none_ver,Posters — 16x16-inch — ver,posters,posters,"{""CoatingType"":""none"",""ColorType"":""4-0"",""Orientation"":""ver"",""PaperFormat"":""16x16-inch"",""PaperType"":""65-lb-cover-uncoated"",""ProductStatus"":""activated"",""ProtectionType"":""none"",""ShapeEdgeType"":""none"",""SpotFinishingType"":""none"",""State"":""published"",""Variable"":""no""}"
flat_product_pf_16x16-inch_pt_80-lb-cover-coated-silk_cl_4-0_ct_none_prt_none_sft_none_set_none_hor,Posters — 16x16-inch — hor,posters,posters,"{""CoatingType"":""none"",""ColorType"":""4-0"",""Orientation"":""hor"",""PaperFormat"":""16x16-inch"",""PaperType"":""80-lb-cover-coated-silk"",""ProductStatus"":""activated"",""ProtectionType"":""none"",""ShapeEdgeType"":""none"",""SpotFinishingType"":""none"",""State"":""published"",""Variable"":""no""}"
flat_product_pf_16x16-inch_pt_80-lb-cover-coated-silk_cl_4-0_ct_none_prt_none_sft_none_set_none_ver,Posters — 16x16-inch — ver,posters,posters,"{""CoatingType"":""none"",""ColorType"":""4-0"",""Orientation"":""ver"",""PaperFormat"":""16x16-inch"",""PaperType"":""80-lb-cover-coated-silk"",""ProductStatus"":""activated"",""ProtectionType"":""none"",""ShapeEdgeType"":""none"",""SpotFinishingType"":""none"",""State"":""published"",""Variable"":""no""}"
flat_product_pf_16x16-inch_pt_80-lb-cover-uncoated_cl_4-0_ct_none_prt_none_sft_none_set_none_hor,Posters — 16x16-inch — hor,posters,posters,"{""CoatingType"":""none"",""ColorType"":""4-0"",""Orientation"":""hor"",""PaperFormat"":""16x16-inch"",""PaperType"":""80-lb-cover-uncoated"",""ProductStatus"":""activated"",""ProtectionType"":""none"",""ShapeEdgeType"":""none"",""SpotFinishingType"":""none"",""State"":""published"",""Variable"":""no""}"
flat_product_pf_16x16-inch_pt_80-lb-cover-uncoated_cl_4-0_ct_none_prt_none_sft_none_set_none_ver,Posters — 16x16-inch — ver,posters,posters,"{""CoatingType"":""none"",""ColorType"":""4-0"",""Orientation"":""ver"",""PaperFormat"":""16x16-inch"",""PaperType"":""80-lb-cover-uncoated"",""ProductStatus"":""activated"",""ProtectionType"":""none"",""ShapeEdgeType"":""none"",""SpotFinishingType"":""none"",""State"":""published"",""Variable"":""no""}"
flat_product_pf_16x20-inch_pt_100-lb-cover-uncoated-offwhite-archival_cl_4-0_ct_none_prt_none_sft_none_set_none_hor,Posters — 16x20-inch — hor,posters,posters,"{""CoatingType"":""none"",""ColorType"":""4-0"",""Orientation"":""hor"",""PaperFormat"":""16x20-inch"",""PaperType"":""100-lb-cover-uncoated-offwhite-archival"",""ProductStatus"":""activated"",""ProtectionType"":""none"",""ShapeEdgeType"":""none"",""SpotFinishingType"":""none"",""State"":""published"",""Variable"":""no""}"
flat_product_pf_16x20-inch_pt_100-lb-cover-uncoated-offwhite-archival_cl_4-0_ct_none_prt_none_sft_none_set_none_ver,Posters — 16x20-inch — ver,posters,posters,"{""CoatingType"":""none"",""ColorType"":""4-0"",""Orientation"":""ver"",""PaperFormat"":""16x20-inch"",""PaperType"":""100-lb-cover-uncoated-offwhite-archival"",""ProductStatus"":""activated"",""ProtectionType"":""none"",""ShapeEdgeType"":""none"",""SpotFinishingType"":""none"",""State"":""published"",""Variable"":""no""}"
flat_product_pf_16x20-inch_pt_170-gsm-coated-silk_cl_4-0_ct_none_prt_none_sft_none_set_none_hor,Posters — 16x20-inch — hor,posters,posters,"{""CoatingType"":""none"",""ColorType"":""4-0"",""Orientation"":""hor"",""PaperFormat"":""16x20-inch"",""PaperType"":""170-gsm-coated-silk"",""ProductStatus"":""activated"",""ProtectionType"":""none"",""ShapeEdgeType"":""none"",""SpotFinishingType"":""none"",""State"":""published"",""Variable"":""no""}"
flat_product_pf_16x20-inch_pt_170-gsm-coated-silk_cl_4-0_ct_none_prt_none_sft_none_set_none_ver,Posters — 16x20-inch — ver,posters,posters,"{""CoatingType"":""none"",""ColorType"":""4-0"",""Orientation"":""ver"",""PaperFormat"":""16x20-inch"",""PaperType"":""170-gsm-coated-silk"",""ProductStatus"":""activated"",""ProtectionType"":""none"",""ShapeEdgeType"":""none"",""SpotFinishingType"":""none"",""State"":""published"",""Variable"":""no""}"
flat_product_pf_16x20-inch_pt_170-gsm-uncoated_cl_4-0_ct_none_prt_none_sft_none_set_none_hor,Posters — 16x20-inch — hor,posters,posters,"{""CoatingType"":""none"",""ColorType"":""4-0"",""Orientation"":""hor"",""PaperFormat"":""16x20-inch"",""PaperType"":""170-gsm-uncoated"",""ProductStatus"":""activated"",""ProtectionType"":""none"",""ShapeEdgeType"":""none"",""SpotFinishingType"":""none"",""State"":""published"",""Variable"":""no""}"
flat_product_pf_16x20-inch_pt_170-gsm-uncoated_cl_4-0_ct_none_prt_none_sft_none_set_none_ver,Posters — 16x20-inch — ver,posters,posters,"{""CoatingType"":""none"",""ColorType"":""4-0"",""Orientation"":""ver"",""PaperFormat"":""16x20-inch"",""PaperType"":""170-gsm-uncoated"",""ProductStatus"":""activated"",""ProtectionType"":""none"",""ShapeEdgeType"":""none"",""SpotFinishingType"":""none"",""State"":""published"",""Variable"":""no""}"
flat_product_pf_16x20-inch_pt_200-gsm-coated-silk_cl_4-0_ct_none_prt_none_sft_none_set_none_hor,Posters — 16x20-inch — hor,posters,posters,"{""CoatingType"":""none"",""ColorType"":""4-0"",""Orientation"":""hor"",""PaperFormat"":""16x20-inch"",""PaperType"":""200-gsm-coated-silk"",""ProductStatus"":""activated"",""ProtectionType"":""none"",""ShapeEdgeType"":""none"",""SpotFinishingType"":""none"",""State"":""published"",""Variable"":""no""}"
flat_product_pf_16x20-inch_pt_200-gsm-coated-silk_cl_4-0_ct_none_prt_none_sft_none_set_none_ver,Posters — 16x20-inch — ver,posters,posters,"{""CoatingType"":""none"",""ColorType"":""4-0"",""Orientation"":""ver"",""PaperFormat"":""16x20-inch"",""PaperType"":""200-gsm-coated-silk"",""ProductStatus"":""activated"",""ProtectionType"":""none"",""ShapeEdgeType"":""none"",""SpotFinishingType"":""none"",""State"":""published"",""Variable"":""no""}"
flat_product_pf_16x20-inch_pt_200-gsm-uncoated_cl_4-0_ct_none_prt_none_sft_none_set_none_hor,Posters — 16x20-inch — hor,posters,posters,"{""CoatingType"":""none"",""ColorType"":""4-0"",""Orientation"":""hor"",""PaperFormat"":""16x20-inch"",""PaperType"":""200-gsm-uncoated"",""ProductStatus"":""activated"",""ProtectionType"":""none"",""ShapeEdgeType"":""none"",""SpotFinishingType"":""none"",""State"":""published"",""Variable"":""no""}"
flat_product_pf_16x20-inch_pt_200-gsm-uncoated_cl_4-0_ct_none_prt_none_sft_none_set_none_ver,Posters — 16x20-inch — ver,posters,posters,"{""CoatingType"":""none"",""ColorType"":""4-0"",""Orientation"":""ver"",""PaperFormat"":""16x20-inch"",""PaperType"":""200-gsm-uncoated"",""ProductStatus"":""activated"",""ProtectionType"":""none"",""ShapeEdgeType"":""none"",""SpotFinishingType"":""none"",""State"":""published"",""Variable"":""no""}"
flat_product_pf_16x20-inch_pt_65-lb-cover-coated-silk_cl_4-0_ct_none_prt_none_sft_none_set_none_hor,Posters — 16x20-inch — hor,posters,posters,"{""CoatingType"":""none"",""ColorType"":""4-0"",""Orientation"":""hor"",""PaperFormat"":""16x20-inch"",""PaperType"":""65-lb-cover-coated-silk"",""ProductStatus"":""activated"",""ProtectionType"":""none"",""ShapeEdgeType"":""none"",""SpotFinishingType"":""none"",""State"":""published"",""Variable"":""no""}"
flat_product_pf_16x20-inch_pt_65-lb-cover-coated-silk_cl_4-0_ct_none_prt_none_sft_none_set_none_ver,Posters — 16x20-inch — ver,posters,posters,"{""CoatingType"":""none"",""ColorType"":""4-0"",""Orientation"":""ver"",""PaperFormat"":""16x20-inch"",""PaperType"":""65-lb-cover-coated-silk"",""ProductStatus"":""activated"",""ProtectionType"":""none"",""ShapeEdgeType"":""none"",""SpotFinishingType"":""none"",""State"":""published"",""Variable"":""no""}"
flat_product_pf_16x20-inch_pt_65-lb-cover-uncoated_cl_4-0_ct_none_prt_none_sft_none_set_none_hor,Posters — 16x20-inch — hor,posters,posters,"{""CoatingType"":""none"",""ColorType"":""4-0"",""Orientation"":""hor"",""PaperFormat"":""16x20-inch"",""PaperType"":""65-lb-cover-uncoated"",""ProductStatus"":""activated"",""ProtectionType"":""none"",""ShapeEdgeType"":""none"",""SpotFinishingType"":""none"",""State"":""published"",""Variable"":""no""}"
flat_product_pf_16x20-inch_pt_65-lb-cover-uncoated_cl_4-0_ct_none_prt_none_sft_none_set_none_ver,Posters — 16x20-inch — ver,posters,posters,"{""CoatingType"":""none"",""ColorType"":""4-0"",""Orientation"":""ver"",""PaperFormat"":""16x20-inch"",""PaperType"":""65-lb-cover-uncoated"",""ProductStatus"":""activated"",""ProtectionType"":""none"",""ShapeEdgeType"":""none"",""SpotFinishingType"":""none"",""State"":""published"",""Variable"":""no""}"
flat_product_pf_16x20-inch_pt_80-lb-cover-coated-silk_cl_4-0_ct_none_prt_none_sft_none_set_none_hor,Posters — 16x20-inch — hor,posters,posters,"{""CoatingType"":""none"",""ColorType"":""4-0"",""Orientation"":""hor"",""PaperFormat"":""16x20-inch"",""PaperType"":""80-lb-cover-coated-silk"",""ProductStatus"":""activated"",""ProtectionType"":""none"",""ShapeEdgeType"":""none"",""SpotFinishingType"":""none"",""State"":""published"",""Variable"":""no""}"
flat_product_pf_16x20-inch_pt_80-lb-cover-coated-silk_cl_4-0_ct_none_prt_none_sft_none_set_none_ver,Posters — 16x20-inch — ver,posters,posters,"{""CoatingType"":""none"",""ColorType"":""4-0"",""Orientation"":""ver"",""PaperFormat"":""16x20-inch"",""PaperType"":""80-lb-cover-coated-silk"",""ProductStatus"":""activated"",""ProtectionType"":""none"",""ShapeEdgeType"":""none"",""SpotFinishingType"":""none"",""State"":""published"",""Variable"":""no""}"
flat_product_pf_16x20-inch_pt_80-lb-cover-uncoated_cl_4-0_ct_none_prt_none_sft_none_set_none_hor,Posters — 16x20-inch — hor,posters,posters,"{""CoatingType"":""none"",""ColorType"":""4-0"",""Orientation"":""hor"",""PaperFormat"":""16x20-inch"",""PaperType"":""80-lb-cover-uncoated"",""ProductStatus"":""activated"",""ProtectionType"":""none"",""ShapeEdgeType"":""none"",""SpotFinishingType"":""none"",""State"":""published"",""Variable"":""no""}"
flat_product_pf_16x20-inch_pt_80-lb-cover-uncoated_cl_4-0_ct_none_prt_none_sft_none_set_none_ver,Posters — 16x20-inch — ver,posters,posters,"{""CoatingType"":""none"",""ColorType"":""4-0"",""Orientation"":""ver"",""PaperFormat"":""16x20-inch"",""PaperType"":""80-lb-cover-uncoated"",""ProductStatus"":""activated"",""ProtectionType"":""none"",""ShapeEdgeType"":""none"",""SpotFinishingType"":""none"",""State"":""published"",""Variable"":""no""}"
flat_product_pf_18x18-inch_pt_100-lb-cover-uncoated-offwhite-archival_cl_4-0_ct_none_prt_none_sft_none_set_none_hor,Posters — 18x18-inch — hor,posters,posters,"{""CoatingType"":""none"",""ColorType"":""4-0"",""Orientation"":""hor"",""PaperFormat"":""18x18-inch"",""PaperType"":""100-lb-cover-uncoated-offwhite-archival"",""ProductStatus"":""activated"",""ProtectionType"":""none"",""ShapeEdgeType"":""none"",""SpotFinishingType"":""none"",""State"":""published"",""Variable"":""no""}"
flat_product_pf_18x18-inch_pt_100-lb-cover-uncoated-offwhite-archival_cl_4-0_ct_none_prt_none_sft_none_set_none_ver,Posters — 18x18-inch — ver,posters,posters,"{""CoatingType"":""none"",""ColorType"":""4-0"",""Orientation"":""ver"",""PaperFormat"":""18x18-inch"",""PaperType"":""100-lb-cover-uncoated-offwhite-archival"",""ProductStatus"":""activated"",""ProtectionType"":""none"",""ShapeEdgeType"":""none"",""SpotFinishingType"":""none"",""State"":""published"",""Variable"":""no""}"
flat_product_pf_18x18-inch_pt_170-gsm-coated-silk_cl_4-0_ct_none_prt_none_sft_none_set_none_hor,Posters — 18x18-inch — hor,posters,posters,"{""CoatingType"":""none"",""ColorType"":""4-0"",""Orientation"":""hor"",""PaperFormat"":""18x18-inch"",""PaperType"":""170-gsm-coated-silk"",""ProductStatus"":""activated"",""ProtectionType"":""none"",""ShapeEdgeType"":""none"",""SpotFinishingType"":""none"",""State"":""published"",""Variable"":""no""}"
flat_product_pf_18x18-inch_pt_170-gsm-coated-silk_cl_4-0_ct_none_prt_none_sft_none_set_none_ver,Posters — 18x18-inch — ver,posters,posters,"{""CoatingType"":""none"",""ColorType"":""4-0"",""Orientation"":""ver"",""PaperFormat"":""18x18-inch"",""PaperType"":""170-gsm-coated-silk"",""ProductStatus"":""activated"",""ProtectionType"":""none"",""ShapeEdgeType"":""none"",""SpotFinishingType"":""none"",""State"":""published"",""Variable"":""no""}"
flat_product_pf_18x18-inch_pt_170-gsm-uncoated_cl_4-0_ct_none_prt_none_sft_none_set_none_hor,Posters — 18x18-inch — hor,posters,posters,"{""CoatingType"":""none"",""ColorType"":""4-0"",""Orientation"":""hor"",""PaperFormat"":""18x18-inch"",""PaperType"":""170-gsm-uncoated"",""ProductStatus"":""activated"",""ProtectionType"":""none"",""ShapeEdgeType"":""none"",""SpotFinishingType"":""none"",""State"":""published"",""Variable"":""no""}"
flat_product_pf_18x18-inch_pt_170-gsm-uncoated_cl_4-0_ct_none_prt_none_sft_none_set_none_ver,Posters — 18x18-inch — ver,posters,posters,"{""CoatingType"":""none"",""ColorType"":""4-0"",""Orientation"":""ver"",""PaperFormat"":""18x18-inch"",""PaperType"":""170-gsm-uncoated"",""ProductStatus"":""activated"",""ProtectionType"":""none"",""ShapeEdgeType"":""none"",""SpotFinishingType"":""none"",""State"":""published"",""Variable"":""no""}"
flat_product_pf_18x18-inch_pt_200-gsm-coated-silk_cl_4-0_ct_none_prt_none_sft_none_set_none_hor,Posters — 18x18-inch — hor,posters,posters,"{""CoatingType"":""none"",""ColorType"":""4-0"",""Orientation"":""hor"",""PaperFormat"":""18x18-inch"",""PaperType"":""200-gsm-coated-silk"",""ProductStatus"":""activated"",""ProtectionType"":""none"",""ShapeEdgeType"":""none"",""SpotFinishingType"":""none"",""State"":""published"",""Variable"":""no""}"
flat_product_pf_18x18-inch_pt_200-gsm-coated-silk_cl_4-0_ct_none_prt_none_sft_none_set_none_ver,Posters — 18x18-inch — ver,posters,posters,"{""CoatingType"":""none"",""ColorType"":""4-0"",""Orientation"":""ver"",""PaperFormat"":""18x18-inch"",""PaperType"":""200-gsm-coated-silk"",""ProductStatus"":""activated"",""ProtectionType"":""none"",""ShapeEdgeType"":""none"",""SpotFinishingType"":""none"",""State"":""published"",""Variable"":""no""}"
flat_product_pf_18x18-inch_pt_200-gsm-uncoated_cl_4-0_ct_none_prt_none_sft_none_set_none_hor,Posters — 18x18-inch — hor,posters,posters,"{""CoatingType"":""none"",""ColorType"":""4-0"",""Orientation"":""hor"",""PaperFormat"":""18x18-inch"",""PaperType"":""200-gsm-uncoated"",""ProductStatus"":""activated"",""ProtectionType"":""none"",""ShapeEdgeType"":""none"",""SpotFinishingType"":""none"",""State"":""published"",""Variable"":""no""}"
flat_product_pf_18x18-inch_pt_200-gsm-uncoated_cl_4-0_ct_none_prt_none_sft_none_set_none_ver,Posters — 18x18-inch — ver,posters,posters,"{""CoatingType"":""none"",""ColorType"":""4-0"",""Orientation"":""ver"",""PaperFormat"":""18x18-inch"",""PaperType"":""200-gsm-uncoated"",""ProductStatus"":""activated"",""ProtectionType"":""none"",""ShapeEdgeType"":""none"",""SpotFinishingType"":""none"",""State"":""published"",""Variable"":""no""}"
flat_product_pf_18x18-inch_pt_65-lb-cover-coated-silk_cl_4-0_ct_none_prt_none_sft_none_set_none_hor,Posters — 18x18-inch — hor,posters,posters,"{""CoatingType"":""none"",""ColorType"":""4-0"",""Orientation"":""hor"",""PaperFormat"":""18x18-inch"",""PaperType"":""65-lb-cover-coated-silk"",""ProductStatus"":""activated"",""ProtectionType"":""none"",""ShapeEdgeType"":""none"",""SpotFinishingType"":""none"",""State"":""published"",""Variable"":""no""}"
flat_product_pf_18x18-inch_pt_65-lb-cover-coated-silk_cl_4-0_ct_none_prt_none_sft_none_set_none_ver,Posters — 18x18-inch — ver,posters,posters,"{""CoatingType"":""none"",""ColorType"":""4-0"",""Orientation"":""ver"",""PaperFormat"":""18x18-inch"",""PaperType"":""65-lb-cover-coated-silk"",""ProductStatus"":""activated"",""ProtectionType"":""none"",""ShapeEdgeType"":""none"",""SpotFinishingType"":""none"",""State"":""published"",""Variable"":""no""}"
flat_product_pf_18x18-inch_pt_65-lb-cover-uncoated_cl_4-0_ct_none_prt_none_sft_none_set_none_hor,Posters — 18x18-inch — hor,posters,posters,"{""CoatingType"":""none"",""ColorType"":""4-0"",""Orientation"":""hor"",""PaperFormat"":""18x18-inch"",""PaperType"":""65-lb-cover-uncoated"",""ProductStatus"":""activated"",""ProtectionType"":""none"",""ShapeEdgeType"":""none"",""SpotFinishingType"":""none"",""State"":""published"",""Variable"":""no""}"
flat_product_pf_18x18-inch_pt_65-lb-cover-uncoated_cl_4-0_ct_none_prt_none_sft_none_set_none_ver,Posters — 18x18-inch — ver,posters,posters,"{""CoatingType"":""none"",""ColorType"":""4-0"",""Orientation"":""ver"",""PaperFormat"":""18x18-inch"",""PaperType"":""65-lb-cover-uncoated"",""ProductStatus"":""activated"",""ProtectionType"":""none"",""ShapeEdgeType"":""none"",""SpotFinishingType"":""none"",""State"":""published"",""Variable"":""no""}"
flat_product_pf_18x18-inch_pt_80-lb-cover-coated-silk_cl_4-0_ct_none_prt_none_sft_none_set_none_hor,Posters — 18x18-inch — hor,posters,posters,"{""CoatingType"":""none"",""ColorType"":""4-0"",""Orientation"":""hor"",""PaperFormat"":""18x18-inch"",""PaperType"":""80-lb-cover-coated-silk"",""ProductStatus"":""activated"",""ProtectionType"":""none"",""ShapeEdgeType"":""none"",""SpotFinishingType"":""none"",""State"":""published"",""Variable"":""no""}"
flat_product_pf_18x18-inch_pt_80-lb-cover-coated-silk_cl_4-0_ct_none_prt_none_sft_none_set_none_ver,Posters — 18x18-inch — ver,posters,posters,"{""CoatingType"":""none"",""ColorType"":""4-0"",""Orientation"":""ver"",""PaperFormat"":""18x18-inch"",""PaperType"":""80-lb-cover-coated-silk"",""ProductStatus"":""activated"",""ProtectionType"":""none"",""ShapeEdgeType"":""none"",""SpotFinishingType"":""none"",""State"":""published"",""Variable"":""no""}"
flat_product_pf_18x18-inch_pt_80-lb-cover-uncoated_cl_4-0_ct_none_prt_none_sft_none_set_none_hor,Posters — 18x18-inch — hor,posters,posters,"{""CoatingType"":""none"",""ColorType"":""4-0"",""Orientation"":""hor"",""PaperFormat"":""18x18-inch"",""PaperType"":""80-lb-cover-uncoated"",""ProductStatus"":""activated"",""ProtectionType"":""none"",""ShapeEdgeType"":""none"",""SpotFinishingType"":""none"",""State"":""published"",""Variable"":""no""}"
flat_product_pf_18x18-inch_pt_80-lb-cover-uncoated_cl_4-0_ct_none_prt_none_sft_none_set_none_ver,Posters — 18x18-inch — ver,posters,posters,"{""CoatingType"":""none"",""ColorType"":""4-0"",""Orientation"":""ver"",""PaperFormat"":""18x18-inch"",""PaperType"":""80-lb-cover-uncoated"",""ProductStatus"":""activated"",""ProtectionType"":""none"",""ShapeEdgeType"":""none"",""SpotFinishingType"":""none"",""State"":""published"",""Variable"":""no""}"
flat_product_pf_18x24-inch_pt_100-lb-cover-uncoated-offwhite-archival_cl_4-0_ct_none_prt_none_sft_none_set_none_hor,Posters — 18x24-inch — hor,posters,posters,"{""CoatingType"":""none"",""ColorType"":""4-0"",""Orientation"":""hor"",""PaperFormat"":""18x24-inch"",""PaperType"":""100-lb-cover-uncoated-offwhite-archival"",""ProductStatus"":""activated"",""ProtectionType"":""none"",""ShapeEdgeType"":""none"",""SpotFinishingType"":""none"",""State"":""published"",""Variable"":""no""}"
flat_product_pf_18x24-inch_pt_100-lb-cover-uncoated-offwhite-archival_cl_4-0_ct_none_prt_none_sft_none_set_none_ver,Posters — 18x24-inch — ver,posters,posters,"{""CoatingType"":""none"",""ColorType"":""4-0"",""Orientation"":""ver"",""PaperFormat"":""18x24-inch"",""PaperType"":""100-lb-cover-uncoated-offwhite-archival"",""ProductStatus"":""activated"",""ProtectionType"":""none"",""ShapeEdgeType"":""none"",""SpotFinishingType"":""none"",""State"":""published"",""Variable"":""no""}"
flat_product_pf_18x24-inch_pt_170-gsm-coated-silk_cl_4-0_ct_none_prt_none_sft_none_set_none_hor,Posters — 18x24-inch — hor,posters,posters,"{""CoatingType"":""none"",""ColorType"":""4-0"",""Orientation"":""hor"",""PaperFormat"":""18x24-inch"",""PaperType"":""170-gsm-coated-silk"",""ProductStatus"":""activated"",""ProtectionType"":""none"",""ShapeEdgeType"":""none"",""SpotFinishingType"":""none"",""State"":""published"",""Variable"":""no""}"
flat_product_pf_18x24-inch_pt_170-gsm-coated-silk_cl_4-0_ct_none_prt_none_sft_none_set_none_ver,Posters — 18x24-inch — ver,posters,posters,"{""CoatingType"":""none"",""ColorType"":""4-0"",""Orientation"":""ver"",""PaperFormat"":""18x24-inch"",""PaperType"":""170-gsm-coated-silk"",""ProductStatus"":""activated"",""ProtectionType"":""none"",""ShapeEdgeType"":""none"",""SpotFinishingType"":""none"",""State"":""published"",""Variable"":""no""}"
flat_product_pf_18x24-inch_pt_170-gsm-uncoated_cl_4-0_ct_none_prt_none_sft_none_set_none_hor,Posters — 18x24-inch — hor,posters,posters,"{""CoatingType"":""none"",""ColorType"":""4-0"",""Orientation"":""hor"",""PaperFormat"":""18x24-inch"",""PaperType"":""170-gsm-uncoated"",""ProductStatus"":""activated"",""ProtectionType"":""none"",""ShapeEdgeType"":""none"",""SpotFinishingType"":""none"",""State"":""published"",""Variable"":""no""}"
flat_product_pf_18x24-inch_pt_170-gsm-uncoated_cl_4-0_ct_none_prt_none_sft_none_set_none_ver,Posters — 18x24-inch — ver,posters,posters,"{""CoatingType"":""none"",""ColorType"":""4-0"",""Orientation"":""ver"",""PaperFormat"":""18x24-inch"",""PaperType"":""170-gsm-uncoated"",""ProductStatus"":""activated"",""ProtectionType"":""none"",""ShapeEdgeType"":""none"",""SpotFinishingType"":""none"",""State"":""published"",""Variable"":""no""}"
flat_product_pf_18x24-inch_pt_200-gsm-coated-silk_cl_4-0_ct_none_prt_none_sft_none_set_none_hor,Posters — 18x24-inch — hor,posters,posters,"{""CoatingType"":""none"",""ColorType"":""4-0"",""Orientation"":""hor"",""PaperFormat"":""18x24-inch"",""PaperType"":""200-gsm-coated-silk"",""ProductStatus"":""activated"",""ProtectionType"":""none"",""ShapeEdgeType"":""none"",""SpotFinishingType"":""none"",""State"":""published"",""Variable"":""no""}"
flat_product_pf_18x24-inch_pt_200-gsm-coated-silk_cl_4-0_ct_none_prt_none_sft_none_set_none_ver,Posters — 18x24-inch — ver,posters,posters,"{""CoatingType"":""none"",""ColorType"":""4-0"",""Orientation"":""ver"",""PaperFormat"":""18x24-inch"",""PaperType"":""200-gsm-coated-silk"",""ProductStatus"":""activated"",""ProtectionType"":""none"",""ShapeEdgeType"":""none"",""SpotFinishingType"":""none"",""State"":""published"",""Variable"":""no""}"
flat_product_pf_18x24-inch_pt_200-gsm-uncoated_cl_4-0_ct_none_prt_none_sft_none_set_none_hor,Posters — 18x24-inch — hor,posters,posters,"{""CoatingType"":""none"",""ColorType"":""4-0"",""Orientation"":""hor"",""PaperFormat"":""18x24-inch"",""PaperType"":""200-gsm-uncoated"",""ProductStatus"":""activated"",""ProtectionType"":""none"",""ShapeEdgeType"":""none"",""SpotFinishingType"":""none"",""State"":""published"",""Variable"":""no""}"
flat_product_pf_18x24-inch_pt_200-gsm-uncoated_cl_4-0_ct_none_prt_none_sft_none_set_none_ver,Posters — 18x24-inch — ver,posters,posters,"{""CoatingType"":""none"",""ColorType"":""4-0"",""Orientation"":""ver"",""PaperFormat"":""18x24-inch"",""PaperType"":""200-gsm-uncoated"",""ProductStatus"":""activated"",""ProtectionType"":""none"",""ShapeEdgeType"":""none"",""SpotFinishingType"":""none"",""State"":""published"",""Variable"":""no""}"
flat_product_pf_18x24-inch_pt_65-lb-cover-coated-silk_cl_4-0_ct_none_prt_none_sft_none_set_none_hor,Posters — 18x24-inch — hor,posters,posters,"{""CoatingType"":""none"",""ColorType"":""4-0"",""Orientation"":""hor"",""PaperFormat"":""18x24-inch"",""PaperType"":""65-lb-cover-coated-silk"",""ProductStatus"":""activated"",""ProtectionType"":""none"",""ShapeEdgeType"":""none"",""SpotFinishingType"":""none"",""State"":""published"",""Variable"":""no""}"
flat_product_pf_18x24-inch_pt_65-lb-cover-coated-silk_cl_4-0_ct_none_prt_none_sft_none_set_none_ver,Posters — 18x24-inch — ver,posters,posters,"{""CoatingType"":""none"",""ColorType"":""4-0"",""Orientation"":""ver"",""PaperFormat"":""18x24-inch"",""PaperType"":""65-lb-cover-coated-silk"",""ProductStatus"":""activated"",""ProtectionType"":""none"",""ShapeEdgeType"":""none"",""SpotFinishingType"":""none"",""State"":""published"",""Variable"":""no""}"
flat_product_pf_18x24-inch_pt_65-lb-cover-uncoated_cl_4-0_ct_none_prt_none_sft_none_set_none_hor,Posters — 18x24-inch — hor,posters,posters,"{""CoatingType"":""none"",""ColorType"":""4-0"",""Orientation"":""hor"",""PaperFormat"":""18x24-inch"",""PaperType"":""65-lb-cover-uncoated"",""ProductStatus"":""activated"",""ProtectionType"":""none"",""ShapeEdgeType"":""none"",""SpotFinishingType"":""none"",""State"":""published"",""Variable"":""no""}"
flat_product_pf_18x24-inch_pt_65-lb-cover-uncoated_cl_4-0_ct_none_prt_none_sft_none_set_none_ver,Posters — 18x24-inch — ver,posters,posters,"{""CoatingType"":""none"",""ColorType"":""4-0"",""Orientation"":""ver"",""PaperFormat"":""18x24-inch"",""PaperType"":""65-lb-cover-uncoated"",""ProductStatus"":""activated"",""ProtectionType"":""none"",""ShapeEdgeType"":""none"",""SpotFinishingType"":""none"",""State"":""published"",""Variable"":""no""}"
flat_product_pf_18x24-inch_pt_80-lb-cover-coated-silk_cl_4-0_ct_none_prt_none_sft_none_set_none_hor,Posters — 18x24-inch — hor,posters,posters,"{""CoatingType"":""none"",""ColorType"":""4-0"",""Orientation"":""hor"",""PaperFormat"":""18x24-inch"",""PaperType"":""80-lb-cover-coated-silk"",""ProductStatus"":""activated"",""ProtectionType"":""none"",""ShapeEdgeType"":""none"",""SpotFinishingType"":""none"",""State"":""published"",""Variable"":""no""}"
flat_product_pf_18x24-inch_pt_80-lb-cover-coated-silk_cl_4-0_ct_none_prt_none_sft_none_set_none_ver,Posters — 18x24-inch — ver,posters,posters,"{""CoatingType"":""none"",""ColorType"":""4-0"",""Orientation"":""ver"",""PaperFormat"":""18x24-inch"",""PaperType"":""80-lb-cover-coated-silk"",""ProductStatus"":""activated"",""ProtectionType"":""none"",""ShapeEdgeType"":""none"",""SpotFinishingType"":""none"",""State"":""published"",""Variable"":""no""}"
flat_product_pf_18x24-inch_pt_80-lb-cover-uncoated_cl_4-0_ct_none_prt_none_sft_none_set_none_hor,Posters — 18x24-inch — hor,posters,posters,"{""CoatingType"":""none"",""ColorType"":""4-0"",""Orientation"":""hor"",""PaperFormat"":""18x24-inch"",""PaperType"":""80-lb-cover-uncoated"",""ProductStatus"":""activated"",""ProtectionType"":""none"",""ShapeEdgeType"":""none"",""SpotFinishingType"":""none"",""State"":""published"",""Variable"":""no""}"
flat_product_pf_18x24-inch_pt_80-lb-cover-uncoated_cl_4-0_ct_none_prt_none_sft_none_set_none_ver,Posters — 18x24-inch — ver,posters,posters,"{""CoatingType"":""none"",""ColorType"":""4-0"",""Orientation"":""ver"",""PaperFormat"":""18x24-inch"",""PaperType"":""80-lb-cover-uncoated"",""ProductStatus"":""activated"",""ProtectionType"":""none"",""ShapeEdgeType"":""none"",""SpotFinishingType"":""none"",""State"":""published"",""Variable"":""no""}"
flat_product_pf_200x250-mm_pt_250-gsm-uncoated-offwhite-archival_cl_4-0_ct_none_prt_none_sft_none_set_none_hor,Posters — 200x250-mm — hor,posters,posters,"{""CoatingType"":""none"",""ColorType"":""4-0"",""Orientation"":""hor"",""PaperFormat"":""200x250-mm"",""PaperType"":""250-gsm-uncoated-offwhite-archival"",""ProductStatus"":""activated"",""ProtectionType"":""none"",""ShapeEdgeType"":""none"",""SpotFinishingType"":""none"",""State"":""published"",""Variable"":""no""}"
flat_product_pf_200x250-mm_pt_250-gsm-uncoated-offwhite-archival_cl_4-0_ct_none_prt_none_sft_none_set_none_ver,Posters — 200x250-mm — ver,posters,posters,"{""CoatingType"":""none"",""ColorType"":""4-0"",""Orientation"":""ver"",""PaperFormat"":""200x250-mm"",""PaperType"":""250-gsm-uncoated-offwhite-archival"",""ProductStatus"":""activated"",""ProtectionType"":""none"",""ShapeEdgeType"":""none"",""SpotFinishingType"":""none"",""State"":""published"",""Variable"":""no""}"
flat_product_pf_20x20-inch_pt_100-lb-cover-uncoated-offwhite-archival_cl_4-0_ct_none_prt_none_sft_none_set_none_hor,Posters — 20x20-inch — hor,posters,posters,"{""CoatingType"":""none"",""ColorType"":""4-0"",""Orientation"":""hor"",""PaperFormat"":""20x20-inch"",""PaperType"":""100-lb-cover-uncoated-offwhite-archival"",""ProductStatus"":""activated"",""ProtectionType"":""none"",""ShapeEdgeType"":""none"",""SpotFinishingType"":""none"",""State"":""published"",""Variable"":""no""}"
flat_product_pf_20x20-inch_pt_100-lb-cover-uncoated-offwhite-archival_cl_4-0_ct_none_prt_none_sft_none_set_none_ver,Posters — 20x20-inch — ver,posters,posters,"{""CoatingType"":""none"",""ColorType"":""4-0"",""Orientation"":""ver"",""PaperFormat"":""20x20-inch"",""PaperType"":""100-lb-cover-uncoated-offwhite-archival"",""ProductStatus"":""activated"",""ProtectionType"":""none"",""ShapeEdgeType"":""none"",""SpotFinishingType"":""none"",""State"":""published"",""Variable"":""no""}"
flat_product_pf_20x20-inch_pt_170-gsm-coated-silk_cl_4-0_ct_none_prt_none_sft_none_set_none_hor,Posters — 20x20-inch — hor,posters,posters,"{""CoatingType"":""none"",""ColorType"":""4-0"",""Orientation"":""hor"",""PaperFormat"":""20x20-inch"",""PaperType"":""170-gsm-coated-silk"",""ProductStatus"":""activated"",""ProtectionType"":""none"",""ShapeEdgeType"":""none"",""SpotFinishingType"":""none"",""State"":""published"",""Variable"":""no""}"
flat_product_pf_20x20-inch_pt_170-gsm-coated-silk_cl_4-0_ct_none_prt_none_sft_none_set_none_ver,Posters — 20x20-inch — ver,posters,posters,"{""CoatingType"":""none"",""ColorType"":""4-0"",""Orientation"":""ver"",""PaperFormat"":""20x20-inch"",""PaperType"":""170-gsm-coated-silk"",""ProductStatus"":""activated"",""ProtectionType"":""none"",""ShapeEdgeType"":""none"",""SpotFinishingType"":""none"",""State"":""published"",""Variable"":""no""}"
flat_product_pf_20x20-inch_pt_170-gsm-uncoated_cl_4-0_ct_none_prt_none_sft_none_set_none_hor,Posters — 20x20-inch — hor,posters,posters,"{""CoatingType"":""none"",""ColorType"":""4-0"",""Orientation"":""hor"",""PaperFormat"":""20x20-inch"",""PaperType"":""170-gsm-uncoated"",""ProductStatus"":""activated"",""ProtectionType"":""none"",""ShapeEdgeType"":""none"",""SpotFinishingType"":""none"",""State"":""published"",""Variable"":""no""}"
flat_product_pf_20x20-inch_pt_170-gsm-uncoated_cl_4-0_ct_none_prt_none_sft_none_set_none_ver,Posters — 20x20-inch — ver,posters,posters,"{""CoatingType"":""none"",""ColorType"":""4-0"",""Orientation"":""ver"",""PaperFormat"":""20x20-inch"",""PaperType"":""170-gsm-uncoated"",""ProductStatus"":""activated"",""ProtectionType"":""none"",""ShapeEdgeType"":""none"",""SpotFinishingType"":""none"",""State"":""published"",""Variable"":""no""}"
flat_product_pf_20x20-inch_pt_200-gsm-coated-silk_cl_4-0_ct_none_prt_none_sft_none_set_none_hor,Posters — 20x20-inch — hor,posters,posters,"{""CoatingType"":""none"",""ColorType"":""4-0"",""Orientation"":""hor"",""PaperFormat"":""20x20-inch"",""PaperType"":""200-gsm-coated-silk"",""ProductStatus"":""activated"",""ProtectionType"":""none"",""ShapeEdgeType"":""none"",""SpotFinishingType"":""none"",""State"":""published"",""Variable"":""no""}"
flat_product_pf_20x20-inch_pt_200-gsm-coated-silk_cl_4-0_ct_none_prt_none_sft_none_set_none_ver,Posters — 20x20-inch — ver,posters,posters,"{""CoatingType"":""none"",""ColorType"":""4-0"",""Orientation"":""ver"",""PaperFormat"":""20x20-inch"",""PaperType"":""200-gsm-coated-silk"",""ProductStatus"":""activated"",""ProtectionType"":""none"",""ShapeEdgeType"":""none"",""SpotFinishingType"":""none"",""State"":""published"",""Variable"":""no""}"
flat_product_pf_20x20-inch_pt_200-gsm-uncoated_cl_4-0_ct_none_prt_none_sft_none_set_none_hor,Posters — 20x20-inch — hor,posters,posters,"{""CoatingType"":""none"",""ColorType"":""4-0"",""Orientation"":""hor"",""PaperFormat"":""20x20-inch"",""PaperType"":""200-gsm-uncoated"",""ProductStatus"":""activated"",""ProtectionType"":""none"",""ShapeEdgeType"":""none"",""SpotFinishingType"":""none"",""State"":""published"",""Variable"":""no""}"
flat_product_pf_20x20-inch_pt_200-gsm-uncoated_cl_4-0_ct_none_prt_none_sft_none_set_none_ver,Posters — 20x20-inch — ver,posters,posters,"{""CoatingType"":""none"",""ColorType"":""4-0"",""Orientation"":""ver"",""PaperFormat"":""20x20-inch"",""PaperType"":""200-gsm-uncoated"",""ProductStatus"":""activated"",""ProtectionType"":""none"",""ShapeEdgeType"":""none"",""SpotFinishingType"":""none"",""State"":""published"",""Variable"":""no""}"
flat_product_pf_20x20-inch_pt_65-lb-cover-coated-silk_cl_4-0_ct_none_prt_none_sft_none_set_none_hor,Posters — 20x20-inch — hor,posters,posters,"{""CoatingType"":""none"",""ColorType"":""4-0"",""Orientation"":""hor"",""PaperFormat"":""20x20-inch"",""PaperType"":""65-lb-cover-coated-silk"",""ProductStatus"":""activated"",""ProtectionType"":""none"",""ShapeEdgeType"":""none"",""SpotFinishingType"":""none"",""State"":""published"",""Variable"":""no""}"
flat_product_pf_20x20-inch_pt_65-lb-cover-coated-silk_cl_4-0_ct_none_prt_none_sft_none_set_none_ver,Posters — 20x20-inch — ver,posters,posters,"{""CoatingType"":""none"",""ColorType"":""4-0"",""Orientation"":""ver"",""PaperFormat"":""20x20-inch"",""PaperType"":""65-lb-cover-coated-silk"",""ProductStatus"":""activated"",""ProtectionType"":""none"",""ShapeEdgeType"":""none"",""SpotFinishingType"":""none"",""State"":""published"",""Variable"":""no""}"
flat_product_pf_20x20-inch_pt_65-lb-cover-uncoated_cl_4-0_ct_none_prt_none_sft_none_set_none_hor,Posters — 20x20-inch — hor,posters,posters,"{""CoatingType"":""none"",""ColorType"":""4-0"",""Orientation"":""hor"",""PaperFormat"":""20x20-inch"",""PaperType"":""65-lb-cover-uncoated"",""ProductStatus"":""activated"",""ProtectionType"":""none"",""ShapeEdgeType"":""none"",""SpotFinishingType"":""none"",""State"":""published"",""Variable"":""no""}"
flat_product_pf_20x20-inch_pt_65-lb-cover-uncoated_cl_4-0_ct_none_prt_none_sft_none_set_none_ver,Posters — 20x20-inch — ver,posters,posters,"{""CoatingType"":""none"",""ColorType"":""4-0"",""Orientation"":""ver"",""PaperFormat"":""20x20-inch"",""PaperType"":""65-lb-cover-uncoated"",""ProductStatus"":""activated"",""ProtectionType"":""none"",""ShapeEdgeType"":""none"",""SpotFinishingType"":""none"",""State"":""published"",""Variable"":""no""}"
flat_product_pf_20x20-inch_pt_80-lb-cover-coated-silk_cl_4-0_ct_none_prt_none_sft_none_set_none_hor,Posters — 20x20-inch — hor,posters,posters,"{""CoatingType"":""none"",""ColorType"":""4-0"",""Orientation"":""hor"",""PaperFormat"":""20x20-inch"",""PaperType"":""80-lb-cover-coated-silk"",""ProductStatus"":""activated"",""ProtectionType"":""none"",""ShapeEdgeType"":""none"",""SpotFinishingType"":""none"",""State"":""published"",""Variable"":""no""}"
flat_product_pf_20x20-inch_pt_80-lb-cover-coated-silk_cl_4-0_ct_none_prt_none_sft_none_set_none_ver,Posters — 20x20-inch — ver,posters,posters,"{""CoatingType"":""none"",""ColorType"":""4-0"",""Orientation"":""ver"",""PaperFormat"":""20x20-inch"",""PaperType"":""80-lb-cover-coated-silk"",""ProductStatus"":""activated"",""ProtectionType"":""none"",""ShapeEdgeType"":""none"",""SpotFinishingType"":""none"",""State"":""published"",""Variable"":""no""}"
flat_product_pf_20x20-inch_pt_80-lb-cover-uncoated_cl_4-0_ct_none_prt_none_sft_none_set_none_hor,Posters — 20x20-inch — hor,posters,posters,"{""CoatingType"":""none"",""ColorType"":""4-0"",""Orientation"":""hor"",""PaperFormat"":""20x20-inch"",""PaperType"":""80-lb-cover-uncoated"",""ProductStatus"":""activated"",""ProtectionType"":""none"",""ShapeEdgeType"":""none"",""SpotFinishingType"":""none"",""State"":""published"",""Variable"":""no""}"
flat_product_pf_20x20-inch_pt_80-lb-cover-uncoated_cl_4-0_ct_none_prt_none_sft_none_set_none_ver,Posters — 20x20-inch — ver,posters,posters,"{""CoatingType"":""none"",""ColorType"":""4-0"",""Orientation"":""ver"",""PaperFormat"":""20x20-inch"",""PaperType"":""80-lb-cover-uncoated"",""ProductStatus"":""activated"",""ProtectionType"":""none"",""ShapeEdgeType"":""none"",""SpotFinishingType"":""none"",""State"":""published"",""Variable"":""no""}"
flat_product_pf_20x28-inch_pt_100-lb-cover-uncoated-offwhite-archival_cl_4-0_ct_none_prt_none_sft_none_set_none_hor,Posters — 20x28-inch — hor,posters,posters,"{""CoatingType"":""none"",""ColorType"":""4-0"",""Orientation"":""hor"",""PaperFormat"":""20x28-inch"",""PaperType"":""100-lb-cover-uncoated-offwhite-archival"",""ProductStatus"":""activated"",""ProtectionType"":""none"",""ShapeEdgeType"":""none"",""SpotFinishingType"":""none"",""State"":""published"",""Variable"":""no""}"
flat_product_pf_20x28-inch_pt_100-lb-cover-uncoated-offwhite-archival_cl_4-0_ct_none_prt_none_sft_none_set_none_ver,Posters — 20x28-inch — ver,posters,posters,"{""CoatingType"":""none"",""ColorType"":""4-0"",""Orientation"":""ver"",""PaperFormat"":""20x28-inch"",""PaperType"":""100-lb-cover-uncoated-offwhite-archival"",""ProductStatus"":""activated"",""ProtectionType"":""none"",""ShapeEdgeType"":""none"",""SpotFinishingType"":""none"",""State"":""published"",""Variable"":""no""}"
flat_product_pf_20x28-inch_pt_170-gsm-coated-silk_cl_4-0_ct_none_prt_none_sft_none_set_none_hor,Posters — 20x28-inch — hor,posters,posters,"{""CoatingType"":""none"",""ColorType"":""4-0"",""Orientation"":""hor"",""PaperFormat"":""20x28-inch"",""PaperType"":""170-gsm-coated-silk"",""ProductStatus"":""activated"",""ProtectionType"":""none"",""ShapeEdgeType"":""none"",""SpotFinishingType"":""none"",""State"":""published"",""Variable"":""no""}"
flat_product_pf_20x28-inch_pt_170-gsm-coated-silk_cl_4-0_ct_none_prt_none_sft_none_set_none_ver,Posters — 20x28-inch — ver,posters,posters,"{""CoatingType"":""none"",""ColorType"":""4-0"",""Orientation"":""ver"",""PaperFormat"":""20x28-inch"",""PaperType"":""170-gsm-coated-silk"",""ProductStatus"":""activated"",""ProtectionType"":""none"",""ShapeEdgeType"":""none"",""SpotFinishingType"":""none"",""State"":""published"",""Variable"":""no""}"
flat_product_pf_20x28-inch_pt_170-gsm-uncoated_cl_4-0_ct_none_prt_none_sft_none_set_none_hor,Posters — 20x28-inch — hor,posters,posters,"{""CoatingType"":""none"",""ColorType"":""4-0"",""Orientation"":""hor"",""PaperFormat"":""20x28-inch"",""PaperType"":""170-gsm-uncoated"",""ProductStatus"":""activated"",""ProtectionType"":""none"",""ShapeEdgeType"":""none"",""SpotFinishingType"":""none"",""State"":""published"",""Variable"":""no""}"
flat_product_pf_20x28-inch_pt_170-gsm-uncoated_cl_4-0_ct_none_prt_none_sft_none_set_none_ver,Posters — 20x28-inch — ver,posters,posters,"{""CoatingType"":""none"",""ColorType"":""4-0"",""Orientation"":""ver"",""PaperFormat"":""20x28-inch"",""PaperType"":""170-gsm-uncoated"",""ProductStatus"":""activated"",""ProtectionType"":""none"",""ShapeEdgeType"":""none"",""SpotFinishingType"":""none"",""State"":""published"",""Variable"":""no""}"
flat_product_pf_20x28-inch_pt_200-gsm-coated-silk_cl_4-0_ct_none_prt_none_sft_none_set_none_hor,Posters — 20x28-inch — hor,posters,posters,"{""CoatingType"":""none"",""ColorType"":""4-0"",""Orientation"":""hor"",""PaperFormat"":""20x28-inch"",""PaperType"":""200-gsm-coated-silk"",""ProductStatus"":""activated"",""ProtectionType"":""none"",""ShapeEdgeType"":""none"",""SpotFinishingType"":""none"",""State"":""published"",""Variable"":""no""}"
flat_product_pf_20x28-inch_pt_200-gsm-coated-silk_cl_4-0_ct_none_prt_none_sft_none_set_none_ver,Posters — 20x28-inch — ver,posters,posters,"{""CoatingType"":""none"",""ColorType"":""4-0"",""Orientation"":""ver"",""PaperFormat"":""20x28-inch"",""PaperType"":""200-gsm-coated-silk"",""ProductStatus"":""activated"",""ProtectionType"":""none"",""ShapeEdgeType"":""none"",""SpotFinishingType"":""none"",""State"":""published"",""Variable"":""no""}"
flat_product_pf_20x28-inch_pt_200-gsm-uncoated_cl_4-0_ct_none_prt_none_sft_none_set_none_hor,Posters — 20x28-inch — hor,posters,posters,"{""CoatingType"":""none"",""ColorType"":""4-0"",""Orientation"":""hor"",""PaperFormat"":""20x28-inch"",""PaperType"":""200-gsm-uncoated"",""ProductStatus"":""activated"",""ProtectionType"":""none"",""ShapeEdgeType"":""none"",""SpotFinishingType"":""none"",""State"":""published"",""Variable"":""no""}"
flat_product_pf_20x28-inch_pt_200-gsm-uncoated_cl_4-0_ct_none_prt_none_sft_none_set_none_ver,Posters — 20x28-inch — ver,posters,posters,"{""CoatingType"":""none"",""ColorType"":""4-0"",""Orientation"":""ver"",""PaperFormat"":""20x28-inch"",""PaperType"":""200-gsm-uncoated"",""ProductStatus"":""activated"",""ProtectionType"":""none"",""ShapeEdgeType"":""none"",""SpotFinishingType"":""none"",""State"":""published"",""Variable"":""no""}"
flat_product_pf_20x28-inch_pt_65-lb-cover-coated-silk_cl_4-0_ct_none_prt_none_sft_none_set_none_hor,Posters — 20x28-inch — hor,posters,posters,"{""CoatingType"":""none"",""ColorType"":""4-0"",""Orientation"":""hor"",""PaperFormat"":""20x28-inch"",""PaperType"":""65-lb-cover-coated-silk"",""ProductStatus"":""activated"",""ProtectionType"":""none"",""ShapeEdgeType"":""none"",""SpotFinishingType"":""none"",""State"":""published"",""Variable"":""no""}"
flat_product_pf_20x28-inch_pt_65-lb-cover-coated-silk_cl_4-0_ct_none_prt_none_sft_none_set_none_ver,Posters — 20x28-inch — ver,posters,posters,"{""CoatingType"":""none"",""ColorType"":""4-0"",""Orientation"":""ver"",""PaperFormat"":""20x28-inch"",""PaperType"":""65-lb-cover-coated-silk"",""ProductStatus"":""activated"",""ProtectionType"":""none"",""ShapeEdgeType"":""none"",""SpotFinishingType"":""none"",""State"":""published"",""Variable"":""no""}"
flat_product_pf_20x28-inch_pt_65-lb-cover-uncoated_cl_4-0_ct_none_prt_none_sft_none_set_none_hor,Posters — 20x28-inch — hor,posters,posters,"{""CoatingType"":""none"",""ColorType"":""4-0"",""Orientation"":""hor"",""PaperFormat"":""20x28-inch"",""PaperType"":""65-lb-cover-uncoated"",""ProductStatus"":""activated"",""ProtectionType"":""none"",""ShapeEdgeType"":""none"",""SpotFinishingType"":""none"",""State"":""published"",""Variable"":""no""}"
flat_product_pf_20x28-inch_pt_65-lb-cover-uncoated_cl_4-0_ct_none_prt_none_sft_none_set_none_ver,Posters — 20x28-inch — ver,posters,posters,"{""CoatingType"":""none"",""ColorType"":""4-0"",""Orientation"":""ver"",""PaperFormat"":""20x28-inch"",""PaperType"":""65-lb-cover-uncoated"",""ProductStatus"":""activated"",""ProtectionType"":""none"",""ShapeEdgeType"":""none"",""SpotFinishingType"":""none"",""State"":""published"",""Variable"":""no""}"
flat_product_pf_20x28-inch_pt_80-lb-cover-coated-silk_cl_4-0_ct_none_prt_none_sft_none_set_none_hor,Posters — 20x28-inch — hor,posters,posters,"{""CoatingType"":""none"",""ColorType"":""4-0"",""Orientation"":""hor"",""PaperFormat"":""20x28-inch"",""PaperType"":""80-lb-cover-coated-silk"",""ProductStatus"":""activated"",""ProtectionType"":""none"",""ShapeEdgeType"":""none"",""SpotFinishingType"":""none"",""State"":""published"",""Variable"":""no""}"
flat_product_pf_20x28-inch_pt_80-lb-cover-coated-silk_cl_4-0_ct_none_prt_none_sft_none_set_none_ver,Posters — 20x28-inch — ver,posters,posters,"{""CoatingType"":""none"",""ColorType"":""4-0"",""Orientation"":""ver"",""PaperFormat"":""20x28-inch"",""PaperType"":""80-lb-cover-coated-silk"",""ProductStatus"":""activated"",""ProtectionType"":""none"",""ShapeEdgeType"":""none"",""SpotFinishingType"":""none"",""State"":""published"",""Variable"":""no""}"
flat_product_pf_20x28-inch_pt_80-lb-cover-uncoated_cl_4-0_ct_none_prt_none_sft_none_set_none_hor,Posters — 20x28-inch — hor,posters,posters,"{""CoatingType"":""none"",""ColorType"":""4-0"",""Orientation"":""hor"",""PaperFormat"":""20x28-inch"",""PaperType"":""80-lb-cover-uncoated"",""ProductStatus"":""activated"",""ProtectionType"":""none"",""ShapeEdgeType"":""none"",""SpotFinishingType"":""none"",""State"":""published"",""Variable"":""no""}"
flat_product_pf_20x28-inch_pt_80-lb-cover-uncoated_cl_4-0_ct_none_prt_none_sft_none_set_none_ver,Posters — 20x28-inch — ver,posters,posters,"{""CoatingType"":""none"",""ColorType"":""4-0"",""Orientation"":""ver"",""PaperFormat"":""20x28-inch"",""PaperType"":""80-lb-cover-uncoated"",""ProductStatus"":""activated"",""ProtectionType"":""none"",""ShapeEdgeType"":""none"",""SpotFinishingType"":""none"",""State"":""published"",""Variable"":""no""}"
flat_product_pf_210x300-mm_pt_170-gsm-uncoated_cl_4-0_ct_none_prt_none_sft_none_set_none_hor,Posters — 210x300-mm — hor,posters,posters,"{""CoatingType"":""none"",""ColorType"":""4-0"",""Orientation"":""hor"",""PaperFormat"":""210x300-mm"",""PaperType"":""170-gsm-uncoated"",""ProductStatus"":""activated"",""ProtectionType"":""none"",""ShapeEdgeType"":""none"",""SpotFinishingType"":""none"",""State"":""published"",""Variable"":""no""}"
flat_product_pf_210x300-mm_pt_170-gsm-uncoated_cl_4-0_ct_none_prt_none_sft_none_set_none_ver,Posters — 210x300-mm — ver,posters,posters,"{""CoatingType"":""none"",""ColorType"":""4-0"",""Orientation"":""ver"",""PaperFormat"":""210x300-mm"",""PaperType"":""170-gsm-uncoated"",""ProductStatus"":""activated"",""ProtectionType"":""none"",""ShapeEdgeType"":""none"",""SpotFinishingType"":""none"",""State"":""published"",""Variable"":""no""}"
flat_product_pf_210x300-mm_pt_200-gsm-coated-silk_cl_4-0_ct_none_prt_none_sft_none_set_none_hor,Posters — 210x300-mm — hor,posters,posters,"{""CoatingType"":""none"",""ColorType"":""4-0"",""Orientation"":""hor"",""PaperFormat"":""210x300-mm"",""PaperType"":""200-gsm-coated-silk"",""ProductStatus"":""activated"",""ProtectionType"":""none"",""ShapeEdgeType"":""none"",""SpotFinishingType"":""none"",""State"":""published"",""Variable"":""no""}"
flat_product_pf_210x300-mm_pt_200-gsm-coated-silk_cl_4-0_ct_none_prt_none_sft_none_set_none_ver,Posters — 210x300-mm — ver,posters,posters,"{""CoatingType"":""none"",""ColorType"":""4-0"",""Orientation"":""ver"",""PaperFormat"":""210x300-mm"",""PaperType"":""200-gsm-coated-silk"",""ProductStatus"":""activated"",""ProtectionType"":""none"",""ShapeEdgeType"":""none"",""SpotFinishingType"":""none"",""State"":""published"",""Variable"":""no""}"
flat_product_pf_210x300-mm_pt_200-gsm-uncoated_cl_4-0_ct_none_prt_none_sft_none_set_none_hor,Posters — 210x300-mm — hor,posters,posters,"{""CoatingType"":""none"",""ColorType"":""4-0"",""Orientation"":""hor"",""PaperFormat"":""210x300-mm"",""PaperType"":""200-gsm-uncoated"",""ProductStatus"":""activated"",""ProtectionType"":""none"",""ShapeEdgeType"":""none"",""SpotFinishingType"":""none"",""State"":""published"",""Variable"":""no""}"
flat_product_pf_210x300-mm_pt_200-gsm-uncoated_cl_4-0_ct_none_prt_none_sft_none_set_none_ver,Posters — 210x300-mm — ver,posters,posters,"{""CoatingType"":""none"",""ColorType"":""4-0"",""Orientation"":""ver"",""PaperFormat"":""210x300-mm"",""PaperType"":""200-gsm-uncoated"",""ProductStatus"":""activated"",""ProtectionType"":""none"",""ShapeEdgeType"":""none"",""SpotFinishingType"":""none"",""State"":""published"",""Variable"":""no""}"
flat_product_pf_210x300-mm_pt_65-lb-cover-coated-silk_cl_4-0_ct_none_prt_none_sft_none_set_none_hor,Posters — 210x300-mm — hor,posters,posters,"{""CoatingType"":""none"",""ColorType"":""4-0"",""Orientation"":""hor"",""PaperFormat"":""210x300-mm"",""PaperType"":""65-lb-cover-coated-silk"",""ProductStatus"":""activated"",""ProtectionType"":""none"",""ShapeEdgeType"":""none"",""SpotFinishingType"":""none"",""State"":""published"",""Variable"":""no""}"
flat_product_pf_210x300-mm_pt_65-lb-cover-coated-silk_cl_4-0_ct_none_prt_none_sft_none_set_none_ver,Posters — 210x300-mm — ver,posters,posters,"{""CoatingType"":""none"",""ColorType"":""4-0"",""Orientation"":""ver"",""PaperFormat"":""210x300-mm"",""PaperType"":""65-lb-cover-coated-silk"",""ProductStatus"":""activated"",""ProtectionType"":""none"",""ShapeEdgeType"":""none"",""SpotFinishingType"":""none"",""State"":""published"",""Variable"":""no""}"
flat_product_pf_210x300-mm_pt_65-lb-cover-uncoated_cl_4-0_ct_none_prt_none_sft_none_set_none_hor,Posters — 210x300-mm — hor,posters,posters,"{""CoatingType"":""none"",""ColorType"":""4-0"",""Orientation"":""hor"",""PaperFormat"":""210x300-mm"",""PaperType"":""65-lb-cover-uncoated"",""ProductStatus"":""activated"",""ProtectionType"":""none"",""ShapeEdgeType"":""none"",""SpotFinishingType"":""none"",""State"":""published"",""Variable"":""no""}"
flat_product_pf_210x300-mm_pt_65-lb-cover-uncoated_cl_4-0_ct_none_prt_none_sft_none_set_none_ver,Posters — 210x300-mm — ver,posters,posters,"{""CoatingType"":""none"",""ColorType"":""4-0"",""Orientation"":""ver"",""PaperFormat"":""210x300-mm"",""PaperType"":""65-lb-cover-uncoated"",""ProductStatus"":""activated"",""ProtectionType"":""none"",""ShapeEdgeType"":""none"",""SpotFinishingType"":""none"",""State"":""published"",""Variable"":""no""}"
flat_product_pf_210x300-mm_pt_80-lb-cover-coated-silk_cl_4-0_ct_none_prt_none_sft_none_set_none_hor,Posters — 210x300-mm — hor,posters,posters,"{""CoatingType"":""none"",""ColorType"":""4-0"",""Orientation"":""hor"",""PaperFormat"":""210x300-mm"",""PaperType"":""80-lb-cover-coated-silk"",""ProductStatus"":""activated"",""ProtectionType"":""none"",""ShapeEdgeType"":""none"",""SpotFinishingType"":""none"",""State"":""published"",""Variable"":""no""}"
flat_product_pf_210x300-mm_pt_80-lb-cover-coated-silk_cl_4-0_ct_none_prt_none_sft_none_set_none_ver,Posters — 210x300-mm — ver,posters,posters,"{""CoatingType"":""none"",""ColorType"":""4-0"",""Orientation"":""ver"",""PaperFormat"":""210x300-mm"",""PaperType"":""80-lb-cover-coated-silk"",""ProductStatus"":""activated"",""ProtectionType"":""none"",""ShapeEdgeType"":""none"",""SpotFinishingType"":""none"",""State"":""published"",""Variable"":""no""}"
flat_product_pf_210x300-mm_pt_80-lb-cover-uncoated_cl_4-0_ct_none_prt_none_sft_none_set_none_hor,Posters — 210x300-mm — hor,posters,posters,"{""CoatingType"":""none"",""ColorType"":""4-0"",""Orientation"":""hor"",""PaperFormat"":""210x300-mm"",""PaperType"":""80-lb-cover-uncoated"",""ProductStatus"":""activated"",""ProtectionType"":""none"",""ShapeEdgeType"":""none"",""SpotFinishingType"":""none"",""State"":""published"",""Variable"":""no""}"
flat_product_pf_210x300-mm_pt_80-lb-cover-uncoated_cl_4-0_ct_none_prt_none_sft_none_set_none_ver,Posters — 210x300-mm — ver,posters,posters,"{""CoatingType"":""none"",""ColorType"":""4-0"",""Orientation"":""ver"",""PaperFormat"":""210x300-mm"",""PaperType"":""80-lb-cover-uncoated"",""ProductStatus"":""activated"",""ProtectionType"":""none"",""ShapeEdgeType"":""none"",""SpotFinishingType"":""none"",""State"":""published"",""Variable"":""no""}"
flat_product_pf_24x32-inch_pt_100-lb-cover-uncoated-offwhite-archival_cl_4-0_ct_none_prt_none_sft_none_set_none_hor,Posters — 24x32-inch — hor,posters,posters,"{""CoatingType"":""none"",""ColorType"":""4-0"",""Orientation"":""hor"",""PaperFormat"":""24x32-inch"",""PaperType"":""100-lb-cover-uncoated-offwhite-archival"",""ProductStatus"":""activated"",""ProtectionType"":""none"",""ShapeEdgeType"":""none"",""SpotFinishingType"":""none"",""State"":""published"",""Variable"":""no""}"
flat_product_pf_24x32-inch_pt_100-lb-cover-uncoated-offwhite-archival_cl_4-0_ct_none_prt_none_sft_none_set_none_ver,Posters — 24x32-inch — ver,posters,posters,"{""CoatingType"":""none"",""ColorType"":""4-0"",""Orientation"":""ver"",""PaperFormat"":""24x32-inch"",""PaperType"":""100-lb-cover-uncoated-offwhite-archival"",""ProductStatus"":""activated"",""ProtectionType"":""none"",""ShapeEdgeType"":""none"",""SpotFinishingType"":""none"",""State"":""published"",""Variable"":""no""}"
flat_product_pf_24x32-inch_pt_170-gsm-coated-silk_cl_4-0_ct_none_prt_none_sft_none_set_none_hor,Posters — 24x32-inch — hor,posters,posters,"{""CoatingType"":""none"",""ColorType"":""4-0"",""Orientation"":""hor"",""PaperFormat"":""24x32-inch"",""PaperType"":""170-gsm-coated-silk"",""ProductStatus"":""activated"",""ProtectionType"":""none"",""ShapeEdgeType"":""none"",""SpotFinishingType"":""none"",""State"":""published"",""Variable"":""no""}"
flat_product_pf_24x32-inch_pt_170-gsm-coated-silk_cl_4-0_ct_none_prt_none_sft_none_set_none_ver,Posters — 24x32-inch — ver,posters,posters,"{""CoatingType"":""none"",""ColorType"":""4-0"",""Orientation"":""ver"",""PaperFormat"":""24x32-inch"",""PaperType"":""170-gsm-coated-silk"",""ProductStatus"":""activated"",""ProtectionType"":""none"",""ShapeEdgeType"":""none"",""SpotFinishingType"":""none"",""State"":""published"",""Variable"":""no""}"
flat_product_pf_24x32-inch_pt_170-gsm-uncoated_cl_4-0_ct_none_prt_none_sft_none_set_none_hor,Posters — 24x32-inch — hor,posters,posters,"{""CoatingType"":""none"",""ColorType"":""4-0"",""Orientation"":""hor"",""PaperFormat"":""24x32-inch"",""PaperType"":""170-gsm-uncoated"",""ProductStatus"":""activated"",""ProtectionType"":""none"",""ShapeEdgeType"":""none"",""SpotFinishingType"":""none"",""State"":""published"",""Variable"":""no""}"
flat_product_pf_24x32-inch_pt_170-gsm-uncoated_cl_4-0_ct_none_prt_none_sft_none_set_none_ver,Posters — 24x32-inch — ver,posters,posters,"{""CoatingType"":""none"",""ColorType"":""4-0"",""Orientation"":""ver"",""PaperFormat"":""24x32-inch"",""PaperType"":""170-gsm-uncoated"",""ProductStatus"":""activated"",""ProtectionType"":""none"",""ShapeEdgeType"":""none"",""SpotFinishingType"":""none"",""State"":""published"",""Variable"":""no""}"
flat_product_pf_24x32-inch_pt_200-gsm-coated-silk_cl_4-0_ct_none_prt_none_sft_none_set_none_hor,Posters — 24x32-inch — hor,posters,posters,"{""CoatingType"":""none"",""ColorType"":""4-0"",""Orientation"":""hor"",""PaperFormat"":""24x32-inch"",""PaperType"":""200-gsm-coated-silk"",""ProductStatus"":""activated"",""ProtectionType"":""none"",""ShapeEdgeType"":""none"",""SpotFinishingType"":""none"",""State"":""published"",""Variable"":""no""}"
flat_product_pf_24x32-inch_pt_200-gsm-coated-silk_cl_4-0_ct_none_prt_none_sft_none_set_none_ver,Posters — 24x32-inch — ver,posters,posters,"{""CoatingType"":""none"",""ColorType"":""4-0"",""Orientation"":""ver"",""PaperFormat"":""24x32-inch"",""PaperType"":""200-gsm-coated-silk"",""ProductStatus"":""activated"",""ProtectionType"":""none"",""ShapeEdgeType"":""none"",""SpotFinishingType"":""none"",""State"":""published"",""Variable"":""no""}"
flat_product_pf_24x32-inch_pt_200-gsm-uncoated_cl_4-0_ct_none_prt_none_sft_none_set_none_hor,Posters — 24x32-inch — hor,posters,posters,"{""CoatingType"":""none"",""ColorType"":""4-0"",""Orientation"":""hor"",""PaperFormat"":""24x32-inch"",""PaperType"":""200-gsm-uncoated"",""ProductStatus"":""activated"",""ProtectionType"":""none"",""ShapeEdgeType"":""none"",""SpotFinishingType"":""none"",""State"":""published"",""Variable"":""no""}"
flat_product_pf_24x32-inch_pt_200-gsm-uncoated_cl_4-0_ct_none_prt_none_sft_none_set_none_ver,Posters — 24x32-inch — ver,posters,posters,"{""CoatingType"":""none"",""ColorType"":""4-0"",""Orientation"":""ver"",""PaperFormat"":""24x32-inch"",""PaperType"":""200-gsm-uncoated"",""ProductStatus"":""activated"",""ProtectionType"":""none"",""ShapeEdgeType"":""none"",""SpotFinishingType"":""none"",""State"":""published"",""Variable"":""no""}"
flat_product_pf_24x32-inch_pt_65-lb-cover-coated-silk_cl_4-0_ct_none_prt_none_sft_none_set_none_hor,Posters — 24x32-inch — hor,posters,posters,"{""CoatingType"":""none"",""ColorType"":""4-0"",""Orientation"":""hor"",""PaperFormat"":""24x32-inch"",""PaperType"":""65-lb-cover-coated-silk"",""ProductStatus"":""activated"",""ProtectionType"":""none"",""ShapeEdgeType"":""none"",""SpotFinishingType"":""none"",""State"":""published"",""Variable"":""no""}"
flat_product_pf_24x32-inch_pt_65-lb-cover-coated-silk_cl_4-0_ct_none_prt_none_sft_none_set_none_ver,Posters — 24x32-inch — ver,posters,posters,"{""CoatingType"":""none"",""ColorType"":""4-0"",""Orientation"":""ver"",""PaperFormat"":""24x32-inch"",""PaperType"":""65-lb-cover-coated-silk"",""ProductStatus"":""activated"",""ProtectionType"":""none"",""ShapeEdgeType"":""none"",""SpotFinishingType"":""none"",""State"":""published"",""Variable"":""no""}"
flat_product_pf_24x32-inch_pt_65-lb-cover-uncoated_cl_4-0_ct_none_prt_none_sft_none_set_none_hor,Posters — 24x32-inch — hor,posters,posters,"{""CoatingType"":""none"",""ColorType"":""4-0"",""Orientation"":""hor"",""PaperFormat"":""24x32-inch"",""PaperType"":""65-lb-cover-uncoated"",""ProductStatus"":""activated"",""ProtectionType"":""none"",""ShapeEdgeType"":""none"",""SpotFinishingType"":""none"",""State"":""published"",""Variable"":""no""}"
flat_product_pf_24x32-inch_pt_65-lb-cover-uncoated_cl_4-0_ct_none_prt_none_sft_none_set_none_ver,Posters — 24x32-inch — ver,posters,posters,"{""CoatingType"":""none"",""ColorType"":""4-0"",""Orientation"":""ver"",""PaperFormat"":""24x32-inch"",""PaperType"":""65-lb-cover-uncoated"",""ProductStatus"":""activated"",""ProtectionType"":""none"",""ShapeEdgeType"":""none"",""SpotFinishingType"":""none"",""State"":""published"",""Variable"":""no""}"
flat_product_pf_24x32-inch_pt_80-lb-cover-coated-silk_cl_4-0_ct_none_prt_none_sft_none_set_none_hor,Posters — 24x32-inch — hor,posters,posters,"{""CoatingType"":""none"",""ColorType"":""4-0"",""Orientation"":""hor"",""PaperFormat"":""24x32-inch"",""PaperType"":""80-lb-cover-coated-silk"",""ProductStatus"":""activated"",""ProtectionType"":""none"",""ShapeEdgeType"":""none"",""SpotFinishingType"":""none"",""State"":""published"",""Variable"":""no""}"
flat_product_pf_24x32-inch_pt_80-lb-cover-coated-silk_cl_4-0_ct_none_prt_none_sft_none_set_none_ver,Posters — 24x32-inch — ver,posters,posters,"{""CoatingType"":""none"",""ColorType"":""4-0"",""Orientation"":""ver"",""PaperFormat"":""24x32-inch"",""PaperType"":""80-lb-cover-coated-silk"",""ProductStatus"":""activated"",""ProtectionType"":""none"",""ShapeEdgeType"":""none"",""SpotFinishingType"":""none"",""State"":""published"",""Variable"":""no""}"
flat_product_pf_24x32-inch_pt_80-lb-cover-uncoated_cl_4-0_ct_none_prt_none_sft_none_set_none_hor,Posters — 24x32-inch — hor,posters,posters,"{""CoatingType"":""none"",""ColorType"":""4-0"",""Orientation"":""hor"",""PaperFormat"":""24x32-inch"",""PaperType"":""80-lb-cover-uncoated"",""ProductStatus"":""activated"",""ProtectionType"":""none"",""ShapeEdgeType"":""none"",""SpotFinishingType"":""none"",""State"":""published"",""Variable"":""no""}"
flat_product_pf_24x32-inch_pt_80-lb-cover-uncoated_cl_4-0_ct_none_prt_none_sft_none_set_none_ver,Posters — 24x32-inch — ver,posters,posters,"{""CoatingType"":""none"",""ColorType"":""4-0"",""Orientation"":""ver"",""PaperFormat"":""24x32-inch"",""PaperType"":""80-lb-cover-uncoated"",""ProductStatus"":""activated"",""ProtectionType"":""none"",""ShapeEdgeType"":""none"",""SpotFinishingType"":""none"",""State"":""published"",""Variable"":""no""}"
flat_product_pf_24x36-inch_pt_100-lb-cover-uncoated-offwhite-archival_cl_4-0_ct_none_prt_none_sft_none_set_none_hor,Posters — 24x36-inch — hor,posters,posters,"{""CoatingType"":""none"",""ColorType"":""4-0"",""Orientation"":""hor"",""PaperFormat"":""24x36-inch"",""PaperType"":""100-lb-cover-uncoated-offwhite-archival"",""ProductStatus"":""activated"",""ProtectionType"":""none"",""ShapeEdgeType"":""none"",""SpotFinishingType"":""none"",""State"":""published"",""Variable"":""no""}"
flat_product_pf_24x36-inch_pt_100-lb-cover-uncoated-offwhite-archival_cl_4-0_ct_none_prt_none_sft_none_set_none_ver,Posters — 24x36-inch — ver,posters,posters,"{""CoatingType"":""none"",""ColorType"":""4-0"",""Orientation"":""ver"",""PaperFormat"":""24x36-inch"",""PaperType"":""100-lb-cover-uncoated-offwhite-archival"",""ProductStatus"":""activated"",""ProtectionType"":""none"",""ShapeEdgeType"":""none"",""SpotFinishingType"":""none"",""State"":""published"",""Variable"":""no""}"
flat_product_pf_24x36-inch_pt_170-gsm-coated-silk_cl_4-0_ct_none_prt_none_sft_none_set_none_hor,Posters — 24x36-inch — hor,posters,posters,"{""CoatingType"":""none"",""ColorType"":""4-0"",""Orientation"":""hor"",""PaperFormat"":""24x36-inch"",""PaperType"":""170-gsm-coated-silk"",""ProductStatus"":""activated"",""ProtectionType"":""none"",""ShapeEdgeType"":""none"",""SpotFinishingType"":""none"",""State"":""published"",""Variable"":""no""}"
flat_product_pf_24x36-inch_pt_170-gsm-coated-silk_cl_4-0_ct_none_prt_none_sft_none_set_none_ver,Posters — 24x36-inch — ver,posters,posters,"{""CoatingType"":""none"",""ColorType"":""4-0"",""Orientation"":""ver"",""PaperFormat"":""24x36-inch"",""PaperType"":""170-gsm-coated-silk"",""ProductStatus"":""activated"",""ProtectionType"":""none"",""ShapeEdgeType"":""none"",""SpotFinishingType"":""none"",""State"":""published"",""Variable"":""no""}"
flat_product_pf_24x36-inch_pt_170-gsm-uncoated_cl_4-0_ct_none_prt_none_sft_none_set_none_hor,Posters — 24x36-inch — hor,posters,posters,"{""CoatingType"":""none"",""ColorType"":""4-0"",""Orientation"":""hor"",""PaperFormat"":""24x36-inch"",""PaperType"":""170-gsm-uncoated"",""ProductStatus"":""activated"",""ProtectionType"":""none"",""ShapeEdgeType"":""none"",""SpotFinishingType"":""none"",""State"":""published"",""Variable"":""no""}"
flat_product_pf_24x36-inch_pt_170-gsm-uncoated_cl_4-0_ct_none_prt_none_sft_none_set_none_ver,Posters — 24x36-inch — ver,posters,posters,"{""CoatingType"":""none"",""ColorType"":""4-0"",""Orientation"":""ver"",""PaperFormat"":""24x36-inch"",""PaperType"":""170-gsm-uncoated"",""ProductStatus"":""activated"",""ProtectionType"":""none"",""ShapeEdgeType"":""none"",""SpotFinishingType"":""none"",""State"":""published"",""Variable"":""no""}"
flat_product_pf_24x36-inch_pt_200-gsm-coated-silk_cl_4-0_ct_none_prt_none_sft_none_set_none_hor,Posters — 24x36-inch — hor,posters,posters,"{""CoatingType"":""none"",""ColorType"":""4-0"",""Orientation"":""hor"",""PaperFormat"":""24x36-inch"",""PaperType"":""200-gsm-coated-silk"",""ProductStatus"":""activated"",""ProtectionType"":""none"",""ShapeEdgeType"":""none"",""SpotFinishingType"":""none"",""State"":""published"",""Variable"":""no""}"
flat_product_pf_24x36-inch_pt_200-gsm-coated-silk_cl_4-0_ct_none_prt_none_sft_none_set_none_ver,Posters — 24x36-inch — ver,posters,posters,"{""CoatingType"":""none"",""ColorType"":""4-0"",""Orientation"":""ver"",""PaperFormat"":""24x36-inch"",""PaperType"":""200-gsm-coated-silk"",""ProductStatus"":""activated"",""ProtectionType"":""none"",""ShapeEdgeType"":""none"",""SpotFinishingType"":""none"",""State"":""published"",""Variable"":""no""}"
flat_product_pf_24x36-inch_pt_200-gsm-uncoated_cl_4-0_ct_none_prt_none_sft_none_set_none_hor,Posters — 24x36-inch — hor,posters,posters,"{""CoatingType"":""none"",""ColorType"":""4-0"",""Orientation"":""hor"",""PaperFormat"":""24x36-inch"",""PaperType"":""200-gsm-uncoated"",""ProductStatus"":""activated"",""ProtectionType"":""none"",""ShapeEdgeType"":""none"",""SpotFinishingType"":""none"",""State"":""published"",""Variable"":""no""}"
flat_product_pf_24x36-inch_pt_200-gsm-uncoated_cl_4-0_ct_none_prt_none_sft_none_set_none_ver,Posters — 24x36-inch — ver,posters,posters,"{""CoatingType"":""none"",""ColorType"":""4-0"",""Orientation"":""ver"",""PaperFormat"":""24x36-inch"",""PaperType"":""200-gsm-uncoated"",""ProductStatus"":""activated"",""ProtectionType"":""none"",""ShapeEdgeType"":""none"",""SpotFinishingType"":""none"",""State"":""published"",""Variable"":""no""}"
flat_product_pf_24x36-inch_pt_65-lb-cover-coated-silk_cl_4-0_ct_none_prt_none_sft_none_set_none_hor,Posters — 24x36-inch — hor,posters,posters,"{""CoatingType"":""none"",""ColorType"":""4-0"",""Orientation"":""hor"",""PaperFormat"":""24x36-inch"",""PaperType"":""65-lb-cover-coated-silk"",""ProductStatus"":""activated"",""ProtectionType"":""none"",""ShapeEdgeType"":""none"",""SpotFinishingType"":""none"",""State"":""published"",""Variable"":""no""}"
flat_product_pf_24x36-inch_pt_65-lb-cover-coated-silk_cl_4-0_ct_none_prt_none_sft_none_set_none_ver,Posters — 24x36-inch — ver,posters,posters,"{""CoatingType"":""none"",""ColorType"":""4-0"",""Orientation"":""ver"",""PaperFormat"":""24x36-inch"",""PaperType"":""65-lb-cover-coated-silk"",""ProductStatus"":""activated"",""ProtectionType"":""none"",""ShapeEdgeType"":""none"",""SpotFinishingType"":""none"",""State"":""published"",""Variable"":""no""}"
flat_product_pf_24x36-inch_pt_65-lb-cover-uncoated_cl_4-0_ct_none_prt_none_sft_none_set_none_hor,Posters — 24x36-inch — hor,posters,posters,"{""CoatingType"":""none"",""ColorType"":""4-0"",""Orientation"":""hor"",""PaperFormat"":""24x36-inch"",""PaperType"":""65-lb-cover-uncoated"",""ProductStatus"":""activated"",""ProtectionType"":""none"",""ShapeEdgeType"":""none"",""SpotFinishingType"":""none"",""State"":""published"",""Variable"":""no""}"
flat_product_pf_24x36-inch_pt_65-lb-cover-uncoated_cl_4-0_ct_none_prt_none_sft_none_set_none_ver,Posters — 24x36-inch — ver,posters,posters,"{""CoatingType"":""none"",""ColorType"":""4-0"",""Orientation"":""ver"",""PaperFormat"":""24x36-inch"",""PaperType"":""65-lb-cover-uncoated"",""ProductStatus"":""activated"",""ProtectionType"":""none"",""ShapeEdgeType"":""none"",""SpotFinishingType"":""none"",""State"":""published"",""Variable"":""no""}"
flat_product_pf_24x36-inch_pt_80-lb-cover-coated-silk_cl_4-0_ct_none_prt_none_sft_none_set_none_hor,Posters — 24x36-inch — hor,posters,posters,"{""CoatingType"":""none"",""ColorType"":""4-0"",""Orientation"":""hor"",""PaperFormat"":""24x36-inch"",""PaperType"":""80-lb-cover-coated-silk"",""ProductStatus"":""activated"",""ProtectionType"":""none"",""ShapeEdgeType"":""none"",""SpotFinishingType"":""none"",""State"":""published"",""Variable"":""no""}"
flat_product_pf_24x36-inch_pt_80-lb-cover-coated-silk_cl_4-0_ct_none_prt_none_sft_none_set_none_ver,Posters — 24x36-inch — ver,posters,posters,"{""CoatingType"":""none"",""ColorType"":""4-0"",""Orientation"":""ver"",""PaperFormat"":""24x36-inch"",""PaperType"":""80-lb-cover-coated-silk"",""ProductStatus"":""activated"",""ProtectionType"":""none"",""ShapeEdgeType"":""none"",""SpotFinishingType"":""none"",""State"":""published"",""Variable"":""no""}"
flat_product_pf_24x36-inch_pt_80-lb-cover-uncoated_cl_4-0_ct_none_prt_none_sft_none_set_none_hor,Posters — 24x36-inch — hor,posters,posters,"{""CoatingType"":""none"",""ColorType"":""4-0"",""Orientation"":""hor"",""PaperFormat"":""24x36-inch"",""PaperType"":""80-lb-cover-uncoated"",""ProductStatus"":""activated"",""ProtectionType"":""none"",""ShapeEdgeType"":""none"",""SpotFinishingType"":""none"",""State"":""published"",""Variable"":""no""}"
flat_product_pf_24x36-inch_pt_80-lb-cover-uncoated_cl_4-0_ct_none_prt_none_sft_none_set_none_ver,Posters — 24x36-inch — ver,posters,posters,"{""CoatingType"":""none"",""ColorType"":""4-0"",""Orientation"":""ver"",""PaperFormat"":""24x36-inch"",""PaperType"":""80-lb-cover-uncoated"",""ProductStatus"":""activated"",""ProtectionType"":""none"",""ShapeEdgeType"":""none"",""SpotFinishingType"":""none"",""State"":""published"",""Variable"":""no""}"
flat_product_pf_250x250-mm_pt_250-gsm-uncoated-offwhite-archival_cl_4-0_ct_none_prt_none_sft_none_set_none_hor,Posters — 250x250-mm — hor,posters,posters,"{""CoatingType"":""none"",""ColorType"":""4-0"",""Orientation"":""hor"",""PaperFormat"":""250x250-mm"",""PaperType"":""250-gsm-uncoated-offwhite-archival"",""ProductStatus"":""activated"",""ProtectionType"":""none"",""ShapeEdgeType"":""none"",""SpotFinishingType"":""none"",""State"":""published"",""Variable"":""no""}"
flat_product_pf_250x250-mm_pt_250-gsm-uncoated-offwhite-archival_cl_4-0_ct_none_prt_none_sft_none_set_none_ver,Posters — 250x250-mm — ver,posters,posters,"{""CoatingType"":""none"",""ColorType"":""4-0"",""Orientation"":""ver"",""PaperFormat"":""250x250-mm"",""PaperType"":""250-gsm-uncoated-offwhite-archival"",""ProductStatus"":""activated"",""ProtectionType"":""none"",""ShapeEdgeType"":""none"",""SpotFinishingType"":""none"",""State"":""published"",""Variable"":""no""}"
flat_product_pf_270x350-mm_pt_250-gsm-uncoated-offwhite-archival_cl_4-0_ct_none_prt_none_sft_none_set_none_hor,Posters — 270x350-mm — hor,posters,posters,"{""CoatingType"":""none"",""ColorType"":""4-0"",""Orientation"":""hor"",""PaperFormat"":""270x350-mm"",""PaperType"":""250-gsm-uncoated-offwhite-archival"",""ProductStatus"":""activated"",""ProtectionType"":""none"",""ShapeEdgeType"":""none"",""SpotFinishingType"":""none"",""State"":""published"",""Variable"":""no""}"
flat_product_pf_270x350-mm_pt_250-gsm-uncoated-offwhite-archival_cl_4-0_ct_none_prt_none_sft_none_set_none_ver,Posters — 270x350-mm — ver,posters,posters,"{""CoatingType"":""none"",""ColorType"":""4-0"",""Orientation"":""ver"",""PaperFormat"":""270x350-mm"",""PaperType"":""250-gsm-uncoated-offwhite-archival"",""ProductStatus"":""activated"",""ProtectionType"":""none"",""ShapeEdgeType"":""none"",""SpotFinishingType"":""none"",""State"":""published"",""Variable"":""no""}"
flat_product_pf_280x430-mm_pt_250-gsm-uncoated-offwhite-archival_cl_4-0_ct_none_prt_none_sft_none_set_none_hor,Posters — 280x430-mm — hor,posters,posters,"{""CoatingType"":""none"",""ColorType"":""4-0"",""Orientation"":""hor"",""PaperFormat"":""280x430-mm"",""PaperType"":""250-gsm-uncoated-offwhite-archival"",""ProductStatus"":""activated"",""ProtectionType"":""none"",""ShapeEdgeType"":""none"",""SpotFinishingType"":""none"",""State"":""published"",""Variable"":""no""}"
flat_product_pf_280x430-mm_pt_250-gsm-uncoated-offwhite-archival_cl_4-0_ct_none_prt_none_sft_none_set_none_ver,Posters — 280x430-mm — ver,posters,posters,"{""CoatingType"":""none"",""ColorType"":""4-0"",""Orientation"":""ver"",""PaperFormat"":""280x430-mm"",""PaperType"":""250-gsm-uncoated-offwhite-archival"",""ProductStatus"":""activated"",""ProtectionType"":""none"",""ShapeEdgeType"":""none"",""SpotFinishingType"":""none"",""State"":""published"",""Variable"":""no""}"
flat_product_pf_28x28-inch_pt_100-lb-cover-uncoated-offwhite-archival_cl_4-0_ct_none_prt_none_sft_none_set_none_hor,Posters — 28x28-inch — hor,posters,posters,"{""CoatingType"":""none"",""ColorType"":""4-0"",""Orientation"":""hor"",""PaperFormat"":""28x28-inch"",""PaperType"":""100-lb-cover-uncoated-offwhite-archival"",""ProductStatus"":""activated"",""ProtectionType"":""none"",""ShapeEdgeType"":""none"",""SpotFinishingType"":""none"",""State"":""published"",""Variable"":""no""}"
flat_product_pf_28x28-inch_pt_100-lb-cover-uncoated-offwhite-archival_cl_4-0_ct_none_prt_none_sft_none_set_none_ver,Posters — 28x28-inch — ver,posters,posters,"{""CoatingType"":""none"",""ColorType"":""4-0"",""Orientation"":""ver"",""PaperFormat"":""28x28-inch"",""PaperType"":""100-lb-cover-uncoated-offwhite-archival"",""ProductStatus"":""activated"",""ProtectionType"":""none"",""ShapeEdgeType"":""none"",""SpotFinishingType"":""none"",""State"":""published"",""Variable"":""no""}"
flat_product_pf_28x28-inch_pt_65-lb-cover-coated-silk_cl_4-0_ct_none_prt_none_sft_none_set_none_hor,Posters — 28x28-inch — hor,posters,posters,"{""CoatingType"":""none"",""ColorType"":""4-0"",""Orientation"":""hor"",""PaperFormat"":""28x28-inch"",""PaperType"":""65-lb-cover-coated-silk"",""ProductStatus"":""activated"",""ProtectionType"":""none"",""ShapeEdgeType"":""none"",""SpotFinishingType"":""none"",""State"":""published"",""Variable"":""no""}"
flat_product_pf_28x28-inch_pt_65-lb-cover-coated-silk_cl_4-0_ct_none_prt_none_sft_none_set_none_ver,Posters — 28x28-inch — ver,posters,posters,"{""CoatingType"":""none"",""ColorType"":""4-0"",""Orientation"":""ver"",""PaperFormat"":""28x28-inch"",""PaperType"":""65-lb-cover-coated-silk"",""ProductStatus"":""activated"",""ProtectionType"":""none"",""ShapeEdgeType"":""none"",""SpotFinishingType"":""none"",""State"":""published"",""Variable"":""no""}"
flat_product_pf_28x28-inch_pt_65-lb-cover-uncoated_cl_4-0_ct_none_prt_none_sft_none_set_none_hor,Posters — 28x28-inch — hor,posters,posters,"{""CoatingType"":""none"",""ColorType"":""4-0"",""Orientation"":""hor"",""PaperFormat"":""28x28-inch"",""PaperType"":""65-lb-cover-uncoated"",""ProductStatus"":""activated"",""ProtectionType"":""none"",""ShapeEdgeType"":""none"",""SpotFinishingType"":""none"",""State"":""published"",""Variable"":""no""}"
flat_product_pf_28x28-inch_pt_65-lb-cover-uncoated_cl_4-0_ct_none_prt_none_sft_none_set_none_ver,Posters — 28x28-inch — ver,posters,posters,"{""CoatingType"":""none"",""ColorType"":""4-0"",""Orientation"":""ver"",""PaperFormat"":""28x28-inch"",""PaperType"":""65-lb-cover-uncoated"",""ProductStatus"":""activated"",""ProtectionType"":""none"",""ShapeEdgeType"":""none"",""SpotFinishingType"":""none"",""State"":""published"",""Variable"":""no""}"
flat_product_pf_28x28-inch_pt_80-lb-cover-coated-silk_cl_4-0_ct_none_prt_none_sft_none_set_none_hor,Posters — 28x28-inch — hor,posters,posters,"{""CoatingType"":""none"",""ColorType"":""4-0"",""Orientation"":""hor"",""PaperFormat"":""28x28-inch"",""PaperType"":""80-lb-cover-coated-silk"",""ProductStatus"":""activated"",""ProtectionType"":""none"",""ShapeEdgeType"":""none"",""SpotFinishingType"":""none"",""State"":""published"",""Variable"":""no""}"
flat_product_pf_28x28-inch_pt_80-lb-cover-coated-silk_cl_4-0_ct_none_prt_none_sft_none_set_none_ver,Posters — 28x28-inch — ver,posters,posters,"{""CoatingType"":""none"",""ColorType"":""4-0"",""Orientation"":""ver"",""PaperFormat"":""28x28-inch"",""PaperType"":""80-lb-cover-coated-silk"",""ProductStatus"":""activated"",""ProtectionType"":""none"",""ShapeEdgeType"":""none"",""SpotFinishingType"":""none"",""State"":""published"",""Variable"":""no""}"
flat_product_pf_28x28-inch_pt_80-lb-cover-uncoated_cl_4-0_ct_none_prt_none_sft_none_set_none_hor,Posters — 28x28-inch — hor,posters,posters,"{""CoatingType"":""none"",""ColorType"":""4-0"",""Orientation"":""hor"",""PaperFormat"":""28x28-inch"",""PaperType"":""80-lb-cover-uncoated"",""ProductStatus"":""activated"",""ProtectionType"":""none"",""ShapeEdgeType"":""none"",""SpotFinishingType"":""none"",""State"":""published"",""Variable"":""no""}"
flat_product_pf_28x28-inch_pt_80-lb-cover-uncoated_cl_4-0_ct_none_prt_none_sft_none_set_none_ver,Posters — 28x28-inch — ver,posters,posters,"{""CoatingType"":""none"",""ColorType"":""4-0"",""Orientation"":""ver"",""PaperFormat"":""28x28-inch"",""PaperType"":""80-lb-cover-uncoated"",""ProductStatus"":""activated"",""ProtectionType"":""none"",""ShapeEdgeType"":""none"",""SpotFinishingType"":""none"",""State"":""published"",""Variable"":""no""}"
flat_product_pf_28x40-inch_pt_100-lb-cover-uncoated-offwhite-archival_cl_4-0_ct_none_prt_none_sft_none_set_none_hor,Posters — 28x40-inch — hor,posters,posters,"{""CoatingType"":""none"",""ColorType"":""4-0"",""Orientation"":""hor"",""PaperFormat"":""28x40-inch"",""PaperType"":""100-lb-cover-uncoated-offwhite-archival"",""ProductStatus"":""activated"",""ProtectionType"":""none"",""ShapeEdgeType"":""none"",""SpotFinishingType"":""none"",""State"":""published"",""Variable"":""no""}"
flat_product_pf_28x40-inch_pt_100-lb-cover-uncoated-offwhite-archival_cl_4-0_ct_none_prt_none_sft_none_set_none_ver,Posters — 28x40-inch — ver,posters,posters,"{""CoatingType"":""none"",""ColorType"":""4-0"",""Orientation"":""ver"",""PaperFormat"":""28x40-inch"",""PaperType"":""100-lb-cover-uncoated-offwhite-archival"",""ProductStatus"":""activated"",""ProtectionType"":""none"",""ShapeEdgeType"":""none"",""SpotFinishingType"":""none"",""State"":""published"",""Variable"":""no""}"
flat_product_pf_28x40-inch_pt_170-gsm-coated-silk_cl_4-0_ct_none_prt_none_sft_none_set_none_hor,Posters — 28x40-inch — hor,posters,posters,"{""CoatingType"":""none"",""ColorType"":""4-0"",""Orientation"":""hor"",""PaperFormat"":""28x40-inch"",""PaperType"":""170-gsm-coated-silk"",""ProductStatus"":""activated"",""ProtectionType"":""none"",""ShapeEdgeType"":""none"",""SpotFinishingType"":""none"",""State"":""published"",""Variable"":""no""}"
flat_product_pf_28x40-inch_pt_170-gsm-coated-silk_cl_4-0_ct_none_prt_none_sft_none_set_none_ver,Posters — 28x40-inch — ver,posters,posters,"{""CoatingType"":""none"",""ColorType"":""4-0"",""Orientation"":""ver"",""PaperFormat"":""28x40-inch"",""PaperType"":""170-gsm-coated-silk"",""ProductStatus"":""activated"",""ProtectionType"":""none"",""ShapeEdgeType"":""none"",""SpotFinishingType"":""none"",""State"":""published"",""Variable"":""no""}"
flat_product_pf_28x40-inch_pt_170-gsm-uncoated_cl_4-0_ct_none_prt_none_sft_none_set_none_hor,Posters — 28x40-inch — hor,posters,posters,"{""CoatingType"":""none"",""ColorType"":""4-0"",""Orientation"":""hor"",""PaperFormat"":""28x40-inch"",""PaperType"":""170-gsm-uncoated"",""ProductStatus"":""activated"",""ProtectionType"":""none"",""ShapeEdgeType"":""none"",""SpotFinishingType"":""none"",""State"":""published"",""Variable"":""no""}"
flat_product_pf_28x40-inch_pt_170-gsm-uncoated_cl_4-0_ct_none_prt_none_sft_none_set_none_ver,Posters — 28x40-inch — ver,posters,posters,"{""CoatingType"":""none"",""ColorType"":""4-0"",""Orientation"":""ver"",""PaperFormat"":""28x40-inch"",""PaperType"":""170-gsm-uncoated"",""ProductStatus"":""activated"",""ProtectionType"":""none"",""ShapeEdgeType"":""none"",""SpotFinishingType"":""none"",""State"":""published"",""Variable"":""no""}"
flat_product_pf_28x40-inch_pt_200-gsm-coated-silk_cl_4-0_ct_none_prt_none_sft_none_set_none_hor,Posters — 28x40-inch — hor,posters,posters,"{""CoatingType"":""none"",""ColorType"":""4-0"",""Orientation"":""hor"",""PaperFormat"":""28x40-inch"",""PaperType"":""200-gsm-coated-silk"",""ProductStatus"":""activated"",""ProtectionType"":""none"",""ShapeEdgeType"":""none"",""SpotFinishingType"":""none"",""State"":""published"",""Variable"":""no""}"
flat_product_pf_28x40-inch_pt_200-gsm-coated-silk_cl_4-0_ct_none_prt_none_sft_none_set_none_ver,Posters — 28x40-inch — ver,posters,posters,"{""CoatingType"":""none"",""ColorType"":""4-0"",""Orientation"":""ver"",""PaperFormat"":""28x40-inch"",""PaperType"":""200-gsm-coated-silk"",""ProductStatus"":""activated"",""ProtectionType"":""none"",""ShapeEdgeType"":""none"",""SpotFinishingType"":""none"",""State"":""published"",""Variable"":""no""}"
flat_product_pf_28x40-inch_pt_200-gsm-uncoated_cl_4-0_ct_none_prt_none_sft_none_set_none_hor,Posters — 28x40-inch — hor,posters,posters,"{""CoatingType"":""none"",""ColorType"":""4-0"",""Orientation"":""hor"",""PaperFormat"":""28x40-inch"",""PaperType"":""200-gsm-uncoated"",""ProductStatus"":""activated"",""ProtectionType"":""none"",""ShapeEdgeType"":""none"",""SpotFinishingType"":""none"",""State"":""published"",""Variable"":""no""}"
flat_product_pf_28x40-inch_pt_200-gsm-uncoated_cl_4-0_ct_none_prt_none_sft_none_set_none_ver,Posters — 28x40-inch — ver,posters,posters,"{""CoatingType"":""none"",""ColorType"":""4-0"",""Orientation"":""ver"",""PaperFormat"":""28x40-inch"",""PaperType"":""200-gsm-uncoated"",""ProductStatus"":""activated"",""ProtectionType"":""none"",""ShapeEdgeType"":""none"",""SpotFinishingType"":""none"",""State"":""published"",""Variable"":""no""}"
flat_product_pf_28x40-inch_pt_65-lb-cover-coated-silk_cl_4-0_ct_none_prt_none_sft_none_set_none_hor,Posters — 28x40-inch — hor,posters,posters,"{""CoatingType"":""none"",""ColorType"":""4-0"",""Orientation"":""hor"",""PaperFormat"":""28x40-inch"",""PaperType"":""65-lb-cover-coated-silk"",""ProductStatus"":""activated"",""ProtectionType"":""none"",""ShapeEdgeType"":""none"",""SpotFinishingType"":""none"",""State"":""published"",""Variable"":""no""}"
flat_product_pf_28x40-inch_pt_65-lb-cover-coated-silk_cl_4-0_ct_none_prt_none_sft_none_set_none_ver,Posters — 28x40-inch — ver,posters,posters,"{""CoatingType"":""none"",""ColorType"":""4-0"",""Orientation"":""ver"",""PaperFormat"":""28x40-inch"",""PaperType"":""65-lb-cover-coated-silk"",""ProductStatus"":""activated"",""ProtectionType"":""none"",""ShapeEdgeType"":""none"",""SpotFinishingType"":""none"",""State"":""published"",""Variable"":""no""}"
flat_product_pf_28x40-inch_pt_65-lb-cover-uncoated_cl_4-0_ct_none_prt_none_sft_none_set_none_hor,Posters — 28x40-inch — hor,posters,posters,"{""CoatingType"":""none"",""ColorType"":""4-0"",""Orientation"":""hor"",""PaperFormat"":""28x40-inch"",""PaperType"":""65-lb-cover-uncoated"",""ProductStatus"":""activated"",""ProtectionType"":""none"",""ShapeEdgeType"":""none"",""SpotFinishingType"":""none"",""State"":""published"",""Variable"":""no""}"
flat_product_pf_28x40-inch_pt_65-lb-cover-uncoated_cl_4-0_ct_none_prt_none_sft_none_set_none_ver,Posters — 28x40-inch — ver,posters,posters,"{""CoatingType"":""none"",""ColorType"":""4-0"",""Orientation"":""ver"",""PaperFormat"":""28x40-inch"",""PaperType"":""65-lb-cover-uncoated"",""ProductStatus"":""activated"",""ProtectionType"":""none"",""ShapeEdgeType"":""none"",""SpotFinishingType"":""none"",""State"":""published"",""Variable"":""no""}"
flat_product_pf_28x40-inch_pt_80-lb-cover-coated-silk_cl_4-0_ct_none_prt_none_sft_none_set_none_hor,Posters — 28x40-inch — hor,posters,posters,"{""CoatingType"":""none"",""ColorType"":""4-0"",""Orientation"":""hor"",""PaperFormat"":""28x40-inch"",""PaperType"":""80-lb-cover-coated-silk"",""ProductStatus"":""activated"",""ProtectionType"":""none"",""ShapeEdgeType"":""none"",""SpotFinishingType"":""none"",""State"":""published"",""Variable"":""no""}"
flat_product_pf_28x40-inch_pt_80-lb-cover-coated-silk_cl_4-0_ct_none_prt_none_sft_none_set_none_ver,Posters — 28x40-inch — ver,posters,posters,"{""CoatingType"":""none"",""ColorType"":""4-0"",""Orientation"":""ver"",""PaperFormat"":""28x40-inch"",""PaperType"":""80-lb-cover-coated-silk"",""ProductStatus"":""activated"",""ProtectionType"":""none"",""ShapeEdgeType"":""none"",""SpotFinishingType"":""none"",""State"":""published"",""Variable"":""no""}"
flat_product_pf_28x40-inch_pt_80-lb-cover-uncoated_cl_4-0_ct_none_prt_none_sft_none_set_none_hor,Posters — 28x40-inch — hor,posters,posters,"{""CoatingType"":""none"",""ColorType"":""4-0"",""Orientation"":""hor"",""PaperFormat"":""28x40-inch"",""PaperType"":""80-lb-cover-uncoated"",""ProductStatus"":""activated"",""ProtectionType"":""none"",""ShapeEdgeType"":""none"",""SpotFinishingType"":""none"",""State"":""published"",""Variable"":""no""}"
flat_product_pf_28x40-inch_pt_80-lb-cover-uncoated_cl_4-0_ct_none_prt_none_sft_none_set_none_ver,Posters — 28x40-inch — ver,posters,posters,"{""CoatingType"":""none"",""ColorType"":""4-0"",""Orientation"":""ver"",""PaperFormat"":""28x40-inch"",""PaperType"":""80-lb-cover-uncoated"",""ProductStatus"":""activated"",""ProtectionType"":""none"",""ShapeEdgeType"":""none"",""SpotFinishingType"":""none"",""State"":""published"",""Variable"":""no""}"
flat_product_pf_300x300-mm_pt_170-gsm-coated-silk_cl_4-0_ct_none_prt_none_sft_none_set_none_hor,Posters — 300x300-mm — hor,posters,posters,"{""CoatingType"":""none"",""ColorType"":""4-0"",""Orientation"":""hor"",""PaperFormat"":""300x300-mm"",""PaperType"":""170-gsm-coated-silk"",""ProductStatus"":""activated"",""ProtectionType"":""none"",""ShapeEdgeType"":""none"",""SpotFinishingType"":""none"",""State"":""published"",""Variable"":""no""}"
flat_product_pf_300x300-mm_pt_170-gsm-coated-silk_cl_4-0_ct_none_prt_none_sft_none_set_none_ver,Posters — 300x300-mm — ver,posters,posters,"{""CoatingType"":""none"",""ColorType"":""4-0"",""Orientation"":""ver"",""PaperFormat"":""300x300-mm"",""PaperType"":""170-gsm-coated-silk"",""ProductStatus"":""activated"",""ProtectionType"":""none"",""ShapeEdgeType"":""none"",""SpotFinishingType"":""none"",""State"":""published"",""Variable"":""no""}"
flat_product_pf_300x300-mm_pt_170-gsm-uncoated_cl_4-0_ct_none_prt_none_sft_none_set_none_hor,Posters — 300x300-mm — hor,posters,posters,"{""CoatingType"":""none"",""ColorType"":""4-0"",""Orientation"":""hor"",""PaperFormat"":""300x300-mm"",""PaperType"":""170-gsm-uncoated"",""ProductStatus"":""activated"",""ProtectionType"":""none"",""ShapeEdgeType"":""none"",""SpotFinishingType"":""none"",""State"":""published"",""Variable"":""no""}"
flat_product_pf_300x300-mm_pt_170-gsm-uncoated_cl_4-0_ct_none_prt_none_sft_none_set_none_ver,Posters — 300x300-mm — ver,posters,posters,"{""CoatingType"":""none"",""ColorType"":""4-0"",""Orientation"":""ver"",""PaperFormat"":""300x300-mm"",""PaperType"":""170-gsm-uncoated"",""ProductStatus"":""activated"",""ProtectionType"":""none"",""ShapeEdgeType"":""none"",""SpotFinishingType"":""none"",""State"":""published"",""Variable"":""no""}"
flat_product_pf_300x300-mm_pt_200-gsm-coated-silk_cl_4-0_ct_none_prt_none_sft_none_set_none_hor,Posters — 300x300-mm — hor,posters,posters,"{""CoatingType"":""none"",""ColorType"":""4-0"",""Orientation"":""hor"",""PaperFormat"":""300x300-mm"",""PaperType"":""200-gsm-coated-silk"",""ProductStatus"":""activated"",""ProtectionType"":""none"",""ShapeEdgeType"":""none"",""SpotFinishingType"":""none"",""State"":""published"",""Variable"":""no""}"
flat_product_pf_300x300-mm_pt_200-gsm-coated-silk_cl_4-0_ct_none_prt_none_sft_none_set_none_ver,Posters — 300x300-mm — ver,posters,posters,"{""CoatingType"":""none"",""ColorType"":""4-0"",""Orientation"":""ver"",""PaperFormat"":""300x300-mm"",""PaperType"":""200-gsm-coated-silk"",""ProductStatus"":""activated"",""ProtectionType"":""none"",""ShapeEdgeType"":""none"",""SpotFinishingType"":""none"",""State"":""published"",""Variable"":""no""}"
flat_product_pf_300x300-mm_pt_200-gsm-uncoated_cl_4-0_ct_none_prt_none_sft_none_set_none_hor,Posters — 300x300-mm — hor,posters,posters,"{""CoatingType"":""none"",""ColorType"":""4-0"",""Orientation"":""hor"",""PaperFormat"":""300x300-mm"",""PaperType"":""200-gsm-uncoated"",""ProductStatus"":""activated"",""ProtectionType"":""none"",""ShapeEdgeType"":""none"",""SpotFinishingType"":""none"",""State"":""published"",""Variable"":""no""}"
flat_product_pf_300x300-mm_pt_200-gsm-uncoated_cl_4-0_ct_none_prt_none_sft_none_set_none_ver,Posters — 300x300-mm — ver,posters,posters,"{""CoatingType"":""none"",""ColorType"":""4-0"",""Orientation"":""ver"",""PaperFormat"":""300x300-mm"",""PaperType"":""200-gsm-uncoated"",""ProductStatus"":""activated"",""ProtectionType"":""none"",""ShapeEdgeType"":""none"",""SpotFinishingType"":""none"",""State"":""published"",""Variable"":""no""}"
flat_product_pf_300x300-mm_pt_250-gsm-uncoated-offwhite-archival_cl_4-0_ct_none_prt_none_sft_none_set_none_hor,Posters — 300x300-mm — hor,posters,posters,"{""CoatingType"":""none"",""ColorType"":""4-0"",""Orientation"":""hor"",""PaperFormat"":""300x300-mm"",""PaperType"":""250-gsm-uncoated-offwhite-archival"",""ProductStatus"":""activated"",""ProtectionType"":""none"",""ShapeEdgeType"":""none"",""SpotFinishingType"":""none"",""State"":""published"",""Variable"":""no""}"
flat_product_pf_300x300-mm_pt_250-gsm-uncoated-offwhite-archival_cl_4-0_ct_none_prt_none_sft_none_set_none_ver,Posters — 300x300-mm — ver,posters,posters,"{""CoatingType"":""none"",""ColorType"":""4-0"",""Orientation"":""ver"",""PaperFormat"":""300x300-mm"",""PaperType"":""250-gsm-uncoated-offwhite-archival"",""ProductStatus"":""activated"",""ProtectionType"":""none"",""ShapeEdgeType"":""none"",""SpotFinishingType"":""none"",""State"":""published"",""Variable"":""no""}"
flat_product_pf_300x300-mm_pt_65-lb-cover-coated-silk_cl_4-0_ct_none_prt_none_sft_none_set_none_hor,Posters — 300x300-mm — hor,posters,posters,"{""CoatingType"":""none"",""ColorType"":""4-0"",""Orientation"":""hor"",""PaperFormat"":""300x300-mm"",""PaperType"":""65-lb-cover-coated-silk"",""ProductStatus"":""activated"",""ProtectionType"":""none"",""ShapeEdgeType"":""none"",""SpotFinishingType"":""none"",""State"":""published"",""Variable"":""no""}"
flat_product_pf_300x300-mm_pt_65-lb-cover-coated-silk_cl_4-0_ct_none_prt_none_sft_none_set_none_ver,Posters — 300x300-mm — ver,posters,posters,"{""CoatingType"":""none"",""ColorType"":""4-0"",""Orientation"":""ver"",""PaperFormat"":""300x300-mm"",""PaperType"":""65-lb-cover-coated-silk"",""ProductStatus"":""activated"",""ProtectionType"":""none"",""ShapeEdgeType"":""none"",""SpotFinishingType"":""none"",""State"":""published"",""Variable"":""no""}"
flat_product_pf_300x300-mm_pt_65-lb-cover-uncoated_cl_4-0_ct_none_prt_none_sft_none_set_none_hor,Posters — 300x300-mm — hor,posters,posters,"{""CoatingType"":""none"",""ColorType"":""4-0"",""Orientation"":""hor"",""PaperFormat"":""300x300-mm"",""PaperType"":""65-lb-cover-uncoated"",""ProductStatus"":""activated"",""ProtectionType"":""none"",""ShapeEdgeType"":""none"",""SpotFinishingType"":""none"",""State"":""published"",""Variable"":""no""}"
flat_product_pf_300x300-mm_pt_65-lb-cover-uncoated_cl_4-0_ct_none_prt_none_sft_none_set_none_ver,Posters — 300x300-mm — ver,posters,posters,"{""CoatingType"":""none"",""ColorType"":""4-0"",""Orientation"":""ver"",""PaperFormat"":""300x300-mm"",""PaperType"":""65-lb-cover-uncoated"",""ProductStatus"":""activated"",""ProtectionType"":""none"",""ShapeEdgeType"":""none"",""SpotFinishingType"":""none"",""State"":""published"",""Variable"":""no""}"
flat_product_pf_300x300-mm_pt_80-lb-cover-coated-silk_cl_4-0_ct_none_prt_none_sft_none_set_none_hor,Posters — 300x300-mm — hor,posters,posters,"{""CoatingType"":""none"",""ColorType"":""4-0"",""Orientation"":""hor"",""PaperFormat"":""300x300-mm"",""PaperType"":""80-lb-cover-coated-silk"",""ProductStatus"":""activated"",""ProtectionType"":""none"",""ShapeEdgeType"":""none"",""SpotFinishingType"":""none"",""State"":""published"",""Variable"":""no""}"
flat_product_pf_300x300-mm_pt_80-lb-cover-coated-silk_cl_4-0_ct_none_prt_none_sft_none_set_none_ver,Posters — 300x300-mm — ver,posters,posters,"{""CoatingType"":""none"",""ColorType"":""4-0"",""Orientation"":""ver"",""PaperFormat"":""300x300-mm"",""PaperType"":""80-lb-cover-coated-silk"",""ProductStatus"":""activated"",""ProtectionType"":""none"",""ShapeEdgeType"":""none"",""SpotFinishingType"":""none"",""State"":""published"",""Variable"":""no""}"
flat_product_pf_300x300-mm_pt_80-lb-cover-uncoated_cl_4-0_ct_none_prt_none_sft_none_set_none_hor,Posters — 300x300-mm — hor,posters,posters,"{""CoatingType"":""none"",""ColorType"":""4-0"",""Orientation"":""hor"",""PaperFormat"":""300x300-mm"",""PaperType"":""80-lb-cover-uncoated"",""ProductStatus"":""activated"",""ProtectionType"":""none"",""ShapeEdgeType"":""none"",""SpotFinishingType"":""none"",""State"":""published"",""Variable"":""no""}"
flat_product_pf_300x300-mm_pt_80-lb-cover-uncoated_cl_4-0_ct_none_prt_none_sft_none_set_none_ver,Posters — 300x300-mm — ver,posters,posters,"{""CoatingType"":""none"",""ColorType"":""4-0"",""Orientation"":""ver"",""PaperFormat"":""300x300-mm"",""PaperType"":""80-lb-cover-uncoated"",""ProductStatus"":""activated"",""ProtectionType"":""none"",""ShapeEdgeType"":""none"",""SpotFinishingType"":""none"",""State"":""published"",""Variable"":""no""}"
flat_product_pf_300x400-mm_pt_100-lb-text-coated-silk_cl_4-0_ct_none_prt_none_sft_none_set_none_hor,Posters — 300x400-mm — hor,posters,posters,"{""CoatingType"":""none"",""ColorType"":""4-0"",""Orientation"":""hor"",""PaperFormat"":""300x400-mm"",""PaperType"":""100-lb-text-coated-silk"",""ProductStatus"":""activated"",""ProtectionType"":""none"",""ShapeEdgeType"":""none"",""SpotFinishingType"":""none"",""State"":""published"",""Variable"":""no""}"
flat_product_pf_300x400-mm_pt_100-lb-text-coated-silk_cl_4-0_ct_none_prt_none_sft_none_set_none_ver,Posters — 300x400-mm — ver,posters,posters,"{""CoatingType"":""none"",""ColorType"":""4-0"",""Orientation"":""ver"",""PaperFormat"":""300x400-mm"",""PaperType"":""100-lb-text-coated-silk"",""ProductStatus"":""activated"",""ProtectionType"":""none"",""ShapeEdgeType"":""none"",""SpotFinishingType"":""none"",""State"":""published"",""Variable"":""no""}"
flat_product_pf_300x400-mm_pt_170-gsm-uncoated_cl_4-0_ct_none_prt_none_sft_none_set_none_hor,Posters — 300x400-mm — hor,posters,posters,"{""CoatingType"":""none"",""ColorType"":""4-0"",""Orientation"":""hor"",""PaperFormat"":""300x400-mm"",""PaperType"":""170-gsm-uncoated"",""ProductStatus"":""activated"",""ProtectionType"":""none"",""ShapeEdgeType"":""none"",""SpotFinishingType"":""none"",""State"":""published"",""Variable"":""no""}"
flat_product_pf_300x400-mm_pt_170-gsm-uncoated_cl_4-0_ct_none_prt_none_sft_none_set_none_ver,Posters — 300x400-mm — ver,posters,posters,"{""CoatingType"":""none"",""ColorType"":""4-0"",""Orientation"":""ver"",""PaperFormat"":""300x400-mm"",""PaperType"":""170-gsm-uncoated"",""ProductStatus"":""activated"",""ProtectionType"":""none"",""ShapeEdgeType"":""none"",""SpotFinishingType"":""none"",""State"":""published"",""Variable"":""no""}"
flat_product_pf_300x400-mm_pt_200-gsm-coated-silk_cl_4-0_ct_none_prt_none_sft_none_set_none_hor,Posters — 300x400-mm — hor,posters,posters,"{""CoatingType"":""none"",""ColorType"":""4-0"",""Orientation"":""hor"",""PaperFormat"":""300x400-mm"",""PaperType"":""200-gsm-coated-silk"",""ProductStatus"":""activated"",""ProtectionType"":""none"",""ShapeEdgeType"":""none"",""SpotFinishingType"":""none"",""State"":""published"",""Variable"":""no""}"
flat_product_pf_300x400-mm_pt_200-gsm-coated-silk_cl_4-0_ct_none_prt_none_sft_none_set_none_ver,Posters — 300x400-mm — ver,posters,posters,"{""CoatingType"":""none"",""ColorType"":""4-0"",""Orientation"":""ver"",""PaperFormat"":""300x400-mm"",""PaperType"":""200-gsm-coated-silk"",""ProductStatus"":""activated"",""ProtectionType"":""none"",""ShapeEdgeType"":""none"",""SpotFinishingType"":""none"",""State"":""published"",""Variable"":""no""}"
flat_product_pf_300x400-mm_pt_200-gsm-uncoated_cl_4-0_ct_none_prt_none_sft_none_set_none_hor,Posters — 300x400-mm — hor,posters,posters,"{""CoatingType"":""none"",""ColorType"":""4-0"",""Orientation"":""hor"",""PaperFormat"":""300x400-mm"",""PaperType"":""200-gsm-uncoated"",""ProductStatus"":""activated"",""ProtectionType"":""none"",""ShapeEdgeType"":""none"",""SpotFinishingType"":""none"",""State"":""published"",""Variable"":""no""}"
flat_product_pf_300x400-mm_pt_200-gsm-uncoated_cl_4-0_ct_none_prt_none_sft_none_set_none_ver,Posters — 300x400-mm — ver,posters,posters,"{""CoatingType"":""none"",""ColorType"":""4-0"",""Orientation"":""ver"",""PaperFormat"":""300x400-mm"",""PaperType"":""200-gsm-uncoated"",""ProductStatus"":""activated"",""ProtectionType"":""none"",""ShapeEdgeType"":""none"",""SpotFinishingType"":""none"",""State"":""published"",""Variable"":""no""}"
flat_product_pf_300x400-mm_pt_250-gsm-uncoated-offwhite-archival_cl_4-0_ct_none_prt_none_sft_none_set_none_hor,Posters — 300x400-mm — hor,posters,posters,"{""CoatingType"":""none"",""ColorType"":""4-0"",""Orientation"":""hor"",""PaperFormat"":""300x400-mm"",""PaperType"":""250-gsm-uncoated-offwhite-archival"",""ProductStatus"":""activated"",""ProtectionType"":""none"",""ShapeEdgeType"":""none"",""SpotFinishingType"":""none"",""State"":""published"",""Variable"":""no""}"
flat_product_pf_300x400-mm_pt_250-gsm-uncoated-offwhite-archival_cl_4-0_ct_none_prt_none_sft_none_set_none_ver,Posters — 300x400-mm — ver,posters,posters,"{""CoatingType"":""none"",""ColorType"":""4-0"",""Orientation"":""ver"",""PaperFormat"":""300x400-mm"",""PaperType"":""250-gsm-uncoated-offwhite-archival"",""ProductStatus"":""activated"",""ProtectionType"":""none"",""ShapeEdgeType"":""none"",""SpotFinishingType"":""none"",""State"":""published"",""Variable"":""no""}"
flat_product_pf_300x400-mm_pt_65-lb-cover-coated-silk_cl_4-0_ct_none_prt_none_sft_none_set_none_hor,Posters — 300x400-mm — hor,posters,posters,"{""CoatingType"":""none"",""ColorType"":""4-0"",""Orientation"":""hor"",""PaperFormat"":""300x400-mm"",""PaperType"":""65-lb-cover-coated-silk"",""ProductStatus"":""activated"",""ProtectionType"":""none"",""ShapeEdgeType"":""none"",""SpotFinishingType"":""none"",""State"":""published"",""Variable"":""no""}"
flat_product_pf_300x400-mm_pt_65-lb-cover-uncoated_cl_4-0_ct_none_prt_none_sft_none_set_none_hor,Posters — 300x400-mm — hor,posters,posters,"{""CoatingType"":""none"",""ColorType"":""4-0"",""Orientation"":""hor"",""PaperFormat"":""300x400-mm"",""PaperType"":""65-lb-cover-uncoated"",""ProductStatus"":""activated"",""ProtectionType"":""none"",""ShapeEdgeType"":""none"",""SpotFinishingType"":""none"",""State"":""published"",""Variable"":""no""}"
flat_product_pf_300x400-mm_pt_65-lb-cover-uncoated_cl_4-0_ct_none_prt_none_sft_none_set_none_ver,Posters — 300x400-mm — ver,posters,posters,"{""CoatingType"":""none"",""ColorType"":""4-0"",""Orientation"":""ver"",""PaperFormat"":""300x400-mm"",""PaperType"":""65-lb-cover-uncoated"",""ProductStatus"":""activated"",""ProtectionType"":""none"",""ShapeEdgeType"":""none"",""SpotFinishingType"":""none"",""State"":""published"",""Variable"":""no""}"
flat_product_pf_300x400-mm_pt_80-lb-cover-coated-silk_cl_4-0_ct_none_prt_none_sft_none_set_none_hor,Posters — 300x400-mm — hor,posters,posters,"{""CoatingType"":""none"",""ColorType"":""4-0"",""Orientation"":""hor"",""PaperFormat"":""300x400-mm"",""PaperType"":""80-lb-cover-coated-silk"",""ProductStatus"":""activated"",""ProtectionType"":""none"",""ShapeEdgeType"":""none"",""SpotFinishingType"":""none"",""State"":""published"",""Variable"":""no""}"
flat_product_pf_300x400-mm_pt_80-lb-cover-coated-silk_cl_4-0_ct_none_prt_none_sft_none_set_none_ver,Posters — 300x400-mm — ver,posters,posters,"{""CoatingType"":""none"",""ColorType"":""4-0"",""Orientation"":""ver"",""PaperFormat"":""300x400-mm"",""PaperType"":""80-lb-cover-coated-silk"",""ProductStatus"":""activated"",""ProtectionType"":""none"",""ShapeEdgeType"":""none"",""SpotFinishingType"":""none"",""State"":""published"",""Variable"":""no""}"
flat_product_pf_300x400-mm_pt_80-lb-cover-uncoated_cl_4-0_ct_none_prt_none_sft_none_set_none_hor,Posters — 300x400-mm — hor,posters,posters,"{""CoatingType"":""none"",""ColorType"":""4-0"",""Orientation"":""hor"",""PaperFormat"":""300x400-mm"",""PaperType"":""80-lb-cover-uncoated"",""ProductStatus"":""activated"",""ProtectionType"":""none"",""ShapeEdgeType"":""none"",""SpotFinishingType"":""none"",""State"":""published"",""Variable"":""no""}"
flat_product_pf_300x400-mm_pt_80-lb-cover-uncoated_cl_4-0_ct_none_prt_none_sft_none_set_none_ver,Posters — 300x400-mm — ver,posters,posters,"{""CoatingType"":""none"",""ColorType"":""4-0"",""Orientation"":""ver"",""PaperFormat"":""300x400-mm"",""PaperType"":""80-lb-cover-uncoated"",""ProductStatus"":""activated"",""ProtectionType"":""none"",""ShapeEdgeType"":""none"",""SpotFinishingType"":""none"",""State"":""published"",""Variable"":""no""}"
flat_product_pf_300x450-mm_pt_170-gsm-coated-silk_cl_4-0_ct_none_prt_none_sft_none_set_none_hor,Posters — 300x450-mm — hor,posters,posters,"{""CoatingType"":""none"",""ColorType"":""4-0"",""Orientation"":""hor"",""PaperFormat"":""300x450-mm"",""PaperType"":""170-gsm-coated-silk"",""ProductStatus"":""activated"",""ProtectionType"":""none"",""ShapeEdgeType"":""none"",""SpotFinishingType"":""none"",""State"":""published"",""Variable"":""no""}"
flat_product_pf_300x450-mm_pt_170-gsm-coated-silk_cl_4-0_ct_none_prt_none_sft_none_set_none_ver,Posters — 300x450-mm — ver,posters,posters,"{""CoatingType"":""none"",""ColorType"":""4-0"",""Orientation"":""ver"",""PaperFormat"":""300x450-mm"",""PaperType"":""170-gsm-coated-silk"",""ProductStatus"":""activated"",""ProtectionType"":""none"",""ShapeEdgeType"":""none"",""SpotFinishingType"":""none"",""State"":""published"",""Variable"":""no""}"
flat_product_pf_300x450-mm_pt_170-gsm-uncoated_cl_4-0_ct_none_prt_none_sft_none_set_none_hor,Posters — 300x450-mm — hor,posters,posters,"{""CoatingType"":""none"",""ColorType"":""4-0"",""Orientation"":""hor"",""PaperFormat"":""300x450-mm"",""PaperType"":""170-gsm-uncoated"",""ProductStatus"":""activated"",""ProtectionType"":""none"",""ShapeEdgeType"":""none"",""SpotFinishingType"":""none"",""State"":""published"",""Variable"":""no""}"
flat_product_pf_300x450-mm_pt_170-gsm-uncoated_cl_4-0_ct_none_prt_none_sft_none_set_none_ver,Posters — 300x450-mm — ver,posters,posters,"{""CoatingType"":""none"",""ColorType"":""4-0"",""Orientation"":""ver"",""PaperFormat"":""300x450-mm"",""PaperType"":""170-gsm-uncoated"",""ProductStatus"":""activated"",""ProtectionType"":""none"",""ShapeEdgeType"":""none"",""SpotFinishingType"":""none"",""State"":""published"",""Variable"":""no""}"
flat_product_pf_300x450-mm_pt_200-gsm-coated-silk_cl_4-0_ct_none_prt_none_sft_none_set_none_hor,Posters — 300x450-mm — hor,posters,posters,"{""CoatingType"":""none"",""ColorType"":""4-0"",""Orientation"":""hor"",""PaperFormat"":""300x450-mm"",""PaperType"":""200-gsm-coated-silk"",""ProductStatus"":""activated"",""ProtectionType"":""none"",""ShapeEdgeType"":""none"",""SpotFinishingType"":""none"",""State"":""published"",""Variable"":""no""}"
flat_product_pf_300x450-mm_pt_200-gsm-coated-silk_cl_4-0_ct_none_prt_none_sft_none_set_none_ver,Posters — 300x450-mm — ver,posters,posters,"{""CoatingType"":""none"",""ColorType"":""4-0"",""Orientation"":""ver"",""PaperFormat"":""300x450-mm"",""PaperType"":""200-gsm-coated-silk"",""ProductStatus"":""activated"",""ProtectionType"":""none"",""ShapeEdgeType"":""none"",""SpotFinishingType"":""none"",""State"":""published"",""Variable"":""no""}"
flat_product_pf_300x450-mm_pt_200-gsm-uncoated_cl_4-0_ct_none_prt_none_sft_none_set_none_hor,Posters — 300x450-mm — hor,posters,posters,"{""CoatingType"":""none"",""ColorType"":""4-0"",""Orientation"":""hor"",""PaperFormat"":""300x450-mm"",""PaperType"":""200-gsm-uncoated"",""ProductStatus"":""activated"",""ProtectionType"":""none"",""ShapeEdgeType"":""none"",""SpotFinishingType"":""none"",""State"":""published"",""Variable"":""no""}"
flat_product_pf_300x450-mm_pt_200-gsm-uncoated_cl_4-0_ct_none_prt_none_sft_none_set_none_ver,Posters — 300x450-mm — ver,posters,posters,"{""CoatingType"":""none"",""ColorType"":""4-0"",""Orientation"":""ver"",""PaperFormat"":""300x450-mm"",""PaperType"":""200-gsm-uncoated"",""ProductStatus"":""activated"",""ProtectionType"":""none"",""ShapeEdgeType"":""none"",""SpotFinishingType"":""none"",""State"":""published"",""Variable"":""no""}"
flat_product_pf_300x450-mm_pt_250-gsm-uncoated-offwhite-archival_cl_4-0_ct_none_prt_none_sft_none_set_none_hor,Posters — 300x450-mm — hor,posters,posters,"{""CoatingType"":""none"",""ColorType"":""4-0"",""Orientation"":""hor"",""PaperFormat"":""300x450-mm"",""PaperType"":""250-gsm-uncoated-offwhite-archival"",""ProductStatus"":""activated"",""ProtectionType"":""none"",""ShapeEdgeType"":""none"",""SpotFinishingType"":""none"",""State"":""published"",""Variable"":""no""}"
flat_product_pf_300x450-mm_pt_250-gsm-uncoated-offwhite-archival_cl_4-0_ct_none_prt_none_sft_none_set_none_ver,Posters — 300x450-mm — ver,posters,posters,"{""CoatingType"":""none"",""ColorType"":""4-0"",""Orientation"":""ver"",""PaperFormat"":""300x450-mm"",""PaperType"":""250-gsm-uncoated-offwhite-archival"",""ProductStatus"":""activated"",""ProtectionType"":""none"",""ShapeEdgeType"":""none"",""SpotFinishingType"":""none"",""State"":""published"",""Variable"":""no""}"
flat_product_pf_305x406-mm_pt_170-gsm-coated-silk_cl_4-0_ct_none_prt_none_sft_none_set_none_hor,Posters — 305x406-mm — hor,posters,posters,"{""CoatingType"":""none"",""ColorType"":""4-0"",""Orientation"":""hor"",""PaperFormat"":""305x406-mm"",""PaperType"":""170-gsm-coated-silk"",""ProductStatus"":""activated"",""ProtectionType"":""none"",""ShapeEdgeType"":""none"",""SpotFinishingType"":""none"",""State"":""published"",""Variable"":""no""}"
flat_product_pf_305x406-mm_pt_170-gsm-coated-silk_cl_4-0_ct_none_prt_none_sft_none_set_none_ver,Posters — 305x406-mm — ver,posters,posters,"{""CoatingType"":""none"",""ColorType"":""4-0"",""Orientation"":""ver"",""PaperFormat"":""305x406-mm"",""PaperType"":""170-gsm-coated-silk"",""ProductStatus"":""activated"",""ProtectionType"":""none"",""ShapeEdgeType"":""none"",""SpotFinishingType"":""none"",""State"":""published"",""Variable"":""no""}"
flat_product_pf_305x406-mm_pt_170-gsm-uncoated_cl_4-0_ct_none_prt_none_sft_none_set_none_hor,Posters — 305x406-mm — hor,posters,posters,"{""CoatingType"":""none"",""ColorType"":""4-0"",""Orientation"":""hor"",""PaperFormat"":""305x406-mm"",""PaperType"":""170-gsm-uncoated"",""ProductStatus"":""activated"",""ProtectionType"":""none"",""ShapeEdgeType"":""none"",""SpotFinishingType"":""none"",""State"":""published"",""Variable"":""no""}"
flat_product_pf_305x406-mm_pt_170-gsm-uncoated_cl_4-0_ct_none_prt_none_sft_none_set_none_ver,Posters — 305x406-mm — ver,posters,posters,"{""CoatingType"":""none"",""ColorType"":""4-0"",""Orientation"":""ver"",""PaperFormat"":""305x406-mm"",""PaperType"":""170-gsm-uncoated"",""ProductStatus"":""activated"",""ProtectionType"":""none"",""ShapeEdgeType"":""none"",""SpotFinishingType"":""none"",""State"":""published"",""Variable"":""no""}"
flat_product_pf_305x406-mm_pt_200-gsm-coated-silk_cl_4-0_ct_none_prt_none_sft_none_set_none_hor,Posters — 305x406-mm — hor,posters,posters,"{""CoatingType"":""none"",""ColorType"":""4-0"",""Orientation"":""hor"",""PaperFormat"":""305x406-mm"",""PaperType"":""200-gsm-coated-silk"",""ProductStatus"":""activated"",""ProtectionType"":""none"",""ShapeEdgeType"":""none"",""SpotFinishingType"":""none"",""State"":""published"",""Variable"":""no""}"
flat_product_pf_305x406-mm_pt_200-gsm-coated-silk_cl_4-0_ct_none_prt_none_sft_none_set_none_ver,Posters — 305x406-mm — ver,posters,posters,"{""CoatingType"":""none"",""ColorType"":""4-0"",""Orientation"":""ver"",""PaperFormat"":""305x406-mm"",""PaperType"":""200-gsm-coated-silk"",""ProductStatus"":""activated"",""ProtectionType"":""none"",""ShapeEdgeType"":""none"",""SpotFinishingType"":""none"",""State"":""published"",""Variable"":""no""}"
flat_product_pf_305x406-mm_pt_200-gsm-uncoated_cl_4-0_ct_none_prt_none_sft_none_set_none_hor,Posters — 305x406-mm — hor,posters,posters,"{""CoatingType"":""none"",""ColorType"":""4-0"",""Orientation"":""hor"",""PaperFormat"":""305x406-mm"",""PaperType"":""200-gsm-uncoated"",""ProductStatus"":""activated"",""ProtectionType"":""none"",""ShapeEdgeType"":""none"",""SpotFinishingType"":""none"",""State"":""published"",""Variable"":""no""}"
flat_product_pf_305x406-mm_pt_200-gsm-uncoated_cl_4-0_ct_none_prt_none_sft_none_set_none_ver,Posters — 305x406-mm — ver,posters,posters,"{""CoatingType"":""none"",""ColorType"":""4-0"",""Orientation"":""ver"",""PaperFormat"":""305x406-mm"",""PaperType"":""200-gsm-uncoated"",""ProductStatus"":""activated"",""ProtectionType"":""none"",""ShapeEdgeType"":""none"",""SpotFinishingType"":""none"",""State"":""published"",""Variable"":""no""}"
flat_product_pf_305x406-mm_pt_65-lb-cover-uncoated_cl_4-0_ct_none_prt_none_sft_none_set_none_hor,Posters — 305x406-mm — hor,posters,posters,"{""CoatingType"":""none"",""ColorType"":""4-0"",""Orientation"":""hor"",""PaperFormat"":""305x406-mm"",""PaperType"":""65-lb-cover-uncoated"",""ProductStatus"":""activated"",""ProtectionType"":""none"",""ShapeEdgeType"":""none"",""SpotFinishingType"":""none"",""State"":""published"",""Variable"":""no""}"
flat_product_pf_305x406-mm_pt_65-lb-cover-uncoated_cl_4-0_ct_none_prt_none_sft_none_set_none_ver,Posters — 305x406-mm — ver,posters,posters,"{""CoatingType"":""none"",""ColorType"":""4-0"",""Orientation"":""ver"",""PaperFormat"":""305x406-mm"",""PaperType"":""65-lb-cover-uncoated"",""ProductStatus"":""activated"",""ProtectionType"":""none"",""ShapeEdgeType"":""none"",""SpotFinishingType"":""none"",""State"":""published"",""Variable"":""no""}"
flat_product_pf_305x406-mm_pt_80-lb-cover-coated-silk_cl_4-0_ct_none_prt_none_sft_none_set_none_hor,Posters — 305x406-mm — hor,posters,posters,"{""CoatingType"":""none"",""ColorType"":""4-0"",""Orientation"":""hor"",""PaperFormat"":""305x406-mm"",""PaperType"":""80-lb-cover-coated-silk"",""ProductStatus"":""activated"",""ProtectionType"":""none"",""ShapeEdgeType"":""none"",""SpotFinishingType"":""none"",""State"":""published"",""Variable"":""no""}"
flat_product_pf_305x406-mm_pt_80-lb-cover-coated-silk_cl_4-0_ct_none_prt_none_sft_none_set_none_ver,Posters — 305x406-mm — ver,posters,posters,"{""CoatingType"":""none"",""ColorType"":""4-0"",""Orientation"":""ver"",""PaperFormat"":""305x406-mm"",""PaperType"":""80-lb-cover-coated-silk"",""ProductStatus"":""activated"",""ProtectionType"":""none"",""ShapeEdgeType"":""none"",""SpotFinishingType"":""none"",""State"":""published"",""Variable"":""no""}"
flat_product_pf_305x406-mm_pt_80-lb-cover-uncoated_cl_4-0_ct_none_prt_none_sft_none_set_none_hor,Posters — 305x406-mm — hor,posters,posters,"{""CoatingType"":""none"",""ColorType"":""4-0"",""Orientation"":""hor"",""PaperFormat"":""305x406-mm"",""PaperType"":""80-lb-cover-uncoated"",""ProductStatus"":""activated"",""ProtectionType"":""none"",""ShapeEdgeType"":""none"",""SpotFinishingType"":""none"",""State"":""published"",""Variable"":""no""}"
flat_product_pf_305x406-mm_pt_80-lb-cover-uncoated_cl_4-0_ct_none_prt_none_sft_none_set_none_ver,Posters — 305x406-mm — ver,posters,posters,"{""CoatingType"":""none"",""ColorType"":""4-0"",""Orientation"":""ver"",""PaperFormat"":""305x406-mm"",""PaperType"":""80-lb-cover-uncoated"",""ProductStatus"":""activated"",""ProtectionType"":""none"",""ShapeEdgeType"":""none"",""SpotFinishingType"":""none"",""State"":""published"",""Variable"":""no""}"
flat_product_pf_30x40-inch_pt_100-lb-cover-uncoated-offwhite-archival_cl_4-0_ct_none_prt_none_sft_none_set_none_hor,Posters — 30x40-inch — hor,posters,posters,"{""CoatingType"":""none"",""ColorType"":""4-0"",""Orientation"":""hor"",""PaperFormat"":""30x40-inch"",""PaperType"":""100-lb-cover-uncoated-offwhite-archival"",""ProductStatus"":""activated"",""ProtectionType"":""none"",""ShapeEdgeType"":""none"",""SpotFinishingType"":""none"",""State"":""published"",""Variable"":""no""}"
flat_product_pf_30x40-inch_pt_100-lb-cover-uncoated-offwhite-archival_cl_4-0_ct_none_prt_none_sft_none_set_none_ver,Posters — 30x40-inch — ver,posters,posters,"{""CoatingType"":""none"",""ColorType"":""4-0"",""Orientation"":""ver"",""PaperFormat"":""30x40-inch"",""PaperType"":""100-lb-cover-uncoated-offwhite-archival"",""ProductStatus"":""activated"",""ProtectionType"":""none"",""ShapeEdgeType"":""none"",""SpotFinishingType"":""none"",""State"":""published"",""Variable"":""no""}"
flat_product_pf_30x40-inch_pt_170-gsm-coated-silk_cl_4-0_ct_none_prt_none_sft_none_set_none_hor,Posters — 30x40-inch — hor,posters,posters,"{""CoatingType"":""none"",""ColorType"":""4-0"",""Orientation"":""hor"",""PaperFormat"":""30x40-inch"",""PaperType"":""170-gsm-coated-silk"",""ProductStatus"":""activated"",""ProtectionType"":""none"",""ShapeEdgeType"":""none"",""SpotFinishingType"":""none"",""State"":""published"",""Variable"":""no""}"
flat_product_pf_30x40-inch_pt_170-gsm-coated-silk_cl_4-0_ct_none_prt_none_sft_none_set_none_ver,Posters — 30x40-inch — ver,posters,posters,"{""CoatingType"":""none"",""ColorType"":""4-0"",""Orientation"":""ver"",""PaperFormat"":""30x40-inch"",""PaperType"":""170-gsm-coated-silk"",""ProductStatus"":""activated"",""ProtectionType"":""none"",""ShapeEdgeType"":""none"",""SpotFinishingType"":""none"",""State"":""published"",""Variable"":""no""}"
flat_product_pf_30x40-inch_pt_170-gsm-uncoated_cl_4-0_ct_none_prt_none_sft_none_set_none_hor,Posters — 30x40-inch — hor,posters,posters,"{""CoatingType"":""none"",""ColorType"":""4-0"",""Orientation"":""hor"",""PaperFormat"":""30x40-inch"",""PaperType"":""170-gsm-uncoated"",""ProductStatus"":""activated"",""ProtectionType"":""none"",""ShapeEdgeType"":""none"",""SpotFinishingType"":""none"",""State"":""published"",""Variable"":""no""}"
flat_product_pf_30x40-inch_pt_170-gsm-uncoated_cl_4-0_ct_none_prt_none_sft_none_set_none_ver,Posters — 30x40-inch — ver,posters,posters,"{""CoatingType"":""none"",""ColorType"":""4-0"",""Orientation"":""ver"",""PaperFormat"":""30x40-inch"",""PaperType"":""170-gsm-uncoated"",""ProductStatus"":""activated"",""ProtectionType"":""none"",""ShapeEdgeType"":""none"",""SpotFinishingType"":""none"",""State"":""published"",""Variable"":""no""}"
flat_product_pf_30x40-inch_pt_200-gsm-coated-silk_cl_4-0_ct_none_prt_none_sft_none_set_none_hor,Posters — 30x40-inch — hor,posters,posters,"{""CoatingType"":""none"",""ColorType"":""4-0"",""Orientation"":""hor"",""PaperFormat"":""30x40-inch"",""PaperType"":""200-gsm-coated-silk"",""ProductStatus"":""activated"",""ProtectionType"":""none"",""ShapeEdgeType"":""none"",""SpotFinishingType"":""none"",""State"":""published"",""Variable"":""no""}"
flat_product_pf_30x40-inch_pt_200-gsm-coated-silk_cl_4-0_ct_none_prt_none_sft_none_set_none_ver,Posters — 30x40-inch — ver,posters,posters,"{""CoatingType"":""none"",""ColorType"":""4-0"",""Orientation"":""ver"",""PaperFormat"":""30x40-inch"",""PaperType"":""200-gsm-coated-silk"",""ProductStatus"":""activated"",""ProtectionType"":""none"",""ShapeEdgeType"":""none"",""SpotFinishingType"":""none"",""State"":""published"",""Variable"":""no""}"
flat_product_pf_30x40-inch_pt_200-gsm-uncoated_cl_4-0_ct_none_prt_none_sft_none_set_none_hor,Posters — 30x40-inch — hor,posters,posters,"{""CoatingType"":""none"",""ColorType"":""4-0"",""Orientation"":""hor"",""PaperFormat"":""30x40-inch"",""PaperType"":""200-gsm-uncoated"",""ProductStatus"":""activated"",""ProtectionType"":""none"",""ShapeEdgeType"":""none"",""SpotFinishingType"":""none"",""State"":""published"",""Variable"":""no""}"
flat_product_pf_30x40-inch_pt_200-gsm-uncoated_cl_4-0_ct_none_prt_none_sft_none_set_none_ver,Posters — 30x40-inch — ver,posters,posters,"{""CoatingType"":""none"",""ColorType"":""4-0"",""Orientation"":""ver"",""PaperFormat"":""30x40-inch"",""PaperType"":""200-gsm-uncoated"",""ProductStatus"":""activated"",""ProtectionType"":""none"",""ShapeEdgeType"":""none"",""SpotFinishingType"":""none"",""State"":""published"",""Variable"":""no""}"
flat_product_pf_30x40-inch_pt_65-lb-cover-coated-silk_cl_4-0_ct_none_prt_none_sft_none_set_none_hor,Posters — 30x40-inch — hor,posters,posters,"{""CoatingType"":""none"",""ColorType"":""4-0"",""Orientation"":""hor"",""PaperFormat"":""30x40-inch"",""PaperType"":""65-lb-cover-coated-silk"",""ProductStatus"":""activated"",""ProtectionType"":""none"",""ShapeEdgeType"":""none"",""SpotFinishingType"":""none"",""State"":""published"",""Variable"":""no""}"
flat_product_pf_30x40-inch_pt_65-lb-cover-coated-silk_cl_4-0_ct_none_prt_none_sft_none_set_none_ver,Posters — 30x40-inch — ver,posters,posters,"{""CoatingType"":""none"",""ColorType"":""4-0"",""Orientation"":""ver"",""PaperFormat"":""30x40-inch"",""PaperType"":""65-lb-cover-coated-silk"",""ProductStatus"":""activated"",""ProtectionType"":""none"",""ShapeEdgeType"":""none"",""SpotFinishingType"":""none"",""State"":""published"",""Variable"":""no""}"
flat_product_pf_30x40-inch_pt_65-lb-cover-uncoated_cl_4-0_ct_none_prt_none_sft_none_set_none_hor,Posters — 30x40-inch — hor,posters,posters,"{""CoatingType"":""none"",""ColorType"":""4-0"",""Orientation"":""hor"",""PaperFormat"":""30x40-inch"",""PaperType"":""65-lb-cover-uncoated"",""ProductStatus"":""activated"",""ProtectionType"":""none"",""ShapeEdgeType"":""none"",""SpotFinishingType"":""none"",""State"":""published"",""Variable"":""no""}"
flat_product_pf_30x40-inch_pt_65-lb-cover-uncoated_cl_4-0_ct_none_prt_none_sft_none_set_none_ver,Posters — 30x40-inch — ver,posters,posters,"{""CoatingType"":""none"",""ColorType"":""4-0"",""Orientation"":""ver"",""PaperFormat"":""30x40-inch"",""PaperType"":""65-lb-cover-uncoated"",""ProductStatus"":""activated"",""ProtectionType"":""none"",""ShapeEdgeType"":""none"",""SpotFinishingType"":""none"",""State"":""published"",""Variable"":""no""}"
flat_product_pf_30x40-inch_pt_80-lb-cover-coated-silk_cl_4-0_ct_none_prt_none_sft_none_set_none_hor,Posters — 30x40-inch — hor,posters,posters,"{""CoatingType"":""none"",""ColorType"":""4-0"",""Orientation"":""hor"",""PaperFormat"":""30x40-inch"",""PaperType"":""80-lb-cover-coated-silk"",""ProductStatus"":""activated"",""ProtectionType"":""none"",""ShapeEdgeType"":""none"",""SpotFinishingType"":""none"",""State"":""published"",""Variable"":""no""}"
flat_product_pf_30x40-inch_pt_80-lb-cover-coated-silk_cl_4-0_ct_none_prt_none_sft_none_set_none_ver,Posters — 30x40-inch — ver,posters,posters,"{""CoatingType"":""none"",""ColorType"":""4-0"",""Orientation"":""ver"",""PaperFormat"":""30x40-inch"",""PaperType"":""80-lb-cover-coated-silk"",""ProductStatus"":""activated"",""ProtectionType"":""none"",""ShapeEdgeType"":""none"",""SpotFinishingType"":""none"",""State"":""published"",""Variable"":""no""}"
flat_product_pf_30x40-inch_pt_80-lb-cover-uncoated_cl_4-0_ct_none_prt_none_sft_none_set_none_hor,Posters — 30x40-inch — hor,posters,posters,"{""CoatingType"":""none"",""ColorType"":""4-0"",""Orientation"":""hor"",""PaperFormat"":""30x40-inch"",""PaperType"":""80-lb-cover-uncoated"",""ProductStatus"":""activated"",""ProtectionType"":""none"",""ShapeEdgeType"":""none"",""SpotFinishingType"":""none"",""State"":""published"",""Variable"":""no""}"
flat_product_pf_30x40-inch_pt_80-lb-cover-uncoated_cl_4-0_ct_none_prt_none_sft_none_set_none_ver,Posters — 30x40-inch — ver,posters,posters,"{""CoatingType"":""none"",""ColorType"":""4-0"",""Orientation"":""ver"",""PaperFormat"":""30x40-inch"",""PaperType"":""80-lb-cover-uncoated"",""ProductStatus"":""activated"",""ProtectionType"":""none"",""ShapeEdgeType"":""none"",""SpotFinishingType"":""none"",""State"":""published"",""Variable"":""no""}"
flat_product_pf_350x350-mm_pt_250-gsm-uncoated-offwhite-archival_cl_4-0_ct_none_prt_none_sft_none_set_none_hor,Posters — 350x350-mm — hor,posters,posters,"{""CoatingType"":""none"",""ColorType"":""4-0"",""Orientation"":""hor"",""PaperFormat"":""350x350-mm"",""PaperType"":""250-gsm-uncoated-offwhite-archival"",""ProductStatus"":""activated"",""ProtectionType"":""none"",""ShapeEdgeType"":""none"",""SpotFinishingType"":""none"",""State"":""published"",""Variable"":""no""}"
flat_product_pf_350x350-mm_pt_250-gsm-uncoated-offwhite-archival_cl_4-0_ct_none_prt_none_sft_none_set_none_ver,Posters — 350x350-mm — ver,posters,posters,"{""CoatingType"":""none"",""ColorType"":""4-0"",""Orientation"":""ver"",""PaperFormat"":""350x350-mm"",""PaperType"":""250-gsm-uncoated-offwhite-archival"",""ProductStatus"":""activated"",""ProtectionType"":""none"",""ShapeEdgeType"":""none"",""SpotFinishingType"":""none"",""State"":""published"",""Variable"":""no""}"
flat_product_pf_400x400-mm_pt_250-gsm-uncoated-offwhite-archival_cl_4-0_ct_none_prt_none_sft_none_set_none_hor,Posters — 400x400-mm — hor,posters,posters,"{""CoatingType"":""none"",""ColorType"":""4-0"",""Orientation"":""hor"",""PaperFormat"":""400x400-mm"",""PaperType"":""250-gsm-uncoated-offwhite-archival"",""ProductStatus"":""activated"",""ProtectionType"":""none"",""ShapeEdgeType"":""none"",""SpotFinishingType"":""none"",""State"":""published"",""Variable"":""no""}"
flat_product_pf_400x400-mm_pt_250-gsm-uncoated-offwhite-archival_cl_4-0_ct_none_prt_none_sft_none_set_none_ver,Posters — 400x400-mm — ver,posters,posters,"{""CoatingType"":""none"",""ColorType"":""4-0"",""Orientation"":""ver"",""PaperFormat"":""400x400-mm"",""PaperType"":""250-gsm-uncoated-offwhite-archival"",""ProductStatus"":""activated"",""ProtectionType"":""none"",""ShapeEdgeType"":""none"",""SpotFinishingType"":""none"",""State"":""published"",""Variable"":""no""}"
flat_product_pf_400x500-mm_pt_170-gsm-uncoated_cl_4-0_ct_none_prt_none_sft_none_set_none_hor,Posters — 400x500-mm — hor,posters,posters,"{""CoatingType"":""none"",""ColorType"":""4-0"",""Orientation"":""hor"",""PaperFormat"":""400x500-mm"",""PaperType"":""170-gsm-uncoated"",""ProductStatus"":""activated"",""ProtectionType"":""none"",""ShapeEdgeType"":""none"",""SpotFinishingType"":""none"",""State"":""published"",""Variable"":""no""}"
flat_product_pf_400x500-mm_pt_170-gsm-uncoated_cl_4-0_ct_none_prt_none_sft_none_set_none_ver,Posters — 400x500-mm — ver,posters,posters,"{""CoatingType"":""none"",""ColorType"":""4-0"",""Orientation"":""ver"",""PaperFormat"":""400x500-mm"",""PaperType"":""170-gsm-uncoated"",""ProductStatus"":""activated"",""ProtectionType"":""none"",""ShapeEdgeType"":""none"",""SpotFinishingType"":""none"",""State"":""published"",""Variable"":""no""}"
flat_product_pf_400x500-mm_pt_200-gsm-coated-silk_cl_4-0_ct_none_prt_none_sft_none_set_none_hor,Posters — 400x500-mm — hor,posters,posters,"{""CoatingType"":""none"",""ColorType"":""4-0"",""Orientation"":""hor"",""PaperFormat"":""400x500-mm"",""PaperType"":""200-gsm-coated-silk"",""ProductStatus"":""activated"",""ProtectionType"":""none"",""ShapeEdgeType"":""none"",""SpotFinishingType"":""none"",""State"":""published"",""Variable"":""no""}"
flat_product_pf_400x500-mm_pt_200-gsm-coated-silk_cl_4-0_ct_none_prt_none_sft_none_set_none_ver,Posters — 400x500-mm — ver,posters,posters,"{""CoatingType"":""none"",""ColorType"":""4-0"",""Orientation"":""ver"",""PaperFormat"":""400x500-mm"",""PaperType"":""200-gsm-coated-silk"",""ProductStatus"":""activated"",""ProtectionType"":""none"",""ShapeEdgeType"":""none"",""SpotFinishingType"":""none"",""State"":""published"",""Variable"":""no""}"
flat_product_pf_400x500-mm_pt_200-gsm-uncoated_cl_4-0_ct_none_prt_none_sft_none_set_none_hor,Posters — 400x500-mm — hor,posters,posters,"{""CoatingType"":""none"",""ColorType"":""4-0"",""Orientation"":""hor"",""PaperFormat"":""400x500-mm"",""PaperType"":""200-gsm-uncoated"",""ProductStatus"":""activated"",""ProtectionType"":""none"",""ShapeEdgeType"":""none"",""SpotFinishingType"":""none"",""State"":""published"",""Variable"":""no""}"
flat_product_pf_400x500-mm_pt_200-gsm-uncoated_cl_4-0_ct_none_prt_none_sft_none_set_none_ver,Posters — 400x500-mm — ver,posters,posters,"{""CoatingType"":""none"",""ColorType"":""4-0"",""Orientation"":""ver"",""PaperFormat"":""400x500-mm"",""PaperType"":""200-gsm-uncoated"",""ProductStatus"":""activated"",""ProtectionType"":""none"",""ShapeEdgeType"":""none"",""SpotFinishingType"":""none"",""State"":""published"",""Variable"":""no""}"
flat_product_pf_400x500-mm_pt_250-gsm-uncoated-offwhite-archival_cl_4-0_ct_none_prt_none_sft_none_set_none_hor,Posters — 400x500-mm — hor,posters,posters,"{""CoatingType"":""none"",""ColorType"":""4-0"",""Orientation"":""hor"",""PaperFormat"":""400x500-mm"",""PaperType"":""250-gsm-uncoated-offwhite-archival"",""ProductStatus"":""activated"",""ProtectionType"":""none"",""ShapeEdgeType"":""none"",""SpotFinishingType"":""none"",""State"":""published"",""Variable"":""no""}"
flat_product_pf_400x500-mm_pt_250-gsm-uncoated-offwhite-archival_cl_4-0_ct_none_prt_none_sft_none_set_none_ver,Posters — 400x500-mm — ver,posters,posters,"{""CoatingType"":""none"",""ColorType"":""4-0"",""Orientation"":""ver"",""PaperFormat"":""400x500-mm"",""PaperType"":""250-gsm-uncoated-offwhite-archival"",""ProductStatus"":""activated"",""ProtectionType"":""none"",""ShapeEdgeType"":""none"",""SpotFinishingType"":""none"",""State"":""published"",""Variable"":""no""}"
flat_product_pf_400x500-mm_pt_65-lb-cover-coated-silk_cl_4-0_ct_none_prt_none_sft_none_set_none_hor,Posters — 400x500-mm — hor,posters,posters,"{""CoatingType"":""none"",""ColorType"":""4-0"",""Orientation"":""hor"",""PaperFormat"":""400x500-mm"",""PaperType"":""65-lb-cover-coated-silk"",""ProductStatus"":""activated"",""ProtectionType"":""none"",""ShapeEdgeType"":""none"",""SpotFinishingType"":""none"",""State"":""published"",""Variable"":""no""}"
flat_product_pf_400x500-mm_pt_65-lb-cover-uncoated_cl_4-0_ct_none_prt_none_sft_none_set_none_hor,Posters — 400x500-mm — hor,posters,posters,"{""CoatingType"":""none"",""ColorType"":""4-0"",""Orientation"":""hor"",""PaperFormat"":""400x500-mm"",""PaperType"":""65-lb-cover-uncoated"",""ProductStatus"":""activated"",""ProtectionType"":""none"",""ShapeEdgeType"":""none"",""SpotFinishingType"":""none"",""State"":""published"",""Variable"":""no""}"
flat_product_pf_400x500-mm_pt_65-lb-cover-uncoated_cl_4-0_ct_none_prt_none_sft_none_set_none_ver,Posters — 400x500-mm — ver,posters,posters,"{""CoatingType"":""none"",""ColorType"":""4-0"",""Orientation"":""ver"",""PaperFormat"":""400x500-mm"",""PaperType"":""65-lb-cover-uncoated"",""ProductStatus"":""activated"",""ProtectionType"":""none"",""ShapeEdgeType"":""none"",""SpotFinishingType"":""none"",""State"":""published"",""Variable"":""no""}"
flat_product_pf_400x500-mm_pt_80-lb-cover-coated-silk_cl_4-0_ct_none_prt_none_sft_none_set_none_hor,Posters — 400x500-mm — hor,posters,posters,"{""CoatingType"":""none"",""ColorType"":""4-0"",""Orientation"":""hor"",""PaperFormat"":""400x500-mm"",""PaperType"":""80-lb-cover-coated-silk"",""ProductStatus"":""activated"",""ProtectionType"":""none"",""ShapeEdgeType"":""none"",""SpotFinishingType"":""none"",""State"":""published"",""Variable"":""no""}"
flat_product_pf_400x500-mm_pt_80-lb-cover-coated-silk_cl_4-0_ct_none_prt_none_sft_none_set_none_ver,Posters — 400x500-mm — ver,posters,posters,"{""CoatingType"":""none"",""ColorType"":""4-0"",""Orientation"":""ver"",""PaperFormat"":""400x500-mm"",""PaperType"":""80-lb-cover-coated-silk"",""ProductStatus"":""activated"",""ProtectionType"":""none"",""ShapeEdgeType"":""none"",""SpotFinishingType"":""none"",""State"":""published"",""Variable"":""no""}"
flat_product_pf_400x500-mm_pt_80-lb-cover-uncoated_cl_4-0_ct_none_prt_none_sft_none_set_none_hor,Posters — 400x500-mm — hor,posters,posters,"{""CoatingType"":""none"",""ColorType"":""4-0"",""Orientation"":""hor"",""PaperFormat"":""400x500-mm"",""PaperType"":""80-lb-cover-uncoated"",""ProductStatus"":""activated"",""ProtectionType"":""none"",""ShapeEdgeType"":""none"",""SpotFinishingType"":""none"",""State"":""published"",""Variable"":""no""}"
flat_product_pf_400x500-mm_pt_80-lb-cover-uncoated_cl_4-0_ct_none_prt_none_sft_none_set_none_ver,Posters — 400x500-mm — ver,posters,posters,"{""CoatingType"":""none"",""ColorType"":""4-0"",""Orientation"":""ver"",""PaperFormat"":""400x500-mm"",""PaperType"":""80-lb-cover-uncoated"",""ProductStatus"":""activated"",""ProtectionType"":""none"",""ShapeEdgeType"":""none"",""SpotFinishingType"":""none"",""State"":""published"",""Variable"":""no""}"
flat_product_pf_400x600-mm_pt_170-gsm-uncoated_cl_4-0_ct_none_prt_none_sft_none_set_none_hor,Posters — 400x600-mm — hor,posters,posters,"{""CoatingType"":""none"",""ColorType"":""4-0"",""Orientation"":""hor"",""PaperFormat"":""400x600-mm"",""PaperType"":""170-gsm-uncoated"",""ProductStatus"":""activated"",""ProtectionType"":""none"",""ShapeEdgeType"":""none"",""SpotFinishingType"":""none"",""State"":""published"",""Variable"":""no""}"
flat_product_pf_400x600-mm_pt_170-gsm-uncoated_cl_4-0_ct_none_prt_none_sft_none_set_none_ver,Posters — 400x600-mm — ver,posters,posters,"{""CoatingType"":""none"",""ColorType"":""4-0"",""Orientation"":""ver"",""PaperFormat"":""400x600-mm"",""PaperType"":""170-gsm-uncoated"",""ProductStatus"":""activated"",""ProtectionType"":""none"",""ShapeEdgeType"":""none"",""SpotFinishingType"":""none"",""State"":""published"",""Variable"":""no""}"
flat_product_pf_400x600-mm_pt_200-gsm-coated-silk_cl_4-0_ct_none_prt_none_sft_none_set_none_hor,Posters — 400x600-mm — hor,posters,posters,"{""CoatingType"":""none"",""ColorType"":""4-0"",""Orientation"":""hor"",""PaperFormat"":""400x600-mm"",""PaperType"":""200-gsm-coated-silk"",""ProductStatus"":""activated"",""ProtectionType"":""none"",""ShapeEdgeType"":""none"",""SpotFinishingType"":""none"",""State"":""published"",""Variable"":""no""}"
flat_product_pf_400x600-mm_pt_200-gsm-coated-silk_cl_4-0_ct_none_prt_none_sft_none_set_none_ver,Posters — 400x600-mm — ver,posters,posters,"{""CoatingType"":""none"",""ColorType"":""4-0"",""Orientation"":""ver"",""PaperFormat"":""400x600-mm"",""PaperType"":""200-gsm-coated-silk"",""ProductStatus"":""activated"",""ProtectionType"":""none"",""ShapeEdgeType"":""none"",""SpotFinishingType"":""none"",""State"":""published"",""Variable"":""no""}"
flat_product_pf_400x600-mm_pt_200-gsm-uncoated_cl_4-0_ct_none_prt_none_sft_none_set_none_hor,Posters — 400x600-mm — hor,posters,posters,"{""CoatingType"":""none"",""ColorType"":""4-0"",""Orientation"":""hor"",""PaperFormat"":""400x600-mm"",""PaperType"":""200-gsm-uncoated"",""ProductStatus"":""activated"",""ProtectionType"":""none"",""ShapeEdgeType"":""none"",""SpotFinishingType"":""none"",""State"":""published"",""Variable"":""no""}"
flat_product_pf_400x600-mm_pt_200-gsm-uncoated_cl_4-0_ct_none_prt_none_sft_none_set_none_ver,Posters — 400x600-mm — ver,posters,posters,"{""CoatingType"":""none"",""ColorType"":""4-0"",""Orientation"":""ver"",""PaperFormat"":""400x600-mm"",""PaperType"":""200-gsm-uncoated"",""ProductStatus"":""activated"",""ProtectionType"":""none"",""ShapeEdgeType"":""none"",""SpotFinishingType"":""none"",""State"":""published"",""Variable"":""no""}"
flat_product_pf_400x600-mm_pt_250-gsm-uncoated-offwhite-archival_cl_4-0_ct_none_prt_none_sft_none_set_none_hor,Posters — 400x600-mm — hor,posters,posters,"{""CoatingType"":""none"",""ColorType"":""4-0"",""Orientation"":""hor"",""PaperFormat"":""400x600-mm"",""PaperType"":""250-gsm-uncoated-offwhite-archival"",""ProductStatus"":""activated"",""ProtectionType"":""none"",""ShapeEdgeType"":""none"",""SpotFinishingType"":""none"",""State"":""published"",""Variable"":""no""}"
flat_product_pf_400x600-mm_pt_250-gsm-uncoated-offwhite-archival_cl_4-0_ct_none_prt_none_sft_none_set_none_ver,Posters — 400x600-mm — ver,posters,posters,"{""CoatingType"":""none"",""ColorType"":""4-0"",""Orientation"":""ver"",""PaperFormat"":""400x600-mm"",""PaperType"":""250-gsm-uncoated-offwhite-archival"",""ProductStatus"":""activated"",""ProtectionType"":""none"",""ShapeEdgeType"":""none"",""SpotFinishingType"":""none"",""State"":""published"",""Variable"":""no""}"
flat_product_pf_400x600-mm_pt_65-lb-cover-coated-silk_cl_4-0_ct_none_prt_none_sft_none_set_none_hor,Posters — 400x600-mm — hor,posters,posters,"{""CoatingType"":""none"",""ColorType"":""4-0"",""Orientation"":""hor"",""PaperFormat"":""400x600-mm"",""PaperType"":""65-lb-cover-coated-silk"",""ProductStatus"":""activated"",""ProtectionType"":""none"",""ShapeEdgeType"":""none"",""SpotFinishingType"":""none"",""State"":""published"",""Variable"":""no""}"
flat_product_pf_400x600-mm_pt_65-lb-cover-coated-silk_cl_4-0_ct_none_prt_none_sft_none_set_none_ver,Posters — 400x600-mm — ver,posters,posters,"{""CoatingType"":""none"",""ColorType"":""4-0"",""Orientation"":""ver"",""PaperFormat"":""400x600-mm"",""PaperType"":""65-lb-cover-coated-silk"",""ProductStatus"":""activated"",""ProtectionType"":""none"",""ShapeEdgeType"":""none"",""SpotFinishingType"":""none"",""State"":""published"",""Variable"":""no""}"
flat_product_pf_400x600-mm_pt_65-lb-cover-uncoated_cl_4-0_ct_none_prt_none_sft_none_set_none_hor,Posters — 400x600-mm — hor,posters,posters,"{""CoatingType"":""none"",""ColorType"":""4-0"",""Orientation"":""hor"",""PaperFormat"":""400x600-mm"",""PaperType"":""65-lb-cover-uncoated"",""ProductStatus"":""activated"",""ProtectionType"":""none"",""ShapeEdgeType"":""none"",""SpotFinishingType"":""none"",""State"":""published"",""Variable"":""no""}"
flat_product_pf_400x600-mm_pt_65-lb-cover-uncoated_cl_4-0_ct_none_prt_none_sft_none_set_none_ver,Posters — 400x600-mm — ver,posters,posters,"{""CoatingType"":""none"",""ColorType"":""4-0"",""Orientation"":""ver"",""PaperFormat"":""400x600-mm"",""PaperType"":""65-lb-cover-uncoated"",""ProductStatus"":""activated"",""ProtectionType"":""none"",""ShapeEdgeType"":""none"",""SpotFinishingType"":""none"",""State"":""published"",""Variable"":""no""}"
flat_product_pf_400x600-mm_pt_80-lb-cover-coated-silk_cl_4-0_ct_none_prt_none_sft_none_set_none_hor,Posters — 400x600-mm — hor,posters,posters,"{""CoatingType"":""none"",""ColorType"":""4-0"",""Orientation"":""hor"",""PaperFormat"":""400x600-mm"",""PaperType"":""80-lb-cover-coated-silk"",""ProductStatus"":""activated"",""ProtectionType"":""none"",""ShapeEdgeType"":""none"",""SpotFinishingType"":""none"",""State"":""published"",""Variable"":""no""}"
flat_product_pf_400x600-mm_pt_80-lb-cover-coated-silk_cl_4-0_ct_none_prt_none_sft_none_set_none_ver,Posters — 400x600-mm — ver,posters,posters,"{""CoatingType"":""none"",""ColorType"":""4-0"",""Orientation"":""ver"",""PaperFormat"":""400x600-mm"",""PaperType"":""80-lb-cover-coated-silk"",""ProductStatus"":""activated"",""ProtectionType"":""none"",""ShapeEdgeType"":""none"",""SpotFinishingType"":""none"",""State"":""published"",""Variable"":""no""}"
flat_product_pf_400x600-mm_pt_80-lb-cover-uncoated_cl_4-0_ct_none_prt_none_sft_none_set_none_hor,Posters — 400x600-mm — hor,posters,posters,"{""CoatingType"":""none"",""ColorType"":""4-0"",""Orientation"":""hor"",""PaperFormat"":""400x600-mm"",""PaperType"":""80-lb-cover-uncoated"",""ProductStatus"":""activated"",""ProtectionType"":""none"",""ShapeEdgeType"":""none"",""SpotFinishingType"":""none"",""State"":""published"",""Variable"":""no""}"
flat_product_pf_400x600-mm_pt_80-lb-cover-uncoated_cl_4-0_ct_none_prt_none_sft_none_set_none_ver,Posters — 400x600-mm — ver,posters,posters,"{""CoatingType"":""none"",""ColorType"":""4-0"",""Orientation"":""ver"",""PaperFormat"":""400x600-mm"",""PaperType"":""80-lb-cover-uncoated"",""ProductStatus"":""activated"",""ProtectionType"":""none"",""ShapeEdgeType"":""none"",""SpotFinishingType"":""none"",""State"":""published"",""Variable"":""no""}"
flat_product_pf_450x450-mm_pt_250-gsm-uncoated-offwhite-archival_cl_4-0_ct_none_prt_none_sft_none_set_none_hor,Posters — 450x450-mm — hor,posters,posters,"{""CoatingType"":""none"",""ColorType"":""4-0"",""Orientation"":""hor"",""PaperFormat"":""450x450-mm"",""PaperType"":""250-gsm-uncoated-offwhite-archival"",""ProductStatus"":""activated"",""ProtectionType"":""none"",""ShapeEdgeType"":""none"",""SpotFinishingType"":""none"",""State"":""published"",""Variable"":""no""}"
flat_product_pf_450x450-mm_pt_250-gsm-uncoated-offwhite-archival_cl_4-0_ct_none_prt_none_sft_none_set_none_ver,Posters — 450x450-mm — ver,posters,posters,"{""CoatingType"":""none"",""ColorType"":""4-0"",""Orientation"":""ver"",""PaperFormat"":""450x450-mm"",""PaperType"":""250-gsm-uncoated-offwhite-archival"",""ProductStatus"":""activated"",""ProtectionType"":""none"",""ShapeEdgeType"":""none"",""SpotFinishingType"":""none"",""State"":""published"",""Variable"":""no""}"
flat_product_pf_450x600-mm_pt_170-gsm-coated-silk_cl_4-0_ct_none_prt_none_sft_none_set_none_hor,Posters — 450x600-mm — hor,posters,posters,"{""CoatingType"":""none"",""ColorType"":""4-0"",""Orientation"":""hor"",""PaperFormat"":""450x600-mm"",""PaperType"":""170-gsm-coated-silk"",""ProductStatus"":""activated"",""ProtectionType"":""none"",""ShapeEdgeType"":""none"",""SpotFinishingType"":""none"",""State"":""published"",""Variable"":""no""}"
flat_product_pf_450x600-mm_pt_170-gsm-coated-silk_cl_4-0_ct_none_prt_none_sft_none_set_none_ver,Posters — 450x600-mm — ver,posters,posters,"{""CoatingType"":""none"",""ColorType"":""4-0"",""Orientation"":""ver"",""PaperFormat"":""450x600-mm"",""PaperType"":""170-gsm-coated-silk"",""ProductStatus"":""activated"",""ProtectionType"":""none"",""ShapeEdgeType"":""none"",""SpotFinishingType"":""none"",""State"":""published"",""Variable"":""no""}"
flat_product_pf_450x600-mm_pt_170-gsm-uncoated_cl_4-0_ct_none_prt_none_sft_none_set_none_hor,Posters — 450x600-mm — hor,posters,posters,"{""CoatingType"":""none"",""ColorType"":""4-0"",""Orientation"":""hor"",""PaperFormat"":""450x600-mm"",""PaperType"":""170-gsm-uncoated"",""ProductStatus"":""activated"",""ProtectionType"":""none"",""ShapeEdgeType"":""none"",""SpotFinishingType"":""none"",""State"":""published"",""Variable"":""no""}"
flat_product_pf_450x600-mm_pt_170-gsm-uncoated_cl_4-0_ct_none_prt_none_sft_none_set_none_ver,Posters — 450x600-mm — ver,posters,posters,"{""CoatingType"":""none"",""ColorType"":""4-0"",""Orientation"":""ver"",""PaperFormat"":""450x600-mm"",""PaperType"":""170-gsm-uncoated"",""ProductStatus"":""activated"",""ProtectionType"":""none"",""ShapeEdgeType"":""none"",""SpotFinishingType"":""none"",""State"":""published"",""Variable"":""no""}"
flat_product_pf_450x600-mm_pt_200-gsm-coated-silk_cl_4-0_ct_none_prt_none_sft_none_set_none_hor,Posters — 450x600-mm — hor,posters,posters,"{""CoatingType"":""none"",""ColorType"":""4-0"",""Orientation"":""hor"",""PaperFormat"":""450x600-mm"",""PaperType"":""200-gsm-coated-silk"",""ProductStatus"":""activated"",""ProtectionType"":""none"",""ShapeEdgeType"":""none"",""SpotFinishingType"":""none"",""State"":""published"",""Variable"":""no""}"
flat_product_pf_450x600-mm_pt_200-gsm-coated-silk_cl_4-0_ct_none_prt_none_sft_none_set_none_ver,Posters — 450x600-mm — ver,posters,posters,"{""CoatingType"":""none"",""ColorType"":""4-0"",""Orientation"":""ver"",""PaperFormat"":""450x600-mm"",""PaperType"":""200-gsm-coated-silk"",""ProductStatus"":""activated"",""ProtectionType"":""none"",""ShapeEdgeType"":""none"",""SpotFinishingType"":""none"",""State"":""published"",""Variable"":""no""}"
flat_product_pf_450x600-mm_pt_200-gsm-uncoated_cl_4-0_ct_none_prt_none_sft_none_set_none_hor,Posters — 450x600-mm — hor,posters,posters,"{""CoatingType"":""none"",""ColorType"":""4-0"",""Orientation"":""hor"",""PaperFormat"":""450x600-mm"",""PaperType"":""200-gsm-uncoated"",""ProductStatus"":""activated"",""ProtectionType"":""none"",""ShapeEdgeType"":""none"",""SpotFinishingType"":""none"",""State"":""published"",""Variable"":""no""}"
flat_product_pf_450x600-mm_pt_200-gsm-uncoated_cl_4-0_ct_none_prt_none_sft_none_set_none_ver,Posters — 450x600-mm — ver,posters,posters,"{""CoatingType"":""none"",""ColorType"":""4-0"",""Orientation"":""ver"",""PaperFormat"":""450x600-mm"",""PaperType"":""200-gsm-uncoated"",""ProductStatus"":""activated"",""ProtectionType"":""none"",""ShapeEdgeType"":""none"",""SpotFinishingType"":""none"",""State"":""published"",""Variable"":""no""}"
flat_product_pf_450x600-mm_pt_250-gsm-uncoated-offwhite-archival_cl_4-0_ct_none_prt_none_sft_none_set_none_hor,Posters — 450x600-mm — hor,posters,posters,"{""CoatingType"":""none"",""ColorType"":""4-0"",""Orientation"":""hor"",""PaperFormat"":""450x600-mm"",""PaperType"":""250-gsm-uncoated-offwhite-archival"",""ProductStatus"":""activated"",""ProtectionType"":""none"",""ShapeEdgeType"":""none"",""SpotFinishingType"":""none"",""State"":""published"",""Variable"":""no""}"
flat_product_pf_450x600-mm_pt_250-gsm-uncoated-offwhite-archival_cl_4-0_ct_none_prt_none_sft_none_set_none_ver,Posters — 450x600-mm — ver,posters,posters,"{""CoatingType"":""none"",""ColorType"":""4-0"",""Orientation"":""ver"",""PaperFormat"":""450x600-mm"",""PaperType"":""250-gsm-uncoated-offwhite-archival"",""ProductStatus"":""activated"",""ProtectionType"":""none"",""ShapeEdgeType"":""none"",""SpotFinishingType"":""none"",""State"":""published"",""Variable"":""no""}"
flat_product_pf_450x600-mm_pt_65-lb-cover-coated-silk_cl_4-0_ct_none_prt_none_sft_none_set_none_hor,Posters — 450x600-mm — hor,posters,posters,"{""CoatingType"":""none"",""ColorType"":""4-0"",""Orientation"":""hor"",""PaperFormat"":""450x600-mm"",""PaperType"":""65-lb-cover-coated-silk"",""ProductStatus"":""activated"",""ProtectionType"":""none"",""ShapeEdgeType"":""none"",""SpotFinishingType"":""none"",""State"":""published"",""Variable"":""no""}"
flat_product_pf_450x600-mm_pt_65-lb-cover-coated-silk_cl_4-0_ct_none_prt_none_sft_none_set_none_ver,Posters — 450x600-mm — ver,posters,posters,"{""CoatingType"":""none"",""ColorType"":""4-0"",""Orientation"":""ver"",""PaperFormat"":""450x600-mm"",""PaperType"":""65-lb-cover-coated-silk"",""ProductStatus"":""activated"",""ProtectionType"":""none"",""ShapeEdgeType"":""none"",""SpotFinishingType"":""none"",""State"":""published"",""Variable"":""no""}"
flat_product_pf_450x600-mm_pt_65-lb-cover-uncoated_cl_4-0_ct_none_prt_none_sft_none_set_none_hor,Posters — 450x600-mm — hor,posters,posters,"{""CoatingType"":""none"",""ColorType"":""4-0"",""Orientation"":""hor"",""PaperFormat"":""450x600-mm"",""PaperType"":""65-lb-cover-uncoated"",""ProductStatus"":""activated"",""ProtectionType"":""none"",""ShapeEdgeType"":""none"",""SpotFinishingType"":""none"",""State"":""published"",""Variable"":""no""}"
flat_product_pf_450x600-mm_pt_65-lb-cover-uncoated_cl_4-0_ct_none_prt_none_sft_none_set_none_ver,Posters — 450x600-mm — ver,posters,posters,"{""CoatingType"":""none"",""ColorType"":""4-0"",""Orientation"":""ver"",""PaperFormat"":""450x600-mm"",""PaperType"":""65-lb-cover-uncoated"",""ProductStatus"":""activated"",""ProtectionType"":""none"",""ShapeEdgeType"":""none"",""SpotFinishingType"":""none"",""State"":""published"",""Variable"":""no""}"
flat_product_pf_450x600-mm_pt_80-lb-cover-coated-silk_cl_4-0_ct_none_prt_none_sft_none_set_none_hor,Posters — 450x600-mm — hor,posters,posters,"{""CoatingType"":""none"",""ColorType"":""4-0"",""Orientation"":""hor"",""PaperFormat"":""450x600-mm"",""PaperType"":""80-lb-cover-coated-silk"",""ProductStatus"":""activated"",""ProtectionType"":""none"",""ShapeEdgeType"":""none"",""SpotFinishingType"":""none"",""State"":""published"",""Variable"":""no""}"
flat_product_pf_450x600-mm_pt_80-lb-cover-coated-silk_cl_4-0_ct_none_prt_none_sft_none_set_none_ver,Posters — 450x600-mm — ver,posters,posters,"{""CoatingType"":""none"",""ColorType"":""4-0"",""Orientation"":""ver"",""PaperFormat"":""450x600-mm"",""PaperType"":""80-lb-cover-coated-silk"",""ProductStatus"":""activated"",""ProtectionType"":""none"",""ShapeEdgeType"":""none"",""SpotFinishingType"":""none"",""State"":""published"",""Variable"":""no""}"
flat_product_pf_450x600-mm_pt_80-lb-cover-uncoated_cl_4-0_ct_none_prt_none_sft_none_set_none_hor,Posters — 450x600-mm — hor,posters,posters,"{""CoatingType"":""none"",""ColorType"":""4-0"",""Orientation"":""hor"",""PaperFormat"":""450x600-mm"",""PaperType"":""80-lb-cover-uncoated"",""ProductStatus"":""activated"",""ProtectionType"":""none"",""ShapeEdgeType"":""none"",""SpotFinishingType"":""none"",""State"":""published"",""Variable"":""no""}"
flat_product_pf_450x600-mm_pt_80-lb-cover-uncoated_cl_4-0_ct_none_prt_none_sft_none_set_none_ver,Posters — 450x600-mm — ver,posters,posters,"{""CoatingType"":""none"",""ColorType"":""4-0"",""Orientation"":""ver"",""PaperFormat"":""450x600-mm"",""PaperType"":""80-lb-cover-uncoated"",""ProductStatus"":""activated"",""ProtectionType"":""none"",""ShapeEdgeType"":""none"",""SpotFinishingType"":""none"",""State"":""published"",""Variable"":""no""}"
flat_product_pf_500x500-mm_pt_170-gsm-coated-silk_cl_4-0_ct_none_prt_none_sft_none_set_none_hor,Posters — 500x500-mm — hor,posters,posters,"{""CoatingType"":""none"",""ColorType"":""4-0"",""Orientation"":""hor"",""PaperFormat"":""500x500-mm"",""PaperType"":""170-gsm-coated-silk"",""ProductStatus"":""activated"",""ProtectionType"":""none"",""ShapeEdgeType"":""none"",""SpotFinishingType"":""none"",""State"":""published"",""Variable"":""no""}"
flat_product_pf_500x500-mm_pt_170-gsm-uncoated_cl_4-0_ct_none_prt_none_sft_none_set_none_hor,Posters — 500x500-mm — hor,posters,posters,"{""CoatingType"":""none"",""ColorType"":""4-0"",""Orientation"":""hor"",""PaperFormat"":""500x500-mm"",""PaperType"":""170-gsm-uncoated"",""ProductStatus"":""activated"",""ProtectionType"":""none"",""ShapeEdgeType"":""none"",""SpotFinishingType"":""none"",""State"":""published"",""Variable"":""no""}"
flat_product_pf_500x500-mm_pt_170-gsm-uncoated_cl_4-0_ct_none_prt_none_sft_none_set_none_ver,Posters — 500x500-mm — ver,posters,posters,"{""CoatingType"":""none"",""ColorType"":""4-0"",""Orientation"":""ver"",""PaperFormat"":""500x500-mm"",""PaperType"":""170-gsm-uncoated"",""ProductStatus"":""activated"",""ProtectionType"":""none"",""ShapeEdgeType"":""none"",""SpotFinishingType"":""none"",""State"":""published"",""Variable"":""no""}"
flat_product_pf_500x500-mm_pt_200-gsm-coated-silk_cl_4-0_ct_none_prt_none_sft_none_set_none_hor,Posters — 500x500-mm — hor,posters,posters,"{""CoatingType"":""none"",""ColorType"":""4-0"",""Orientation"":""hor"",""PaperFormat"":""500x500-mm"",""PaperType"":""200-gsm-coated-silk"",""ProductStatus"":""activated"",""ProtectionType"":""none"",""ShapeEdgeType"":""none"",""SpotFinishingType"":""none"",""State"":""published"",""Variable"":""no""}"
flat_product_pf_500x500-mm_pt_200-gsm-coated-silk_cl_4-0_ct_none_prt_none_sft_none_set_none_ver,Posters — 500x500-mm — ver,posters,posters,"{""CoatingType"":""none"",""ColorType"":""4-0"",""Orientation"":""ver"",""PaperFormat"":""500x500-mm"",""PaperType"":""200-gsm-coated-silk"",""ProductStatus"":""activated"",""ProtectionType"":""none"",""ShapeEdgeType"":""none"",""SpotFinishingType"":""none"",""State"":""published"",""Variable"":""no""}"
flat_product_pf_500x500-mm_pt_200-gsm-uncoated_cl_4-0_ct_none_prt_none_sft_none_set_none_hor,Posters — 500x500-mm — hor,posters,posters,"{""CoatingType"":""none"",""ColorType"":""4-0"",""Orientation"":""hor"",""PaperFormat"":""500x500-mm"",""PaperType"":""200-gsm-uncoated"",""ProductStatus"":""activated"",""ProtectionType"":""none"",""ShapeEdgeType"":""none"",""SpotFinishingType"":""none"",""State"":""published"",""Variable"":""no""}"
flat_product_pf_500x500-mm_pt_200-gsm-uncoated_cl_4-0_ct_none_prt_none_sft_none_set_none_ver,Posters — 500x500-mm — ver,posters,posters,"{""CoatingType"":""none"",""ColorType"":""4-0"",""Orientation"":""ver"",""PaperFormat"":""500x500-mm"",""PaperType"":""200-gsm-uncoated"",""ProductStatus"":""activated"",""ProtectionType"":""none"",""ShapeEdgeType"":""none"",""SpotFinishingType"":""none"",""State"":""published"",""Variable"":""no""}"
flat_product_pf_500x500-mm_pt_250-gsm-uncoated-offwhite-archival_cl_4-0_ct_none_prt_none_sft_none_set_none_hor,Posters — 500x500-mm — hor,posters,posters,"{""CoatingType"":""none"",""ColorType"":""4-0"",""Orientation"":""hor"",""PaperFormat"":""500x500-mm"",""PaperType"":""250-gsm-uncoated-offwhite-archival"",""ProductStatus"":""activated"",""ProtectionType"":""none"",""ShapeEdgeType"":""none"",""SpotFinishingType"":""none"",""State"":""published"",""Variable"":""no""}"
flat_product_pf_500x500-mm_pt_250-gsm-uncoated-offwhite-archival_cl_4-0_ct_none_prt_none_sft_none_set_none_ver,Posters — 500x500-mm — ver,posters,posters,"{""CoatingType"":""none"",""ColorType"":""4-0"",""Orientation"":""ver"",""PaperFormat"":""500x500-mm"",""PaperType"":""250-gsm-uncoated-offwhite-archival"",""ProductStatus"":""activated"",""ProtectionType"":""none"",""ShapeEdgeType"":""none"",""SpotFinishingType"":""none"",""State"":""published"",""Variable"":""no""}"
flat_product_pf_500x500-mm_pt_65-lb-cover-coated-silk_cl_4-0_ct_none_prt_none_sft_none_set_none_hor,Posters — 500x500-mm — hor,posters,posters,"{""CoatingType"":""none"",""ColorType"":""4-0"",""Orientation"":""hor"",""PaperFormat"":""500x500-mm"",""PaperType"":""65-lb-cover-coated-silk"",""ProductStatus"":""activated"",""ProtectionType"":""none"",""ShapeEdgeType"":""none"",""SpotFinishingType"":""none"",""State"":""published"",""Variable"":""no""}"
flat_product_pf_500x500-mm_pt_65-lb-cover-coated-silk_cl_4-0_ct_none_prt_none_sft_none_set_none_ver,Posters — 500x500-mm — ver,posters,posters,"{""CoatingType"":""none"",""ColorType"":""4-0"",""Orientation"":""ver"",""PaperFormat"":""500x500-mm"",""PaperType"":""65-lb-cover-coated-silk"",""ProductStatus"":""activated"",""ProtectionType"":""none"",""ShapeEdgeType"":""none"",""SpotFinishingType"":""none"",""State"":""published"",""Variable"":""no""}"
flat_product_pf_500x500-mm_pt_65-lb-cover-uncoated_cl_4-0_ct_none_prt_none_sft_none_set_none_hor,Posters — 500x500-mm — hor,posters,posters,"{""CoatingType"":""none"",""ColorType"":""4-0"",""Orientation"":""hor"",""PaperFormat"":""500x500-mm"",""PaperType"":""65-lb-cover-uncoated"",""ProductStatus"":""activated"",""ProtectionType"":""none"",""ShapeEdgeType"":""none"",""SpotFinishingType"":""none"",""State"":""published"",""Variable"":""no""}"
flat_product_pf_500x500-mm_pt_65-lb-cover-uncoated_cl_4-0_ct_none_prt_none_sft_none_set_none_ver,Posters — 500x500-mm — ver,posters,posters,"{""CoatingType"":""none"",""ColorType"":""4-0"",""Orientation"":""ver"",""PaperFormat"":""500x500-mm"",""PaperType"":""65-lb-cover-uncoated"",""ProductStatus"":""activated"",""ProtectionType"":""none"",""ShapeEdgeType"":""none"",""SpotFinishingType"":""none"",""State"":""published"",""Variable"":""no""}"
flat_product_pf_500x500-mm_pt_80-lb-cover-coated-silk_cl_4-0_ct_none_prt_none_sft_none_set_none_hor,Posters — 500x500-mm — hor,posters,posters,"{""CoatingType"":""none"",""ColorType"":""4-0"",""Orientation"":""hor"",""PaperFormat"":""500x500-mm"",""PaperType"":""80-lb-cover-coated-silk"",""ProductStatus"":""activated"",""ProtectionType"":""none"",""ShapeEdgeType"":""none"",""SpotFinishingType"":""none"",""State"":""published"",""Variable"":""no""}"
flat_product_pf_500x500-mm_pt_80-lb-cover-coated-silk_cl_4-0_ct_none_prt_none_sft_none_set_none_ver,Posters — 500x500-mm — ver,posters,posters,"{""CoatingType"":""none"",""ColorType"":""4-0"",""Orientation"":""ver"",""PaperFormat"":""500x500-mm"",""PaperType"":""80-lb-cover-coated-silk"",""ProductStatus"":""activated"",""ProtectionType"":""none"",""ShapeEdgeType"":""none"",""SpotFinishingType"":""none"",""State"":""published"",""Variable"":""no""}"
flat_product_pf_500x500-mm_pt_80-lb-cover-uncoated_cl_4-0_ct_none_prt_none_sft_none_set_none_hor,Posters — 500x500-mm — hor,posters,posters,"{""CoatingType"":""none"",""ColorType"":""4-0"",""Orientation"":""hor"",""PaperFormat"":""500x500-mm"",""PaperType"":""80-lb-cover-uncoated"",""ProductStatus"":""activated"",""ProtectionType"":""none"",""ShapeEdgeType"":""none"",""SpotFinishingType"":""none"",""State"":""published"",""Variable"":""no""}"
flat_product_pf_500x500-mm_pt_80-lb-cover-uncoated_cl_4-0_ct_none_prt_none_sft_none_set_none_ver,Posters — 500x500-mm — ver,posters,posters,"{""CoatingType"":""none"",""ColorType"":""4-0"",""Orientation"":""ver"",""PaperFormat"":""500x500-mm"",""PaperType"":""80-lb-cover-uncoated"",""ProductStatus"":""activated"",""ProtectionType"":""none"",""ShapeEdgeType"":""none"",""SpotFinishingType"":""none"",""State"":""published"",""Variable"":""no""}"
flat_product_pf_500x700-mm_pt_170-gsm-uncoated_cl_4-0_ct_none_prt_none_sft_none_set_none_hor,Posters — 500x700-mm — hor,posters,posters,"{""CoatingType"":""none"",""ColorType"":""4-0"",""Orientation"":""hor"",""PaperFormat"":""500x700-mm"",""PaperType"":""170-gsm-uncoated"",""ProductStatus"":""activated"",""ProtectionType"":""none"",""ShapeEdgeType"":""none"",""SpotFinishingType"":""none"",""State"":""published"",""Variable"":""no""}"
flat_product_pf_500x700-mm_pt_170-gsm-uncoated_cl_4-0_ct_none_prt_none_sft_none_set_none_ver,Posters — 500x700-mm — ver,posters,posters,"{""CoatingType"":""none"",""ColorType"":""4-0"",""Orientation"":""ver"",""PaperFormat"":""500x700-mm"",""PaperType"":""170-gsm-uncoated"",""ProductStatus"":""activated"",""ProtectionType"":""none"",""ShapeEdgeType"":""none"",""SpotFinishingType"":""none"",""State"":""published"",""Variable"":""no""}"
flat_product_pf_500x700-mm_pt_200-gsm-coated-silk_cl_4-0_ct_none_prt_none_sft_none_set_none_hor,Posters — 500x700-mm — hor,posters,posters,"{""CoatingType"":""none"",""ColorType"":""4-0"",""Orientation"":""hor"",""PaperFormat"":""500x700-mm"",""PaperType"":""200-gsm-coated-silk"",""ProductStatus"":""activated"",""ProtectionType"":""none"",""ShapeEdgeType"":""none"",""SpotFinishingType"":""none"",""State"":""published"",""Variable"":""no""}"
flat_product_pf_500x700-mm_pt_200-gsm-coated-silk_cl_4-0_ct_none_prt_none_sft_none_set_none_ver,Posters — 500x700-mm — ver,posters,posters,"{""CoatingType"":""none"",""ColorType"":""4-0"",""Orientation"":""ver"",""PaperFormat"":""500x700-mm"",""PaperType"":""200-gsm-coated-silk"",""ProductStatus"":""activated"",""ProtectionType"":""none"",""ShapeEdgeType"":""none"",""SpotFinishingType"":""none"",""State"":""published"",""Variable"":""no""}"
flat_product_pf_500x700-mm_pt_200-gsm-uncoated_cl_4-0_ct_none_prt_none_sft_none_set_none_hor,Posters — 500x700-mm — hor,posters,posters,"{""CoatingType"":""none"",""ColorType"":""4-0"",""Orientation"":""hor"",""PaperFormat"":""500x700-mm"",""PaperType"":""200-gsm-uncoated"",""ProductStatus"":""activated"",""ProtectionType"":""none"",""ShapeEdgeType"":""none"",""SpotFinishingType"":""none"",""State"":""published"",""Variable"":""no""}"
flat_product_pf_500x700-mm_pt_200-gsm-uncoated_cl_4-0_ct_none_prt_none_sft_none_set_none_ver,Posters — 500x700-mm — ver,posters,posters,"{""CoatingType"":""none"",""ColorType"":""4-0"",""Orientation"":""ver"",""PaperFormat"":""500x700-mm"",""PaperType"":""200-gsm-uncoated"",""ProductStatus"":""activated"",""ProtectionType"":""none"",""ShapeEdgeType"":""none"",""SpotFinishingType"":""none"",""State"":""published"",""Variable"":""no""}"
flat_product_pf_500x700-mm_pt_250-gsm-uncoated-offwhite-archival_cl_4-0_ct_none_prt_none_sft_none_set_none_hor,Posters — 500x700-mm — hor,posters,posters,"{""CoatingType"":""none"",""ColorType"":""4-0"",""Orientation"":""hor"",""PaperFormat"":""500x700-mm"",""PaperType"":""250-gsm-uncoated-offwhite-archival"",""ProductStatus"":""activated"",""ProtectionType"":""none"",""ShapeEdgeType"":""none"",""SpotFinishingType"":""none"",""State"":""published"",""Variable"":""no""}"
flat_product_pf_500x700-mm_pt_250-gsm-uncoated-offwhite-archival_cl_4-0_ct_none_prt_none_sft_none_set_none_ver,Posters — 500x700-mm — ver,posters,posters,"{""CoatingType"":""none"",""ColorType"":""4-0"",""Orientation"":""ver"",""PaperFormat"":""500x700-mm"",""PaperType"":""250-gsm-uncoated-offwhite-archival"",""ProductStatus"":""activated"",""ProtectionType"":""none"",""ShapeEdgeType"":""none"",""SpotFinishingType"":""none"",""State"":""published"",""Variable"":""no""}"
flat_product_pf_500x700-mm_pt_65-lb-cover-coated-silk_cl_4-0_ct_none_prt_none_sft_none_set_none_hor,Posters — 500x700-mm — hor,posters,posters,"{""CoatingType"":""none"",""ColorType"":""4-0"",""Orientation"":""hor"",""PaperFormat"":""500x700-mm"",""PaperType"":""65-lb-cover-coated-silk"",""ProductStatus"":""activated"",""ProtectionType"":""none"",""ShapeEdgeType"":""none"",""SpotFinishingType"":""none"",""State"":""published"",""Variable"":""no""}"
flat_product_pf_500x700-mm_pt_65-lb-cover-uncoated_cl_4-0_ct_none_prt_none_sft_none_set_none_hor,Posters — 500x700-mm — hor,posters,posters,"{""CoatingType"":""none"",""ColorType"":""4-0"",""Orientation"":""hor"",""PaperFormat"":""500x700-mm"",""PaperType"":""65-lb-cover-uncoated"",""ProductStatus"":""activated"",""ProtectionType"":""none"",""ShapeEdgeType"":""none"",""SpotFinishingType"":""none"",""State"":""published"",""Variable"":""no""}"
flat_product_pf_500x700-mm_pt_65-lb-cover-uncoated_cl_4-0_ct_none_prt_none_sft_none_set_none_ver,Posters — 500x700-mm — ver,posters,posters,"{""CoatingType"":""none"",""ColorType"":""4-0"",""Orientation"":""ver"",""PaperFormat"":""500x700-mm"",""PaperType"":""65-lb-cover-uncoated"",""ProductStatus"":""activated"",""ProtectionType"":""none"",""ShapeEdgeType"":""none"",""SpotFinishingType"":""none"",""State"":""published"",""Variable"":""no""}"
flat_product_pf_500x700-mm_pt_80-lb-cover-coated-silk_cl_4-0_ct_none_prt_none_sft_none_set_none_hor,Posters — 500x700-mm — hor,posters,posters,"{""CoatingType"":""none"",""ColorType"":""4-0"",""Orientation"":""hor"",""PaperFormat"":""500x700-mm"",""PaperType"":""80-lb-cover-coated-silk"",""ProductStatus"":""activated"",""ProtectionType"":""none"",""ShapeEdgeType"":""none"",""SpotFinishingType"":""none"",""State"":""published"",""Variable"":""no""}"
flat_product_pf_500x700-mm_pt_80-lb-cover-coated-silk_cl_4-0_ct_none_prt_none_sft_none_set_none_ver,Posters — 500x700-mm — ver,posters,posters,"{""CoatingType"":""none"",""ColorType"":""4-0"",""Orientation"":""ver"",""PaperFormat"":""500x700-mm"",""PaperType"":""80-lb-cover-coated-silk"",""ProductStatus"":""activated"",""ProtectionType"":""none"",""ShapeEdgeType"":""none"",""SpotFinishingType"":""none"",""State"":""published"",""Variable"":""no""}"
flat_product_pf_500x700-mm_pt_80-lb-cover-uncoated_cl_4-0_ct_none_prt_none_sft_none_set_none_hor,Posters — 500x700-mm — hor,posters,posters,"{""CoatingType"":""none"",""ColorType"":""4-0"",""Orientation"":""hor"",""PaperFormat"":""500x700-mm"",""PaperType"":""80-lb-cover-uncoated"",""ProductStatus"":""activated"",""ProtectionType"":""none"",""ShapeEdgeType"":""none"",""SpotFinishingType"":""none"",""State"":""published"",""Variable"":""no""}"
flat_product_pf_500x700-mm_pt_80-lb-cover-uncoated_cl_4-0_ct_none_prt_none_sft_none_set_none_ver,Posters — 500x700-mm — ver,posters,posters,"{""CoatingType"":""none"",""ColorType"":""4-0"",""Orientation"":""ver"",""PaperFormat"":""500x700-mm"",""PaperType"":""80-lb-cover-uncoated"",""ProductStatus"":""activated"",""ProtectionType"":""none"",""ShapeEdgeType"":""none"",""SpotFinishingType"":""none"",""State"":""published"",""Variable"":""no""}"
flat_product_pf_533x711-mm_pt_200-gsm-uncoated_cl_4-0_ct_none_prt_none_sft_none_set_none_hor,Posters — 533x711-mm — hor,posters,posters,"{""CoatingType"":""none"",""ColorType"":""4-0"",""Orientation"":""hor"",""PaperFormat"":""533x711-mm"",""PaperType"":""200-gsm-uncoated"",""ProductStatus"":""activated"",""ProtectionType"":""none"",""ShapeEdgeType"":""none"",""SpotFinishingType"":""none"",""State"":""published"",""Variable"":""no""}"
flat_product_pf_533x711-mm_pt_200-gsm-uncoated_cl_4-0_ct_none_prt_none_sft_none_set_none_ver,Posters — 533x711-mm — ver,posters,posters,"{""CoatingType"":""none"",""ColorType"":""4-0"",""Orientation"":""ver"",""PaperFormat"":""533x711-mm"",""PaperType"":""200-gsm-uncoated"",""ProductStatus"":""activated"",""ProtectionType"":""none"",""ShapeEdgeType"":""none"",""SpotFinishingType"":""none"",""State"":""published"",""Variable"":""no""}"
flat_product_pf_533x711-mm_pt_80-lb-cover-uncoated_cl_4-0_ct_none_prt_none_sft_none_set_none_hor,Posters — 533x711-mm — hor,posters,posters,"{""CoatingType"":""none"",""ColorType"":""4-0"",""Orientation"":""hor"",""PaperFormat"":""533x711-mm"",""PaperType"":""80-lb-cover-uncoated"",""ProductStatus"":""activated"",""ProtectionType"":""none"",""ShapeEdgeType"":""none"",""SpotFinishingType"":""none"",""State"":""published"",""Variable"":""no""}"
flat_product_pf_533x711-mm_pt_80-lb-cover-uncoated_cl_4-0_ct_none_prt_none_sft_none_set_none_ver,Posters — 533x711-mm — ver,posters,posters,"{""CoatingType"":""none"",""ColorType"":""4-0"",""Orientation"":""ver"",""PaperFormat"":""533x711-mm"",""PaperType"":""80-lb-cover-uncoated"",""ProductStatus"":""activated"",""ProtectionType"":""none"",""ShapeEdgeType"":""none"",""SpotFinishingType"":""none"",""State"":""published"",""Variable"":""no""}"
flat_product_pf_5r_pt_100-lb-cover-uncoated-offwhite-archival_cl_4-0_ct_none_prt_none_sft_none_set_none_hor,Posters — 5R — hor,posters,posters,"{""CoatingType"":""none"",""ColorType"":""4-0"",""Orientation"":""hor"",""PaperFormat"":""5R"",""PaperType"":""100-lb-cover-uncoated-offwhite-archival"",""ProductStatus"":""activated"",""ProtectionType"":""none"",""ShapeEdgeType"":""none"",""SpotFinishingType"":""none"",""State"":""published"",""Variable"":""no""}"
flat_product_pf_5r_pt_100-lb-cover-uncoated-offwhite-archival_cl_4-0_ct_none_prt_none_sft_none_set_none_ver,Posters — 5R — ver,posters,posters,"{""CoatingType"":""none"",""ColorType"":""4-0"",""Orientation"":""ver"",""PaperFormat"":""5R"",""PaperType"":""100-lb-cover-uncoated-offwhite-archival"",""ProductStatus"":""activated"",""ProtectionType"":""none"",""ShapeEdgeType"":""none"",""SpotFinishingType"":""none"",""State"":""published"",""Variable"":""no""}"
flat_product_pf_5r_pt_170-gsm-coated-silk_cl_4-0_ct_none_prt_none_sft_none_set_none_hor,Posters — 5R — hor,posters,posters,"{""CoatingType"":""none"",""ColorType"":""4-0"",""Orientation"":""hor"",""PaperFormat"":""5R"",""PaperType"":""170-gsm-coated-silk"",""ProductStatus"":""activated"",""ProtectionType"":""none"",""ShapeEdgeType"":""none"",""SpotFinishingType"":""none"",""State"":""published"",""Variable"":""no""}"
flat_product_pf_5r_pt_170-gsm-coated-silk_cl_4-0_ct_none_prt_none_sft_none_set_none_ver,Posters — 5R — ver,posters,posters,"{""CoatingType"":""none"",""ColorType"":""4-0"",""Orientation"":""ver"",""PaperFormat"":""5R"",""PaperType"":""170-gsm-coated-silk"",""ProductStatus"":""activated"",""ProtectionType"":""none"",""ShapeEdgeType"":""none"",""SpotFinishingType"":""none"",""State"":""published"",""Variable"":""no""}"
flat_product_pf_5r_pt_170-gsm-uncoated_cl_4-0_ct_none_prt_none_sft_none_set_none_hor,Posters — 5R — hor,posters,posters,"{""CoatingType"":""none"",""ColorType"":""4-0"",""Orientation"":""hor"",""PaperFormat"":""5R"",""PaperType"":""170-gsm-uncoated"",""ProductStatus"":""activated"",""ProtectionType"":""none"",""ShapeEdgeType"":""none"",""SpotFinishingType"":""none"",""State"":""published"",""Variable"":""no""}"
flat_product_pf_5r_pt_170-gsm-uncoated_cl_4-0_ct_none_prt_none_sft_none_set_none_ver,Posters — 5R — ver,posters,posters,"{""CoatingType"":""none"",""ColorType"":""4-0"",""Orientation"":""ver"",""PaperFormat"":""5R"",""PaperType"":""170-gsm-uncoated"",""ProductStatus"":""activated"",""ProtectionType"":""none"",""ShapeEdgeType"":""none"",""SpotFinishingType"":""none"",""State"":""published"",""Variable"":""no""}"
flat_product_pf_5r_pt_200-gsm-coated-silk_cl_4-0_ct_none_prt_none_sft_none_set_none_hor,Posters — 5R — hor,posters,posters,"{""CoatingType"":""none"",""ColorType"":""4-0"",""Orientation"":""hor"",""PaperFormat"":""5R"",""PaperType"":""200-gsm-coated-silk"",""ProductStatus"":""activated"",""ProtectionType"":""none"",""ShapeEdgeType"":""none"",""SpotFinishingType"":""none"",""State"":""published"",""Variable"":""no""}"
flat_product_pf_5r_pt_200-gsm-coated-silk_cl_4-0_ct_none_prt_none_sft_none_set_none_ver,Posters — 5R — ver,posters,posters,"{""CoatingType"":""none"",""ColorType"":""4-0"",""Orientation"":""ver"",""PaperFormat"":""5R"",""PaperType"":""200-gsm-coated-silk"",""ProductStatus"":""activated"",""ProtectionType"":""none"",""ShapeEdgeType"":""none"",""SpotFinishingType"":""none"",""State"":""published"",""Variable"":""no""}"
flat_product_pf_5r_pt_200-gsm-uncoated_cl_4-0_ct_none_prt_none_sft_none_set_none_hor,Posters — 5R — hor,posters,posters,"{""CoatingType"":""none"",""ColorType"":""4-0"",""Orientation"":""hor"",""PaperFormat"":""5R"",""PaperType"":""200-gsm-uncoated"",""ProductStatus"":""activated"",""ProtectionType"":""none"",""ShapeEdgeType"":""none"",""SpotFinishingType"":""none"",""State"":""published"",""Variable"":""no""}"
flat_product_pf_5r_pt_200-gsm-uncoated_cl_4-0_ct_none_prt_none_sft_none_set_none_ver,Posters — 5R — ver,posters,posters,"{""CoatingType"":""none"",""ColorType"":""4-0"",""Orientation"":""ver"",""PaperFormat"":""5R"",""PaperType"":""200-gsm-uncoated"",""ProductStatus"":""activated"",""ProtectionType"":""none"",""ShapeEdgeType"":""none"",""SpotFinishingType"":""none"",""State"":""published"",""Variable"":""no""}"
flat_product_pf_5r_pt_65-lb-cover-coated-silk_cl_4-0_ct_none_prt_none_sft_none_set_none_hor,Posters — 5R — hor,posters,posters,"{""CoatingType"":""none"",""ColorType"":""4-0"",""Orientation"":""hor"",""PaperFormat"":""5R"",""PaperType"":""65-lb-cover-coated-silk"",""ProductStatus"":""activated"",""ProtectionType"":""none"",""ShapeEdgeType"":""none"",""SpotFinishingType"":""none"",""State"":""published"",""Variable"":""no""}"
flat_product_pf_5r_pt_65-lb-cover-coated-silk_cl_4-0_ct_none_prt_none_sft_none_set_none_ver,Posters — 5R — ver,posters,posters,"{""CoatingType"":""none"",""ColorType"":""4-0"",""Orientation"":""ver"",""PaperFormat"":""5R"",""PaperType"":""65-lb-cover-coated-silk"",""ProductStatus"":""activated"",""ProtectionType"":""none"",""ShapeEdgeType"":""none"",""SpotFinishingType"":""none"",""State"":""published"",""Variable"":""no""}"
flat_product_pf_5r_pt_65-lb-cover-uncoated_cl_4-0_ct_none_prt_none_sft_none_set_none_hor,Posters — 5R — hor,posters,posters,"{""CoatingType"":""none"",""ColorType"":""4-0"",""Orientation"":""hor"",""PaperFormat"":""5R"",""PaperType"":""65-lb-cover-uncoated"",""ProductStatus"":""activated"",""ProtectionType"":""none"",""ShapeEdgeType"":""none"",""SpotFinishingType"":""none"",""State"":""published"",""Variable"":""no""}"
flat_product_pf_5r_pt_65-lb-cover-uncoated_cl_4-0_ct_none_prt_none_sft_none_set_none_ver,Posters — 5R — ver,posters,posters,"{""CoatingType"":""none"",""ColorType"":""4-0"",""Orientation"":""ver"",""PaperFormat"":""5R"",""PaperType"":""65-lb-cover-uncoated"",""ProductStatus"":""activated"",""ProtectionType"":""none"",""ShapeEdgeType"":""none"",""SpotFinishingType"":""none"",""State"":""published"",""Variable"":""no""}"
flat_product_pf_5r_pt_80-lb-cover-coated-silk_cl_4-0_ct_none_prt_none_sft_none_set_none_hor,Posters — 5R — hor,posters,posters,"{""CoatingType"":""none"",""ColorType"":""4-0"",""Orientation"":""hor"",""PaperFormat"":""5R"",""PaperType"":""80-lb-cover-coated-silk"",""ProductStatus"":""activated"",""ProtectionType"":""none"",""ShapeEdgeType"":""none"",""SpotFinishingType"":""none"",""State"":""published"",""Variable"":""no""}"
flat_product_pf_5r_pt_80-lb-cover-coated-silk_cl_4-0_ct_none_prt_none_sft_none_set_none_ver,Posters — 5R — ver,posters,posters,"{""CoatingType"":""none"",""ColorType"":""4-0"",""Orientation"":""ver"",""PaperFormat"":""5R"",""PaperType"":""80-lb-cover-coated-silk"",""ProductStatus"":""activated"",""ProtectionType"":""none"",""ShapeEdgeType"":""none"",""SpotFinishingType"":""none"",""State"":""published"",""Variable"":""no""}"
flat_product_pf_5r_pt_80-lb-cover-uncoated_cl_4-0_ct_none_prt_none_sft_none_set_none_hor,Posters — 5R — hor,posters,posters,"{""CoatingType"":""none"",""ColorType"":""4-0"",""Orientation"":""hor"",""PaperFormat"":""5R"",""PaperType"":""80-lb-cover-uncoated"",""ProductStatus"":""activated"",""ProtectionType"":""none"",""ShapeEdgeType"":""none"",""SpotFinishingType"":""none"",""State"":""published"",""Variable"":""no""}"
flat_product_pf_5r_pt_80-lb-cover-uncoated_cl_4-0_ct_none_prt_none_sft_none_set_none_ver,Posters — 5R — ver,posters,posters,"{""CoatingType"":""none"",""ColorType"":""4-0"",""Orientation"":""ver"",""PaperFormat"":""5R"",""PaperType"":""80-lb-cover-uncoated"",""ProductStatus"":""activated"",""ProtectionType"":""none"",""ShapeEdgeType"":""none"",""SpotFinishingType"":""none"",""State"":""published"",""Variable"":""no""}"
flat_product_pf_600x800-mm_pt_170-gsm-coated-silk_cl_4-0_ct_none_prt_none_sft_none_set_none_hor,Posters — 600x800-mm — hor,posters,posters,"{""CoatingType"":""none"",""ColorType"":""4-0"",""Orientation"":""hor"",""PaperFormat"":""600x800-mm"",""PaperType"":""170-gsm-coated-silk"",""ProductStatus"":""activated"",""ProtectionType"":""none"",""ShapeEdgeType"":""none"",""SpotFinishingType"":""none"",""State"":""published"",""Variable"":""no""}"
flat_product_pf_600x800-mm_pt_170-gsm-coated-silk_cl_4-0_ct_none_prt_none_sft_none_set_none_ver,Posters — 600x800-mm — ver,posters,posters,"{""CoatingType"":""none"",""ColorType"":""4-0"",""Orientation"":""ver"",""PaperFormat"":""600x800-mm"",""PaperType"":""170-gsm-coated-silk"",""ProductStatus"":""activated"",""ProtectionType"":""none"",""ShapeEdgeType"":""none"",""SpotFinishingType"":""none"",""State"":""published"",""Variable"":""no""}"
flat_product_pf_600x800-mm_pt_170-gsm-uncoated_cl_4-0_ct_none_prt_none_sft_none_set_none_hor,Posters — 600x800-mm — hor,posters,posters,"{""CoatingType"":""none"",""ColorType"":""4-0"",""Orientation"":""hor"",""PaperFormat"":""600x800-mm"",""PaperType"":""170-gsm-uncoated"",""ProductStatus"":""activated"",""ProtectionType"":""none"",""ShapeEdgeType"":""none"",""SpotFinishingType"":""none"",""State"":""published"",""Variable"":""no""}"
flat_product_pf_600x800-mm_pt_170-gsm-uncoated_cl_4-0_ct_none_prt_none_sft_none_set_none_ver,Posters — 600x800-mm — ver,posters,posters,"{""CoatingType"":""none"",""ColorType"":""4-0"",""Orientation"":""ver"",""PaperFormat"":""600x800-mm"",""PaperType"":""170-gsm-uncoated"",""ProductStatus"":""activated"",""ProtectionType"":""none"",""ShapeEdgeType"":""none"",""SpotFinishingType"":""none"",""State"":""published"",""Variable"":""no""}"
flat_product_pf_600x800-mm_pt_200-gsm-coated-silk_cl_4-0_ct_none_prt_none_sft_none_set_none_hor,Posters — 600x800-mm — hor,posters,posters,"{""CoatingType"":""none"",""ColorType"":""4-0"",""Orientation"":""hor"",""PaperFormat"":""600x800-mm"",""PaperType"":""200-gsm-coated-silk"",""ProductStatus"":""activated"",""ProtectionType"":""none"",""ShapeEdgeType"":""none"",""SpotFinishingType"":""none"",""State"":""published"",""Variable"":""no""}"
flat_product_pf_600x800-mm_pt_200-gsm-coated-silk_cl_4-0_ct_none_prt_none_sft_none_set_none_ver,Posters — 600x800-mm — ver,posters,posters,"{""CoatingType"":""none"",""ColorType"":""4-0"",""Orientation"":""ver"",""PaperFormat"":""600x800-mm"",""PaperType"":""200-gsm-coated-silk"",""ProductStatus"":""activated"",""ProtectionType"":""none"",""ShapeEdgeType"":""none"",""SpotFinishingType"":""none"",""State"":""published"",""Variable"":""no""}"
flat_product_pf_600x800-mm_pt_200-gsm-uncoated_cl_4-0_ct_none_prt_none_sft_none_set_none_hor,Posters — 600x800-mm — hor,posters,posters,"{""CoatingType"":""none"",""ColorType"":""4-0"",""Orientation"":""hor"",""PaperFormat"":""600x800-mm"",""PaperType"":""200-gsm-uncoated"",""ProductStatus"":""activated"",""ProtectionType"":""none"",""ShapeEdgeType"":""none"",""SpotFinishingType"":""none"",""State"":""published"",""Variable"":""no""}"
flat_product_pf_600x800-mm_pt_200-gsm-uncoated_cl_4-0_ct_none_prt_none_sft_none_set_none_ver,Posters — 600x800-mm — ver,posters,posters,"{""CoatingType"":""none"",""ColorType"":""4-0"",""Orientation"":""ver"",""PaperFormat"":""600x800-mm"",""PaperType"":""200-gsm-uncoated"",""ProductStatus"":""activated"",""ProtectionType"":""none"",""ShapeEdgeType"":""none"",""SpotFinishingType"":""none"",""State"":""published"",""Variable"":""no""}"
flat_product_pf_600x800-mm_pt_250-gsm-uncoated-offwhite-archival_cl_4-0_ct_none_prt_none_sft_none_set_none_hor,Posters — 600x800-mm — hor,posters,posters,"{""CoatingType"":""none"",""ColorType"":""4-0"",""Orientation"":""hor"",""PaperFormat"":""600x800-mm"",""PaperType"":""250-gsm-uncoated-offwhite-archival"",""ProductStatus"":""activated"",""ProtectionType"":""none"",""ShapeEdgeType"":""none"",""SpotFinishingType"":""none"",""State"":""published"",""Variable"":""no""}"
flat_product_pf_600x800-mm_pt_250-gsm-uncoated-offwhite-archival_cl_4-0_ct_none_prt_none_sft_none_set_none_ver,Posters — 600x800-mm — ver,posters,posters,"{""CoatingType"":""none"",""ColorType"":""4-0"",""Orientation"":""ver"",""PaperFormat"":""600x800-mm"",""PaperType"":""250-gsm-uncoated-offwhite-archival"",""ProductStatus"":""activated"",""ProtectionType"":""none"",""ShapeEdgeType"":""none"",""SpotFinishingType"":""none"",""State"":""published"",""Variable"":""no""}"
flat_product_pf_600x900-mm_pt_170-gsm-coated-silk_cl_4-0_ct_none_prt_none_sft_none_set_none_hor,Posters — 600x900-mm — hor,posters,posters,"{""CoatingType"":""none"",""ColorType"":""4-0"",""Orientation"":""hor"",""PaperFormat"":""600x900-mm"",""PaperType"":""170-gsm-coated-silk"",""ProductStatus"":""activated"",""ProtectionType"":""none"",""ShapeEdgeType"":""none"",""SpotFinishingType"":""none"",""State"":""published"",""Variable"":""no""}"
flat_product_pf_600x900-mm_pt_170-gsm-coated-silk_cl_4-0_ct_none_prt_none_sft_none_set_none_ver,Posters — 600x900-mm — ver,posters,posters,"{""CoatingType"":""none"",""ColorType"":""4-0"",""Orientation"":""ver"",""PaperFormat"":""600x900-mm"",""PaperType"":""170-gsm-coated-silk"",""ProductStatus"":""activated"",""ProtectionType"":""none"",""ShapeEdgeType"":""none"",""SpotFinishingType"":""none"",""State"":""published"",""Variable"":""no""}"
flat_product_pf_600x900-mm_pt_170-gsm-uncoated_cl_4-0_ct_none_prt_none_sft_none_set_none_hor,Posters — 600x900-mm — hor,posters,posters,"{""CoatingType"":""none"",""ColorType"":""4-0"",""Orientation"":""hor"",""PaperFormat"":""600x900-mm"",""PaperType"":""170-gsm-uncoated"",""ProductStatus"":""activated"",""ProtectionType"":""none"",""ShapeEdgeType"":""none"",""SpotFinishingType"":""none"",""State"":""published"",""Variable"":""no""}"
flat_product_pf_600x900-mm_pt_170-gsm-uncoated_cl_4-0_ct_none_prt_none_sft_none_set_none_ver,Posters — 600x900-mm — ver,posters,posters,"{""CoatingType"":""none"",""ColorType"":""4-0"",""Orientation"":""ver"",""PaperFormat"":""600x900-mm"",""PaperType"":""170-gsm-uncoated"",""ProductStatus"":""activated"",""ProtectionType"":""none"",""ShapeEdgeType"":""none"",""SpotFinishingType"":""none"",""State"":""published"",""Variable"":""no""}"
flat_product_pf_600x900-mm_pt_200-gsm-coated-silk_cl_4-0_ct_none_prt_none_sft_none_set_none_hor,Posters — 600x900-mm — hor,posters,posters,"{""CoatingType"":""none"",""ColorType"":""4-0"",""Orientation"":""hor"",""PaperFormat"":""600x900-mm"",""PaperType"":""200-gsm-coated-silk"",""ProductStatus"":""activated"",""ProtectionType"":""none"",""ShapeEdgeType"":""none"",""SpotFinishingType"":""none"",""State"":""published"",""Variable"":""no""}"
flat_product_pf_600x900-mm_pt_200-gsm-coated-silk_cl_4-0_ct_none_prt_none_sft_none_set_none_ver,Posters — 600x900-mm — ver,posters,posters,"{""CoatingType"":""none"",""ColorType"":""4-0"",""Orientation"":""ver"",""PaperFormat"":""600x900-mm"",""PaperType"":""200-gsm-coated-silk"",""ProductStatus"":""activated"",""ProtectionType"":""none"",""ShapeEdgeType"":""none"",""SpotFinishingType"":""none"",""State"":""published"",""Variable"":""no""}"
flat_product_pf_600x900-mm_pt_200-gsm-uncoated_cl_4-0_ct_none_prt_none_sft_none_set_none_hor,Posters — 600x900-mm — hor,posters,posters,"{""CoatingType"":""none"",""ColorType"":""4-0"",""Orientation"":""hor"",""PaperFormat"":""600x900-mm"",""PaperType"":""200-gsm-uncoated"",""ProductStatus"":""activated"",""ProtectionType"":""none"",""ShapeEdgeType"":""none"",""SpotFinishingType"":""none"",""State"":""published"",""Variable"":""no""}"
flat_product_pf_600x900-mm_pt_200-gsm-uncoated_cl_4-0_ct_none_prt_none_sft_none_set_none_ver,Posters — 600x900-mm — ver,posters,posters,"{""CoatingType"":""none"",""ColorType"":""4-0"",""Orientation"":""ver"",""PaperFormat"":""600x900-mm"",""PaperType"":""200-gsm-uncoated"",""ProductStatus"":""activated"",""ProtectionType"":""none"",""ShapeEdgeType"":""none"",""SpotFinishingType"":""none"",""State"":""published"",""Variable"":""no""}"
flat_product_pf_600x900-mm_pt_250-gsm-uncoated-offwhite-archival_cl_4-0_ct_none_prt_none_sft_none_set_none_hor,Posters — 600x900-mm — hor,posters,posters,"{""CoatingType"":""none"",""ColorType"":""4-0"",""Orientation"":""hor"",""PaperFormat"":""600x900-mm"",""PaperType"":""250-gsm-uncoated-offwhite-archival"",""ProductStatus"":""activated"",""ProtectionType"":""none"",""ShapeEdgeType"":""none"",""SpotFinishingType"":""none"",""State"":""published"",""Variable"":""no""}"
flat_product_pf_600x900-mm_pt_250-gsm-uncoated-offwhite-archival_cl_4-0_ct_none_prt_none_sft_none_set_none_ver,Posters — 600x900-mm — ver,posters,posters,"{""CoatingType"":""none"",""ColorType"":""4-0"",""Orientation"":""ver"",""PaperFormat"":""600x900-mm"",""PaperType"":""250-gsm-uncoated-offwhite-archival"",""ProductStatus"":""activated"",""ProtectionType"":""none"",""ShapeEdgeType"":""none"",""SpotFinishingType"":""none"",""State"":""published"",""Variable"":""no""}"
flat_product_pf_600x900-mm_pt_65-lb-cover-coated-silk_cl_4-0_ct_none_prt_none_sft_none_set_none_hor,Posters — 600x900-mm — hor,posters,posters,"{""CoatingType"":""none"",""ColorType"":""4-0"",""Orientation"":""hor"",""PaperFormat"":""600x900-mm"",""PaperType"":""65-lb-cover-coated-silk"",""ProductStatus"":""activated"",""ProtectionType"":""none"",""ShapeEdgeType"":""none"",""SpotFinishingType"":""none"",""State"":""published"",""Variable"":""no""}"
flat_product_pf_600x900-mm_pt_65-lb-cover-coated-silk_cl_4-0_ct_none_prt_none_sft_none_set_none_ver,Posters — 600x900-mm — ver,posters,posters,"{""CoatingType"":""none"",""ColorType"":""4-0"",""Orientation"":""ver"",""PaperFormat"":""600x900-mm"",""PaperType"":""65-lb-cover-coated-silk"",""ProductStatus"":""activated"",""ProtectionType"":""none"",""ShapeEdgeType"":""none"",""SpotFinishingType"":""none"",""State"":""published"",""Variable"":""no""}"
flat_product_pf_600x900-mm_pt_65-lb-cover-uncoated_cl_4-0_ct_none_prt_none_sft_none_set_none_hor,Posters — 600x900-mm — hor,posters,posters,"{""CoatingType"":""none"",""ColorType"":""4-0"",""Orientation"":""hor"",""PaperFormat"":""600x900-mm"",""PaperType"":""65-lb-cover-uncoated"",""ProductStatus"":""activated"",""ProtectionType"":""none"",""ShapeEdgeType"":""none"",""SpotFinishingType"":""none"",""State"":""published"",""Variable"":""no""}"
flat_product_pf_600x900-mm_pt_65-lb-cover-uncoated_cl_4-0_ct_none_prt_none_sft_none_set_none_ver,Posters — 600x900-mm — ver,posters,posters,"{""CoatingType"":""none"",""ColorType"":""4-0"",""Orientation"":""ver"",""PaperFormat"":""600x900-mm"",""PaperType"":""65-lb-cover-uncoated"",""ProductStatus"":""activated"",""ProtectionType"":""none"",""ShapeEdgeType"":""none"",""SpotFinishingType"":""none"",""State"":""published"",""Variable"":""no""}"
flat_product_pf_600x900-mm_pt_80-lb-cover-coated-silk_cl_4-0_ct_none_prt_none_sft_none_set_none_hor,Posters — 600x900-mm — hor,posters,posters,"{""CoatingType"":""none"",""ColorType"":""4-0"",""Orientation"":""hor"",""PaperFormat"":""600x900-mm"",""PaperType"":""80-lb-cover-coated-silk"",""ProductStatus"":""activated"",""ProtectionType"":""none"",""ShapeEdgeType"":""none"",""SpotFinishingType"":""none"",""State"":""published"",""Variable"":""no""}"
flat_product_pf_600x900-mm_pt_80-lb-cover-coated-silk_cl_4-0_ct_none_prt_none_sft_none_set_none_ver,Posters — 600x900-mm — ver,posters,posters,"{""CoatingType"":""none"",""ColorType"":""4-0"",""Orientation"":""ver"",""PaperFormat"":""600x900-mm"",""PaperType"":""80-lb-cover-coated-silk"",""ProductStatus"":""activated"",""ProtectionType"":""none"",""ShapeEdgeType"":""none"",""SpotFinishingType"":""none"",""State"":""published"",""Variable"":""no""}"
flat_product_pf_600x900-mm_pt_80-lb-cover-uncoated_cl_4-0_ct_none_prt_none_sft_none_set_none_hor,Posters — 600x900-mm — hor,posters,posters,"{""CoatingType"":""none"",""ColorType"":""4-0"",""Orientation"":""hor"",""PaperFormat"":""600x900-mm"",""PaperType"":""80-lb-cover-uncoated"",""ProductStatus"":""activated"",""ProtectionType"":""none"",""ShapeEdgeType"":""none"",""SpotFinishingType"":""none"",""State"":""published"",""Variable"":""no""}"
flat_product_pf_600x900-mm_pt_80-lb-cover-uncoated_cl_4-0_ct_none_prt_none_sft_none_set_none_ver,Posters — 600x900-mm — ver,posters,posters,"{""CoatingType"":""none"",""ColorType"":""4-0"",""Orientation"":""ver"",""PaperFormat"":""600x900-mm"",""PaperType"":""80-lb-cover-uncoated"",""ProductStatus"":""activated"",""ProtectionType"":""none"",""ShapeEdgeType"":""none"",""SpotFinishingType"":""none"",""State"":""published"",""Variable"":""no""}"
flat_product_pf_610x910-mm_pt_200-gsm-uncoated_cl_4-0_ct_none_prt_none_sft_none_set_none_hor,Posters — 610x910-mm — hor,posters,posters,"{""CoatingType"":""none"",""ColorType"":""4-0"",""Orientation"":""hor"",""PaperFormat"":""610x910-mm"",""PaperType"":""200-gsm-uncoated"",""ProductStatus"":""activated"",""ProtectionType"":""none"",""ShapeEdgeType"":""none"",""SpotFinishingType"":""none"",""State"":""published"",""Variable"":""no""}"
flat_product_pf_610x910-mm_pt_200-gsm-uncoated_cl_4-0_ct_none_prt_none_sft_none_set_none_ver,Posters — 610x910-mm — ver,posters,posters,"{""CoatingType"":""none"",""ColorType"":""4-0"",""Orientation"":""ver"",""PaperFormat"":""610x910-mm"",""PaperType"":""200-gsm-uncoated"",""ProductStatus"":""activated"",""ProtectionType"":""none"",""ShapeEdgeType"":""none"",""SpotFinishingType"":""none"",""State"":""published"",""Variable"":""no""}"
flat_product_pf_610x910-mm_pt_80-lb-cover-uncoated_cl_4-0_ct_none_prt_none_sft_none_set_none_hor,Posters — 610x910-mm — hor,posters,posters,"{""CoatingType"":""none"",""ColorType"":""4-0"",""Orientation"":""hor"",""PaperFormat"":""610x910-mm"",""PaperType"":""80-lb-cover-uncoated"",""ProductStatus"":""activated"",""ProtectionType"":""none"",""ShapeEdgeType"":""none"",""SpotFinishingType"":""none"",""State"":""published"",""Variable"":""no""}"
flat_product_pf_610x910-mm_pt_80-lb-cover-uncoated_cl_4-0_ct_none_prt_none_sft_none_set_none_ver,Posters — 610x910-mm — ver,posters,posters,"{""CoatingType"":""none"",""ColorType"":""4-0"",""Orientation"":""ver"",""PaperFormat"":""610x910-mm"",""PaperType"":""80-lb-cover-uncoated"",""ProductStatus"":""activated"",""ProtectionType"":""none"",""ShapeEdgeType"":""none"",""SpotFinishingType"":""none"",""State"":""published"",""Variable"":""no""}"
flat_product_pf_6x8-inch_pt_100-lb-cover-uncoated-offwhite-archival_cl_4-0_ct_none_prt_none_sft_none_set_none_hor,Posters — 6x8-inch — hor,posters,posters,"{""CoatingType"":""none"",""ColorType"":""4-0"",""Orientation"":""hor"",""PaperFormat"":""6x8-inch"",""PaperType"":""100-lb-cover-uncoated-offwhite-archival"",""ProductStatus"":""activated"",""ProtectionType"":""none"",""ShapeEdgeType"":""none"",""SpotFinishingType"":""none"",""State"":""published"",""Variable"":""no""}"
flat_product_pf_6x8-inch_pt_100-lb-cover-uncoated-offwhite-archival_cl_4-0_ct_none_prt_none_sft_none_set_none_ver,Posters — 6x8-inch — ver,posters,posters,"{""CoatingType"":""none"",""ColorType"":""4-0"",""Orientation"":""ver"",""PaperFormat"":""6x8-inch"",""PaperType"":""100-lb-cover-uncoated-offwhite-archival"",""ProductStatus"":""activated"",""ProtectionType"":""none"",""ShapeEdgeType"":""none"",""SpotFinishingType"":""none"",""State"":""published"",""Variable"":""no""}"
flat_product_pf_6x8-inch_pt_170-gsm-coated-silk_cl_4-0_ct_none_prt_none_sft_none_set_none_hor,Posters — 6x8-inch — hor,posters,posters,"{""CoatingType"":""none"",""ColorType"":""4-0"",""Orientation"":""hor"",""PaperFormat"":""6x8-inch"",""PaperType"":""170-gsm-coated-silk"",""ProductStatus"":""activated"",""ProtectionType"":""none"",""ShapeEdgeType"":""none"",""SpotFinishingType"":""none"",""State"":""published"",""Variable"":""no""}"
flat_product_pf_6x8-inch_pt_170-gsm-coated-silk_cl_4-0_ct_none_prt_none_sft_none_set_none_ver,Posters — 6x8-inch — ver,posters,posters,"{""CoatingType"":""none"",""ColorType"":""4-0"",""Orientation"":""ver"",""PaperFormat"":""6x8-inch"",""PaperType"":""170-gsm-coated-silk"",""ProductStatus"":""activated"",""ProtectionType"":""none"",""ShapeEdgeType"":""none"",""SpotFinishingType"":""none"",""State"":""published"",""Variable"":""no""}"
flat_product_pf_6x8-inch_pt_170-gsm-uncoated_cl_4-0_ct_none_prt_none_sft_none_set_none_hor,Posters — 6x8-inch — hor,posters,posters,"{""CoatingType"":""none"",""ColorType"":""4-0"",""Orientation"":""hor"",""PaperFormat"":""6x8-inch"",""PaperType"":""170-gsm-uncoated"",""ProductStatus"":""activated"",""ProtectionType"":""none"",""ShapeEdgeType"":""none"",""SpotFinishingType"":""none"",""State"":""published"",""Variable"":""no""}"
flat_product_pf_6x8-inch_pt_170-gsm-uncoated_cl_4-0_ct_none_prt_none_sft_none_set_none_ver,Posters — 6x8-inch — ver,posters,posters,"{""CoatingType"":""none"",""ColorType"":""4-0"",""Orientation"":""ver"",""PaperFormat"":""6x8-inch"",""PaperType"":""170-gsm-uncoated"",""ProductStatus"":""activated"",""ProtectionType"":""none"",""ShapeEdgeType"":""none"",""SpotFinishingType"":""none"",""State"":""published"",""Variable"":""no""}"
flat_product_pf_6x8-inch_pt_200-gsm-coated-silk_cl_4-0_ct_none_prt_none_sft_none_set_none_hor,Posters — 6x8-inch — hor,posters,posters,"{""CoatingType"":""none"",""ColorType"":""4-0"",""Orientation"":""hor"",""PaperFormat"":""6x8-inch"",""PaperType"":""200-gsm-coated-silk"",""ProductStatus"":""activated"",""ProtectionType"":""none"",""ShapeEdgeType"":""none"",""SpotFinishingType"":""none"",""State"":""published"",""Variable"":""no""}"
flat_product_pf_6x8-inch_pt_200-gsm-coated-silk_cl_4-0_ct_none_prt_none_sft_none_set_none_ver,Posters — 6x8-inch — ver,posters,posters,"{""CoatingType"":""none"",""ColorType"":""4-0"",""Orientation"":""ver"",""PaperFormat"":""6x8-inch"",""PaperType"":""200-gsm-coated-silk"",""ProductStatus"":""activated"",""ProtectionType"":""none"",""ShapeEdgeType"":""none"",""SpotFinishingType"":""none"",""State"":""published"",""Variable"":""no""}"
flat_product_pf_6x8-inch_pt_200-gsm-uncoated_cl_4-0_ct_none_prt_none_sft_none_set_none_hor,Posters — 6x8-inch — hor,posters,posters,"{""CoatingType"":""none"",""ColorType"":""4-0"",""Orientation"":""hor"",""PaperFormat"":""6x8-inch"",""PaperType"":""200-gsm-uncoated"",""ProductStatus"":""activated"",""ProtectionType"":""none"",""ShapeEdgeType"":""none"",""SpotFinishingType"":""none"",""State"":""published"",""Variable"":""no""}"
flat_product_pf_6x8-inch_pt_200-gsm-uncoated_cl_4-0_ct_none_prt_none_sft_none_set_none_ver,Posters — 6x8-inch — ver,posters,posters,"{""CoatingType"":""none"",""ColorType"":""4-0"",""Orientation"":""ver"",""PaperFormat"":""6x8-inch"",""PaperType"":""200-gsm-uncoated"",""ProductStatus"":""activated"",""ProtectionType"":""none"",""ShapeEdgeType"":""none"",""SpotFinishingType"":""none"",""State"":""published"",""Variable"":""no""}"
flat_product_pf_6x8-inch_pt_65-lb-cover-coated-silk_cl_4-0_ct_none_prt_none_sft_none_set_none_hor,Posters — 6x8-inch — hor,posters,posters,"{""CoatingType"":""none"",""ColorType"":""4-0"",""Orientation"":""hor"",""PaperFormat"":""6x8-inch"",""PaperType"":""65-lb-cover-coated-silk"",""ProductStatus"":""activated"",""ProtectionType"":""none"",""ShapeEdgeType"":""none"",""SpotFinishingType"":""none"",""State"":""published"",""Variable"":""no""}"
flat_product_pf_6x8-inch_pt_65-lb-cover-coated-silk_cl_4-0_ct_none_prt_none_sft_none_set_none_ver,Posters — 6x8-inch — ver,posters,posters,"{""CoatingType"":""none"",""ColorType"":""4-0"",""Orientation"":""ver"",""PaperFormat"":""6x8-inch"",""PaperType"":""65-lb-cover-coated-silk"",""ProductStatus"":""activated"",""ProtectionType"":""none"",""ShapeEdgeType"":""none"",""SpotFinishingType"":""none"",""State"":""published"",""Variable"":""no""}"
flat_product_pf_6x8-inch_pt_65-lb-cover-uncoated_cl_4-0_ct_none_prt_none_sft_none_set_none_hor,Posters — 6x8-inch — hor,posters,posters,"{""CoatingType"":""none"",""ColorType"":""4-0"",""Orientation"":""hor"",""PaperFormat"":""6x8-inch"",""PaperType"":""65-lb-cover-uncoated"",""ProductStatus"":""activated"",""ProtectionType"":""none"",""ShapeEdgeType"":""none"",""SpotFinishingType"":""none"",""State"":""published"",""Variable"":""no""}"
flat_product_pf_6x8-inch_pt_65-lb-cover-uncoated_cl_4-0_ct_none_prt_none_sft_none_set_none_ver,Posters — 6x8-inch — ver,posters,posters,"{""CoatingType"":""none"",""ColorType"":""4-0"",""Orientation"":""ver"",""PaperFormat"":""6x8-inch"",""PaperType"":""65-lb-cover-uncoated"",""ProductStatus"":""activated"",""ProtectionType"":""none"",""ShapeEdgeType"":""none"",""SpotFinishingType"":""none"",""State"":""published"",""Variable"":""no""}"
flat_product_pf_6x8-inch_pt_80-lb-cover-coated-silk_cl_4-0_ct_none_prt_none_sft_none_set_none_hor,Posters — 6x8-inch — hor,posters,posters,"{""CoatingType"":""none"",""ColorType"":""4-0"",""Orientation"":""hor"",""PaperFormat"":""6x8-inch"",""PaperType"":""80-lb-cover-coated-silk"",""ProductStatus"":""activated"",""ProtectionType"":""none"",""ShapeEdgeType"":""none"",""SpotFinishingType"":""none"",""State"":""published"",""Variable"":""no""}"
flat_product_pf_6x8-inch_pt_80-lb-cover-coated-silk_cl_4-0_ct_none_prt_none_sft_none_set_none_ver,Posters — 6x8-inch — ver,posters,posters,"{""CoatingType"":""none"",""ColorType"":""4-0"",""Orientation"":""ver"",""PaperFormat"":""6x8-inch"",""PaperType"":""80-lb-cover-coated-silk"",""ProductStatus"":""activated"",""ProtectionType"":""none"",""ShapeEdgeType"":""none"",""SpotFinishingType"":""none"",""State"":""published"",""Variable"":""no""}"
flat_product_pf_6x8-inch_pt_80-lb-cover-uncoated_cl_4-0_ct_none_prt_none_sft_none_set_none_hor,Posters — 6x8-inch — hor,posters,posters,"{""CoatingType"":""none"",""ColorType"":""4-0"",""Orientation"":""hor"",""PaperFormat"":""6x8-inch"",""PaperType"":""80-lb-cover-uncoated"",""ProductStatus"":""activated"",""ProtectionType"":""none"",""ShapeEdgeType"":""none"",""SpotFinishingType"":""none"",""State"":""published"",""Variable"":""no""}"
flat_product_pf_6x8-inch_pt_80-lb-cover-uncoated_cl_4-0_ct_none_prt_none_sft_none_set_none_ver,Posters — 6x8-inch — ver,posters,posters,"{""CoatingType"":""none"",""ColorType"":""4-0"",""Orientation"":""ver"",""PaperFormat"":""6x8-inch"",""PaperType"":""80-lb-cover-uncoated"",""ProductStatus"":""activated"",""ProtectionType"":""none"",""ShapeEdgeType"":""none"",""SpotFinishingType"":""none"",""State"":""published"",""Variable"":""no""}"
flat_product_pf_700x1000-mm_pt_170-gsm-uncoated_cl_4-0_ct_none_prt_none_sft_none_set_none_hor,Posters — 700x1000-mm — hor,posters,posters,"{""CoatingType"":""none"",""ColorType"":""4-0"",""Orientation"":""hor"",""PaperFormat"":""700x1000-mm"",""PaperType"":""170-gsm-uncoated"",""ProductStatus"":""activated"",""ProtectionType"":""none"",""ShapeEdgeType"":""none"",""SpotFinishingType"":""none"",""State"":""published"",""Variable"":""no""}"
flat_product_pf_700x1000-mm_pt_170-gsm-uncoated_cl_4-0_ct_none_prt_none_sft_none_set_none_ver,Posters — 700x1000-mm — ver,posters,posters,"{""CoatingType"":""none"",""ColorType"":""4-0"",""Orientation"":""ver"",""PaperFormat"":""700x1000-mm"",""PaperType"":""170-gsm-uncoated"",""ProductStatus"":""activated"",""ProtectionType"":""none"",""ShapeEdgeType"":""none"",""SpotFinishingType"":""none"",""State"":""published"",""Variable"":""no""}"
flat_product_pf_700x1000-mm_pt_200-gsm-coated-silk_cl_4-0_ct_none_prt_none_sft_none_set_none_hor,Posters — 700x1000-mm — hor,posters,posters,"{""CoatingType"":""none"",""ColorType"":""4-0"",""Orientation"":""hor"",""PaperFormat"":""700x1000-mm"",""PaperType"":""200-gsm-coated-silk"",""ProductStatus"":""activated"",""ProtectionType"":""none"",""ShapeEdgeType"":""none"",""SpotFinishingType"":""none"",""State"":""published"",""Variable"":""no""}"
flat_product_pf_700x1000-mm_pt_200-gsm-coated-silk_cl_4-0_ct_none_prt_none_sft_none_set_none_ver,Posters — 700x1000-mm — ver,posters,posters,"{""CoatingType"":""none"",""ColorType"":""4-0"",""Orientation"":""ver"",""PaperFormat"":""700x1000-mm"",""PaperType"":""200-gsm-coated-silk"",""ProductStatus"":""activated"",""ProtectionType"":""none"",""ShapeEdgeType"":""none"",""SpotFinishingType"":""none"",""State"":""published"",""Variable"":""no""}"
flat_product_pf_700x1000-mm_pt_200-gsm-uncoated_cl_4-0_ct_none_prt_none_sft_none_set_none_hor,Posters — 700x1000-mm — hor,posters,posters,"{""CoatingType"":""none"",""ColorType"":""4-0"",""Orientation"":""hor"",""PaperFormat"":""700x1000-mm"",""PaperType"":""200-gsm-uncoated"",""ProductStatus"":""activated"",""ProtectionType"":""none"",""ShapeEdgeType"":""none"",""SpotFinishingType"":""none"",""State"":""published"",""Variable"":""no""}"
flat_product_pf_700x1000-mm_pt_200-gsm-uncoated_cl_4-0_ct_none_prt_none_sft_none_set_none_ver,Posters — 700x1000-mm — ver,posters,posters,"{""CoatingType"":""none"",""ColorType"":""4-0"",""Orientation"":""ver"",""PaperFormat"":""700x1000-mm"",""PaperType"":""200-gsm-uncoated"",""ProductStatus"":""activated"",""ProtectionType"":""none"",""ShapeEdgeType"":""none"",""SpotFinishingType"":""none"",""State"":""published"",""Variable"":""no""}"
flat_product_pf_700x1000-mm_pt_250-gsm-uncoated-offwhite-archival_cl_4-0_ct_none_prt_none_sft_none_set_none_hor,Posters — 700x1000-mm — hor,posters,posters,"{""CoatingType"":""none"",""ColorType"":""4-0"",""Orientation"":""hor"",""PaperFormat"":""700x1000-mm"",""PaperType"":""250-gsm-uncoated-offwhite-archival"",""ProductStatus"":""activated"",""ProtectionType"":""none"",""ShapeEdgeType"":""none"",""SpotFinishingType"":""none"",""State"":""published"",""Variable"":""no""}"
flat_product_pf_700x1000-mm_pt_250-gsm-uncoated-offwhite-archival_cl_4-0_ct_none_prt_none_sft_none_set_none_ver,Posters — 700x1000-mm — ver,posters,posters,"{""CoatingType"":""none"",""ColorType"":""4-0"",""Orientation"":""ver"",""PaperFormat"":""700x1000-mm"",""PaperType"":""250-gsm-uncoated-offwhite-archival"",""ProductStatus"":""activated"",""ProtectionType"":""none"",""ShapeEdgeType"":""none"",""SpotFinishingType"":""none"",""State"":""published"",""Variable"":""no""}"
flat_product_pf_700x1000-mm_pt_65-lb-cover-coated-silk_cl_4-0_ct_none_prt_none_sft_none_set_none_hor,Posters — 700x1000-mm — hor,posters,posters,"{""CoatingType"":""none"",""ColorType"":""4-0"",""Orientation"":""hor"",""PaperFormat"":""700x1000-mm"",""PaperType"":""65-lb-cover-coated-silk"",""ProductStatus"":""activated"",""ProtectionType"":""none"",""ShapeEdgeType"":""none"",""SpotFinishingType"":""none"",""State"":""published"",""Variable"":""no""}"
flat_product_pf_700x1000-mm_pt_65-lb-cover-coated-silk_cl_4-0_ct_none_prt_none_sft_none_set_none_ver,Posters — 700x1000-mm — ver,posters,posters,"{""CoatingType"":""none"",""ColorType"":""4-0"",""Orientation"":""ver"",""PaperFormat"":""700x1000-mm"",""PaperType"":""65-lb-cover-coated-silk"",""ProductStatus"":""activated"",""ProtectionType"":""none"",""ShapeEdgeType"":""none"",""SpotFinishingType"":""none"",""State"":""published"",""Variable"":""no""}"
flat_product_pf_700x1000-mm_pt_65-lb-cover-uncoated_cl_4-0_ct_none_prt_none_sft_none_set_none_hor,Posters — 700x1000-mm — hor,posters,posters,"{""CoatingType"":""none"",""ColorType"":""4-0"",""Orientation"":""hor"",""PaperFormat"":""700x1000-mm"",""PaperType"":""65-lb-cover-uncoated"",""ProductStatus"":""activated"",""ProtectionType"":""none"",""ShapeEdgeType"":""none"",""SpotFinishingType"":""none"",""State"":""published"",""Variable"":""no""}"
flat_product_pf_700x1000-mm_pt_65-lb-cover-uncoated_cl_4-0_ct_none_prt_none_sft_none_set_none_ver,Posters — 700x1000-mm — ver,posters,posters,"{""CoatingType"":""none"",""ColorType"":""4-0"",""Orientation"":""ver"",""PaperFormat"":""700x1000-mm"",""PaperType"":""65-lb-cover-uncoated"",""ProductStatus"":""activated"",""ProtectionType"":""none"",""ShapeEdgeType"":""none"",""SpotFinishingType"":""none"",""State"":""published"",""Variable"":""no""}"
flat_product_pf_700x1000-mm_pt_80-lb-cover-uncoated_cl_4-0_ct_none_prt_none_sft_none_set_none_hor,Posters — 700x1000-mm — hor,posters,posters,"{""CoatingType"":""none"",""ColorType"":""4-0"",""Orientation"":""hor"",""PaperFormat"":""700x1000-mm"",""PaperType"":""80-lb-cover-uncoated"",""ProductStatus"":""activated"",""ProtectionType"":""none"",""ShapeEdgeType"":""none"",""SpotFinishingType"":""none"",""State"":""published"",""Variable"":""no""}"
flat_product_pf_700x1000-mm_pt_80-lb-cover-uncoated_cl_4-0_ct_none_prt_none_sft_none_set_none_ver,Posters — 700x1000-mm — ver,posters,posters,"{""CoatingType"":""none"",""ColorType"":""4-0"",""Orientation"":""ver"",""PaperFormat"":""700x1000-mm"",""PaperType"":""80-lb-cover-uncoated"",""ProductStatus"":""activated"",""ProtectionType"":""none"",""ShapeEdgeType"":""none"",""SpotFinishingType"":""none"",""State"":""published"",""Variable"":""no""}"
flat_product_pf_700x700-mm_pt_170-gsm-coated-silk_cl_4-0_ct_none_prt_none_sft_none_set_none_hor,Posters — 700x700-mm — hor,posters,posters,"{""CoatingType"":""none"",""ColorType"":""4-0"",""Orientation"":""hor"",""PaperFormat"":""700x700-mm"",""PaperType"":""170-gsm-coated-silk"",""ProductStatus"":""activated"",""ProtectionType"":""none"",""ShapeEdgeType"":""none"",""SpotFinishingType"":""none"",""State"":""published"",""Variable"":""no""}"
flat_product_pf_700x700-mm_pt_170-gsm-coated-silk_cl_4-0_ct_none_prt_none_sft_none_set_none_ver,Posters — 700x700-mm — ver,posters,posters,"{""CoatingType"":""none"",""ColorType"":""4-0"",""Orientation"":""ver"",""PaperFormat"":""700x700-mm"",""PaperType"":""170-gsm-coated-silk"",""ProductStatus"":""activated"",""ProtectionType"":""none"",""ShapeEdgeType"":""none"",""SpotFinishingType"":""none"",""State"":""published"",""Variable"":""no""}"
flat_product_pf_700x700-mm_pt_170-gsm-uncoated_cl_4-0_ct_none_prt_none_sft_none_set_none_hor,Posters — 700x700-mm — hor,posters,posters,"{""CoatingType"":""none"",""ColorType"":""4-0"",""Orientation"":""hor"",""PaperFormat"":""700x700-mm"",""PaperType"":""170-gsm-uncoated"",""ProductStatus"":""activated"",""ProtectionType"":""none"",""ShapeEdgeType"":""none"",""SpotFinishingType"":""none"",""State"":""published"",""Variable"":""no""}"
flat_product_pf_700x700-mm_pt_170-gsm-uncoated_cl_4-0_ct_none_prt_none_sft_none_set_none_ver,Posters — 700x700-mm — ver,posters,posters,"{""CoatingType"":""none"",""ColorType"":""4-0"",""Orientation"":""ver"",""PaperFormat"":""700x700-mm"",""PaperType"":""170-gsm-uncoated"",""ProductStatus"":""activated"",""ProtectionType"":""none"",""ShapeEdgeType"":""none"",""SpotFinishingType"":""none"",""State"":""published"",""Variable"":""no""}"
flat_product_pf_700x700-mm_pt_200-gsm-coated-silk_cl_4-0_ct_none_prt_none_sft_none_set_none_hor,Posters — 700x700-mm — hor,posters,posters,"{""CoatingType"":""none"",""ColorType"":""4-0"",""Orientation"":""hor"",""PaperFormat"":""700x700-mm"",""PaperType"":""200-gsm-coated-silk"",""ProductStatus"":""activated"",""ProtectionType"":""none"",""ShapeEdgeType"":""none"",""SpotFinishingType"":""none"",""State"":""published"",""Variable"":""no""}"
flat_product_pf_700x700-mm_pt_200-gsm-coated-silk_cl_4-0_ct_none_prt_none_sft_none_set_none_ver,Posters — 700x700-mm — ver,posters,posters,"{""CoatingType"":""none"",""ColorType"":""4-0"",""Orientation"":""ver"",""PaperFormat"":""700x700-mm"",""PaperType"":""200-gsm-coated-silk"",""ProductStatus"":""activated"",""ProtectionType"":""none"",""ShapeEdgeType"":""none"",""SpotFinishingType"":""none"",""State"":""published"",""Variable"":""no""}"
flat_product_pf_700x700-mm_pt_200-gsm-uncoated_cl_4-0_ct_none_prt_none_sft_none_set_none_hor,Posters — 700x700-mm — hor,posters,posters,"{""CoatingType"":""none"",""ColorType"":""4-0"",""Orientation"":""hor"",""PaperFormat"":""700x700-mm"",""PaperType"":""200-gsm-uncoated"",""ProductStatus"":""activated"",""ProtectionType"":""none"",""ShapeEdgeType"":""none"",""SpotFinishingType"":""none"",""State"":""published"",""Variable"":""no""}"
flat_product_pf_700x700-mm_pt_200-gsm-uncoated_cl_4-0_ct_none_prt_none_sft_none_set_none_ver,Posters — 700x700-mm — ver,posters,posters,"{""CoatingType"":""none"",""ColorType"":""4-0"",""Orientation"":""ver"",""PaperFormat"":""700x700-mm"",""PaperType"":""200-gsm-uncoated"",""ProductStatus"":""activated"",""ProtectionType"":""none"",""ShapeEdgeType"":""none"",""SpotFinishingType"":""none"",""State"":""published"",""Variable"":""no""}"
flat_product_pf_700x700-mm_pt_250-gsm-uncoated-offwhite-archival_cl_4-0_ct_none_prt_none_sft_none_set_none_hor,Posters — 700x700-mm — hor,posters,posters,"{""CoatingType"":""none"",""ColorType"":""4-0"",""Orientation"":""hor"",""PaperFormat"":""700x700-mm"",""PaperType"":""250-gsm-uncoated-offwhite-archival"",""ProductStatus"":""activated"",""ProtectionType"":""none"",""ShapeEdgeType"":""none"",""SpotFinishingType"":""none"",""State"":""published"",""Variable"":""no""}"
flat_product_pf_700x700-mm_pt_250-gsm-uncoated-offwhite-archival_cl_4-0_ct_none_prt_none_sft_none_set_none_ver,Posters — 700x700-mm — ver,posters,posters,"{""CoatingType"":""none"",""ColorType"":""4-0"",""Orientation"":""ver"",""PaperFormat"":""700x700-mm"",""PaperType"":""250-gsm-uncoated-offwhite-archival"",""ProductStatus"":""activated"",""ProtectionType"":""none"",""ShapeEdgeType"":""none"",""SpotFinishingType"":""none"",""State"":""published"",""Variable"":""no""}"
flat_product_pf_750x1000-mm_pt_250-gsm-uncoated-offwhite-archival_cl_4-0_ct_none_prt_none_sft_none_set_none_hor,Posters — 750x1000-mm — hor,posters,posters,"{""CoatingType"":""none"",""ColorType"":""4-0"",""Orientation"":""hor"",""PaperFormat"":""750x1000-mm"",""PaperType"":""250-gsm-uncoated-offwhite-archival"",""ProductStatus"":""activated"",""ProtectionType"":""none"",""ShapeEdgeType"":""none"",""SpotFinishingType"":""none"",""State"":""published"",""Variable"":""no""}"
flat_product_pf_750x1000-mm_pt_250-gsm-uncoated-offwhite-archival_cl_4-0_ct_none_prt_none_sft_none_set_none_ver,Posters — 750x1000-mm — ver,posters,posters,"{""CoatingType"":""none"",""ColorType"":""4-0"",""Orientation"":""ver"",""PaperFormat"":""750x1000-mm"",""PaperType"":""250-gsm-uncoated-offwhite-archival"",""ProductStatus"":""activated"",""ProtectionType"":""none"",""ShapeEdgeType"":""none"",""SpotFinishingType"":""none"",""State"":""published"",""Variable"":""no""}"
flat_product_pf_8x10-inch_pt_100-lb-cover-uncoated-offwhite-archival_cl_4-0_ct_none_prt_none_sft_none_set_none_hor,Posters — 8x10-inch — hor,posters,posters,"{""CoatingType"":""none"",""ColorType"":""4-0"",""Orientation"":""hor"",""PaperFormat"":""8x10-inch"",""PaperType"":""100-lb-cover-uncoated-offwhite-archival"",""ProductStatus"":""activated"",""ProtectionType"":""none"",""ShapeEdgeType"":""none"",""SpotFinishingType"":""none"",""State"":""published"",""Variable"":""no""}"
flat_product_pf_8x10-inch_pt_100-lb-cover-uncoated-offwhite-archival_cl_4-0_ct_none_prt_none_sft_none_set_none_ver,Posters — 8x10-inch — ver,posters,posters,"{""CoatingType"":""none"",""ColorType"":""4-0"",""Orientation"":""ver"",""PaperFormat"":""8x10-inch"",""PaperType"":""100-lb-cover-uncoated-offwhite-archival"",""ProductStatus"":""activated"",""ProtectionType"":""none"",""ShapeEdgeType"":""none"",""SpotFinishingType"":""none"",""State"":""published"",""Variable"":""no""}"
flat_product_pf_8x10-inch_pt_170-gsm-coated-silk_cl_4-0_ct_none_prt_none_sft_none_set_none_hor,Posters — 8x10-inch — hor,posters,posters,"{""CoatingType"":""none"",""ColorType"":""4-0"",""Orientation"":""hor"",""PaperFormat"":""8x10-inch"",""PaperType"":""170-gsm-coated-silk"",""ProductStatus"":""activated"",""ProtectionType"":""none"",""ShapeEdgeType"":""none"",""SpotFinishingType"":""none"",""State"":""published"",""Variable"":""no""}"
flat_product_pf_8x10-inch_pt_170-gsm-coated-silk_cl_4-0_ct_none_prt_none_sft_none_set_none_ver,Posters — 8x10-inch — ver,posters,posters,"{""CoatingType"":""none"",""ColorType"":""4-0"",""Orientation"":""ver"",""PaperFormat"":""8x10-inch"",""PaperType"":""170-gsm-coated-silk"",""ProductStatus"":""activated"",""ProtectionType"":""none"",""ShapeEdgeType"":""none"",""SpotFinishingType"":""none"",""State"":""published"",""Variable"":""no""}"
flat_product_pf_8x10-inch_pt_170-gsm-uncoated_cl_4-0_ct_none_prt_none_sft_none_set_none_hor,Posters — 8x10-inch — hor,posters,posters,"{""CoatingType"":""none"",""ColorType"":""4-0"",""Orientation"":""hor"",""PaperFormat"":""8x10-inch"",""PaperType"":""170-gsm-uncoated"",""ProductStatus"":""activated"",""ProtectionType"":""none"",""ShapeEdgeType"":""none"",""SpotFinishingType"":""none"",""State"":""published"",""Variable"":""no""}"
flat_product_pf_8x10-inch_pt_170-gsm-uncoated_cl_4-0_ct_none_prt_none_sft_none_set_none_ver,Posters — 8x10-inch — ver,posters,posters,"{""CoatingType"":""none"",""ColorType"":""4-0"",""Orientation"":""ver"",""PaperFormat"":""8x10-inch"",""PaperType"":""170-gsm-uncoated"",""ProductStatus"":""activated"",""ProtectionType"":""none"",""ShapeEdgeType"":""none"",""SpotFinishingType"":""none"",""State"":""published"",""Variable"":""no""}"
flat_product_pf_8x10-inch_pt_200-gsm-coated-silk_cl_4-0_ct_none_prt_none_sft_none_set_none_hor,Posters — 8x10-inch — hor,posters,posters,"{""CoatingType"":""none"",""ColorType"":""4-0"",""Orientation"":""hor"",""PaperFormat"":""8x10-inch"",""PaperType"":""200-gsm-coated-silk"",""ProductStatus"":""activated"",""ProtectionType"":""none"",""ShapeEdgeType"":""none"",""SpotFinishingType"":""none"",""State"":""published"",""Variable"":""no""}"
flat_product_pf_8x10-inch_pt_200-gsm-coated-silk_cl_4-0_ct_none_prt_none_sft_none_set_none_ver,Posters — 8x10-inch — ver,posters,posters,"{""CoatingType"":""none"",""ColorType"":""4-0"",""Orientation"":""ver"",""PaperFormat"":""8x10-inch"",""PaperType"":""200-gsm-coated-silk"",""ProductStatus"":""activated"",""ProtectionType"":""none"",""ShapeEdgeType"":""none"",""SpotFinishingType"":""none"",""State"":""published"",""Variable"":""no""}"
flat_product_pf_8x10-inch_pt_200-gsm-uncoated_cl_4-0_ct_none_prt_none_sft_none_set_none_hor,Posters — 8x10-inch — hor,posters,posters,"{""CoatingType"":""none"",""ColorType"":""4-0"",""Orientation"":""hor"",""PaperFormat"":""8x10-inch"",""PaperType"":""200-gsm-uncoated"",""ProductStatus"":""activated"",""ProtectionType"":""none"",""ShapeEdgeType"":""none"",""SpotFinishingType"":""none"",""State"":""published"",""Variable"":""no""}"
flat_product_pf_8x10-inch_pt_200-gsm-uncoated_cl_4-0_ct_none_prt_none_sft_none_set_none_ver,Posters — 8x10-inch — ver,posters,posters,"{""CoatingType"":""none"",""ColorType"":""4-0"",""Orientation"":""ver"",""PaperFormat"":""8x10-inch"",""PaperType"":""200-gsm-uncoated"",""ProductStatus"":""activated"",""ProtectionType"":""none"",""ShapeEdgeType"":""none"",""SpotFinishingType"":""none"",""State"":""published"",""Variable"":""no""}"
flat_product_pf_8x10-inch_pt_65-lb-cover-coated-silk_cl_4-0_ct_none_prt_none_sft_none_set_none_hor,Posters — 8x10-inch — hor,posters,posters,"{""CoatingType"":""none"",""ColorType"":""4-0"",""Orientation"":""hor"",""PaperFormat"":""8x10-inch"",""PaperType"":""65-lb-cover-coated-silk"",""ProductStatus"":""activated"",""ProtectionType"":""none"",""ShapeEdgeType"":""none"",""SpotFinishingType"":""none"",""State"":""published"",""Variable"":""no""}"
flat_product_pf_8x10-inch_pt_65-lb-cover-coated-silk_cl_4-0_ct_none_prt_none_sft_none_set_none_ver,Posters — 8x10-inch — ver,posters,posters,"{""CoatingType"":""none"",""ColorType"":""4-0"",""Orientation"":""ver"",""PaperFormat"":""8x10-inch"",""PaperType"":""65-lb-cover-coated-silk"",""ProductStatus"":""activated"",""ProtectionType"":""none"",""ShapeEdgeType"":""none"",""SpotFinishingType"":""none"",""State"":""published"",""Variable"":""no""}"
flat_product_pf_8x10-inch_pt_65-lb-cover-uncoated_cl_4-0_ct_none_prt_none_sft_none_set_none_hor,Posters — 8x10-inch — hor,posters,posters,"{""CoatingType"":""none"",""ColorType"":""4-0"",""Orientation"":""hor"",""PaperFormat"":""8x10-inch"",""PaperType"":""65-lb-cover-uncoated"",""ProductStatus"":""activated"",""ProtectionType"":""none"",""ShapeEdgeType"":""none"",""SpotFinishingType"":""none"",""State"":""published"",""Variable"":""no""}"
flat_product_pf_8x10-inch_pt_65-lb-cover-uncoated_cl_4-0_ct_none_prt_none_sft_none_set_none_ver,Posters — 8x10-inch — ver,posters,posters,"{""CoatingType"":""none"",""ColorType"":""4-0"",""Orientation"":""ver"",""PaperFormat"":""8x10-inch"",""PaperType"":""65-lb-cover-uncoated"",""ProductStatus"":""activated"",""ProtectionType"":""none"",""ShapeEdgeType"":""none"",""SpotFinishingType"":""none"",""State"":""published"",""Variable"":""no""}"
flat_product_pf_8x10-inch_pt_80-lb-cover-coated-silk_cl_4-0_ct_none_prt_none_sft_none_set_none_hor,Posters — 8x10-inch — hor,posters,posters,"{""CoatingType"":""none"",""ColorType"":""4-0"",""Orientation"":""hor"",""PaperFormat"":""8x10-inch"",""PaperType"":""80-lb-cover-coated-silk"",""ProductStatus"":""activated"",""ProtectionType"":""none"",""ShapeEdgeType"":""none"",""SpotFinishingType"":""none"",""State"":""published"",""Variable"":""no""}"
flat_product_pf_8x10-inch_pt_80-lb-cover-coated-silk_cl_4-0_ct_none_prt_none_sft_none_set_none_ver,Posters — 8x10-inch — ver,posters,posters,"{""CoatingType"":""none"",""ColorType"":""4-0"",""Orientation"":""ver"",""PaperFormat"":""8x10-inch"",""PaperType"":""80-lb-cover-coated-silk"",""ProductStatus"":""activated"",""ProtectionType"":""none"",""ShapeEdgeType"":""none"",""SpotFinishingType"":""none"",""State"":""published"",""Variable"":""no""}"
flat_product_pf_8x10-inch_pt_80-lb-cover-uncoated_cl_4-0_ct_none_prt_none_sft_none_set_none_hor,Posters — 8x10-inch — hor,posters,posters,"{""CoatingType"":""none"",""ColorType"":""4-0"",""Orientation"":""hor"",""PaperFormat"":""8x10-inch"",""PaperType"":""80-lb-cover-uncoated"",""ProductStatus"":""activated"",""ProtectionType"":""none"",""ShapeEdgeType"":""none"",""SpotFinishingType"":""none"",""State"":""published"",""Variable"":""no""}"
flat_product_pf_8x10-inch_pt_80-lb-cover-uncoated_cl_4-0_ct_none_prt_none_sft_none_set_none_ver,Posters — 8x10-inch — ver,posters,posters,"{""CoatingType"":""none"",""ColorType"":""4-0"",""Orientation"":""ver"",""PaperFormat"":""8x10-inch"",""PaperType"":""80-lb-cover-uncoated"",""ProductStatus"":""activated"",""ProtectionType"":""none"",""ShapeEdgeType"":""none"",""SpotFinishingType"":""none"",""State"":""published"",""Variable"":""no""}"
flat_product_pf_8x12-inch_pt_100-lb-cover-uncoated-offwhite-archival_cl_4-0_ct_none_prt_none_sft_none_set_none_hor,Posters — 8x12-inch — hor,posters,posters,"{""CoatingType"":""none"",""ColorType"":""4-0"",""Orientation"":""hor"",""PaperFormat"":""8x12-inch"",""PaperType"":""100-lb-cover-uncoated-offwhite-archival"",""ProductStatus"":""activated"",""ProtectionType"":""none"",""ShapeEdgeType"":""none"",""SpotFinishingType"":""none"",""State"":""published"",""Variable"":""no""}"
flat_product_pf_8x12-inch_pt_100-lb-cover-uncoated-offwhite-archival_cl_4-0_ct_none_prt_none_sft_none_set_none_ver,Posters — 8x12-inch — ver,posters,posters,"{""CoatingType"":""none"",""ColorType"":""4-0"",""Orientation"":""ver"",""PaperFormat"":""8x12-inch"",""PaperType"":""100-lb-cover-uncoated-offwhite-archival"",""ProductStatus"":""activated"",""ProtectionType"":""none"",""ShapeEdgeType"":""none"",""SpotFinishingType"":""none"",""State"":""published"",""Variable"":""no""}"
flat_product_pf_8x12-inch_pt_170-gsm-coated-silk_cl_4-0_ct_none_prt_none_sft_none_set_none_hor,Posters — 8x12-inch — hor,posters,posters,"{""CoatingType"":""none"",""ColorType"":""4-0"",""Orientation"":""hor"",""PaperFormat"":""8x12-inch"",""PaperType"":""170-gsm-coated-silk"",""ProductStatus"":""activated"",""ProtectionType"":""none"",""ShapeEdgeType"":""none"",""SpotFinishingType"":""none"",""State"":""published"",""Variable"":""no""}"
flat_product_pf_8x12-inch_pt_170-gsm-coated-silk_cl_4-0_ct_none_prt_none_sft_none_set_none_ver,Posters — 8x12-inch — ver,posters,posters,"{""CoatingType"":""none"",""ColorType"":""4-0"",""Orientation"":""ver"",""PaperFormat"":""8x12-inch"",""PaperType"":""170-gsm-coated-silk"",""ProductStatus"":""activated"",""ProtectionType"":""none"",""ShapeEdgeType"":""none"",""SpotFinishingType"":""none"",""State"":""published"",""Variable"":""no""}"
flat_product_pf_8x12-inch_pt_170-gsm-uncoated_cl_4-0_ct_none_prt_none_sft_none_set_none_hor,Posters — 8x12-inch — hor,posters,posters,"{""CoatingType"":""none"",""ColorType"":""4-0"",""Orientation"":""hor"",""PaperFormat"":""8x12-inch"",""PaperType"":""170-gsm-uncoated"",""ProductStatus"":""activated"",""ProtectionType"":""none"",""ShapeEdgeType"":""none"",""SpotFinishingType"":""none"",""State"":""published"",""Variable"":""no""}"
flat_product_pf_8x12-inch_pt_170-gsm-uncoated_cl_4-0_ct_none_prt_none_sft_none_set_none_ver,Posters — 8x12-inch — ver,posters,posters,"{""CoatingType"":""none"",""ColorType"":""4-0"",""Orientation"":""ver"",""PaperFormat"":""8x12-inch"",""PaperType"":""170-gsm-uncoated"",""ProductStatus"":""activated"",""ProtectionType"":""none"",""ShapeEdgeType"":""none"",""SpotFinishingType"":""none"",""State"":""published"",""Variable"":""no""}"
flat_product_pf_8x12-inch_pt_200-gsm-coated-silk_cl_4-0_ct_none_prt_none_sft_none_set_none_hor,Posters — 8x12-inch — hor,posters,posters,"{""CoatingType"":""none"",""ColorType"":""4-0"",""Orientation"":""hor"",""PaperFormat"":""8x12-inch"",""PaperType"":""200-gsm-coated-silk"",""ProductStatus"":""activated"",""ProtectionType"":""none"",""ShapeEdgeType"":""none"",""SpotFinishingType"":""none"",""State"":""published"",""Variable"":""no""}"
flat_product_pf_8x12-inch_pt_200-gsm-coated-silk_cl_4-0_ct_none_prt_none_sft_none_set_none_ver,Posters — 8x12-inch — ver,posters,posters,"{""CoatingType"":""none"",""ColorType"":""4-0"",""Orientation"":""ver"",""PaperFormat"":""8x12-inch"",""PaperType"":""200-gsm-coated-silk"",""ProductStatus"":""activated"",""ProtectionType"":""none"",""ShapeEdgeType"":""none"",""SpotFinishingType"":""none"",""State"":""published"",""Variable"":""no""}"
flat_product_pf_8x12-inch_pt_200-gsm-uncoated_cl_4-0_ct_none_prt_none_sft_none_set_none_hor,Posters — 8x12-inch — hor,posters,posters,"{""CoatingType"":""none"",""ColorType"":""4-0"",""Orientation"":""hor"",""PaperFormat"":""8x12-inch"",""PaperType"":""200-gsm-uncoated"",""ProductStatus"":""activated"",""ProtectionType"":""none"",""ShapeEdgeType"":""none"",""SpotFinishingType"":""none"",""State"":""published"",""Variable"":""no""}"
flat_product_pf_8x12-inch_pt_200-gsm-uncoated_cl_4-0_ct_none_prt_none_sft_none_set_none_ver,Posters — 8x12-inch — ver,posters,posters,"{""CoatingType"":""none"",""ColorType"":""4-0"",""Orientation"":""ver"",""PaperFormat"":""8x12-inch"",""PaperType"":""200-gsm-uncoated"",""ProductStatus"":""activated"",""ProtectionType"":""none"",""ShapeEdgeType"":""none"",""SpotFinishingType"":""none"",""State"":""published"",""Variable"":""no""}"
flat_product_pf_8x12-inch_pt_65-lb-cover-coated-silk_cl_4-0_ct_none_prt_none_sft_none_set_none_hor,Posters — 8x12-inch — hor,posters,posters,"{""CoatingType"":""none"",""ColorType"":""4-0"",""Orientation"":""hor"",""PaperFormat"":""8x12-inch"",""PaperType"":""65-lb-cover-coated-silk"",""ProductStatus"":""activated"",""ProtectionType"":""none"",""ShapeEdgeType"":""none"",""SpotFinishingType"":""none"",""State"":""published"",""Variable"":""no""}"
flat_product_pf_8x12-inch_pt_65-lb-cover-coated-silk_cl_4-0_ct_none_prt_none_sft_none_set_none_ver,Posters — 8x12-inch — ver,posters,posters,"{""CoatingType"":""none"",""ColorType"":""4-0"",""Orientation"":""ver"",""PaperFormat"":""8x12-inch"",""PaperType"":""65-lb-cover-coated-silk"",""ProductStatus"":""activated"",""ProtectionType"":""none"",""ShapeEdgeType"":""none"",""SpotFinishingType"":""none"",""State"":""published"",""Variable"":""no""}"
flat_product_pf_8x12-inch_pt_65-lb-cover-uncoated_cl_4-0_ct_none_prt_none_sft_none_set_none_hor,Posters — 8x12-inch — hor,posters,posters,"{""CoatingType"":""none"",""ColorType"":""4-0"",""Orientation"":""hor"",""PaperFormat"":""8x12-inch"",""PaperType"":""65-lb-cover-uncoated"",""ProductStatus"":""activated"",""ProtectionType"":""none"",""ShapeEdgeType"":""none"",""SpotFinishingType"":""none"",""State"":""published"",""Variable"":""no""}"
flat_product_pf_8x12-inch_pt_65-lb-cover-uncoated_cl_4-0_ct_none_prt_none_sft_none_set_none_ver,Posters — 8x12-inch — ver,posters,posters,"{""CoatingType"":""none"",""ColorType"":""4-0"",""Orientation"":""ver"",""PaperFormat"":""8x12-inch"",""PaperType"":""65-lb-cover-uncoated"",""ProductStatus"":""activated"",""ProtectionType"":""none"",""ShapeEdgeType"":""none"",""SpotFinishingType"":""none"",""State"":""published"",""Variable"":""no""}"
flat_product_pf_8x12-inch_pt_80-lb-cover-coated-silk_cl_4-0_ct_none_prt_none_sft_none_set_none_hor,Posters — 8x12-inch — hor,posters,posters,"{""CoatingType"":""none"",""ColorType"":""4-0"",""Orientation"":""hor"",""PaperFormat"":""8x12-inch"",""PaperType"":""80-lb-cover-coated-silk"",""ProductStatus"":""activated"",""ProtectionType"":""none"",""ShapeEdgeType"":""none"",""SpotFinishingType"":""none"",""State"":""published"",""Variable"":""no""}"
flat_product_pf_8x12-inch_pt_80-lb-cover-coated-silk_cl_4-0_ct_none_prt_none_sft_none_set_none_ver,Posters — 8x12-inch — ver,posters,posters,"{""CoatingType"":""none"",""ColorType"":""4-0"",""Orientation"":""ver"",""PaperFormat"":""8x12-inch"",""PaperType"":""80-lb-cover-coated-silk"",""ProductStatus"":""activated"",""ProtectionType"":""none"",""ShapeEdgeType"":""none"",""SpotFinishingType"":""none"",""State"":""published"",""Variable"":""no""}"
flat_product_pf_8x12-inch_pt_80-lb-cover-uncoated_cl_4-0_ct_none_prt_none_sft_none_set_none_hor,Posters — 8x12-inch — hor,posters,posters,"{""CoatingType"":""none"",""ColorType"":""4-0"",""Orientation"":""hor"",""PaperFormat"":""8x12-inch"",""PaperType"":""80-lb-cover-uncoated"",""ProductStatus"":""activated"",""ProtectionType"":""none"",""ShapeEdgeType"":""none"",""SpotFinishingType"":""none"",""State"":""published"",""Variable"":""no""}"
flat_product_pf_8x12-inch_pt_80-lb-cover-uncoated_cl_4-0_ct_none_prt_none_sft_none_set_none_ver,Posters — 8x12-inch — ver,posters,posters,"{""CoatingType"":""none"",""ColorType"":""4-0"",""Orientation"":""ver"",""PaperFormat"":""8x12-inch"",""PaperType"":""80-lb-cover-uncoated"",""ProductStatus"":""activated"",""ProtectionType"":""none"",""ShapeEdgeType"":""none"",""SpotFinishingType"":""none"",""State"":""published"",""Variable"":""no""}"
flat_product_pf_a0_pt_100-lb-cover-uncoated-offwhite-archival_cl_4-0_ct_none_prt_none_sft_none_set_none_hor,Posters — A0 — hor,posters,posters,"{""CoatingType"":""none"",""ColorType"":""4-0"",""Orientation"":""hor"",""PaperFormat"":""A0"",""PaperType"":""100-lb-cover-uncoated-offwhite-archival"",""ProductStatus"":""activated"",""ProtectionType"":""none"",""ShapeEdgeType"":""none"",""SpotFinishingType"":""none"",""State"":""published"",""Variable"":""no""}"
flat_product_pf_a0_pt_100-lb-cover-uncoated-offwhite-archival_cl_4-0_ct_none_prt_none_sft_none_set_none_ver,Posters — A0 — ver,posters,posters,"{""CoatingType"":""none"",""ColorType"":""4-0"",""Orientation"":""ver"",""PaperFormat"":""A0"",""PaperType"":""100-lb-cover-uncoated-offwhite-archival"",""ProductStatus"":""activated"",""ProtectionType"":""none"",""ShapeEdgeType"":""none"",""SpotFinishingType"":""none"",""State"":""published"",""Variable"":""no""}"
flat_product_pf_a0_pt_170-gsm-uncoated_cl_4-0_ct_none_prt_none_sft_none_set_none_hor,Posters — A0 — hor,posters,posters,"{""CoatingType"":""none"",""ColorType"":""4-0"",""Orientation"":""hor"",""PaperFormat"":""A0"",""PaperType"":""170-gsm-uncoated"",""ProductStatus"":""activated"",""ProtectionType"":""none"",""ShapeEdgeType"":""none"",""SpotFinishingType"":""none"",""State"":""published"",""Variable"":""no""}"
flat_product_pf_a0_pt_170-gsm-uncoated_cl_4-0_ct_none_prt_none_sft_none_set_none_ver,Posters — A0 — ver,posters,posters,"{""CoatingType"":""none"",""ColorType"":""4-0"",""Orientation"":""ver"",""PaperFormat"":""A0"",""PaperType"":""170-gsm-uncoated"",""ProductStatus"":""activated"",""ProtectionType"":""none"",""ShapeEdgeType"":""none"",""SpotFinishingType"":""none"",""State"":""published"",""Variable"":""no""}"
flat_product_pf_a0_pt_200-gsm-coated-silk_cl_4-0_ct_none_prt_none_sft_none_set_none_hor,Posters — A0 — hor,posters,posters,"{""CoatingType"":""none"",""ColorType"":""4-0"",""Orientation"":""hor"",""PaperFormat"":""A0"",""PaperType"":""200-gsm-coated-silk"",""ProductStatus"":""activated"",""ProtectionType"":""none"",""ShapeEdgeType"":""none"",""SpotFinishingType"":""none"",""State"":""published"",""Variable"":""no""}"
flat_product_pf_a0_pt_200-gsm-uncoated_cl_4-0_ct_none_prt_none_sft_none_set_none_hor,Posters — A0 — hor,posters,posters,"{""CoatingType"":""none"",""ColorType"":""4-0"",""Orientation"":""hor"",""PaperFormat"":""A0"",""PaperType"":""200-gsm-uncoated"",""ProductStatus"":""activated"",""ProtectionType"":""none"",""ShapeEdgeType"":""none"",""SpotFinishingType"":""none"",""State"":""published"",""Variable"":""no""}"
flat_product_pf_a0_pt_200-gsm-uncoated_cl_4-0_ct_none_prt_none_sft_none_set_none_ver,Posters — A0 — ver,posters,posters,"{""CoatingType"":""none"",""ColorType"":""4-0"",""Orientation"":""ver"",""PaperFormat"":""A0"",""PaperType"":""200-gsm-uncoated"",""ProductStatus"":""activated"",""ProtectionType"":""none"",""ShapeEdgeType"":""none"",""SpotFinishingType"":""none"",""State"":""published"",""Variable"":""no""}"
flat_product_pf_a0_pt_250-gsm-uncoated-offwhite-archival_cl_4-0_ct_none_prt_none_sft_none_set_none_hor,Posters — A0 — hor,posters,posters,"{""CoatingType"":""none"",""ColorType"":""4-0"",""Orientation"":""hor"",""PaperFormat"":""A0"",""PaperType"":""250-gsm-uncoated-offwhite-archival"",""ProductStatus"":""activated"",""ProtectionType"":""none"",""ShapeEdgeType"":""none"",""SpotFinishingType"":""none"",""State"":""published"",""Variable"":""no""}"
flat_product_pf_a0_pt_250-gsm-uncoated-offwhite-archival_cl_4-0_ct_none_prt_none_sft_none_set_none_ver,Posters — A0 — ver,posters,posters,"{""CoatingType"":""none"",""ColorType"":""4-0"",""Orientation"":""ver"",""PaperFormat"":""A0"",""PaperType"":""250-gsm-uncoated-offwhite-archival"",""ProductStatus"":""activated"",""ProtectionType"":""none"",""ShapeEdgeType"":""none"",""SpotFinishingType"":""none"",""State"":""published"",""Variable"":""no""}"
flat_product_pf_a0_pt_65-lb-cover-coated-silk_cl_4-0_ct_none_prt_none_sft_none_set_none_hor,Posters — A0 — hor,posters,posters,"{""CoatingType"":""none"",""ColorType"":""4-0"",""Orientation"":""hor"",""PaperFormat"":""A0"",""PaperType"":""65-lb-cover-coated-silk"",""ProductStatus"":""activated"",""ProtectionType"":""none"",""ShapeEdgeType"":""none"",""SpotFinishingType"":""none"",""State"":""published"",""Variable"":""no""}"
flat_product_pf_a0_pt_65-lb-cover-coated-silk_cl_4-0_ct_none_prt_none_sft_none_set_none_ver,Posters — A0 — ver,posters,posters,"{""CoatingType"":""none"",""ColorType"":""4-0"",""Orientation"":""ver"",""PaperFormat"":""A0"",""PaperType"":""65-lb-cover-coated-silk"",""ProductStatus"":""activated"",""ProtectionType"":""none"",""ShapeEdgeType"":""none"",""SpotFinishingType"":""none"",""State"":""published"",""Variable"":""no""}"
flat_product_pf_a0_pt_65-lb-cover-uncoated_cl_4-0_ct_none_prt_none_sft_none_set_none_hor,Posters — A0 — hor,posters,posters,"{""CoatingType"":""none"",""ColorType"":""4-0"",""Orientation"":""hor"",""PaperFormat"":""A0"",""PaperType"":""65-lb-cover-uncoated"",""ProductStatus"":""activated"",""ProtectionType"":""none"",""ShapeEdgeType"":""none"",""SpotFinishingType"":""none"",""State"":""published"",""Variable"":""no""}"
flat_product_pf_a0_pt_65-lb-cover-uncoated_cl_4-0_ct_none_prt_none_sft_none_set_none_ver,Posters — A0 — ver,posters,posters,"{""CoatingType"":""none"",""ColorType"":""4-0"",""Orientation"":""ver"",""PaperFormat"":""A0"",""PaperType"":""65-lb-cover-uncoated"",""ProductStatus"":""activated"",""ProtectionType"":""none"",""ShapeEdgeType"":""none"",""SpotFinishingType"":""none"",""State"":""published"",""Variable"":""no""}"
flat_product_pf_a0_pt_80-lb-cover-coated-silk_cl_4-0_ct_none_prt_none_sft_none_set_none_hor,Posters — A0 — hor,posters,posters,"{""CoatingType"":""none"",""ColorType"":""4-0"",""Orientation"":""hor"",""PaperFormat"":""A0"",""PaperType"":""80-lb-cover-coated-silk"",""ProductStatus"":""activated"",""ProtectionType"":""none"",""ShapeEdgeType"":""none"",""SpotFinishingType"":""none"",""State"":""published"",""Variable"":""no""}"
flat_product_pf_a0_pt_80-lb-cover-uncoated_cl_4-0_ct_none_prt_none_sft_none_set_none_hor,Posters — A0 — hor,posters,posters,"{""CoatingType"":""none"",""ColorType"":""4-0"",""Orientation"":""hor"",""PaperFormat"":""A0"",""PaperType"":""80-lb-cover-uncoated"",""ProductStatus"":""activated"",""ProtectionType"":""none"",""ShapeEdgeType"":""none"",""SpotFinishingType"":""none"",""State"":""published"",""Variable"":""no""}"
flat_product_pf_a0_pt_80-lb-cover-uncoated_cl_4-0_ct_none_prt_none_sft_none_set_none_ver,Posters — A0 — ver,posters,posters,"{""CoatingType"":""none"",""ColorType"":""4-0"",""Orientation"":""ver"",""PaperFormat"":""A0"",""PaperType"":""80-lb-cover-uncoated"",""ProductStatus"":""activated"",""ProtectionType"":""none"",""ShapeEdgeType"":""none"",""SpotFinishingType"":""none"",""State"":""published"",""Variable"":""no""}"
flat_product_pf_a1_pt_170-gsm-uncoated_cl_4-0_ct_none_prt_none_sft_none_set_none_hor,Posters — A1 — hor,posters,posters,"{""CoatingType"":""none"",""ColorType"":""4-0"",""Orientation"":""hor"",""PaperFormat"":""A1"",""PaperType"":""170-gsm-uncoated"",""ProductStatus"":""activated"",""ProtectionType"":""none"",""ShapeEdgeType"":""none"",""SpotFinishingType"":""none"",""State"":""published"",""Variable"":""no""}"
flat_product_pf_a1_pt_170-gsm-uncoated_cl_4-0_ct_none_prt_none_sft_none_set_none_ver,Posters — A1 — ver,posters,posters,"{""CoatingType"":""none"",""ColorType"":""4-0"",""Orientation"":""ver"",""PaperFormat"":""A1"",""PaperType"":""170-gsm-uncoated"",""ProductStatus"":""activated"",""ProtectionType"":""none"",""ShapeEdgeType"":""none"",""SpotFinishingType"":""none"",""State"":""published"",""Variable"":""no""}"
flat_product_pf_a1_pt_200-gsm-uncoated_cl_4-0_ct_none_prt_none_sft_none_set_none_hor,Posters — A1 — hor,posters,posters,"{""CoatingType"":""none"",""ColorType"":""4-0"",""Orientation"":""hor"",""PaperFormat"":""A1"",""PaperType"":""200-gsm-uncoated"",""ProductStatus"":""activated"",""ProtectionType"":""none"",""ShapeEdgeType"":""none"",""SpotFinishingType"":""none"",""State"":""published"",""Variable"":""no""}"
flat_product_pf_a1_pt_200-gsm-uncoated_cl_4-0_ct_none_prt_none_sft_none_set_none_ver,Posters — A1 — ver,posters,posters,"{""CoatingType"":""none"",""ColorType"":""4-0"",""Orientation"":""ver"",""PaperFormat"":""A1"",""PaperType"":""200-gsm-uncoated"",""ProductStatus"":""activated"",""ProtectionType"":""none"",""ShapeEdgeType"":""none"",""SpotFinishingType"":""none"",""State"":""published"",""Variable"":""no""}"
flat_product_pf_a1_pt_250-gsm-uncoated-offwhite-archival_cl_4-0_ct_none_prt_none_sft_none_set_none_hor,Posters — A1 — hor,posters,posters,"{""CoatingType"":""none"",""ColorType"":""4-0"",""Orientation"":""hor"",""PaperFormat"":""A1"",""PaperType"":""250-gsm-uncoated-offwhite-archival"",""ProductStatus"":""activated"",""ProtectionType"":""none"",""ShapeEdgeType"":""none"",""SpotFinishingType"":""none"",""State"":""published"",""Variable"":""no""}"
flat_product_pf_a1_pt_250-gsm-uncoated-offwhite-archival_cl_4-0_ct_none_prt_none_sft_none_set_none_ver,Posters — A1 — ver,posters,posters,"{""CoatingType"":""none"",""ColorType"":""4-0"",""Orientation"":""ver"",""PaperFormat"":""A1"",""PaperType"":""250-gsm-uncoated-offwhite-archival"",""ProductStatus"":""activated"",""ProtectionType"":""none"",""ShapeEdgeType"":""none"",""SpotFinishingType"":""none"",""State"":""published"",""Variable"":""no""}"
flat_product_pf_a1_pt_65-lb-cover-coated-silk_cl_4-0_ct_none_prt_none_sft_none_set_none_hor,Posters — A1 — hor,posters,posters,"{""CoatingType"":""none"",""ColorType"":""4-0"",""Orientation"":""hor"",""PaperFormat"":""A1"",""PaperType"":""65-lb-cover-coated-silk"",""ProductStatus"":""activated"",""ProtectionType"":""none"",""ShapeEdgeType"":""none"",""SpotFinishingType"":""none"",""State"":""published"",""Variable"":""no""}"
flat_product_pf_a1_pt_65-lb-cover-coated-silk_cl_4-0_ct_none_prt_none_sft_none_set_none_ver,Posters — A1 — ver,posters,posters,"{""CoatingType"":""none"",""ColorType"":""4-0"",""Orientation"":""ver"",""PaperFormat"":""A1"",""PaperType"":""65-lb-cover-coated-silk"",""ProductStatus"":""activated"",""ProtectionType"":""none"",""ShapeEdgeType"":""none"",""SpotFinishingType"":""none"",""State"":""published"",""Variable"":""no""}"
flat_product_pf_a1_pt_65-lb-cover-uncoated_cl_4-0_ct_none_prt_none_sft_none_set_none_hor,Posters — A1 — hor,posters,posters,"{""CoatingType"":""none"",""ColorType"":""4-0"",""Orientation"":""hor"",""PaperFormat"":""A1"",""PaperType"":""65-lb-cover-uncoated"",""ProductStatus"":""activated"",""ProtectionType"":""none"",""ShapeEdgeType"":""none"",""SpotFinishingType"":""none"",""State"":""published"",""Variable"":""no""}"
flat_product_pf_a1_pt_65-lb-cover-uncoated_cl_4-0_ct_none_prt_none_sft_none_set_none_ver,Posters — A1 — ver,posters,posters,"{""CoatingType"":""none"",""ColorType"":""4-0"",""Orientation"":""ver"",""PaperFormat"":""A1"",""PaperType"":""65-lb-cover-uncoated"",""ProductStatus"":""activated"",""ProtectionType"":""none"",""ShapeEdgeType"":""none"",""SpotFinishingType"":""none"",""State"":""published"",""Variable"":""no""}"
flat_product_pf_a1_pt_80-lb-cover-uncoated_cl_4-0_ct_none_prt_none_sft_none_set_none_hor,Posters — A1 — hor,posters,posters,"{""CoatingType"":""none"",""ColorType"":""4-0"",""Orientation"":""hor"",""PaperFormat"":""A1"",""PaperType"":""80-lb-cover-uncoated"",""ProductStatus"":""activated"",""ProtectionType"":""none"",""ShapeEdgeType"":""none"",""SpotFinishingType"":""none"",""State"":""published"",""Variable"":""no""}"
flat_product_pf_a1_pt_80-lb-cover-uncoated_cl_4-0_ct_none_prt_none_sft_none_set_none_ver,Posters — A1 — ver,posters,posters,"{""CoatingType"":""none"",""ColorType"":""4-0"",""Orientation"":""ver"",""PaperFormat"":""A1"",""PaperType"":""80-lb-cover-uncoated"",""ProductStatus"":""activated"",""ProtectionType"":""none"",""ShapeEdgeType"":""none"",""SpotFinishingType"":""none"",""State"":""published"",""Variable"":""no""}"
flat_product_pf_a2_pt_100-lb-cover-uncoated-offwhite-archival_cl_4-0_ct_none_prt_none_sft_none_set_none_hor,Posters — A2 — hor,posters,posters,"{""CoatingType"":""none"",""ColorType"":""4-0"",""Orientation"":""hor"",""PaperFormat"":""A2"",""PaperType"":""100-lb-cover-uncoated-offwhite-archival"",""ProductStatus"":""activated"",""ProtectionType"":""none"",""ShapeEdgeType"":""none"",""SpotFinishingType"":""none"",""State"":""published"",""Variable"":""no""}"
flat_product_pf_a2_pt_100-lb-cover-uncoated-offwhite-archival_cl_4-0_ct_none_prt_none_sft_none_set_none_ver,Posters — A2 — ver,posters,posters,"{""CoatingType"":""none"",""ColorType"":""4-0"",""Orientation"":""ver"",""PaperFormat"":""A2"",""PaperType"":""100-lb-cover-uncoated-offwhite-archival"",""ProductStatus"":""activated"",""ProtectionType"":""none"",""ShapeEdgeType"":""none"",""SpotFinishingType"":""none"",""State"":""published"",""Variable"":""no""}"
flat_product_pf_a2_pt_170-gsm-uncoated_cl_4-0_ct_none_prt_none_sft_none_set_none_hor,Posters — A2 — hor,posters,posters,"{""CoatingType"":""none"",""ColorType"":""4-0"",""Orientation"":""hor"",""PaperFormat"":""A2"",""PaperType"":""170-gsm-uncoated"",""ProductStatus"":""activated"",""ProtectionType"":""none"",""ShapeEdgeType"":""none"",""SpotFinishingType"":""none"",""State"":""published"",""Variable"":""no""}"
flat_product_pf_a2_pt_170-gsm-uncoated_cl_4-0_ct_none_prt_none_sft_none_set_none_ver,Posters — A2 — ver,posters,posters,"{""CoatingType"":""none"",""ColorType"":""4-0"",""Orientation"":""ver"",""PaperFormat"":""A2"",""PaperType"":""170-gsm-uncoated"",""ProductStatus"":""activated"",""ProtectionType"":""none"",""ShapeEdgeType"":""none"",""SpotFinishingType"":""none"",""State"":""published"",""Variable"":""no""}"
flat_product_pf_a2_pt_200-gsm-coated-silk_cl_4-0_ct_none_prt_none_sft_none_set_none_hor,Posters — A2 — hor,posters,posters,"{""CoatingType"":""none"",""ColorType"":""4-0"",""Orientation"":""hor"",""PaperFormat"":""A2"",""PaperType"":""200-gsm-coated-silk"",""ProductStatus"":""activated"",""ProtectionType"":""none"",""ShapeEdgeType"":""none"",""SpotFinishingType"":""none"",""State"":""published"",""Variable"":""no""}"
flat_product_pf_a2_pt_200-gsm-coated-silk_cl_4-0_ct_none_prt_none_sft_none_set_none_ver,Posters — A2 — ver,posters,posters,"{""CoatingType"":""none"",""ColorType"":""4-0"",""Orientation"":""ver"",""PaperFormat"":""A2"",""PaperType"":""200-gsm-coated-silk"",""ProductStatus"":""activated"",""ProtectionType"":""none"",""ShapeEdgeType"":""none"",""SpotFinishingType"":""none"",""State"":""published"",""Variable"":""no""}"
flat_product_pf_a2_pt_200-gsm-uncoated_cl_4-0_ct_none_prt_none_sft_none_set_none_hor,Posters — A2 — hor,posters,posters,"{""CoatingType"":""none"",""ColorType"":""4-0"",""Orientation"":""hor"",""PaperFormat"":""A2"",""PaperType"":""200-gsm-uncoated"",""ProductStatus"":""activated"",""ProtectionType"":""none"",""ShapeEdgeType"":""none"",""SpotFinishingType"":""none"",""State"":""published"",""Variable"":""no""}"
flat_product_pf_a2_pt_200-gsm-uncoated_cl_4-0_ct_none_prt_none_sft_none_set_none_ver,Posters — A2 — ver,posters,posters,"{""CoatingType"":""none"",""ColorType"":""4-0"",""Orientation"":""ver"",""PaperFormat"":""A2"",""PaperType"":""200-gsm-uncoated"",""ProductStatus"":""activated"",""ProtectionType"":""none"",""ShapeEdgeType"":""none"",""SpotFinishingType"":""none"",""State"":""published"",""Variable"":""no""}"
flat_product_pf_a2_pt_250-gsm-uncoated-offwhite-archival_cl_4-0_ct_none_prt_none_sft_none_set_none_hor,Posters — A2 — hor,posters,posters,"{""CoatingType"":""none"",""ColorType"":""4-0"",""Orientation"":""hor"",""PaperFormat"":""A2"",""PaperType"":""250-gsm-uncoated-offwhite-archival"",""ProductStatus"":""activated"",""ProtectionType"":""none"",""ShapeEdgeType"":""none"",""SpotFinishingType"":""none"",""State"":""published"",""Variable"":""no""}"
flat_product_pf_a2_pt_250-gsm-uncoated-offwhite-archival_cl_4-0_ct_none_prt_none_sft_none_set_none_ver,Posters — A2 — ver,posters,posters,"{""CoatingType"":""none"",""ColorType"":""4-0"",""Orientation"":""ver"",""PaperFormat"":""A2"",""PaperType"":""250-gsm-uncoated-offwhite-archival"",""ProductStatus"":""activated"",""ProtectionType"":""none"",""ShapeEdgeType"":""none"",""SpotFinishingType"":""none"",""State"":""published"",""Variable"":""no""}"
flat_product_pf_a2_pt_65-lb-cover-coated-silk_cl_4-0_ct_none_prt_none_sft_none_set_none_hor,Posters — A2 — hor,posters,posters,"{""CoatingType"":""none"",""ColorType"":""4-0"",""Orientation"":""hor"",""PaperFormat"":""A2"",""PaperType"":""65-lb-cover-coated-silk"",""ProductStatus"":""activated"",""ProtectionType"":""none"",""ShapeEdgeType"":""none"",""SpotFinishingType"":""none"",""State"":""published"",""Variable"":""no""}"
flat_product_pf_a2_pt_65-lb-cover-coated-silk_cl_4-0_ct_none_prt_none_sft_none_set_none_ver,Posters — A2 — ver,posters,posters,"{""CoatingType"":""none"",""ColorType"":""4-0"",""Orientation"":""ver"",""PaperFormat"":""A2"",""PaperType"":""65-lb-cover-coated-silk"",""ProductStatus"":""activated"",""ProtectionType"":""none"",""ShapeEdgeType"":""none"",""SpotFinishingType"":""none"",""State"":""published"",""Variable"":""no""}"
flat_product_pf_a2_pt_65-lb-cover-uncoated_cl_4-0_ct_none_prt_none_sft_none_set_none_hor,Posters — A2 — hor,posters,posters,"{""CoatingType"":""none"",""ColorType"":""4-0"",""Orientation"":""hor"",""PaperFormat"":""A2"",""PaperType"":""65-lb-cover-uncoated"",""ProductStatus"":""activated"",""ProtectionType"":""none"",""ShapeEdgeType"":""none"",""SpotFinishingType"":""none"",""State"":""published"",""Variable"":""no""}"
flat_product_pf_a2_pt_65-lb-cover-uncoated_cl_4-0_ct_none_prt_none_sft_none_set_none_ver,Posters — A2 — ver,posters,posters,"{""CoatingType"":""none"",""ColorType"":""4-0"",""Orientation"":""ver"",""PaperFormat"":""A2"",""PaperType"":""65-lb-cover-uncoated"",""ProductStatus"":""activated"",""ProtectionType"":""none"",""ShapeEdgeType"":""none"",""SpotFinishingType"":""none"",""State"":""published"",""Variable"":""no""}"
flat_product_pf_a2_pt_80-lb-cover-coated-silk_cl_4-0_ct_none_prt_none_sft_none_set_none_hor,Posters — A2 — hor,posters,posters,"{""CoatingType"":""none"",""ColorType"":""4-0"",""Orientation"":""hor"",""PaperFormat"":""A2"",""PaperType"":""80-lb-cover-coated-silk"",""ProductStatus"":""activated"",""ProtectionType"":""none"",""ShapeEdgeType"":""none"",""SpotFinishingType"":""none"",""State"":""published"",""Variable"":""no""}"
flat_product_pf_a2_pt_80-lb-cover-coated-silk_cl_4-0_ct_none_prt_none_sft_none_set_none_ver,Posters — A2 — ver,posters,posters,"{""CoatingType"":""none"",""ColorType"":""4-0"",""Orientation"":""ver"",""PaperFormat"":""A2"",""PaperType"":""80-lb-cover-coated-silk"",""ProductStatus"":""activated"",""ProtectionType"":""none"",""ShapeEdgeType"":""none"",""SpotFinishingType"":""none"",""State"":""published"",""Variable"":""no""}"
flat_product_pf_a2_pt_80-lb-cover-uncoated_cl_4-0_ct_none_prt_none_sft_none_set_none_hor,Posters — A2 — hor,posters,posters,"{""CoatingType"":""none"",""ColorType"":""4-0"",""Orientation"":""hor"",""PaperFormat"":""A2"",""PaperType"":""80-lb-cover-uncoated"",""ProductStatus"":""activated"",""ProtectionType"":""none"",""ShapeEdgeType"":""none"",""SpotFinishingType"":""none"",""State"":""published"",""Variable"":""no""}"
flat_product_pf_a2_pt_80-lb-cover-uncoated_cl_4-0_ct_none_prt_none_sft_none_set_none_ver,Posters — A2 — ver,posters,posters,"{""CoatingType"":""none"",""ColorType"":""4-0"",""Orientation"":""ver"",""PaperFormat"":""A2"",""PaperType"":""80-lb-cover-uncoated"",""ProductStatus"":""activated"",""ProtectionType"":""none"",""ShapeEdgeType"":""none"",""SpotFinishingType"":""none"",""State"":""published"",""Variable"":""no""}"
flat_product_pf_a3_pt_100-lb-cover-uncoated-offwhite-archival_cl_4-0_ct_none_prt_none_sft_none_set_none_hor,Posters — A3 — hor,posters,posters,"{""CoatingType"":""none"",""ColorType"":""4-0"",""Orientation"":""hor"",""PaperFormat"":""A3"",""PaperType"":""100-lb-cover-uncoated-offwhite-archival"",""ProductStatus"":""activated"",""ProtectionType"":""none"",""ShapeEdgeType"":""none"",""SpotFinishingType"":""none"",""State"":""published"",""Variable"":""no""}"
flat_product_pf_a3_pt_100-lb-cover-uncoated-offwhite-archival_cl_4-0_ct_none_prt_none_sft_none_set_none_ver,Posters — A3 — ver,posters,posters,"{""CoatingType"":""none"",""ColorType"":""4-0"",""Orientation"":""ver"",""PaperFormat"":""A3"",""PaperType"":""100-lb-cover-uncoated-offwhite-archival"",""ProductStatus"":""activated"",""ProtectionType"":""none"",""ShapeEdgeType"":""none"",""SpotFinishingType"":""none"",""State"":""published"",""Variable"":""no""}"
flat_product_pf_a3_pt_200-gsm-coated-silk_cl_4-0_ct_none_prt_none_sft_none_set_none_hor,Posters — A3 — hor,posters,posters,"{""CoatingType"":""none"",""ColorType"":""4-0"",""Orientation"":""hor"",""PaperFormat"":""A3"",""PaperType"":""200-gsm-coated-silk"",""ProductStatus"":""activated"",""ProtectionType"":""none"",""ShapeEdgeType"":""none"",""SpotFinishingType"":""none"",""State"":""published"",""Variable"":""no""}"
flat_product_pf_a3_pt_200-gsm-coated-silk_cl_4-0_ct_none_prt_none_sft_none_set_none_ver,Posters — A3 — ver,posters,posters,"{""CoatingType"":""none"",""ColorType"":""4-0"",""Orientation"":""ver"",""PaperFormat"":""A3"",""PaperType"":""200-gsm-coated-silk"",""ProductStatus"":""activated"",""ProtectionType"":""none"",""ShapeEdgeType"":""none"",""SpotFinishingType"":""none"",""State"":""published"",""Variable"":""no""}"
flat_product_pf_a3_pt_200-gsm-uncoated_cl_4-0_ct_none_prt_none_sft_none_set_none_hor,Posters — A3 — hor,posters,posters,"{""CoatingType"":""none"",""ColorType"":""4-0"",""Orientation"":""hor"",""PaperFormat"":""A3"",""PaperType"":""200-gsm-uncoated"",""ProductStatus"":""activated"",""ProtectionType"":""none"",""ShapeEdgeType"":""none"",""SpotFinishingType"":""none"",""State"":""published"",""Variable"":""no""}"
flat_product_pf_a3_pt_200-gsm-uncoated_cl_4-0_ct_none_prt_none_sft_none_set_none_ver,Posters — A3 — ver,posters,posters,"{""CoatingType"":""none"",""ColorType"":""4-0"",""Orientation"":""ver"",""PaperFormat"":""A3"",""PaperType"":""200-gsm-uncoated"",""ProductStatus"":""activated"",""ProtectionType"":""none"",""ShapeEdgeType"":""none"",""SpotFinishingType"":""none"",""State"":""published"",""Variable"":""no""}"
flat_product_pf_a3_pt_250-gsm-uncoated-offwhite-archival_cl_4-0_ct_none_prt_none_sft_none_set_none_hor,Posters — A3 — hor,posters,posters,"{""CoatingType"":""none"",""ColorType"":""4-0"",""Orientation"":""hor"",""PaperFormat"":""A3"",""PaperType"":""250-gsm-uncoated-offwhite-archival"",""ProductStatus"":""activated"",""ProtectionType"":""none"",""ShapeEdgeType"":""none"",""SpotFinishingType"":""none"",""State"":""published"",""Variable"":""no""}"
flat_product_pf_a3_pt_250-gsm-uncoated-offwhite-archival_cl_4-0_ct_none_prt_none_sft_none_set_none_ver,Posters — A3 — ver,posters,posters,"{""CoatingType"":""none"",""ColorType"":""4-0"",""Orientation"":""ver"",""PaperFormat"":""A3"",""PaperType"":""250-gsm-uncoated-offwhite-archival"",""ProductStatus"":""activated"",""ProtectionType"":""none"",""ShapeEdgeType"":""none"",""SpotFinishingType"":""none"",""State"":""published"",""Variable"":""no""}"
flat_product_pf_a3_pt_65-lb-cover-coated-silk_cl_4-0_ct_none_prt_none_sft_none_set_none_hor,Posters — A3 — hor,posters,posters,"{""CoatingType"":""none"",""ColorType"":""4-0"",""Orientation"":""hor"",""PaperFormat"":""A3"",""PaperType"":""65-lb-cover-coated-silk"",""ProductStatus"":""activated"",""ProtectionType"":""none"",""ShapeEdgeType"":""none"",""SpotFinishingType"":""none"",""State"":""published"",""Variable"":""no""}"
flat_product_pf_a3_pt_65-lb-cover-coated-silk_cl_4-0_ct_none_prt_none_sft_none_set_none_ver,Posters — A3 — ver,posters,posters,"{""CoatingType"":""none"",""ColorType"":""4-0"",""Orientation"":""ver"",""PaperFormat"":""A3"",""PaperType"":""65-lb-cover-coated-silk"",""ProductStatus"":""activated"",""ProtectionType"":""none"",""ShapeEdgeType"":""none"",""SpotFinishingType"":""none"",""State"":""published"",""Variable"":""no""}"
flat_product_pf_a3_pt_65-lb-cover-uncoated_cl_4-0_ct_none_prt_none_sft_none_set_none_hor,Posters — A3 — hor,posters,posters,"{""CoatingType"":""none"",""ColorType"":""4-0"",""Orientation"":""hor"",""PaperFormat"":""A3"",""PaperType"":""65-lb-cover-uncoated"",""ProductStatus"":""activated"",""ProtectionType"":""none"",""ShapeEdgeType"":""none"",""SpotFinishingType"":""none"",""State"":""published"",""Variable"":""no""}"
flat_product_pf_a3_pt_65-lb-cover-uncoated_cl_4-0_ct_none_prt_none_sft_none_set_none_ver,Posters — A3 — ver,posters,posters,"{""CoatingType"":""none"",""ColorType"":""4-0"",""Orientation"":""ver"",""PaperFormat"":""A3"",""PaperType"":""65-lb-cover-uncoated"",""ProductStatus"":""activated"",""ProtectionType"":""none"",""ShapeEdgeType"":""none"",""SpotFinishingType"":""none"",""State"":""published"",""Variable"":""no""}"
flat_product_pf_a3_pt_80-lb-cover-coated-silk_cl_4-0_ct_none_prt_none_sft_none_set_none_hor,Posters — A3 — hor,posters,posters,"{""CoatingType"":""none"",""ColorType"":""4-0"",""Orientation"":""hor"",""PaperFormat"":""A3"",""PaperType"":""80-lb-cover-coated-silk"",""ProductStatus"":""activated"",""ProtectionType"":""none"",""ShapeEdgeType"":""none"",""SpotFinishingType"":""none"",""State"":""published"",""Variable"":""no""}"
flat_product_pf_a3_pt_80-lb-cover-coated-silk_cl_4-0_ct_none_prt_none_sft_none_set_none_ver,Posters — A3 — ver,posters,posters,"{""CoatingType"":""none"",""ColorType"":""4-0"",""Orientation"":""ver"",""PaperFormat"":""A3"",""PaperType"":""80-lb-cover-coated-silk"",""ProductStatus"":""activated"",""ProtectionType"":""none"",""ShapeEdgeType"":""none"",""SpotFinishingType"":""none"",""State"":""published"",""Variable"":""no""}"
flat_product_pf_a3_pt_80-lb-cover-uncoated_cl_4-0_ct_none_prt_none_sft_none_set_none_hor,Posters — A3 — hor,posters,posters,"{""CoatingType"":""none"",""ColorType"":""4-0"",""Orientation"":""hor"",""PaperFormat"":""A3"",""PaperType"":""80-lb-cover-uncoated"",""ProductStatus"":""activated"",""ProtectionType"":""none"",""ShapeEdgeType"":""none"",""SpotFinishingType"":""none"",""State"":""published"",""Variable"":""no""}"
flat_product_pf_a3_pt_80-lb-cover-uncoated_cl_4-0_ct_none_prt_none_sft_none_set_none_ver,Posters — A3 — ver,posters,posters,"{""CoatingType"":""none"",""ColorType"":""4-0"",""Orientation"":""ver"",""PaperFormat"":""A3"",""PaperType"":""80-lb-cover-uncoated"",""ProductStatus"":""activated"",""ProtectionType"":""none"",""ShapeEdgeType"":""none"",""SpotFinishingType"":""none"",""State"":""published"",""Variable"":""no""}"
flat_product_pf_a4_pt_200-gsm-coated-silk_cl_4-0_ct_none_prt_none_sft_none_set_none_hor,Posters — A4 — hor,posters,posters,"{""CoatingType"":""none"",""ColorType"":""4-0"",""Orientation"":""hor"",""PaperFormat"":""A4"",""PaperType"":""200-gsm-coated-silk"",""ProductStatus"":""activated"",""ProtectionType"":""none"",""ShapeEdgeType"":""none"",""SpotFinishingType"":""none"",""State"":""published"",""Variable"":""no""}"
flat_product_pf_a4_pt_200-gsm-coated-silk_cl_4-0_ct_none_prt_none_sft_none_set_none_ver,Posters — A4 — ver,posters,posters,"{""CoatingType"":""none"",""ColorType"":""4-0"",""Orientation"":""ver"",""PaperFormat"":""A4"",""PaperType"":""200-gsm-coated-silk"",""ProductStatus"":""activated"",""ProtectionType"":""none"",""ShapeEdgeType"":""none"",""SpotFinishingType"":""none"",""State"":""published"",""Variable"":""no""}"
flat_product_pf_a4_pt_200-gsm-uncoated_cl_4-0_ct_none_prt_none_sft_none_set_none_hor,Posters — A4 — hor,posters,posters,"{""CoatingType"":""none"",""ColorType"":""4-0"",""Orientation"":""hor"",""PaperFormat"":""A4"",""PaperType"":""200-gsm-uncoated"",""ProductStatus"":""activated"",""ProtectionType"":""none"",""ShapeEdgeType"":""none"",""SpotFinishingType"":""none"",""State"":""published"",""Variable"":""no""}"
flat_product_pf_a4_pt_200-gsm-uncoated_cl_4-0_ct_none_prt_none_sft_none_set_none_ver,Posters — A4 — ver,posters,posters,"{""CoatingType"":""none"",""ColorType"":""4-0"",""Orientation"":""ver"",""PaperFormat"":""A4"",""PaperType"":""200-gsm-uncoated"",""ProductStatus"":""activated"",""ProtectionType"":""none"",""ShapeEdgeType"":""none"",""SpotFinishingType"":""none"",""State"":""published"",""Variable"":""no""}"
flat_product_pf_a4_pt_250-gsm-uncoated-offwhite-archival_cl_4-0_ct_none_prt_none_sft_none_set_none_hor,Posters — A4 — hor,posters,posters,"{""CoatingType"":""none"",""ColorType"":""4-0"",""Orientation"":""hor"",""PaperFormat"":""A4"",""PaperType"":""250-gsm-uncoated-offwhite-archival"",""ProductStatus"":""activated"",""ProtectionType"":""none"",""ShapeEdgeType"":""none"",""SpotFinishingType"":""none"",""State"":""published"",""Variable"":""no""}"
flat_product_pf_a4_pt_250-gsm-uncoated-offwhite-archival_cl_4-0_ct_none_prt_none_sft_none_set_none_ver,Posters — A4 — ver,posters,posters,"{""CoatingType"":""none"",""ColorType"":""4-0"",""Orientation"":""ver"",""PaperFormat"":""A4"",""PaperType"":""250-gsm-uncoated-offwhite-archival"",""ProductStatus"":""activated"",""ProtectionType"":""none"",""ShapeEdgeType"":""none"",""SpotFinishingType"":""none"",""State"":""published"",""Variable"":""no""}"
flat_product_pf_a4_pt_65-lb-cover-coated-silk_cl_4-0_ct_none_prt_none_sft_none_set_none_hor,Posters — A4 — hor,posters,posters,"{""CoatingType"":""none"",""ColorType"":""4-0"",""Orientation"":""hor"",""PaperFormat"":""A4"",""PaperType"":""65-lb-cover-coated-silk"",""ProductStatus"":""activated"",""ProtectionType"":""none"",""ShapeEdgeType"":""none"",""SpotFinishingType"":""none"",""State"":""published"",""Variable"":""no""}"
flat_product_pf_a4_pt_65-lb-cover-coated-silk_cl_4-0_ct_none_prt_none_sft_none_set_none_ver,Posters — A4 — ver,posters,posters,"{""CoatingType"":""none"",""ColorType"":""4-0"",""Orientation"":""ver"",""PaperFormat"":""A4"",""PaperType"":""65-lb-cover-coated-silk"",""ProductStatus"":""activated"",""ProtectionType"":""none"",""ShapeEdgeType"":""none"",""SpotFinishingType"":""none"",""State"":""published"",""Variable"":""no""}"
flat_product_pf_a4_pt_65-lb-cover-uncoated_cl_4-0_ct_none_prt_none_sft_none_set_none_hor,Posters — A4 — hor,posters,posters,"{""CoatingType"":""none"",""ColorType"":""4-0"",""Orientation"":""hor"",""PaperFormat"":""A4"",""PaperType"":""65-lb-cover-uncoated"",""ProductStatus"":""activated"",""ProtectionType"":""none"",""ShapeEdgeType"":""none"",""SpotFinishingType"":""none"",""State"":""published"",""Variable"":""no""}"
flat_product_pf_a4_pt_65-lb-cover-uncoated_cl_4-0_ct_none_prt_none_sft_none_set_none_ver,Posters — A4 — ver,posters,posters,"{""CoatingType"":""none"",""ColorType"":""4-0"",""Orientation"":""ver"",""PaperFormat"":""A4"",""PaperType"":""65-lb-cover-uncoated"",""ProductStatus"":""activated"",""ProtectionType"":""none"",""ShapeEdgeType"":""none"",""SpotFinishingType"":""none"",""State"":""published"",""Variable"":""no""}"
flat_product_pf_a6_pt_350-gsm-uncoated_cl_4-0_ct_none_prt_none_sft_none_set_none_ver,Posters — A6 — ver,posters,posters,"{""CoatingType"":""none"",""ColorType"":""4-0"",""Orientation"":""ver"",""PaperFormat"":""A6"",""PaperType"":""350-gsm-uncoated"",""ProductStatus"":""activated"",""ProtectionType"":""none"",""ShapeEdgeType"":""none"",""SpotFinishingType"":""none"",""State"":""published"",""Variable"":""no""}"
flat_product_pf_b1_pt_170-gsm-uncoated_cl_4-0_ct_none_prt_none_sft_none_set_none_hor,Posters — B1 — hor,posters,posters,"{""CoatingType"":""none"",""ColorType"":""4-0"",""Orientation"":""hor"",""PaperFormat"":""B1"",""PaperType"":""170-gsm-uncoated"",""ProductStatus"":""activated"",""ProtectionType"":""none"",""ShapeEdgeType"":""none"",""SpotFinishingType"":""none"",""State"":""published"",""Variable"":""no""}"
flat_product_pf_b1_pt_170-gsm-uncoated_cl_4-0_ct_none_prt_none_sft_none_set_none_ver,Posters — B1 — ver,posters,posters,"{""CoatingType"":""none"",""ColorType"":""4-0"",""Orientation"":""ver"",""PaperFormat"":""B1"",""PaperType"":""170-gsm-uncoated"",""ProductStatus"":""activated"",""ProtectionType"":""none"",""ShapeEdgeType"":""none"",""SpotFinishingType"":""none"",""State"":""published"",""Variable"":""no""}"
flat_product_pf_b1_pt_200-gsm-uncoated_cl_4-0_ct_none_prt_none_sft_none_set_none_hor,Posters — B1 — hor,posters,posters,"{""CoatingType"":""none"",""ColorType"":""4-0"",""Orientation"":""hor"",""PaperFormat"":""B1"",""PaperType"":""200-gsm-uncoated"",""ProductStatus"":""activated"",""ProtectionType"":""none"",""ShapeEdgeType"":""none"",""SpotFinishingType"":""none"",""State"":""published"",""Variable"":""no""}"
flat_product_pf_b1_pt_200-gsm-uncoated_cl_4-0_ct_none_prt_none_sft_none_set_none_ver,Posters — B1 — ver,posters,posters,"{""CoatingType"":""none"",""ColorType"":""4-0"",""Orientation"":""ver"",""PaperFormat"":""B1"",""PaperType"":""200-gsm-uncoated"",""ProductStatus"":""activated"",""ProtectionType"":""none"",""ShapeEdgeType"":""none"",""SpotFinishingType"":""none"",""State"":""published"",""Variable"":""no""}"
flat_product_pf_b1_pt_250-gsm-uncoated-offwhite-archival_cl_4-0_ct_none_prt_none_sft_none_set_none_hor,Posters — B1 — hor,posters,posters,"{""CoatingType"":""none"",""ColorType"":""4-0"",""Orientation"":""hor"",""PaperFormat"":""B1"",""PaperType"":""250-gsm-uncoated-offwhite-archival"",""ProductStatus"":""activated"",""ProtectionType"":""none"",""ShapeEdgeType"":""none"",""SpotFinishingType"":""none"",""State"":""published"",""Variable"":""no""}"
flat_product_pf_b1_pt_250-gsm-uncoated-offwhite-archival_cl_4-0_ct_none_prt_none_sft_none_set_none_ver,Posters — B1 — ver,posters,posters,"{""CoatingType"":""none"",""ColorType"":""4-0"",""Orientation"":""ver"",""PaperFormat"":""B1"",""PaperType"":""250-gsm-uncoated-offwhite-archival"",""ProductStatus"":""activated"",""ProtectionType"":""none"",""ShapeEdgeType"":""none"",""SpotFinishingType"":""none"",""State"":""published"",""Variable"":""no""}"
flat_product_pf_b1_pt_65-lb-cover-coated-silk_cl_4-0_ct_none_prt_none_sft_none_set_none_hor,Posters — B1 — hor,posters,posters,"{""CoatingType"":""none"",""ColorType"":""4-0"",""Orientation"":""hor"",""PaperFormat"":""B1"",""PaperType"":""65-lb-cover-coated-silk"",""ProductStatus"":""activated"",""ProtectionType"":""none"",""ShapeEdgeType"":""none"",""SpotFinishingType"":""none"",""State"":""published"",""Variable"":""no""}"
flat_product_pf_b1_pt_65-lb-cover-coated-silk_cl_4-0_ct_none_prt_none_sft_none_set_none_ver,Posters — B1 — ver,posters,posters,"{""CoatingType"":""none"",""ColorType"":""4-0"",""Orientation"":""ver"",""PaperFormat"":""B1"",""PaperType"":""65-lb-cover-coated-silk"",""ProductStatus"":""activated"",""ProtectionType"":""none"",""ShapeEdgeType"":""none"",""SpotFinishingType"":""none"",""State"":""published"",""Variable"":""no""}"
flat_product_pf_b1_pt_65-lb-cover-uncoated_cl_4-0_ct_none_prt_none_sft_none_set_none_hor,Posters — B1 — hor,posters,posters,"{""CoatingType"":""none"",""ColorType"":""4-0"",""Orientation"":""hor"",""PaperFormat"":""B1"",""PaperType"":""65-lb-cover-uncoated"",""ProductStatus"":""activated"",""ProtectionType"":""none"",""ShapeEdgeType"":""none"",""SpotFinishingType"":""none"",""State"":""published"",""Variable"":""no""}"
flat_product_pf_b1_pt_65-lb-cover-uncoated_cl_4-0_ct_none_prt_none_sft_none_set_none_ver,Posters — B1 — ver,posters,posters,"{""CoatingType"":""none"",""ColorType"":""4-0"",""Orientation"":""ver"",""PaperFormat"":""B1"",""PaperType"":""65-lb-cover-uncoated"",""ProductStatus"":""activated"",""ProtectionType"":""none"",""ShapeEdgeType"":""none"",""SpotFinishingType"":""none"",""State"":""published"",""Variable"":""no""}"
flat_product_pf_b1_pt_80-lb-cover-uncoated_cl_4-0_ct_none_prt_none_sft_none_set_none_hor,Posters — B1 — hor,posters,posters,"{""CoatingType"":""none"",""ColorType"":""4-0"",""Orientation"":""hor"",""PaperFormat"":""B1"",""PaperType"":""80-lb-cover-uncoated"",""ProductStatus"":""activated"",""ProtectionType"":""none"",""ShapeEdgeType"":""none"",""SpotFinishingType"":""none"",""State"":""published"",""Variable"":""no""}"
flat_product_pf_b1_pt_80-lb-cover-uncoated_cl_4-0_ct_none_prt_none_sft_none_set_none_ver,Posters — B1 — ver,posters,posters,"{""CoatingType"":""none"",""ColorType"":""4-0"",""Orientation"":""ver"",""PaperFormat"":""B1"",""PaperType"":""80-lb-cover-uncoated"",""ProductStatus"":""activated"",""ProtectionType"":""none"",""ShapeEdgeType"":""none"",""SpotFinishingType"":""none"",""State"":""published"",""Variable"":""no""}"
flat_product_pf_b2_pt_170-gsm-uncoated_cl_4-0_ct_none_prt_none_sft_none_set_none_hor,Posters — B2 — hor,posters,posters,"{""CoatingType"":""none"",""ColorType"":""4-0"",""Orientation"":""hor"",""PaperFormat"":""B2"",""PaperType"":""170-gsm-uncoated"",""ProductStatus"":""activated"",""ProtectionType"":""none"",""ShapeEdgeType"":""none"",""SpotFinishingType"":""none"",""State"":""published"",""Variable"":""no""}"
flat_product_pf_b2_pt_170-gsm-uncoated_cl_4-0_ct_none_prt_none_sft_none_set_none_ver,Posters — B2 — ver,posters,posters,"{""CoatingType"":""none"",""ColorType"":""4-0"",""Orientation"":""ver"",""PaperFormat"":""B2"",""PaperType"":""170-gsm-uncoated"",""ProductStatus"":""activated"",""ProtectionType"":""none"",""ShapeEdgeType"":""none"",""SpotFinishingType"":""none"",""State"":""published"",""Variable"":""no""}"
flat_product_pf_b2_pt_200-gsm-coated-silk_cl_4-0_ct_none_prt_none_sft_none_set_none_hor,Posters — B2 — hor,posters,posters,"{""CoatingType"":""none"",""ColorType"":""4-0"",""Orientation"":""hor"",""PaperFormat"":""B2"",""PaperType"":""200-gsm-coated-silk"",""ProductStatus"":""activated"",""ProtectionType"":""none"",""ShapeEdgeType"":""none"",""SpotFinishingType"":""none"",""State"":""published"",""Variable"":""no""}"
flat_product_pf_b2_pt_200-gsm-coated-silk_cl_4-0_ct_none_prt_none_sft_none_set_none_ver,Posters — B2 — ver,posters,posters,"{""CoatingType"":""none"",""ColorType"":""4-0"",""Orientation"":""ver"",""PaperFormat"":""B2"",""PaperType"":""200-gsm-coated-silk"",""ProductStatus"":""activated"",""ProtectionType"":""none"",""ShapeEdgeType"":""none"",""SpotFinishingType"":""none"",""State"":""published"",""Variable"":""no""}"
flat_product_pf_b2_pt_200-gsm-uncoated_cl_4-0_ct_none_prt_none_sft_none_set_none_hor,Posters — B2 — hor,posters,posters,"{""CoatingType"":""none"",""ColorType"":""4-0"",""Orientation"":""hor"",""PaperFormat"":""B2"",""PaperType"":""200-gsm-uncoated"",""ProductStatus"":""activated"",""ProtectionType"":""none"",""ShapeEdgeType"":""none"",""SpotFinishingType"":""none"",""State"":""published"",""Variable"":""no""}"
flat_product_pf_b2_pt_200-gsm-uncoated_cl_4-0_ct_none_prt_none_sft_none_set_none_ver,Posters — B2 — ver,posters,posters,"{""CoatingType"":""none"",""ColorType"":""4-0"",""Orientation"":""ver"",""PaperFormat"":""B2"",""PaperType"":""200-gsm-uncoated"",""ProductStatus"":""activated"",""ProtectionType"":""none"",""ShapeEdgeType"":""none"",""SpotFinishingType"":""none"",""State"":""published"",""Variable"":""no""}"
flat_product_pf_b2_pt_65-lb-cover-coated-silk_cl_4-0_ct_none_prt_none_sft_none_set_none_hor,Posters — B2 — hor,posters,posters,"{""CoatingType"":""none"",""ColorType"":""4-0"",""Orientation"":""hor"",""PaperFormat"":""B2"",""PaperType"":""65-lb-cover-coated-silk"",""ProductStatus"":""activated"",""ProtectionType"":""none"",""ShapeEdgeType"":""none"",""SpotFinishingType"":""none"",""State"":""published"",""Variable"":""no""}"
flat_product_pf_b2_pt_65-lb-cover-coated-silk_cl_4-0_ct_none_prt_none_sft_none_set_none_ver,Posters — B2 — ver,posters,posters,"{""CoatingType"":""none"",""ColorType"":""4-0"",""Orientation"":""ver"",""PaperFormat"":""B2"",""PaperType"":""65-lb-cover-coated-silk"",""ProductStatus"":""activated"",""ProtectionType"":""none"",""ShapeEdgeType"":""none"",""SpotFinishingType"":""none"",""State"":""published"",""Variable"":""no""}"
flat_product_pf_b2_pt_65-lb-cover-uncoated_cl_4-0_ct_none_prt_none_sft_none_set_none_hor,Posters — B2 — hor,posters,posters,"{""CoatingType"":""none"",""ColorType"":""4-0"",""Orientation"":""hor"",""PaperFormat"":""B2"",""PaperType"":""65-lb-cover-uncoated"",""ProductStatus"":""activated"",""ProtectionType"":""none"",""ShapeEdgeType"":""none"",""SpotFinishingType"":""none"",""State"":""published"",""Variable"":""no""}"
flat_product_pf_b2_pt_65-lb-cover-uncoated_cl_4-0_ct_none_prt_none_sft_none_set_none_ver,Posters — B2 — ver,posters,posters,"{""CoatingType"":""none"",""ColorType"":""4-0"",""Orientation"":""ver"",""PaperFormat"":""B2"",""PaperType"":""65-lb-cover-uncoated"",""ProductStatus"":""activated"",""ProtectionType"":""none"",""ShapeEdgeType"":""none"",""SpotFinishingType"":""none"",""State"":""published"",""Variable"":""no""}"
flat_product_pf_b2_pt_80-lb-cover-coated-silk_cl_4-0_ct_none_prt_none_sft_none_set_none_hor,Posters — B2 — hor,posters,posters,"{""CoatingType"":""none"",""ColorType"":""4-0"",""Orientation"":""hor"",""PaperFormat"":""B2"",""PaperType"":""80-lb-cover-coated-silk"",""ProductStatus"":""activated"",""ProtectionType"":""none"",""ShapeEdgeType"":""none"",""SpotFinishingType"":""none"",""State"":""published"",""Variable"":""no""}"
flat_product_pf_b2_pt_80-lb-cover-coated-silk_cl_4-0_ct_none_prt_none_sft_none_set_none_ver,Posters — B2 — ver,posters,posters,"{""CoatingType"":""none"",""ColorType"":""4-0"",""Orientation"":""ver"",""PaperFormat"":""B2"",""PaperType"":""80-lb-cover-coated-silk"",""ProductStatus"":""activated"",""ProtectionType"":""none"",""ShapeEdgeType"":""none"",""SpotFinishingType"":""none"",""State"":""published"",""Variable"":""no""}"
flat_product_pf_b2_pt_80-lb-cover-uncoated_cl_4-0_ct_none_prt_none_sft_none_set_none_hor,Posters — B2 — hor,posters,posters,"{""CoatingType"":""none"",""ColorType"":""4-0"",""Orientation"":""hor"",""PaperFormat"":""B2"",""PaperType"":""80-lb-cover-uncoated"",""ProductStatus"":""activated"",""ProtectionType"":""none"",""ShapeEdgeType"":""none"",""SpotFinishingType"":""none"",""State"":""published"",""Variable"":""no""}"
flat_product_pf_b2_pt_80-lb-cover-uncoated_cl_4-0_ct_none_prt_none_sft_none_set_none_ver,Posters — B2 — ver,posters,posters,"{""CoatingType"":""none"",""ColorType"":""4-0"",""Orientation"":""ver"",""PaperFormat"":""B2"",""PaperType"":""80-lb-cover-uncoated"",""ProductStatus"":""activated"",""ProtectionType"":""none"",""ShapeEdgeType"":""none"",""SpotFinishingType"":""none"",""State"":""published"",""Variable"":""no""}"
flat_product_pf_bx_pt_300-gsm-uncoated_cl_4-0_ct_none_prt_none_sft_none_set_none_hor,Posters — BX — hor,posters,posters,"{""CoatingType"":""none"",""ColorType"":""4-0"",""Orientation"":""hor"",""PaperFormat"":""BX"",""PaperType"":""300-gsm-uncoated"",""ProductStatus"":""activated"",""ProtectionType"":""none"",""ShapeEdgeType"":""none"",""SpotFinishingType"":""none"",""State"":""published"",""Variable"":""no""}"
flat_product_pf_bx_pt_300-gsm-uncoated_cl_4-0_ct_none_prt_none_sft_none_set_none_ver,Posters — BX — ver,posters,posters,"{""CoatingType"":""none"",""ColorType"":""4-0"",""Orientation"":""ver"",""PaperFormat"":""BX"",""PaperType"":""300-gsm-uncoated"",""ProductStatus"":""activated"",""ProtectionType"":""none"",""ShapeEdgeType"":""none"",""SpotFinishingType"":""none"",""State"":""published"",""Variable"":""no""}"
flat_product_pf_lt_pt_200-gsm-coated-silk_cl_4-0_ct_none_prt_none_sft_none_set_none_hor,Posters — LT — hor,posters,posters,"{""CoatingType"":""none"",""ColorType"":""4-0"",""Orientation"":""hor"",""PaperFormat"":""LT"",""PaperType"":""200-gsm-coated-silk"",""ProductStatus"":""activated"",""ProtectionType"":""none"",""ShapeEdgeType"":""none"",""SpotFinishingType"":""none"",""State"":""published"",""Variable"":""no""}"
flat_product_pf_lt_pt_200-gsm-coated-silk_cl_4-0_ct_none_prt_none_sft_none_set_none_ver,Posters — LT — ver,posters,posters,"{""CoatingType"":""none"",""ColorType"":""4-0"",""Orientation"":""ver"",""PaperFormat"":""LT"",""PaperType"":""200-gsm-coated-silk"",""ProductStatus"":""activated"",""ProtectionType"":""none"",""ShapeEdgeType"":""none"",""SpotFinishingType"":""none"",""State"":""published"",""Variable"":""no""}"
flat_product_pf_lt_pt_200-gsm-uncoated_cl_4-0_ct_none_prt_none_sft_none_set_none_hor,Posters — LT — hor,posters,posters,"{""CoatingType"":""none"",""ColorType"":""4-0"",""Orientation"":""hor"",""PaperFormat"":""LT"",""PaperType"":""200-gsm-uncoated"",""ProductStatus"":""activated"",""ProtectionType"":""none"",""ShapeEdgeType"":""none"",""SpotFinishingType"":""none"",""State"":""published"",""Variable"":""no""}"
flat_product_pf_lt_pt_200-gsm-uncoated_cl_4-0_ct_none_prt_none_sft_none_set_none_ver,Posters — LT — ver,posters,posters,"{""CoatingType"":""none"",""ColorType"":""4-0"",""Orientation"":""ver"",""PaperFormat"":""LT"",""PaperType"":""200-gsm-uncoated"",""ProductStatus"":""activated"",""ProtectionType"":""none"",""ShapeEdgeType"":""none"",""SpotFinishingType"":""none"",""State"":""published"",""Variable"":""no""}"
flat_product_pf_lt_pt_65-lb-cover-coated-silk_cl_4-0_ct_none_prt_none_sft_none_set_none_hor,Posters — LT — hor,posters,posters,"{""CoatingType"":""none"",""ColorType"":""4-0"",""Orientation"":""hor"",""PaperFormat"":""LT"",""PaperType"":""65-lb-cover-coated-silk"",""ProductStatus"":""activated"",""ProtectionType"":""none"",""ShapeEdgeType"":""none"",""SpotFinishingType"":""none"",""State"":""published"",""Variable"":""no""}"
flat_product_pf_lt_pt_65-lb-cover-coated-silk_cl_4-0_ct_none_prt_none_sft_none_set_none_ver,Posters — LT — ver,posters,posters,"{""CoatingType"":""none"",""ColorType"":""4-0"",""Orientation"":""ver"",""PaperFormat"":""LT"",""PaperType"":""65-lb-cover-coated-silk"",""ProductStatus"":""activated"",""ProtectionType"":""none"",""ShapeEdgeType"":""none"",""SpotFinishingType"":""none"",""State"":""published"",""Variable"":""no""}"
flat_product_pf_lt_pt_65-lb-cover-uncoated_cl_4-0_ct_none_prt_none_sft_none_set_none_hor,Posters — LT — hor,posters,posters,"{""CoatingType"":""none"",""ColorType"":""4-0"",""Orientation"":""hor"",""PaperFormat"":""LT"",""PaperType"":""65-lb-cover-uncoated"",""ProductStatus"":""activated"",""ProtectionType"":""none"",""ShapeEdgeType"":""none"",""SpotFinishingType"":""none"",""State"":""published"",""Variable"":""no""}"
flat_product_pf_lt_pt_65-lb-cover-uncoated_cl_4-0_ct_none_prt_none_sft_none_set_none_ver,Posters — LT — ver,posters,posters,"{""CoatingType"":""none"",""ColorType"":""4-0"",""Orientation"":""ver"",""PaperFormat"":""LT"",""PaperType"":""65-lb-cover-uncoated"",""ProductStatus"":""activated"",""ProtectionType"":""none"",""ShapeEdgeType"":""none"",""SpotFinishingType"":""none"",""State"":""published"",""Variable"":""no""}"
flat_product_pf_xl_pt_100-lb-cover-uncoated-offwhite-archival_cl_4-0_ct_none_prt_none_sft_none_set_none_hor,Posters — XL — hor,posters,posters,"{""CoatingType"":""none"",""ColorType"":""4-0"",""Orientation"":""hor"",""PaperFormat"":""XL"",""PaperType"":""100-lb-cover-uncoated-offwhite-archival"",""ProductStatus"":""activated"",""ProtectionType"":""none"",""ShapeEdgeType"":""none"",""SpotFinishingType"":""none"",""State"":""published"",""Variable"":""no""}"
flat_product_pf_xl_pt_100-lb-cover-uncoated-offwhite-archival_cl_4-0_ct_none_prt_none_sft_none_set_none_ver,Posters — XL — ver,posters,posters,"{""CoatingType"":""none"",""ColorType"":""4-0"",""Orientation"":""ver"",""PaperFormat"":""XL"",""PaperType"":""100-lb-cover-uncoated-offwhite-archival"",""ProductStatus"":""activated"",""ProtectionType"":""none"",""ShapeEdgeType"":""none"",""SpotFinishingType"":""none"",""State"":""published"",""Variable"":""no""}"
flat_product_pf_xl_pt_170-gsm-coated-silk_cl_4-0_ct_none_prt_none_sft_none_set_none_hor,Posters — XL — hor,posters,posters,"{""CoatingType"":""none"",""ColorType"":""4-0"",""Orientation"":""hor"",""PaperFormat"":""XL"",""PaperType"":""170-gsm-coated-silk"",""ProductStatus"":""activated"",""ProtectionType"":""none"",""ShapeEdgeType"":""none"",""SpotFinishingType"":""none"",""State"":""published"",""Variable"":""no""}"
flat_product_pf_xl_pt_170-gsm-coated-silk_cl_4-0_ct_none_prt_none_sft_none_set_none_ver,Posters — XL — ver,posters,posters,"{""CoatingType"":""none"",""ColorType"":""4-0"",""Orientation"":""ver"",""PaperFormat"":""XL"",""PaperType"":""170-gsm-coated-silk"",""ProductStatus"":""activated"",""ProtectionType"":""none"",""ShapeEdgeType"":""none"",""SpotFinishingType"":""none"",""State"":""published"",""Variable"":""no""}"
flat_product_pf_xl_pt_170-gsm-uncoated_cl_4-0_ct_none_prt_none_sft_none_set_none_hor,Posters — XL — hor,posters,posters,"{""CoatingType"":""none"",""ColorType"":""4-0"",""Orientation"":""hor"",""PaperFormat"":""XL"",""PaperType"":""170-gsm-uncoated"",""ProductStatus"":""activated"",""ProtectionType"":""none"",""ShapeEdgeType"":""none"",""SpotFinishingType"":""none"",""State"":""published"",""Variable"":""no""}"
flat_product_pf_xl_pt_170-gsm-uncoated_cl_4-0_ct_none_prt_none_sft_none_set_none_ver,Posters — XL — ver,posters,posters,"{""CoatingType"":""none"",""ColorType"":""4-0"",""Orientation"":""ver"",""PaperFormat"":""XL"",""PaperType"":""170-gsm-uncoated"",""ProductStatus"":""activated"",""ProtectionType"":""none"",""ShapeEdgeType"":""none"",""SpotFinishingType"":""none"",""State"":""published"",""Variable"":""no""}"
flat_product_pf_xl_pt_200-gsm-coated-silk_cl_4-0_ct_none_prt_none_sft_none_set_none_hor,Posters — XL — hor,posters,posters,"{""CoatingType"":""none"",""ColorType"":""4-0"",""Orientation"":""hor"",""PaperFormat"":""XL"",""PaperType"":""200-gsm-coated-silk"",""ProductStatus"":""activated"",""ProtectionType"":""none"",""ShapeEdgeType"":""none"",""SpotFinishingType"":""none"",""State"":""published"",""Variable"":""no""}"
flat_product_pf_xl_pt_200-gsm-coated-silk_cl_4-0_ct_none_prt_none_sft_none_set_none_ver,Posters — XL — ver,posters,posters,"{""CoatingType"":""none"",""ColorType"":""4-0"",""Orientation"":""ver"",""PaperFormat"":""XL"",""PaperType"":""200-gsm-coated-silk"",""ProductStatus"":""activated"",""ProtectionType"":""none"",""ShapeEdgeType"":""none"",""SpotFinishingType"":""none"",""State"":""published"",""Variable"":""no""}"
flat_product_pf_xl_pt_200-gsm-uncoated_cl_4-0_ct_none_prt_none_sft_none_set_none_hor,Posters — XL — hor,posters,posters,"{""CoatingType"":""none"",""ColorType"":""4-0"",""Orientation"":""hor"",""PaperFormat"":""XL"",""PaperType"":""200-gsm-uncoated"",""ProductStatus"":""activated"",""ProtectionType"":""none"",""ShapeEdgeType"":""none"",""SpotFinishingType"":""none"",""State"":""published"",""Variable"":""no""}"
flat_product_pf_xl_pt_200-gsm-uncoated_cl_4-0_ct_none_prt_none_sft_none_set_none_ver,Posters — XL — ver,posters,posters,"{""CoatingType"":""none"",""ColorType"":""4-0"",""Orientation"":""ver"",""PaperFormat"":""XL"",""PaperType"":""200-gsm-uncoated"",""ProductStatus"":""activated"",""ProtectionType"":""none"",""ShapeEdgeType"":""none"",""SpotFinishingType"":""none"",""State"":""published"",""Variable"":""no""}"
flat_product_pf_xl_pt_65-lb-cover-coated-silk_cl_4-0_ct_none_prt_none_sft_none_set_none_hor,Posters — XL — hor,posters,posters,"{""CoatingType"":""none"",""ColorType"":""4-0"",""Orientation"":""hor"",""PaperFormat"":""XL"",""PaperType"":""65-lb-cover-coated-silk"",""ProductStatus"":""activated"",""ProtectionType"":""none"",""ShapeEdgeType"":""none"",""SpotFinishingType"":""none"",""State"":""published"",""Variable"":""no""}"
flat_product_pf_xl_pt_65-lb-cover-coated-silk_cl_4-0_ct_none_prt_none_sft_none_set_none_ver,Posters — XL — ver,posters,posters,"{""CoatingType"":""none"",""ColorType"":""4-0"",""Orientation"":""ver"",""PaperFormat"":""XL"",""PaperType"":""65-lb-cover-coated-silk"",""ProductStatus"":""activated"",""ProtectionType"":""none"",""ShapeEdgeType"":""none"",""SpotFinishingType"":""none"",""State"":""published"",""Variable"":""no""}"
flat_product_pf_xl_pt_65-lb-cover-uncoated_cl_4-0_ct_none_prt_none_sft_none_set_none_hor,Posters — XL — hor,posters,posters,"{""CoatingType"":""none"",""ColorType"":""4-0"",""Orientation"":""hor"",""PaperFormat"":""XL"",""PaperType"":""65-lb-cover-uncoated"",""ProductStatus"":""activated"",""ProtectionType"":""none"",""ShapeEdgeType"":""none"",""SpotFinishingType"":""none"",""State"":""published"",""Variable"":""no""}"
flat_product_pf_xl_pt_65-lb-cover-uncoated_cl_4-0_ct_none_prt_none_sft_none_set_none_ver,Posters — XL — ver,posters,posters,"{""CoatingType"":""none"",""ColorType"":""4-0"",""Orientation"":""ver"",""PaperFormat"":""XL"",""PaperType"":""65-lb-cover-uncoated"",""ProductStatus"":""activated"",""ProtectionType"":""none"",""ShapeEdgeType"":""none"",""SpotFinishingType"":""none"",""State"":""published"",""Variable"":""no""}"
flat_product_pf_xl_pt_80-lb-cover-coated-silk_cl_4-0_ct_none_prt_none_sft_none_set_none_hor,Posters — XL — hor,posters,posters,"{""CoatingType"":""none"",""ColorType"":""4-0"",""Orientation"":""hor"",""PaperFormat"":""XL"",""PaperType"":""80-lb-cover-coated-silk"",""ProductStatus"":""activated"",""ProtectionType"":""none"",""ShapeEdgeType"":""none"",""SpotFinishingType"":""none"",""State"":""published"",""Variable"":""no""}"
flat_product_pf_xl_pt_80-lb-cover-coated-silk_cl_4-0_ct_none_prt_none_sft_none_set_none_ver,Posters — XL — ver,posters,posters,"{""CoatingType"":""none"",""ColorType"":""4-0"",""Orientation"":""ver"",""PaperFormat"":""XL"",""PaperType"":""80-lb-cover-coated-silk"",""ProductStatus"":""activated"",""ProtectionType"":""none"",""ShapeEdgeType"":""none"",""SpotFinishingType"":""none"",""State"":""published"",""Variable"":""no""}"
flat_product_pf_xl_pt_80-lb-cover-uncoated_cl_4-0_ct_none_prt_none_sft_none_set_none_hor,Posters — XL — hor,posters,posters,"{""CoatingType"":""none"",""ColorType"":""4-0"",""Orientation"":""hor"",""PaperFormat"":""XL"",""PaperType"":""80-lb-cover-uncoated"",""ProductStatus"":""activated"",""ProtectionType"":""none"",""ShapeEdgeType"":""none"",""SpotFinishingType"":""none"",""State"":""published"",""Variable"":""no""}"
flat_product_pf_xl_pt_80-lb-cover-uncoated_cl_4-0_ct_none_prt_none_sft_none_set_none_ver,Posters — XL — ver,posters,posters,"{""CoatingType"":""none"",""ColorType"":""4-0"",""Orientation"":""ver"",""PaperFormat"":""XL"",""PaperType"":""80-lb-cover-uncoated"",""ProductStatus"":""activated"",""ProtectionType"":""none"",""ShapeEdgeType"":""none"",""SpotFinishingType"":""none"",""State"":""published"",""Variable"":""no""}"
flat_xl-280x430-mm_170-gsm-65lb-coated-silk_4-0_hor,Posters — hor,posters,posters,"{""CoatingType"":""none"",""ColorType"":""4-0"",""Orientation"":""hor"",""ProductStatus"":""activated"",""ProtectionType"":""none"",""ShapeEdgeType"":""none"",""SpotFinishingType"":""none"",""State"":""published"",""UnifiedPaperFormat"":""XL-280x430-mm"",""UnifiedPaperType"":""170-gsm-65lb-coated-silk""}"
flat_xl-280x430-mm_170-gsm-65lb-coated-silk_4-0_ver,Posters — ver,posters,posters,"{""CoatingType"":""none"",""ColorType"":""4-0"",""Orientation"":""ver"",""ProductStatus"":""activated"",""ProtectionType"":""none"",""ShapeEdgeType"":""none"",""SpotFinishingType"":""none"",""State"":""published"",""UnifiedPaperFormat"":""XL-280x430-mm"",""UnifiedPaperType"":""170-gsm-65lb-coated-silk""}"
flat_xl-280x430-mm_170-gsm-65lb-uncoated_4-0_hor,Posters — hor,posters,posters,"{""CoatingType"":""none"",""ColorType"":""4-0"",""Orientation"":""hor"",""ProductStatus"":""activated"",""ProtectionType"":""none"",""ShapeEdgeType"":""none"",""SpotFinishingType"":""none"",""State"":""published"",""UnifiedPaperFormat"":""XL-280x430-mm"",""UnifiedPaperType"":""170-gsm-65lb-uncoated""}"
flat_xl-280x430-mm_170-gsm-65lb-uncoated_4-0_ver,Posters — ver,posters,posters,"{""CoatingType"":""none"",""ColorType"":""4-0"",""Orientation"":""ver"",""ProductStatus"":""activated"",""ProtectionType"":""none"",""ShapeEdgeType"":""none"",""SpotFinishingType"":""none"",""State"":""published"",""UnifiedPaperFormat"":""XL-280x430-mm"",""UnifiedPaperType"":""170-gsm-65lb-uncoated""}"
flat_xl-280x430-mm_200-gsm-80lb-coated-silk_4-0_hor,Posters — hor,posters,posters,"{""CoatingType"":""none"",""ColorType"":""4-0"",""Orientation"":""hor"",""ProductStatus"":""activated"",""ProtectionType"":""none"",""ShapeEdgeType"":""none"",""SpotFinishingType"":""none"",""State"":""published"",""UnifiedPaperFormat"":""XL-280x430-mm"",""UnifiedPaperType"":""200-gsm-80lb-coated-silk""}"
flat_xl-280x430-mm_200-gsm-80lb-coated-silk_4-0_ver,Posters — ver,posters,posters,"{""CoatingType"":""none"",""ColorType"":""4-0"",""Orientation"":""ver"",""ProductStatus"":""activated"",""ProtectionType"":""none"",""ShapeEdgeType"":""none"",""SpotFinishingType"":""none"",""State"":""published"",""UnifiedPaperFormat"":""XL-280x430-mm"",""UnifiedPaperType"":""200-gsm-80lb-coated-silk""}"
flat_xl-280x430-mm_200-gsm-80lb-uncoated_4-0_hor,Posters — hor,posters,posters,"{""CoatingType"":""none"",""ColorType"":""4-0"",""Orientation"":""hor"",""ProductStatus"":""activated"",""ProtectionType"":""none"",""ShapeEdgeType"":""none"",""SpotFinishingType"":""none"",""State"":""published"",""UnifiedPaperFormat"":""XL-280x430-mm"",""UnifiedPaperType"":""200-gsm-80lb-uncoated""}"
flat_xl-280x430-mm_200-gsm-80lb-uncoated_4-0_ver,Posters — ver,posters,posters,"{""CoatingType"":""none"",""ColorType"":""4-0"",""Orientation"":""ver"",""ProductStatus"":""activated"",""ProtectionType"":""none"",""ShapeEdgeType"":""none"",""SpotFinishingType"":""none"",""State"":""published"",""UnifiedPaperFormat"":""XL-280x430-mm"",""UnifiedPaperType"":""200-gsm-80lb-uncoated""}"
flat_xl-280x430-mm_250-gsm-100lb-uncoated-offwhite-archival_4-0_hor,Posters — hor,posters,posters,"{""CoatingType"":""none"",""ColorType"":""4-0"",""Orientation"":""hor"",""ProductStatus"":""activated"",""ProtectionType"":""none"",""ShapeEdgeType"":""none"",""SpotFinishingType"":""none"",""State"":""published"",""UnifiedPaperFormat"":""XL-280x430-mm"",""UnifiedPaperType"":""250-gsm-100lb-uncoated-offwhite-archival""}"
flat_xl-280x430-mm_250-gsm-100lb-uncoated-offwhite-archival_4-0_ver,Posters — ver,posters,posters,"{""CoatingType"":""none"",""ColorType"":""4-0"",""Orientation"":""ver"",""ProductStatus"":""activated"",""ProtectionType"":""none"",""ShapeEdgeType"":""none"",""SpotFinishingType"":""none"",""State"":""published"",""UnifiedPaperFormat"":""XL-280x430-mm"",""UnifiedPaperType"":""250-gsm-100lb-uncoated-offwhite-archival""}"
flyers_pf_210x279-mm_pt_100-lb-text-coated-silk_cl_4-0_hor,Posters — 210x279-mm — hor,posters,posters,"{""CoatingType"":""none"",""ColorType"":""4-0"",""Orientation"":""hor"",""PaperFormat"":""210x279-mm"",""PaperType"":""100-lb-text-coated-silk"",""ProductStatus"":""activated"",""ProtectionType"":""none"",""ShapeEdgeType"":""none"",""SpotFinishingType"":""none"",""State"":""published"",""Variable"":""no""}"
flyers_pf_210x279-mm_pt_100-lb-text-coated-silk_cl_4-0_ver,Posters — 210x279-mm — ver,posters,posters,"{""CoatingType"":""none"",""ColorType"":""4-0"",""Orientation"":""ver"",""PaperFormat"":""210x279-mm"",""PaperType"":""100-lb-text-coated-silk"",""ProductStatus"":""activated"",""ProtectionType"":""none"",""ShapeEdgeType"":""none"",""SpotFinishingType"":""none"",""State"":""published"",""Variable"":""no""}"
flyers_pf_210x279-mm_pt_100-lb-text-uncoated_cl_4-0_hor,Posters — 210x279-mm — hor,posters,posters,"{""CoatingType"":""none"",""ColorType"":""4-0"",""Orientation"":""hor"",""PaperFormat"":""210x279-mm"",""PaperType"":""100-lb-text-uncoated"",""ProductStatus"":""activated"",""ProtectionType"":""none"",""ShapeEdgeType"":""none"",""SpotFinishingType"":""none"",""State"":""published"",""Variable"":""no""}"
flyers_pf_210x279-mm_pt_100-lb-text-uncoated_cl_4-0_ver,Posters — 210x279-mm — ver,posters,posters,"{""CoatingType"":""none"",""ColorType"":""4-0"",""Orientation"":""ver"",""PaperFormat"":""210x279-mm"",""PaperType"":""100-lb-text-uncoated"",""ProductStatus"":""activated"",""ProtectionType"":""none"",""ShapeEdgeType"":""none"",""SpotFinishingType"":""none"",""State"":""published"",""Variable"":""no""}"
flyers_pf_210x279-mm_pt_115-gsm-coated-silk_cl_4-0_hor,Posters — 210x279-mm — hor,posters,posters,"{""CoatingType"":""none"",""ColorType"":""4-0"",""Orientation"":""hor"",""PaperFormat"":""210x279-mm"",""PaperType"":""115-gsm-coated-silk"",""ProductStatus"":""activated"",""ProtectionType"":""none"",""ShapeEdgeType"":""none"",""SpotFinishingType"":""none"",""State"":""published"",""Variable"":""no""}"
flyers_pf_210x279-mm_pt_115-gsm-coated-silk_cl_4-0_ver,Posters — 210x279-mm — ver,posters,posters,"{""CoatingType"":""none"",""ColorType"":""4-0"",""Orientation"":""ver"",""PaperFormat"":""210x279-mm"",""PaperType"":""115-gsm-coated-silk"",""ProductStatus"":""activated"",""ProtectionType"":""none"",""ShapeEdgeType"":""none"",""SpotFinishingType"":""none"",""State"":""published"",""Variable"":""no""}"
flyers_pf_210x279-mm_pt_115-gsm-uncoated_cl_4-0_hor,Posters — 210x279-mm — hor,posters,posters,"{""CoatingType"":""none"",""ColorType"":""4-0"",""Orientation"":""hor"",""PaperFormat"":""210x279-mm"",""PaperType"":""115-gsm-uncoated"",""ProductStatus"":""activated"",""ProtectionType"":""none"",""ShapeEdgeType"":""none"",""SpotFinishingType"":""none"",""State"":""published"",""Variable"":""no""}"
flyers_pf_210x279-mm_pt_115-gsm-uncoated_cl_4-0_ver,Posters — 210x279-mm — ver,posters,posters,"{""CoatingType"":""none"",""ColorType"":""4-0"",""Orientation"":""ver"",""PaperFormat"":""210x279-mm"",""PaperType"":""115-gsm-uncoated"",""ProductStatus"":""activated"",""ProtectionType"":""none"",""ShapeEdgeType"":""none"",""SpotFinishingType"":""none"",""State"":""published"",""Variable"":""no""}"
flyers_pf_210x279-mm_pt_150-gsm-coated-silk_cl_4-0_hor,Posters — 210x279-mm — hor,posters,posters,"{""CoatingType"":""none"",""ColorType"":""4-0"",""Orientation"":""hor"",""PaperFormat"":""210x279-mm"",""PaperType"":""150-gsm-coated-silk"",""ProductStatus"":""activated"",""ProtectionType"":""none"",""ShapeEdgeType"":""none"",""SpotFinishingType"":""none"",""State"":""published"",""Variable"":""no""}"
flyers_pf_210x279-mm_pt_150-gsm-coated-silk_cl_4-0_ver,Posters — 210x279-mm — ver,posters,posters,"{""CoatingType"":""none"",""ColorType"":""4-0"",""Orientation"":""ver"",""PaperFormat"":""210x279-mm"",""PaperType"":""150-gsm-coated-silk"",""ProductStatus"":""activated"",""ProtectionType"":""none"",""ShapeEdgeType"":""none"",""SpotFinishingType"":""none"",""State"":""published"",""Variable"":""no""}"
flyers_pf_210x279-mm_pt_150-gsm-uncoated_cl_4-0_hor,Posters — 210x279-mm — hor,posters,posters,"{""CoatingType"":""none"",""ColorType"":""4-0"",""Orientation"":""hor"",""PaperFormat"":""210x279-mm"",""PaperType"":""150-gsm-uncoated"",""ProductStatus"":""activated"",""ProtectionType"":""none"",""ShapeEdgeType"":""none"",""SpotFinishingType"":""none"",""State"":""published"",""Variable"":""no""}"
flyers_pf_210x279-mm_pt_150-gsm-uncoated_cl_4-0_ver,Posters — 210x279-mm — ver,posters,posters,"{""CoatingType"":""none"",""ColorType"":""4-0"",""Orientation"":""ver"",""PaperFormat"":""210x279-mm"",""PaperType"":""150-gsm-uncoated"",""ProductStatus"":""activated"",""ProtectionType"":""none"",""ShapeEdgeType"":""none"",""SpotFinishingType"":""none"",""State"":""published"",""Variable"":""no""}"
flyers_pf_210x279-mm_pt_170-gsm-coated-silk_cl_4-0_hor,Posters — 210x279-mm — hor,posters,posters,"{""CoatingType"":""none"",""ColorType"":""4-0"",""Orientation"":""hor"",""PaperFormat"":""210x279-mm"",""PaperType"":""170-gsm-coated-silk"",""ProductStatus"":""activated"",""ProtectionType"":""none"",""ShapeEdgeType"":""none"",""SpotFinishingType"":""none"",""State"":""published"",""Variable"":""no""}"
flyers_pf_210x279-mm_pt_170-gsm-coated-silk_cl_4-0_ver,Posters — 210x279-mm — ver,posters,posters,"{""CoatingType"":""none"",""ColorType"":""4-0"",""Orientation"":""ver"",""PaperFormat"":""210x279-mm"",""PaperType"":""170-gsm-coated-silk"",""ProductStatus"":""activated"",""ProtectionType"":""none"",""ShapeEdgeType"":""none"",""SpotFinishingType"":""none"",""State"":""published"",""Variable"":""no""}"
flyers_pf_210x279-mm_pt_170-gsm-uncoated_cl_4-0_hor,Posters — 210x279-mm — hor,posters,posters,"{""CoatingType"":""none"",""ColorType"":""4-0"",""Orientation"":""hor"",""PaperFormat"":""210x279-mm"",""PaperType"":""170-gsm-uncoated"",""ProductStatus"":""activated"",""ProtectionType"":""none"",""ShapeEdgeType"":""none"",""SpotFinishingType"":""none"",""State"":""published"",""Variable"":""no""}"
flyers_pf_210x279-mm_pt_170-gsm-uncoated_cl_4-0_ver,Posters — 210x279-mm — ver,posters,posters,"{""CoatingType"":""none"",""ColorType"":""4-0"",""Orientation"":""ver"",""PaperFormat"":""210x279-mm"",""PaperType"":""170-gsm-uncoated"",""ProductStatus"":""activated"",""ProtectionType"":""none"",""ShapeEdgeType"":""none"",""SpotFinishingType"":""none"",""State"":""published"",""Variable"":""no""}"
flyers_pf_210x279-mm_pt_60-lb-text-uncoated_cl_4-0_hor,Posters — 210x279-mm — hor,posters,posters,"{""CoatingType"":""none"",""ColorType"":""4-0"",""Orientation"":""hor"",""PaperFormat"":""210x279-mm"",""PaperType"":""60-lb-text-uncoated"",""ProductStatus"":""activated"",""ProtectionType"":""none"",""ShapeEdgeType"":""none"",""SpotFinishingType"":""none"",""State"":""published"",""Variable"":""no""}"
flyers_pf_210x279-mm_pt_60-lb-text-uncoated_cl_4-0_ver,Posters — 210x279-mm — ver,posters,posters,"{""CoatingType"":""none"",""ColorType"":""4-0"",""Orientation"":""ver"",""PaperFormat"":""210x279-mm"",""PaperType"":""60-lb-text-uncoated"",""ProductStatus"":""activated"",""ProtectionType"":""none"",""ShapeEdgeType"":""none"",""SpotFinishingType"":""none"",""State"":""published"",""Variable"":""no""}"
flyers_pf_210x279-mm_pt_80-lb-text-coated-silk_cl_4-0_hor,Posters — 210x279-mm — hor,posters,posters,"{""CoatingType"":""none"",""ColorType"":""4-0"",""Orientation"":""hor"",""PaperFormat"":""210x279-mm"",""PaperType"":""80-lb-text-coated-silk"",""ProductStatus"":""activated"",""ProtectionType"":""none"",""ShapeEdgeType"":""none"",""SpotFinishingType"":""none"",""State"":""published"",""Variable"":""no""}"
flyers_pf_210x279-mm_pt_80-lb-text-coated-silk_cl_4-0_ver,Posters — 210x279-mm — ver,posters,posters,"{""CoatingType"":""none"",""ColorType"":""4-0"",""Orientation"":""ver"",""PaperFormat"":""210x279-mm"",""PaperType"":""80-lb-text-coated-silk"",""ProductStatus"":""activated"",""ProtectionType"":""none"",""ShapeEdgeType"":""none"",""SpotFinishingType"":""none"",""State"":""published"",""Variable"":""no""}"
flyers_pf_210x279-mm_pt_80-lb-text-uncoated_cl_4-0_hor,Posters — 210x279-mm — hor,posters,posters,"{""CoatingType"":""none"",""ColorType"":""4-0"",""Orientation"":""hor"",""PaperFormat"":""210x279-mm"",""PaperType"":""80-lb-text-uncoated"",""ProductStatus"":""activated"",""ProtectionType"":""none"",""ShapeEdgeType"":""none"",""SpotFinishingType"":""none"",""State"":""published"",""Variable"":""no""}"
flyers_pf_210x279-mm_pt_80-lb-text-uncoated_cl_4-0_ver,Posters — 210x279-mm — ver,posters,posters,"{""CoatingType"":""none"",""ColorType"":""4-0"",""Orientation"":""ver"",""PaperFormat"":""210x279-mm"",""PaperType"":""80-lb-text-uncoated"",""ProductStatus"":""activated"",""ProtectionType"":""none"",""ShapeEdgeType"":""none"",""SpotFinishingType"":""none"",""State"":""published"",""Variable"":""no""}"
flyers_pf_4x9-inch_pt_100-lb-text-coated-silk_cl_4-0_hor,Posters — 4x9-inch — hor,posters,posters,"{""CoatingType"":""none"",""ColorType"":""4-0"",""Orientation"":""hor"",""PaperFormat"":""4x9-inch"",""PaperType"":""100-lb-text-coated-silk"",""ProductStatus"":""activated"",""ProtectionType"":""none"",""ShapeEdgeType"":""none"",""SpotFinishingType"":""none"",""State"":""published"",""Variable"":""no""}"
flyers_pf_4x9-inch_pt_100-lb-text-coated-silk_cl_4-0_ver,Posters — 4x9-inch — ver,posters,posters,"{""CoatingType"":""none"",""ColorType"":""4-0"",""Orientation"":""ver"",""PaperFormat"":""4x9-inch"",""PaperType"":""100-lb-text-coated-silk"",""ProductStatus"":""activated"",""ProtectionType"":""none"",""ShapeEdgeType"":""none"",""SpotFinishingType"":""none"",""State"":""published"",""Variable"":""no""}"
flyers_pf_4x9-inch_pt_100-lb-text-uncoated_cl_4-0_hor,Posters — 4x9-inch — hor,posters,posters,"{""CoatingType"":""none"",""ColorType"":""4-0"",""Orientation"":""hor"",""PaperFormat"":""4x9-inch"",""PaperType"":""100-lb-text-uncoated"",""ProductStatus"":""activated"",""ProtectionType"":""none"",""ShapeEdgeType"":""none"",""SpotFinishingType"":""none"",""State"":""published"",""Variable"":""no""}"
flyers_pf_4x9-inch_pt_100-lb-text-uncoated_cl_4-0_ver,Posters — 4x9-inch — ver,posters,posters,"{""CoatingType"":""none"",""ColorType"":""4-0"",""Orientation"":""ver"",""PaperFormat"":""4x9-inch"",""PaperType"":""100-lb-text-uncoated"",""ProductStatus"":""activated"",""ProtectionType"":""none"",""ShapeEdgeType"":""none"",""SpotFinishingType"":""none"",""State"":""published"",""Variable"":""no""}"
flyers_pf_5r_pt_100-lb-text-coated-silk_cl_4-0_hor,Posters — 5R — hor,posters,posters,"{""CoatingType"":""none"",""ColorType"":""4-0"",""Orientation"":""hor"",""PaperFormat"":""5R"",""PaperType"":""100-lb-text-coated-silk"",""ProductStatus"":""activated"",""ProtectionType"":""none"",""ShapeEdgeType"":""none"",""SpotFinishingType"":""none"",""State"":""published"",""Variable"":""no""}"
flyers_pf_5r_pt_100-lb-text-coated-silk_cl_4-0_ver,Posters — 5R — ver,posters,posters,"{""CoatingType"":""none"",""ColorType"":""4-0"",""Orientation"":""ver"",""PaperFormat"":""5R"",""PaperType"":""100-lb-text-coated-silk"",""ProductStatus"":""activated"",""ProtectionType"":""none"",""ShapeEdgeType"":""none"",""SpotFinishingType"":""none"",""State"":""published"",""Variable"":""no""}"
flyers_pf_5r_pt_170-gsm-coated-silk_cl_4-0_hor,Posters — 5R — hor,posters,posters,"{""CoatingType"":""none"",""ColorType"":""4-0"",""Orientation"":""hor"",""PaperFormat"":""5R"",""PaperType"":""170-gsm-coated-silk"",""ProductStatus"":""activated"",""ProtectionType"":""none"",""ShapeEdgeType"":""none"",""SpotFinishingType"":""none"",""State"":""published"",""Variable"":""no""}"
flyers_pf_5r_pt_170-gsm-coated-silk_cl_4-0_ver,Posters — 5R — ver,posters,posters,"{""CoatingType"":""none"",""ColorType"":""4-0"",""Orientation"":""ver"",""PaperFormat"":""5R"",""PaperType"":""170-gsm-coated-silk"",""ProductStatus"":""activated"",""ProtectionType"":""none"",""ShapeEdgeType"":""none"",""SpotFinishingType"":""none"",""State"":""published"",""Variable"":""no""}"
flyers_pf_a4_pt_100-lb-text-coated-silk_cl_4-0_hor,Posters — A4 — hor,posters,posters,"{""CoatingType"":""none"",""ColorType"":""4-0"",""Orientation"":""hor"",""PaperFormat"":""A4"",""PaperType"":""100-lb-text-coated-silk"",""ProductStatus"":""activated"",""ProtectionType"":""none"",""ShapeEdgeType"":""none"",""SpotFinishingType"":""none"",""State"":""published"",""Variable"":""no""}"
flyers_pf_a4_pt_100-lb-text-coated-silk_cl_4-0_ver,Posters — A4 — ver,posters,posters,"{""CoatingType"":""none"",""ColorType"":""4-0"",""Orientation"":""ver"",""PaperFormat"":""A4"",""PaperType"":""100-lb-text-coated-silk"",""ProductStatus"":""activated"",""ProtectionType"":""none"",""ShapeEdgeType"":""none"",""SpotFinishingType"":""none"",""State"":""published"",""Variable"":""no""}"
flyers_pf_a4_pt_100-lb-text-uncoated_cl_4-0_hor,Posters — A4 — hor,posters,posters,"{""CoatingType"":""none"",""ColorType"":""4-0"",""Orientation"":""hor"",""PaperFormat"":""A4"",""PaperType"":""100-lb-text-uncoated"",""ProductStatus"":""activated"",""ProtectionType"":""none"",""ShapeEdgeType"":""none"",""SpotFinishingType"":""none"",""State"":""published"",""Variable"":""no""}"
flyers_pf_a4_pt_100-lb-text-uncoated_cl_4-0_ver,Posters — A4 — ver,posters,posters,"{""CoatingType"":""none"",""ColorType"":""4-0"",""Orientation"":""ver"",""PaperFormat"":""A4"",""PaperType"":""100-lb-text-uncoated"",""ProductStatus"":""activated"",""ProtectionType"":""none"",""ShapeEdgeType"":""none"",""SpotFinishingType"":""none"",""State"":""published"",""Variable"":""no""}"
flyers_pf_a4_pt_115-gsm-coated-silk_cl_4-0_hor,Posters — A4 — hor,posters,posters,"{""CoatingType"":""none"",""ColorType"":""4-0"",""Orientation"":""hor"",""PaperFormat"":""A4"",""PaperType"":""115-gsm-coated-silk"",""ProductStatus"":""activated"",""ProtectionType"":""none"",""ShapeEdgeType"":""none"",""SpotFinishingType"":""none"",""State"":""published"",""Variable"":""no""}"
flyers_pf_a4_pt_115-gsm-coated-silk_cl_4-0_ver,Posters — A4 — ver,posters,posters,"{""CoatingType"":""none"",""ColorType"":""4-0"",""Orientation"":""ver"",""PaperFormat"":""A4"",""PaperType"":""115-gsm-coated-silk"",""ProductStatus"":""activated"",""ProtectionType"":""none"",""ShapeEdgeType"":""none"",""SpotFinishingType"":""none"",""State"":""published"",""Variable"":""no""}"
flyers_pf_a4_pt_115-gsm-uncoated_cl_4-0_hor,Posters — A4 — hor,posters,posters,"{""CoatingType"":""none"",""ColorType"":""4-0"",""Orientation"":""hor"",""PaperFormat"":""A4"",""PaperType"":""115-gsm-uncoated"",""ProductStatus"":""activated"",""ProtectionType"":""none"",""ShapeEdgeType"":""none"",""SpotFinishingType"":""none"",""State"":""published"",""Variable"":""no""}"
flyers_pf_a4_pt_115-gsm-uncoated_cl_4-0_ver,Posters — A4 — ver,posters,posters,"{""CoatingType"":""none"",""ColorType"":""4-0"",""Orientation"":""ver"",""PaperFormat"":""A4"",""PaperType"":""115-gsm-uncoated"",""ProductStatus"":""activated"",""ProtectionType"":""none"",""ShapeEdgeType"":""none"",""SpotFinishingType"":""none"",""State"":""published"",""Variable"":""no""}"
flyers_pf_a4_pt_150-gsm-coated-silk_cl_4-0_hor,Posters — A4 — hor,posters,posters,"{""CoatingType"":""none"",""ColorType"":""4-0"",""Orientation"":""hor"",""PaperFormat"":""A4"",""PaperType"":""150-gsm-coated-silk"",""ProductStatus"":""activated"",""ProtectionType"":""none"",""ShapeEdgeType"":""none"",""SpotFinishingType"":""none"",""State"":""published"",""Variable"":""no""}"
flyers_pf_a4_pt_150-gsm-coated-silk_cl_4-0_ver,Posters — A4 — ver,posters,posters,"{""CoatingType"":""none"",""ColorType"":""4-0"",""Orientation"":""ver"",""PaperFormat"":""A4"",""PaperType"":""150-gsm-coated-silk"",""ProductStatus"":""activated"",""ProtectionType"":""none"",""ShapeEdgeType"":""none"",""SpotFinishingType"":""none"",""State"":""published"",""Variable"":""no""}"
flyers_pf_a4_pt_150-gsm-uncoated_cl_4-0_hor,Posters — A4 — hor,posters,posters,"{""CoatingType"":""none"",""ColorType"":""4-0"",""Orientation"":""hor"",""PaperFormat"":""A4"",""PaperType"":""150-gsm-uncoated"",""ProductStatus"":""activated"",""ProtectionType"":""none"",""ShapeEdgeType"":""none"",""SpotFinishingType"":""none"",""State"":""published"",""Variable"":""no""}"
flyers_pf_a4_pt_150-gsm-uncoated_cl_4-0_ver,Posters — A4 — ver,posters,posters,"{""CoatingType"":""none"",""ColorType"":""4-0"",""Orientation"":""ver"",""PaperFormat"":""A4"",""PaperType"":""150-gsm-uncoated"",""ProductStatus"":""activated"",""ProtectionType"":""none"",""ShapeEdgeType"":""none"",""SpotFinishingType"":""none"",""State"":""published"",""Variable"":""no""}"
flyers_pf_a4_pt_170-gsm-coated-silk_cl_4-0_hor,Posters — A4 — hor,posters,posters,"{""CoatingType"":""none"",""ColorType"":""4-0"",""Orientation"":""hor"",""PaperFormat"":""A4"",""PaperType"":""170-gsm-coated-silk"",""ProductStatus"":""activated"",""ProtectionType"":""none"",""ShapeEdgeType"":""none"",""SpotFinishingType"":""none"",""State"":""published"",""Variable"":""no""}"
flyers_pf_a4_pt_170-gsm-coated-silk_cl_4-0_ver,Posters — A4 — ver,posters,posters,"{""CoatingType"":""none"",""ColorType"":""4-0"",""Orientation"":""ver"",""PaperFormat"":""A4"",""PaperType"":""170-gsm-coated-silk"",""ProductStatus"":""activated"",""ProtectionType"":""none"",""ShapeEdgeType"":""none"",""SpotFinishingType"":""none"",""State"":""published"",""Variable"":""no""}"
flyers_pf_a4_pt_170-gsm-uncoated_cl_4-0_hor,Posters — A4 — hor,posters,posters,"{""CoatingType"":""none"",""ColorType"":""4-0"",""Orientation"":""hor"",""PaperFormat"":""A4"",""PaperType"":""170-gsm-uncoated"",""ProductStatus"":""activated"",""ProtectionType"":""none"",""ShapeEdgeType"":""none"",""SpotFinishingType"":""none"",""State"":""published"",""Variable"":""no""}"
flyers_pf_a4_pt_170-gsm-uncoated_cl_4-0_ver,Posters — A4 — ver,posters,posters,"{""CoatingType"":""none"",""ColorType"":""4-0"",""Orientation"":""ver"",""PaperFormat"":""A4"",""PaperType"":""170-gsm-uncoated"",""ProductStatus"":""activated"",""ProtectionType"":""none"",""ShapeEdgeType"":""none"",""SpotFinishingType"":""none"",""State"":""published"",""Variable"":""no""}"
flyers_pf_a4_pt_60-lb-text-uncoated_cl_4-0_hor,Posters — A4 — hor,posters,posters,"{""CoatingType"":""none"",""ColorType"":""4-0"",""Orientation"":""hor"",""PaperFormat"":""A4"",""PaperType"":""60-lb-text-uncoated"",""ProductStatus"":""activated"",""ProtectionType"":""none"",""ShapeEdgeType"":""none"",""SpotFinishingType"":""none"",""State"":""published"",""Variable"":""no""}"
flyers_pf_a4_pt_60-lb-text-uncoated_cl_4-0_ver,Posters — A4 — ver,posters,posters,"{""CoatingType"":""none"",""ColorType"":""4-0"",""Orientation"":""ver"",""PaperFormat"":""A4"",""PaperType"":""60-lb-text-uncoated"",""ProductStatus"":""activated"",""ProtectionType"":""none"",""ShapeEdgeType"":""none"",""SpotFinishingType"":""none"",""State"":""published"",""Variable"":""no""}"
flyers_pf_a4_pt_80-lb-text-coated-silk_cl_4-0_hor,Posters — A4 — hor,posters,posters,"{""CoatingType"":""none"",""ColorType"":""4-0"",""Orientation"":""hor"",""PaperFormat"":""A4"",""PaperType"":""80-lb-text-coated-silk"",""ProductStatus"":""activated"",""ProtectionType"":""none"",""ShapeEdgeType"":""none"",""SpotFinishingType"":""none"",""State"":""published"",""Variable"":""no""}"
flyers_pf_a4_pt_80-lb-text-coated-silk_cl_4-0_ver,Posters — A4 — ver,posters,posters,"{""CoatingType"":""none"",""ColorType"":""4-0"",""Orientation"":""ver"",""PaperFormat"":""A4"",""PaperType"":""80-lb-text-coated-silk"",""ProductStatus"":""activated"",""ProtectionType"":""none"",""ShapeEdgeType"":""none"",""SpotFinishingType"":""none"",""State"":""published"",""Variable"":""no""}"
flyers_pf_a4_pt_80-lb-text-uncoated_cl_4-0_hor,Posters — A4 — hor,posters,posters,"{""CoatingType"":""none"",""ColorType"":""4-0"",""Orientation"":""hor"",""PaperFormat"":""A4"",""PaperType"":""80-lb-text-uncoated"",""ProductStatus"":""activated"",""ProtectionType"":""none"",""ShapeEdgeType"":""none"",""SpotFinishingType"":""none"",""State"":""published"",""Variable"":""no""}"
flyers_pf_a4_pt_80-lb-text-uncoated_cl_4-0_ver,Posters — A4 — ver,posters,posters,"{""CoatingType"":""none"",""ColorType"":""4-0"",""Orientation"":""ver"",""PaperFormat"":""A4"",""PaperType"":""80-lb-text-uncoated"",""ProductStatus"":""activated"",""ProtectionType"":""none"",""ShapeEdgeType"":""none"",""SpotFinishingType"":""none"",""State"":""published"",""Variable"":""no""}"
flyers_pf_a4_pt_90-gsm-uncoated_cl_4-0_ver,Posters — A4 — ver,posters,posters,"{""CoatingType"":""none"",""ColorType"":""4-0"",""Orientation"":""ver"",""PaperFormat"":""A4"",""PaperType"":""90-gsm-uncoated"",""ProductStatus"":""activated"",""ProtectionType"":""none"",""ShapeEdgeType"":""none"",""SpotFinishingType"":""none"",""State"":""published"",""Variable"":""no""}"
flyers_pf_a5_pt_100-lb-text-coated-silk_cl_4-0_ver,Posters — A5 — ver,posters,posters,"{""CoatingType"":""none"",""ColorType"":""4-0"",""Orientation"":""ver"",""PaperFormat"":""A5"",""PaperType"":""100-lb-text-coated-silk"",""ProductStatus"":""activated"",""ProtectionType"":""none"",""ShapeEdgeType"":""none"",""SpotFinishingType"":""none"",""State"":""published"",""Variable"":""no""}"
flyers_pf_a5_pt_100-lb-text-uncoated_cl_4-0_hor,Posters — A5 — hor,posters,posters,"{""CoatingType"":""none"",""ColorType"":""4-0"",""Orientation"":""hor"",""PaperFormat"":""A5"",""PaperType"":""100-lb-text-uncoated"",""ProductStatus"":""activated"",""ProtectionType"":""none"",""ShapeEdgeType"":""none"",""SpotFinishingType"":""none"",""State"":""published"",""Variable"":""no""}"
flyers_pf_a5_pt_100-lb-text-uncoated_cl_4-0_ver,Posters — A5 — ver,posters,posters,"{""CoatingType"":""none"",""ColorType"":""4-0"",""Orientation"":""ver"",""PaperFormat"":""A5"",""PaperType"":""100-lb-text-uncoated"",""ProductStatus"":""activated"",""ProtectionType"":""none"",""ShapeEdgeType"":""none"",""SpotFinishingType"":""none"",""State"":""published"",""Variable"":""no""}"
flyers_pf_a5_pt_115-gsm-coated-silk_cl_4-0_hor,Posters — A5 — hor,posters,posters,"{""CoatingType"":""none"",""ColorType"":""4-0"",""Orientation"":""hor"",""PaperFormat"":""A5"",""PaperType"":""115-gsm-coated-silk"",""ProductStatus"":""activated"",""ProtectionType"":""none"",""ShapeEdgeType"":""none"",""SpotFinishingType"":""none"",""State"":""published"",""Variable"":""no""}"
flyers_pf_a5_pt_115-gsm-coated-silk_cl_4-0_ver,Posters — A5 — ver,posters,posters,"{""CoatingType"":""none"",""ColorType"":""4-0"",""Orientation"":""ver"",""PaperFormat"":""A5"",""PaperType"":""115-gsm-coated-silk"",""ProductStatus"":""activated"",""ProtectionType"":""none"",""ShapeEdgeType"":""none"",""SpotFinishingType"":""none"",""State"":""published"",""Variable"":""no""}"
flyers_pf_a5_pt_115-gsm-uncoated_cl_4-0_hor,Posters — A5 — hor,posters,posters,"{""CoatingType"":""none"",""ColorType"":""4-0"",""Orientation"":""hor"",""PaperFormat"":""A5"",""PaperType"":""115-gsm-uncoated"",""ProductStatus"":""activated"",""ProtectionType"":""none"",""ShapeEdgeType"":""none"",""SpotFinishingType"":""none"",""State"":""published"",""Variable"":""no""}"
flyers_pf_a5_pt_115-gsm-uncoated_cl_4-0_ver,Posters — A5 — ver,posters,posters,"{""CoatingType"":""none"",""ColorType"":""4-0"",""Orientation"":""ver"",""PaperFormat"":""A5"",""PaperType"":""115-gsm-uncoated"",""ProductStatus"":""activated"",""ProtectionType"":""none"",""ShapeEdgeType"":""none"",""SpotFinishingType"":""none"",""State"":""published"",""Variable"":""no""}"
flyers_pf_a5_pt_170-gsm-coated-silk_cl_4-0_hor,Posters — A5 — hor,posters,posters,"{""CoatingType"":""none"",""ColorType"":""4-0"",""Orientation"":""hor"",""PaperFormat"":""A5"",""PaperType"":""170-gsm-coated-silk"",""ProductStatus"":""activated"",""ProtectionType"":""none"",""ShapeEdgeType"":""none"",""SpotFinishingType"":""none"",""State"":""published"",""Variable"":""no""}"
flyers_pf_a5_pt_170-gsm-coated-silk_cl_4-0_ver,Posters — A5 — ver,posters,posters,"{""CoatingType"":""none"",""ColorType"":""4-0"",""Orientation"":""ver"",""PaperFormat"":""A5"",""PaperType"":""170-gsm-coated-silk"",""ProductStatus"":""activated"",""ProtectionType"":""none"",""ShapeEdgeType"":""none"",""SpotFinishingType"":""none"",""State"":""published"",""Variable"":""no""}"
flyers_pf_a5_pt_170-gsm-uncoated_cl_4-0_hor,Posters — A5 — hor,posters,posters,"{""CoatingType"":""none"",""ColorType"":""4-0"",""Orientation"":""hor"",""PaperFormat"":""A5"",""PaperType"":""170-gsm-uncoated"",""ProductStatus"":""activated"",""ProtectionType"":""none"",""ShapeEdgeType"":""none"",""SpotFinishingType"":""none"",""State"":""published"",""Variable"":""no""}"
flyers_pf_a5_pt_170-gsm-uncoated_cl_4-0_ver,Posters — A5 — ver,posters,posters,"{""CoatingType"":""none"",""ColorType"":""4-0"",""Orientation"":""ver"",""PaperFormat"":""A5"",""PaperType"":""170-gsm-uncoated"",""ProductStatus"":""activated"",""ProtectionType"":""none"",""ShapeEdgeType"":""none"",""SpotFinishingType"":""none"",""State"":""published"",""Variable"":""no""}"
flyers_pf_a5_pt_80-lb-text-coated-silk_cl_4-0_hor,Posters — A5 — hor,posters,posters,"{""CoatingType"":""none"",""ColorType"":""4-0"",""Orientation"":""hor"",""PaperFormat"":""A5"",""PaperType"":""80-lb-text-coated-silk"",""ProductStatus"":""activated"",""ProtectionType"":""none"",""ShapeEdgeType"":""none"",""SpotFinishingType"":""none"",""State"":""published"",""Variable"":""no""}"
flyers_pf_a5_pt_80-lb-text-coated-silk_cl_4-0_ver,Posters — A5 — ver,posters,posters,"{""CoatingType"":""none"",""ColorType"":""4-0"",""Orientation"":""ver"",""PaperFormat"":""A5"",""PaperType"":""80-lb-text-coated-silk"",""ProductStatus"":""activated"",""ProtectionType"":""none"",""ShapeEdgeType"":""none"",""SpotFinishingType"":""none"",""State"":""published"",""Variable"":""no""}"
flyers_pf_a5_pt_80-lb-text-uncoated_cl_4-0_hor,Posters — A5 — hor,posters,posters,"{""CoatingType"":""none"",""ColorType"":""4-0"",""Orientation"":""hor"",""PaperFormat"":""A5"",""PaperType"":""80-lb-text-uncoated"",""ProductStatus"":""activated"",""ProtectionType"":""none"",""ShapeEdgeType"":""none"",""SpotFinishingType"":""none"",""State"":""published"",""Variable"":""no""}"
flyers_pf_a5_pt_80-lb-text-uncoated_cl_4-0_ver,Posters — A5 — ver,posters,posters,"{""CoatingType"":""none"",""ColorType"":""4-0"",""Orientation"":""ver"",""PaperFormat"":""A5"",""PaperType"":""80-lb-text-uncoated"",""ProductStatus"":""activated"",""ProtectionType"":""none"",""ShapeEdgeType"":""none"",""SpotFinishingType"":""none"",""State"":""published"",""Variable"":""no""}"
flyers_pf_a5l_pt_100-lb-text-coated-silk_cl_4-0_hor,Posters — A5L — hor,posters,posters,"{""CoatingType"":""none"",""ColorType"":""4-0"",""Orientation"":""hor"",""PaperFormat"":""A5L"",""PaperType"":""100-lb-text-coated-silk"",""ProductStatus"":""activated"",""ProtectionType"":""none"",""ShapeEdgeType"":""none"",""SpotFinishingType"":""none"",""State"":""published"",""Variable"":""no""}"
flyers_pf_a5l_pt_100-lb-text-coated-silk_cl_4-0_ver,Posters — A5L — ver,posters,posters,"{""CoatingType"":""none"",""ColorType"":""4-0"",""Orientation"":""ver"",""PaperFormat"":""A5L"",""PaperType"":""100-lb-text-coated-silk"",""ProductStatus"":""activated"",""ProtectionType"":""none"",""ShapeEdgeType"":""none"",""SpotFinishingType"":""none"",""State"":""published"",""Variable"":""no""}"
flyers_pf_a5l_pt_100-lb-text-uncoated_cl_4-0_hor,Posters — A5L — hor,posters,posters,"{""CoatingType"":""none"",""ColorType"":""4-0"",""Orientation"":""hor"",""PaperFormat"":""A5L"",""PaperType"":""100-lb-text-uncoated"",""ProductStatus"":""activated"",""ProtectionType"":""none"",""ShapeEdgeType"":""none"",""SpotFinishingType"":""none"",""State"":""published"",""Variable"":""no""}"
flyers_pf_a5l_pt_100-lb-text-uncoated_cl_4-0_ver,Posters — A5L — ver,posters,posters,"{""CoatingType"":""none"",""ColorType"":""4-0"",""Orientation"":""ver"",""PaperFormat"":""A5L"",""PaperType"":""100-lb-text-uncoated"",""ProductStatus"":""activated"",""ProtectionType"":""none"",""ShapeEdgeType"":""none"",""SpotFinishingType"":""none"",""State"":""published"",""Variable"":""no""}"
flyers_pf_a5l_pt_115-gsm-coated-silk_cl_4-0_hor,Posters — A5L — hor,posters,posters,"{""CoatingType"":""none"",""ColorType"":""4-0"",""Orientation"":""hor"",""PaperFormat"":""A5L"",""PaperType"":""115-gsm-coated-silk"",""ProductStatus"":""activated"",""ProtectionType"":""none"",""ShapeEdgeType"":""none"",""SpotFinishingType"":""none"",""State"":""published"",""Variable"":""no""}"
flyers_pf_a5l_pt_115-gsm-coated-silk_cl_4-0_ver,Posters — A5L — ver,posters,posters,"{""CoatingType"":""none"",""ColorType"":""4-0"",""Orientation"":""ver"",""PaperFormat"":""A5L"",""PaperType"":""115-gsm-coated-silk"",""ProductStatus"":""activated"",""ProtectionType"":""none"",""ShapeEdgeType"":""none"",""SpotFinishingType"":""none"",""State"":""published"",""Variable"":""no""}"
flyers_pf_a5l_pt_115-gsm-uncoated_cl_4-0_hor,Posters — A5L — hor,posters,posters,"{""CoatingType"":""none"",""ColorType"":""4-0"",""Orientation"":""hor"",""PaperFormat"":""A5L"",""PaperType"":""115-gsm-uncoated"",""ProductStatus"":""activated"",""ProtectionType"":""none"",""ShapeEdgeType"":""none"",""SpotFinishingType"":""none"",""State"":""published"",""Variable"":""no""}"
flyers_pf_a5l_pt_115-gsm-uncoated_cl_4-0_ver,Posters — A5L — ver,posters,posters,"{""CoatingType"":""none"",""ColorType"":""4-0"",""Orientation"":""ver"",""PaperFormat"":""A5L"",""PaperType"":""115-gsm-uncoated"",""ProductStatus"":""activated"",""ProtectionType"":""none"",""ShapeEdgeType"":""none"",""SpotFinishingType"":""none"",""State"":""published"",""Variable"":""no""}"
flyers_pf_a5l_pt_170-gsm-coated-silk_cl_4-0_hor,Posters — A5L — hor,posters,posters,"{""CoatingType"":""none"",""ColorType"":""4-0"",""Orientation"":""hor"",""PaperFormat"":""A5L"",""PaperType"":""170-gsm-coated-silk"",""ProductStatus"":""activated"",""ProtectionType"":""none"",""ShapeEdgeType"":""none"",""SpotFinishingType"":""none"",""State"":""published"",""Variable"":""no""}"
flyers_pf_a5l_pt_170-gsm-coated-silk_cl_4-0_ver,Posters — A5L — ver,posters,posters,"{""CoatingType"":""none"",""ColorType"":""4-0"",""Orientation"":""ver"",""PaperFormat"":""A5L"",""PaperType"":""170-gsm-coated-silk"",""ProductStatus"":""activated"",""ProtectionType"":""none"",""ShapeEdgeType"":""none"",""SpotFinishingType"":""none"",""State"":""published"",""Variable"":""no""}"
flyers_pf_a5l_pt_170-gsm-uncoated_cl_4-0_hor,Posters — A5L — hor,posters,posters,"{""CoatingType"":""none"",""ColorType"":""4-0"",""Orientation"":""hor"",""PaperFormat"":""A5L"",""PaperType"":""170-gsm-uncoated"",""ProductStatus"":""activated"",""ProtectionType"":""none"",""ShapeEdgeType"":""none"",""SpotFinishingType"":""none"",""State"":""published"",""Variable"":""no""}"
flyers_pf_a5l_pt_170-gsm-uncoated_cl_4-0_ver,Posters — A5L — ver,posters,posters,"{""CoatingType"":""none"",""ColorType"":""4-0"",""Orientation"":""ver"",""PaperFormat"":""A5L"",""PaperType"":""170-gsm-uncoated"",""ProductStatus"":""activated"",""ProtectionType"":""none"",""ShapeEdgeType"":""none"",""SpotFinishingType"":""none"",""State"":""published"",""Variable"":""no""}"
flyers_pf_a5l_pt_80-lb-text-coated-silk_cl_4-0_hor,Posters — A5L — hor,posters,posters,"{""CoatingType"":""none"",""ColorType"":""4-0"",""Orientation"":""hor"",""PaperFormat"":""A5L"",""PaperType"":""80-lb-text-coated-silk"",""ProductStatus"":""activated"",""ProtectionType"":""none"",""ShapeEdgeType"":""none"",""SpotFinishingType"":""none"",""State"":""published"",""Variable"":""no""}"
flyers_pf_a5l_pt_80-lb-text-coated-silk_cl_4-0_ver,Posters — A5L — ver,posters,posters,"{""CoatingType"":""none"",""ColorType"":""4-0"",""Orientation"":""ver"",""PaperFormat"":""A5L"",""PaperType"":""80-lb-text-coated-silk"",""ProductStatus"":""activated"",""ProtectionType"":""none"",""ShapeEdgeType"":""none"",""SpotFinishingType"":""none"",""State"":""published"",""Variable"":""no""}"
flyers_pf_a5l_pt_80-lb-text-uncoated_cl_4-0_hor,Posters — A5L — hor,posters,posters,"{""CoatingType"":""none"",""ColorType"":""4-0"",""Orientation"":""hor"",""PaperFormat"":""A5L"",""PaperType"":""80-lb-text-uncoated"",""ProductStatus"":""activated"",""ProtectionType"":""none"",""ShapeEdgeType"":""none"",""SpotFinishingType"":""none"",""State"":""published"",""Variable"":""no""}"
flyers_pf_a5l_pt_80-lb-text-uncoated_cl_4-0_ver,Posters — A5L — ver,posters,posters,"{""CoatingType"":""none"",""ColorType"":""4-0"",""Orientation"":""ver"",""PaperFormat"":""A5L"",""PaperType"":""80-lb-text-uncoated"",""ProductStatus"":""activated"",""ProtectionType"":""none"",""ShapeEdgeType"":""none"",""SpotFinishingType"":""none"",""State"":""published"",""Variable"":""no""}"
flyers_pf_a6_pt_100-lb-text-uncoated_cl_4-0_hor,Posters — A6 — hor,posters,posters,"{""CoatingType"":""none"",""ColorType"":""4-0"",""Orientation"":""hor"",""PaperFormat"":""A6"",""PaperType"":""100-lb-text-uncoated"",""ProductStatus"":""activated"",""ProtectionType"":""none"",""ShapeEdgeType"":""none"",""SpotFinishingType"":""none"",""State"":""published"",""Variable"":""no""}"
flyers_pf_a6_pt_100-lb-text-uncoated_cl_4-0_ver,Posters — A6 — ver,posters,posters,"{""CoatingType"":""none"",""ColorType"":""4-0"",""Orientation"":""ver"",""PaperFormat"":""A6"",""PaperType"":""100-lb-text-uncoated"",""ProductStatus"":""activated"",""ProtectionType"":""none"",""ShapeEdgeType"":""none"",""SpotFinishingType"":""none"",""State"":""published"",""Variable"":""no""}"
flyers_pf_a6_pt_115-gsm-coated-silk_cl_4-0_hor,Posters — A6 — hor,posters,posters,"{""CoatingType"":""none"",""ColorType"":""4-0"",""Orientation"":""hor"",""PaperFormat"":""A6"",""PaperType"":""115-gsm-coated-silk"",""ProductStatus"":""activated"",""ProtectionType"":""none"",""ShapeEdgeType"":""none"",""SpotFinishingType"":""none"",""State"":""published"",""Variable"":""no""}"
flyers_pf_a6_pt_115-gsm-coated-silk_cl_4-0_ver,Posters — A6 — ver,posters,posters,"{""CoatingType"":""none"",""ColorType"":""4-0"",""Orientation"":""ver"",""PaperFormat"":""A6"",""PaperType"":""115-gsm-coated-silk"",""ProductStatus"":""activated"",""ProtectionType"":""none"",""ShapeEdgeType"":""none"",""SpotFinishingType"":""none"",""State"":""published"",""Variable"":""no""}"
flyers_pf_a6_pt_115-gsm-uncoated_cl_4-0_hor,Posters — A6 — hor,posters,posters,"{""CoatingType"":""none"",""ColorType"":""4-0"",""Orientation"":""hor"",""PaperFormat"":""A6"",""PaperType"":""115-gsm-uncoated"",""ProductStatus"":""activated"",""ProtectionType"":""none"",""ShapeEdgeType"":""none"",""SpotFinishingType"":""none"",""State"":""published"",""Variable"":""no""}"
flyers_pf_a6_pt_115-gsm-uncoated_cl_4-0_ver,Posters — A6 — ver,posters,posters,"{""CoatingType"":""none"",""ColorType"":""4-0"",""Orientation"":""ver"",""PaperFormat"":""A6"",""PaperType"":""115-gsm-uncoated"",""ProductStatus"":""activated"",""ProtectionType"":""none"",""ShapeEdgeType"":""none"",""SpotFinishingType"":""none"",""State"":""published"",""Variable"":""no""}"
flyers_pf_a6_pt_170-gsm-coated-silk_cl_4-0_hor,Posters — A6 — hor,posters,posters,"{""CoatingType"":""none"",""ColorType"":""4-0"",""Orientation"":""hor"",""PaperFormat"":""A6"",""PaperType"":""170-gsm-coated-silk"",""ProductStatus"":""activated"",""ProtectionType"":""none"",""ShapeEdgeType"":""none"",""SpotFinishingType"":""none"",""State"":""published"",""Variable"":""no""}"
flyers_pf_a6_pt_170-gsm-coated-silk_cl_4-0_ver,Posters — A6 — ver,posters,posters,"{""CoatingType"":""none"",""ColorType"":""4-0"",""Orientation"":""ver"",""PaperFormat"":""A6"",""PaperType"":""170-gsm-coated-silk"",""ProductStatus"":""activated"",""ProtectionType"":""none"",""ShapeEdgeType"":""none"",""SpotFinishingType"":""none"",""State"":""published"",""Variable"":""no""}"
flyers_pf_a6_pt_80-lb-text-coated-silk_cl_4-0_hor,Posters — A6 — hor,posters,posters,"{""CoatingType"":""none"",""ColorType"":""4-0"",""Orientation"":""hor"",""PaperFormat"":""A6"",""PaperType"":""80-lb-text-coated-silk"",""ProductStatus"":""activated"",""ProtectionType"":""none"",""ShapeEdgeType"":""none"",""SpotFinishingType"":""none"",""State"":""published"",""Variable"":""no""}"
flyers_pf_a6_pt_80-lb-text-coated-silk_cl_4-0_ver,Posters — A6 — ver,posters,posters,"{""CoatingType"":""none"",""ColorType"":""4-0"",""Orientation"":""ver"",""PaperFormat"":""A6"",""PaperType"":""80-lb-text-coated-silk"",""ProductStatus"":""activated"",""ProtectionType"":""none"",""ShapeEdgeType"":""none"",""SpotFinishingType"":""none"",""State"":""published"",""Variable"":""no""}"
flyers_pf_a6_pt_80-lb-text-uncoated_cl_4-0_hor,Posters — A6 — hor,posters,posters,"{""CoatingType"":""none"",""ColorType"":""4-0"",""Orientation"":""hor"",""PaperFormat"":""A6"",""PaperType"":""80-lb-text-uncoated"",""ProductStatus"":""activated"",""ProtectionType"":""none"",""ShapeEdgeType"":""none"",""SpotFinishingType"":""none"",""State"":""published"",""Variable"":""no""}"
flyers_pf_a6_pt_80-lb-text-uncoated_cl_4-0_ver,Posters — A6 — ver,posters,posters,"{""CoatingType"":""none"",""ColorType"":""4-0"",""Orientation"":""ver"",""PaperFormat"":""A6"",""PaperType"":""80-lb-text-uncoated"",""ProductStatus"":""activated"",""ProtectionType"":""none"",""ShapeEdgeType"":""none"",""SpotFinishingType"":""none"",""State"":""published"",""Variable"":""no""}"
flyers_pf_dl_pt_100-lb-text-coated-silk_cl_4-0_hor,Posters — DL — hor,posters,posters,"{""CoatingType"":""none"",""ColorType"":""4-0"",""Orientation"":""hor"",""PaperFormat"":""DL"",""PaperType"":""100-lb-text-coated-silk"",""ProductStatus"":""activated"",""ProtectionType"":""none"",""ShapeEdgeType"":""none"",""SpotFinishingType"":""none"",""State"":""published"",""Variable"":""no""}"
flyers_pf_dl_pt_100-lb-text-coated-silk_cl_4-0_ver,Posters — DL — ver,posters,posters,"{""CoatingType"":""none"",""ColorType"":""4-0"",""Orientation"":""ver"",""PaperFormat"":""DL"",""PaperType"":""100-lb-text-coated-silk"",""ProductStatus"":""activated"",""ProtectionType"":""none"",""ShapeEdgeType"":""none"",""SpotFinishingType"":""none"",""State"":""published"",""Variable"":""no""}"
flyers_pf_dl_pt_150-gsm-coated-silk_cl_4-0_hor,Posters — DL — hor,posters,posters,"{""CoatingType"":""none"",""ColorType"":""4-0"",""Orientation"":""hor"",""PaperFormat"":""DL"",""PaperType"":""150-gsm-coated-silk"",""ProductStatus"":""activated"",""ProtectionType"":""none"",""ShapeEdgeType"":""none"",""SpotFinishingType"":""none"",""State"":""published"",""Variable"":""no""}"
flyers_pf_dl_pt_150-gsm-coated-silk_cl_4-0_ver,Posters — DL — ver,posters,posters,"{""CoatingType"":""none"",""ColorType"":""4-0"",""Orientation"":""ver"",""PaperFormat"":""DL"",""PaperType"":""150-gsm-coated-silk"",""ProductStatus"":""activated"",""ProtectionType"":""none"",""ShapeEdgeType"":""none"",""SpotFinishingType"":""none"",""State"":""published"",""Variable"":""no""}"
flyers_pf_dl_pt_150-gsm-uncoated_cl_4-0_hor,Posters — DL — hor,posters,posters,"{""CoatingType"":""none"",""ColorType"":""4-0"",""Orientation"":""hor"",""PaperFormat"":""DL"",""PaperType"":""150-gsm-uncoated"",""ProductStatus"":""activated"",""ProtectionType"":""none"",""ShapeEdgeType"":""none"",""SpotFinishingType"":""none"",""State"":""published"",""Variable"":""no""}"
flyers_pf_dl_pt_150-gsm-uncoated_cl_4-0_ver,Posters — DL — ver,posters,posters,"{""CoatingType"":""none"",""ColorType"":""4-0"",""Orientation"":""ver"",""PaperFormat"":""DL"",""PaperType"":""150-gsm-uncoated"",""ProductStatus"":""activated"",""ProtectionType"":""none"",""ShapeEdgeType"":""none"",""SpotFinishingType"":""none"",""State"":""published"",""Variable"":""no""}"
flyers_pf_dl_pt_170-gsm-coated-silk_cl_4-0_hor,Posters — DL — hor,posters,posters,"{""CoatingType"":""none"",""ColorType"":""4-0"",""Orientation"":""hor"",""PaperFormat"":""DL"",""PaperType"":""170-gsm-coated-silk"",""ProductStatus"":""activated"",""ProtectionType"":""none"",""ShapeEdgeType"":""none"",""SpotFinishingType"":""none"",""State"":""published"",""Variable"":""no""}"
flyers_pf_dl_pt_170-gsm-coated-silk_cl_4-0_ver,Posters — DL — ver,posters,posters,"{""CoatingType"":""none"",""ColorType"":""4-0"",""Orientation"":""ver"",""PaperFormat"":""DL"",""PaperType"":""170-gsm-coated-silk"",""ProductStatus"":""activated"",""ProtectionType"":""none"",""ShapeEdgeType"":""none"",""SpotFinishingType"":""none"",""State"":""published"",""Variable"":""no""}"
flyers_pf_dl_pt_170-gsm-uncoated_cl_4-0_hor,Posters — DL — hor,posters,posters,"{""CoatingType"":""none"",""ColorType"":""4-0"",""Orientation"":""hor"",""PaperFormat"":""DL"",""PaperType"":""170-gsm-uncoated"",""ProductStatus"":""activated"",""ProtectionType"":""none"",""ShapeEdgeType"":""none"",""SpotFinishingType"":""none"",""State"":""published"",""Variable"":""no""}"
flyers_pf_dl_pt_170-gsm-uncoated_cl_4-0_ver,Posters — DL — ver,posters,posters,"{""CoatingType"":""none"",""ColorType"":""4-0"",""Orientation"":""ver"",""PaperFormat"":""DL"",""PaperType"":""170-gsm-uncoated"",""ProductStatus"":""activated"",""ProtectionType"":""none"",""ShapeEdgeType"":""none"",""SpotFinishingType"":""none"",""State"":""published"",""Variable"":""no""}"
flyers_pf_dl_pt_80-lb-text-coated-silk_cl_4-0_hor,Posters — DL — hor,posters,posters,"{""CoatingType"":""none"",""ColorType"":""4-0"",""Orientation"":""hor"",""PaperFormat"":""DL"",""PaperType"":""80-lb-text-coated-silk"",""ProductStatus"":""activated"",""ProtectionType"":""none"",""ShapeEdgeType"":""none"",""SpotFinishingType"":""none"",""State"":""published"",""Variable"":""no""}"
flyers_pf_dl_pt_80-lb-text-coated-silk_cl_4-0_ver,Posters — DL — ver,posters,posters,"{""CoatingType"":""none"",""ColorType"":""4-0"",""Orientation"":""ver"",""PaperFormat"":""DL"",""PaperType"":""80-lb-text-coated-silk"",""ProductStatus"":""activated"",""ProtectionType"":""none"",""ShapeEdgeType"":""none"",""SpotFinishingType"":""none"",""State"":""published"",""Variable"":""no""}"
flyers_pf_dl_pt_80-lb-text-uncoated_cl_4-0_hor,Posters — DL — hor,posters,posters,"{""CoatingType"":""none"",""ColorType"":""4-0"",""Orientation"":""hor"",""PaperFormat"":""DL"",""PaperType"":""80-lb-text-uncoated"",""ProductStatus"":""activated"",""ProtectionType"":""none"",""ShapeEdgeType"":""none"",""SpotFinishingType"":""none"",""State"":""published"",""Variable"":""no""}"
flyers_pf_dl_pt_80-lb-text-uncoated_cl_4-0_ver,Posters — DL — ver,posters,posters,"{""CoatingType"":""none"",""ColorType"":""4-0"",""Orientation"":""ver"",""PaperFormat"":""DL"",""PaperType"":""80-lb-text-uncoated"",""ProductStatus"":""activated"",""ProtectionType"":""none"",""ShapeEdgeType"":""none"",""SpotFinishingType"":""none"",""State"":""published"",""Variable"":""no""}"
flyers_pf_lg_pt_100-lb-text-coated-silk_cl_4-0_hor,Posters — LG — hor,posters,posters,"{""CoatingType"":""none"",""ColorType"":""4-0"",""Orientation"":""hor"",""PaperFormat"":""LG"",""PaperType"":""100-lb-text-coated-silk"",""ProductStatus"":""activated"",""ProtectionType"":""none"",""ShapeEdgeType"":""none"",""SpotFinishingType"":""none"",""State"":""published"",""Variable"":""no""}"
flyers_pf_lg_pt_100-lb-text-coated-silk_cl_4-0_ver,Posters — LG — ver,posters,posters,"{""CoatingType"":""none"",""ColorType"":""4-0"",""Orientation"":""ver"",""PaperFormat"":""LG"",""PaperType"":""100-lb-text-coated-silk"",""ProductStatus"":""activated"",""ProtectionType"":""none"",""ShapeEdgeType"":""none"",""SpotFinishingType"":""none"",""State"":""published"",""Variable"":""no""}"
flyers_pf_lg_pt_100-lb-text-uncoated_cl_4-0_hor,Posters — LG — hor,posters,posters,"{""CoatingType"":""none"",""ColorType"":""4-0"",""Orientation"":""hor"",""PaperFormat"":""LG"",""PaperType"":""100-lb-text-uncoated"",""ProductStatus"":""activated"",""ProtectionType"":""none"",""ShapeEdgeType"":""none"",""SpotFinishingType"":""none"",""State"":""published"",""Variable"":""no""}"
flyers_pf_lg_pt_100-lb-text-uncoated_cl_4-0_ver,Posters — LG — ver,posters,posters,"{""CoatingType"":""none"",""ColorType"":""4-0"",""Orientation"":""ver"",""PaperFormat"":""LG"",""PaperType"":""100-lb-text-uncoated"",""ProductStatus"":""activated"",""ProtectionType"":""none"",""ShapeEdgeType"":""none"",""SpotFinishingType"":""none"",""State"":""published"",""Variable"":""no""}"
flyers_pf_lg_pt_115-gsm-coated-silk_cl_4-0_hor,Posters — LG — hor,posters,posters,"{""CoatingType"":""none"",""ColorType"":""4-0"",""Orientation"":""hor"",""PaperFormat"":""LG"",""PaperType"":""115-gsm-coated-silk"",""ProductStatus"":""activated"",""ProtectionType"":""none"",""ShapeEdgeType"":""none"",""SpotFinishingType"":""none"",""State"":""published"",""Variable"":""no""}"
flyers_pf_lg_pt_115-gsm-coated-silk_cl_4-0_ver,Posters — LG — ver,posters,posters,"{""CoatingType"":""none"",""ColorType"":""4-0"",""Orientation"":""ver"",""PaperFormat"":""LG"",""PaperType"":""115-gsm-coated-silk"",""ProductStatus"":""activated"",""ProtectionType"":""none"",""ShapeEdgeType"":""none"",""SpotFinishingType"":""none"",""State"":""published"",""Variable"":""no""}"
flyers_pf_lg_pt_115-gsm-uncoated_cl_4-0_hor,Posters — LG — hor,posters,posters,"{""CoatingType"":""none"",""ColorType"":""4-0"",""Orientation"":""hor"",""PaperFormat"":""LG"",""PaperType"":""115-gsm-uncoated"",""ProductStatus"":""activated"",""ProtectionType"":""none"",""ShapeEdgeType"":""none"",""SpotFinishingType"":""none"",""State"":""published"",""Variable"":""no""}"
flyers_pf_lg_pt_115-gsm-uncoated_cl_4-0_ver,Posters — LG — ver,posters,posters,"{""CoatingType"":""none"",""ColorType"":""4-0"",""Orientation"":""ver"",""PaperFormat"":""LG"",""PaperType"":""115-gsm-uncoated"",""ProductStatus"":""activated"",""ProtectionType"":""none"",""ShapeEdgeType"":""none"",""SpotFinishingType"":""none"",""State"":""published"",""Variable"":""no""}"
flyers_pf_lg_pt_170-gsm-coated-silk_cl_4-0_hor,Posters — LG — hor,posters,posters,"{""CoatingType"":""none"",""ColorType"":""4-0"",""Orientation"":""hor"",""PaperFormat"":""LG"",""PaperType"":""170-gsm-coated-silk"",""ProductStatus"":""activated"",""ProtectionType"":""none"",""ShapeEdgeType"":""none"",""SpotFinishingType"":""none"",""State"":""published"",""Variable"":""no""}"
flyers_pf_lg_pt_170-gsm-coated-silk_cl_4-0_ver,Posters — LG — ver,posters,posters,"{""CoatingType"":""none"",""ColorType"":""4-0"",""Orientation"":""ver"",""PaperFormat"":""LG"",""PaperType"":""170-gsm-coated-silk"",""ProductStatus"":""activated"",""ProtectionType"":""none"",""ShapeEdgeType"":""none"",""SpotFinishingType"":""none"",""State"":""published"",""Variable"":""no""}"
flyers_pf_lg_pt_80-lb-text-coated-silk_cl_4-0_hor,Posters — LG — hor,posters,posters,"{""CoatingType"":""none"",""ColorType"":""4-0"",""Orientation"":""hor"",""PaperFormat"":""LG"",""PaperType"":""80-lb-text-coated-silk"",""ProductStatus"":""activated"",""ProtectionType"":""none"",""ShapeEdgeType"":""none"",""SpotFinishingType"":""none"",""State"":""published"",""Variable"":""no""}"
flyers_pf_lg_pt_80-lb-text-coated-silk_cl_4-0_ver,Posters — LG — ver,posters,posters,"{""CoatingType"":""none"",""ColorType"":""4-0"",""Orientation"":""ver"",""PaperFormat"":""LG"",""PaperType"":""80-lb-text-coated-silk"",""ProductStatus"":""activated"",""ProtectionType"":""none"",""ShapeEdgeType"":""none"",""SpotFinishingType"":""none"",""State"":""published"",""Variable"":""no""}"
flyers_pf_lg_pt_80-lb-text-uncoated_cl_4-0_hor,Posters — LG — hor,posters,posters,"{""CoatingType"":""none"",""ColorType"":""4-0"",""Orientation"":""hor"",""PaperFormat"":""LG"",""PaperType"":""80-lb-text-uncoated"",""ProductStatus"":""activated"",""ProtectionType"":""none"",""ShapeEdgeType"":""none"",""SpotFinishingType"":""none"",""State"":""published"",""Variable"":""no""}"
flyers_pf_lg_pt_80-lb-text-uncoated_cl_4-0_ver,Posters — LG — ver,posters,posters,"{""CoatingType"":""none"",""ColorType"":""4-0"",""Orientation"":""ver"",""PaperFormat"":""LG"",""PaperType"":""80-lb-text-uncoated"",""ProductStatus"":""activated"",""ProtectionType"":""none"",""ShapeEdgeType"":""none"",""SpotFinishingType"":""none"",""State"":""published"",""Variable"":""no""}"
flyers_pf_lt_pt_100-lb-text-coated-silk_cl_4-0_hor,Posters — LT — hor,posters,posters,"{""CoatingType"":""none"",""ColorType"":""4-0"",""Orientation"":""hor"",""PaperFormat"":""LT"",""PaperType"":""100-lb-text-coated-silk"",""ProductStatus"":""activated"",""ProtectionType"":""none"",""ShapeEdgeType"":""none"",""SpotFinishingType"":""none"",""State"":""published"",""Variable"":""no""}"
flyers_pf_lt_pt_100-lb-text-coated-silk_cl_4-0_ver,Posters — LT — ver,posters,posters,"{""CoatingType"":""none"",""ColorType"":""4-0"",""Orientation"":""ver"",""PaperFormat"":""LT"",""PaperType"":""100-lb-text-coated-silk"",""ProductStatus"":""activated"",""ProtectionType"":""none"",""ShapeEdgeType"":""none"",""SpotFinishingType"":""none"",""State"":""published"",""Variable"":""no""}"
flyers_pf_lt_pt_100-lb-text-uncoated_cl_4-0_hor,Posters — LT — hor,posters,posters,"{""CoatingType"":""none"",""ColorType"":""4-0"",""Orientation"":""hor"",""PaperFormat"":""LT"",""PaperType"":""100-lb-text-uncoated"",""ProductStatus"":""activated"",""ProtectionType"":""none"",""ShapeEdgeType"":""none"",""SpotFinishingType"":""none"",""State"":""published"",""Variable"":""no""}"
flyers_pf_lt_pt_100-lb-text-uncoated_cl_4-0_ver,Posters — LT — ver,posters,posters,"{""CoatingType"":""none"",""ColorType"":""4-0"",""Orientation"":""ver"",""PaperFormat"":""LT"",""PaperType"":""100-lb-text-uncoated"",""ProductStatus"":""activated"",""ProtectionType"":""none"",""ShapeEdgeType"":""none"",""SpotFinishingType"":""none"",""State"":""published"",""Variable"":""no""}"
flyers_pf_lt_pt_115-gsm-coated-silk_cl_4-0_hor,Posters — LT — hor,posters,posters,"{""CoatingType"":""none"",""ColorType"":""4-0"",""Orientation"":""hor"",""PaperFormat"":""LT"",""PaperType"":""115-gsm-coated-silk"",""ProductStatus"":""activated"",""ProtectionType"":""none"",""ShapeEdgeType"":""none"",""SpotFinishingType"":""none"",""State"":""published"",""Variable"":""no""}"
flyers_pf_lt_pt_115-gsm-coated-silk_cl_4-0_ver,Posters — LT — ver,posters,posters,"{""CoatingType"":""none"",""ColorType"":""4-0"",""Orientation"":""ver"",""PaperFormat"":""LT"",""PaperType"":""115-gsm-coated-silk"",""ProductStatus"":""activated"",""ProtectionType"":""none"",""ShapeEdgeType"":""none"",""SpotFinishingType"":""none"",""State"":""published"",""Variable"":""no""}"
flyers_pf_lt_pt_115-gsm-uncoated_cl_4-0_hor,Posters — LT — hor,posters,posters,"{""CoatingType"":""none"",""ColorType"":""4-0"",""Orientation"":""hor"",""PaperFormat"":""LT"",""PaperType"":""115-gsm-uncoated"",""ProductStatus"":""activated"",""ProtectionType"":""none"",""ShapeEdgeType"":""none"",""SpotFinishingType"":""none"",""State"":""published"",""Variable"":""no""}"
flyers_pf_lt_pt_115-gsm-uncoated_cl_4-0_ver,Posters — LT — ver,posters,posters,"{""CoatingType"":""none"",""ColorType"":""4-0"",""Orientation"":""ver"",""PaperFormat"":""LT"",""PaperType"":""115-gsm-uncoated"",""ProductStatus"":""activated"",""ProtectionType"":""none"",""ShapeEdgeType"":""none"",""SpotFinishingType"":""none"",""State"":""published"",""Variable"":""no""}"
flyers_pf_lt_pt_170-gsm-coated-silk_cl_4-0_hor,Posters — LT — hor,posters,posters,"{""CoatingType"":""none"",""ColorType"":""4-0"",""Orientation"":""hor"",""PaperFormat"":""LT"",""PaperType"":""170-gsm-coated-silk"",""ProductStatus"":""activated"",""ProtectionType"":""none"",""ShapeEdgeType"":""none"",""SpotFinishingType"":""none"",""State"":""published"",""Variable"":""no""}"
flyers_pf_lt_pt_170-gsm-coated-silk_cl_4-0_ver,Posters — LT — ver,posters,posters,"{""CoatingType"":""none"",""ColorType"":""4-0"",""Orientation"":""ver"",""PaperFormat"":""LT"",""PaperType"":""170-gsm-coated-silk"",""ProductStatus"":""activated"",""ProtectionType"":""none"",""ShapeEdgeType"":""none"",""SpotFinishingType"":""none"",""State"":""published"",""Variable"":""no""}"
flyers_pf_lt_pt_170-gsm-uncoated_cl_4-0_hor,Posters — LT — hor,posters,posters,"{""CoatingType"":""none"",""ColorType"":""4-0"",""Orientation"":""hor"",""PaperFormat"":""LT"",""PaperType"":""170-gsm-uncoated"",""ProductStatus"":""activated"",""ProtectionType"":""none"",""ShapeEdgeType"":""none"",""SpotFinishingType"":""none"",""State"":""published"",""Variable"":""no""}"
flyers_pf_lt_pt_170-gsm-uncoated_cl_4-0_ver,Posters — LT — ver,posters,posters,"{""CoatingType"":""none"",""ColorType"":""4-0"",""Orientation"":""ver"",""PaperFormat"":""LT"",""PaperType"":""170-gsm-uncoated"",""ProductStatus"":""activated"",""ProtectionType"":""none"",""ShapeEdgeType"":""none"",""SpotFinishingType"":""none"",""State"":""published"",""Variable"":""no""}"
flyers_pf_lt_pt_60-lb-text-uncoated_cl_4-0_hor,Posters — LT — hor,posters,posters,"{""CoatingType"":""none"",""ColorType"":""4-0"",""Orientation"":""hor"",""PaperFormat"":""LT"",""PaperType"":""60-lb-text-uncoated"",""ProductStatus"":""activated"",""ProtectionType"":""none"",""ShapeEdgeType"":""none"",""SpotFinishingType"":""none"",""State"":""published"",""Variable"":""no""}"
flyers_pf_lt_pt_60-lb-text-uncoated_cl_4-0_ver,Posters — LT — ver,posters,posters,"{""CoatingType"":""none"",""ColorType"":""4-0"",""Orientation"":""ver"",""PaperFormat"":""LT"",""PaperType"":""60-lb-text-uncoated"",""ProductStatus"":""activated"",""ProtectionType"":""none"",""ShapeEdgeType"":""none"",""SpotFinishingType"":""none"",""State"":""published"",""Variable"":""no""}"
flyers_pf_lt_pt_80-lb-text-coated-silk_cl_4-0_hor,Posters — LT — hor,posters,posters,"{""CoatingType"":""none"",""ColorType"":""4-0"",""Orientation"":""hor"",""PaperFormat"":""LT"",""PaperType"":""80-lb-text-coated-silk"",""ProductStatus"":""activated"",""ProtectionType"":""none"",""ShapeEdgeType"":""none"",""SpotFinishingType"":""none"",""State"":""published"",""Variable"":""no""}"
flyers_pf_lt_pt_80-lb-text-coated-silk_cl_4-0_ver,Posters — LT — ver,posters,posters,"{""CoatingType"":""none"",""ColorType"":""4-0"",""Orientation"":""ver"",""PaperFormat"":""LT"",""PaperType"":""80-lb-text-coated-silk"",""ProductStatus"":""activated"",""ProtectionType"":""none"",""ShapeEdgeType"":""none"",""SpotFinishingType"":""none"",""State"":""published"",""Variable"":""no""}"
flyers_pf_lt_pt_80-lb-text-uncoated_cl_4-0_hor,Posters — LT — hor,posters,posters,"{""CoatingType"":""none"",""ColorType"":""4-0"",""Orientation"":""hor"",""PaperFormat"":""LT"",""PaperType"":""80-lb-text-uncoated"",""ProductStatus"":""activated"",""ProtectionType"":""none"",""ShapeEdgeType"":""none"",""SpotFinishingType"":""none"",""State"":""published"",""Variable"":""no""}"
flyers_pf_lt_pt_80-lb-text-uncoated_cl_4-0_ver,Posters — LT — ver,posters,posters,"{""CoatingType"":""none"",""ColorType"":""4-0"",""Orientation"":""ver"",""PaperFormat"":""LT"",""PaperType"":""80-lb-text-uncoated"",""ProductStatus"":""activated"",""ProtectionType"":""none"",""ShapeEdgeType"":""none"",""SpotFinishingType"":""none"",""State"":""published"",""Variable"":""no""}"
flyers_pf_sm_pt_100-lb-text-coated-silk_cl_4-0_hor,Posters — SM — hor,posters,posters,"{""CoatingType"":""none"",""ColorType"":""4-0"",""Orientation"":""hor"",""PaperFormat"":""SM"",""PaperType"":""100-lb-text-coated-silk"",""ProductStatus"":""activated"",""ProtectionType"":""none"",""ShapeEdgeType"":""none"",""SpotFinishingType"":""none"",""State"":""published"",""Variable"":""no""}"
flyers_pf_sm_pt_100-lb-text-coated-silk_cl_4-0_ver,Posters — SM — ver,posters,posters,"{""CoatingType"":""none"",""ColorType"":""4-0"",""Orientation"":""ver"",""PaperFormat"":""SM"",""PaperType"":""100-lb-text-coated-silk"",""ProductStatus"":""activated"",""ProtectionType"":""none"",""ShapeEdgeType"":""none"",""SpotFinishingType"":""none"",""State"":""published"",""Variable"":""no""}"
flyers_pf_sq210x210_pt_100-lb-text-coated-silk_cl_4-0_hor,Posters — SQ210x210 — hor,posters,posters,"{""CoatingType"":""none"",""ColorType"":""4-0"",""Orientation"":""hor"",""PaperFormat"":""SQ210x210"",""PaperType"":""100-lb-text-coated-silk"",""ProductStatus"":""activated"",""ProtectionType"":""none"",""ShapeEdgeType"":""none"",""SpotFinishingType"":""none"",""State"":""published"",""Variable"":""no""}"
flyers_pf_sq210x210_pt_100-lb-text-uncoated_cl_4-0_hor,Posters — SQ210x210 — hor,posters,posters,"{""CoatingType"":""none"",""ColorType"":""4-0"",""Orientation"":""hor"",""PaperFormat"":""SQ210x210"",""PaperType"":""100-lb-text-uncoated"",""ProductStatus"":""activated"",""ProtectionType"":""none"",""ShapeEdgeType"":""none"",""SpotFinishingType"":""none"",""State"":""published"",""Variable"":""no""}"
flyers_pf_sq210x210_pt_115-gsm-coated-silk_cl_4-0_hor,Posters — SQ210x210 — hor,posters,posters,"{""CoatingType"":""none"",""ColorType"":""4-0"",""Orientation"":""hor"",""PaperFormat"":""SQ210x210"",""PaperType"":""115-gsm-coated-silk"",""ProductStatus"":""activated"",""ProtectionType"":""none"",""ShapeEdgeType"":""none"",""SpotFinishingType"":""none"",""State"":""published"",""Variable"":""no""}"
flyers_pf_sq210x210_pt_115-gsm-uncoated_cl_4-0_hor,Posters — SQ210x210 — hor,posters,posters,"{""CoatingType"":""none"",""ColorType"":""4-0"",""Orientation"":""hor"",""PaperFormat"":""SQ210x210"",""PaperType"":""115-gsm-uncoated"",""ProductStatus"":""activated"",""ProtectionType"":""none"",""ShapeEdgeType"":""none"",""SpotFinishingType"":""none"",""State"":""published"",""Variable"":""no""}"
flyers_pf_sq210x210_pt_170-gsm-coated-silk_cl_4-0_hor,Posters — SQ210x210 — hor,posters,posters,"{""CoatingType"":""none"",""ColorType"":""4-0"",""Orientation"":""hor"",""PaperFormat"":""SQ210x210"",""PaperType"":""170-gsm-coated-silk"",""ProductStatus"":""activated"",""ProtectionType"":""none"",""ShapeEdgeType"":""none"",""SpotFinishingType"":""none"",""State"":""published"",""Variable"":""no""}"
flyers_pf_sq210x210_pt_170-gsm-uncoated_cl_4-0_hor,Posters — SQ210x210 — hor,posters,posters,"{""CoatingType"":""none"",""ColorType"":""4-0"",""Orientation"":""hor"",""PaperFormat"":""SQ210x210"",""PaperType"":""170-gsm-uncoated"",""ProductStatus"":""activated"",""ProtectionType"":""none"",""ShapeEdgeType"":""none"",""SpotFinishingType"":""none"",""State"":""published"",""Variable"":""no""}"
flyers_pf_sq210x210_pt_80-lb-text-coated-silk_cl_4-0_hor,Posters — SQ210x210 — hor,posters,posters,"{""CoatingType"":""none"",""ColorType"":""4-0"",""Orientation"":""hor"",""PaperFormat"":""SQ210x210"",""PaperType"":""80-lb-text-coated-silk"",""ProductStatus"":""activated"",""ProtectionType"":""none"",""ShapeEdgeType"":""none"",""SpotFinishingType"":""none"",""State"":""published"",""Variable"":""no""}"
flyers_pf_sq210x210_pt_80-lb-text-uncoated_cl_4-0_hor,Posters — SQ210x210 — hor,posters,posters,"{""CoatingType"":""none"",""ColorType"":""4-0"",""Orientation"":""hor"",""PaperFormat"":""SQ210x210"",""PaperType"":""80-lb-text-uncoated"",""ProductStatus"":""activated"",""ProtectionType"":""none"",""ShapeEdgeType"":""none"",""SpotFinishingType"":""none"",""State"":""published"",""Variable"":""no""}"
large-posters_pf_18x24-inch_pt_100-lb-text-coated-silk_cl_4-0_hor,Posters — 18x24-inch — hor,posters,posters,"{""CoatingType"":""none"",""ColorType"":""4-0"",""Orientation"":""hor"",""PaperFormat"":""18x24-inch"",""PaperType"":""100-lb-text-coated-silk"",""ProductStatus"":""activated"",""ProtectionType"":""none"",""ShapeEdgeType"":""none"",""SpotFinishingType"":""none"",""State"":""published"",""Variable"":""no""}"
large-posters_pf_18x24-inch_pt_100-lb-text-coated-silk_cl_4-0_ver,Posters — 18x24-inch — ver,posters,posters,"{""CoatingType"":""none"",""ColorType"":""4-0"",""Orientation"":""ver"",""PaperFormat"":""18x24-inch"",""PaperType"":""100-lb-text-coated-silk"",""ProductStatus"":""activated"",""ProtectionType"":""none"",""ShapeEdgeType"":""none"",""SpotFinishingType"":""none"",""State"":""published"",""Variable"":""no""}"
large-posters_pf_18x24-inch_pt_170-gsm-coated-silk_cl_4-0_hor,Posters — 18x24-inch — hor,posters,posters,"{""CoatingType"":""none"",""ColorType"":""4-0"",""Orientation"":""hor"",""PaperFormat"":""18x24-inch"",""PaperType"":""170-gsm-coated-silk"",""ProductStatus"":""activated"",""ProtectionType"":""none"",""ShapeEdgeType"":""none"",""SpotFinishingType"":""none"",""State"":""published"",""Variable"":""no""}"
large-posters_pf_18x24-inch_pt_170-gsm-coated-silk_cl_4-0_ver,Posters — 18x24-inch — ver,posters,posters,"{""CoatingType"":""none"",""ColorType"":""4-0"",""Orientation"":""ver"",""PaperFormat"":""18x24-inch"",""PaperType"":""170-gsm-coated-silk"",""ProductStatus"":""activated"",""ProtectionType"":""none"",""ShapeEdgeType"":""none"",""SpotFinishingType"":""none"",""State"":""published"",""Variable"":""no""}"
large-posters_pf_18x24-inch_pt_65-lb-cover-coated-silk_cl_4-0_hor,Posters — 18x24-inch — hor,posters,posters,"{""CoatingType"":""none"",""ColorType"":""4-0"",""Orientation"":""hor"",""PaperFormat"":""18x24-inch"",""PaperType"":""65-lb-cover-coated-silk"",""ProductStatus"":""activated"",""ProtectionType"":""none"",""ShapeEdgeType"":""none"",""SpotFinishingType"":""none"",""State"":""published"",""Variable"":""no""}"
large-posters_pf_18x24-inch_pt_65-lb-cover-coated-silk_cl_4-0_ver,Posters — 18x24-inch — ver,posters,posters,"{""CoatingType"":""none"",""ColorType"":""4-0"",""Orientation"":""ver"",""PaperFormat"":""18x24-inch"",""PaperType"":""65-lb-cover-coated-silk"",""ProductStatus"":""activated"",""ProtectionType"":""none"",""ShapeEdgeType"":""none"",""SpotFinishingType"":""none"",""State"":""published"",""Variable"":""no""}"
large-posters_pf_24x36-inch_pt_100-lb-text-coated-silk_cl_4-0_hor,Posters — 24x36-inch — hor,posters,posters,"{""CoatingType"":""none"",""ColorType"":""4-0"",""Orientation"":""hor"",""PaperFormat"":""24x36-inch"",""PaperType"":""100-lb-text-coated-silk"",""ProductStatus"":""activated"",""ProtectionType"":""none"",""ShapeEdgeType"":""none"",""SpotFinishingType"":""none"",""State"":""published"",""Variable"":""no""}"
large-posters_pf_24x36-inch_pt_100-lb-text-coated-silk_cl_4-0_ver,Posters — 24x36-inch — ver,posters,posters,"{""CoatingType"":""none"",""ColorType"":""4-0"",""Orientation"":""ver"",""PaperFormat"":""24x36-inch"",""PaperType"":""100-lb-text-coated-silk"",""ProductStatus"":""activated"",""ProtectionType"":""none"",""ShapeEdgeType"":""none"",""SpotFinishingType"":""none"",""State"":""published"",""Variable"":""no""}"
large-posters_pf_24x36-inch_pt_170-gsm-coated-silk_cl_4-0_hor,Posters — 24x36-inch — hor,posters,posters,"{""CoatingType"":""none"",""ColorType"":""4-0"",""Orientation"":""hor"",""PaperFormat"":""24x36-inch"",""PaperType"":""170-gsm-coated-silk"",""ProductStatus"":""activated"",""ProtectionType"":""none"",""ShapeEdgeType"":""none"",""SpotFinishingType"":""none"",""State"":""published"",""Variable"":""no""}"
large-posters_pf_24x36-inch_pt_170-gsm-coated-silk_cl_4-0_ver,Posters — 24x36-inch — ver,posters,posters,"{""CoatingType"":""none"",""ColorType"":""4-0"",""Orientation"":""ver"",""PaperFormat"":""24x36-inch"",""PaperType"":""170-gsm-coated-silk"",""ProductStatus"":""activated"",""ProtectionType"":""none"",""ShapeEdgeType"":""none"",""SpotFinishingType"":""none"",""State"":""published"",""Variable"":""no""}"
large-posters_pf_24x36-inch_pt_65-lb-cover-coated-silk_cl_4-0_ver,Posters — 24x36-inch — ver,posters,posters,"{""CoatingType"":""none"",""ColorType"":""4-0"",""Orientation"":""ver"",""PaperFormat"":""24x36-inch"",""PaperType"":""65-lb-cover-coated-silk"",""ProductStatus"":""activated"",""ProtectionType"":""none"",""ShapeEdgeType"":""none"",""SpotFinishingType"":""none"",""State"":""published"",""Variable"":""no""}"
large-posters_pf_400x500-mm_pt_170-gsm-coated-silk_cl_4-0_hor,Posters — 400x500-mm — hor,posters,posters,"{""CoatingType"":""none"",""ColorType"":""4-0"",""Orientation"":""hor"",""PaperFormat"":""400x500-mm"",""PaperType"":""170-gsm-coated-silk"",""ProductStatus"":""activated"",""ProtectionType"":""none"",""ShapeEdgeType"":""none"",""SpotFinishingType"":""none"",""State"":""published"",""Variable"":""no""}"
large-posters_pf_400x500-mm_pt_170-gsm-coated-silk_cl_4-0_ver,Posters — 400x500-mm — ver,posters,posters,"{""CoatingType"":""none"",""ColorType"":""4-0"",""Orientation"":""ver"",""PaperFormat"":""400x500-mm"",""PaperType"":""170-gsm-coated-silk"",""ProductStatus"":""activated"",""ProtectionType"":""none"",""ShapeEdgeType"":""none"",""SpotFinishingType"":""none"",""State"":""published"",""Variable"":""no""}"
large-posters_pf_400x500-mm_pt_65-lb-cover-coated-silk_cl_4-0_ver,Posters — 400x500-mm — ver,posters,posters,"{""CoatingType"":""none"",""ColorType"":""4-0"",""Orientation"":""ver"",""PaperFormat"":""400x500-mm"",""PaperType"":""65-lb-cover-coated-silk"",""ProductStatus"":""activated"",""ProtectionType"":""none"",""ShapeEdgeType"":""none"",""SpotFinishingType"":""none"",""State"":""published"",""Variable"":""no""}"
large-posters_pf_400x600-mm_pt_170-gsm-coated-silk_cl_4-0_hor,Posters — 400x600-mm — hor,posters,posters,"{""CoatingType"":""none"",""ColorType"":""4-0"",""Orientation"":""hor"",""PaperFormat"":""400x600-mm"",""PaperType"":""170-gsm-coated-silk"",""ProductStatus"":""activated"",""ProtectionType"":""none"",""ShapeEdgeType"":""none"",""SpotFinishingType"":""none"",""State"":""published"",""Variable"":""no""}"
large-posters_pf_400x600-mm_pt_170-gsm-coated-silk_cl_4-0_ver,Posters — 400x600-mm — ver,posters,posters,"{""CoatingType"":""none"",""ColorType"":""4-0"",""Orientation"":""ver"",""PaperFormat"":""400x600-mm"",""PaperType"":""170-gsm-coated-silk"",""ProductStatus"":""activated"",""ProtectionType"":""none"",""ShapeEdgeType"":""none"",""SpotFinishingType"":""none"",""State"":""published"",""Variable"":""no""}"
large-posters_pf_500x500-mm_pt_170-gsm-coated-silk_cl_4-0_ver,Posters — 500x500-mm — ver,posters,posters,"{""CoatingType"":""none"",""ColorType"":""4-0"",""Orientation"":""ver"",""PaperFormat"":""500x500-mm"",""PaperType"":""170-gsm-coated-silk"",""ProductStatus"":""activated"",""ProtectionType"":""none"",""ShapeEdgeType"":""none"",""SpotFinishingType"":""none"",""State"":""published"",""Variable"":""no""}"
large-posters_pf_500x700-mm_pt_100-lb-text-coated-silk_cl_4-0_hor,Posters — 500x700-mm — hor,posters,posters,"{""CoatingType"":""none"",""ColorType"":""4-0"",""Orientation"":""hor"",""PaperFormat"":""500x700-mm"",""PaperType"":""100-lb-text-coated-silk"",""ProductStatus"":""activated"",""ProtectionType"":""none"",""ShapeEdgeType"":""none"",""SpotFinishingType"":""none"",""State"":""published"",""Variable"":""no""}"
large-posters_pf_500x700-mm_pt_100-lb-text-coated-silk_cl_4-0_ver,Posters — 500x700-mm — ver,posters,posters,"{""CoatingType"":""none"",""ColorType"":""4-0"",""Orientation"":""ver"",""PaperFormat"":""500x700-mm"",""PaperType"":""100-lb-text-coated-silk"",""ProductStatus"":""activated"",""ProtectionType"":""none"",""ShapeEdgeType"":""none"",""SpotFinishingType"":""none"",""State"":""published"",""Variable"":""no""}"
large-posters_pf_500x700-mm_pt_170-gsm-coated-silk_cl_4-0_hor,Posters — 500x700-mm — hor,posters,posters,"{""CoatingType"":""none"",""ColorType"":""4-0"",""Orientation"":""hor"",""PaperFormat"":""500x700-mm"",""PaperType"":""170-gsm-coated-silk"",""ProductStatus"":""activated"",""ProtectionType"":""none"",""ShapeEdgeType"":""none"",""SpotFinishingType"":""none"",""State"":""published"",""Variable"":""no""}"
large-posters_pf_500x700-mm_pt_170-gsm-coated-silk_cl_4-0_ver,Posters — 500x700-mm — ver,posters,posters,"{""CoatingType"":""none"",""ColorType"":""4-0"",""Orientation"":""ver"",""PaperFormat"":""500x700-mm"",""PaperType"":""170-gsm-coated-silk"",""ProductStatus"":""activated"",""ProtectionType"":""none"",""ShapeEdgeType"":""none"",""SpotFinishingType"":""none"",""State"":""published"",""Variable"":""no""}"
large-posters_pf_500x700-mm_pt_65-lb-cover-coated-silk_cl_4-0_ver,Posters — 500x700-mm — ver,posters,posters,"{""CoatingType"":""none"",""ColorType"":""4-0"",""Orientation"":""ver"",""PaperFormat"":""500x700-mm"",""PaperType"":""65-lb-cover-coated-silk"",""ProductStatus"":""activated"",""ProtectionType"":""none"",""ShapeEdgeType"":""none"",""SpotFinishingType"":""none"",""State"":""published"",""Variable"":""no""}"
large-posters_pf_533x711-mm_pt_100-lb-text-coated-silk_cl_4-0_ver,Posters — 533x711-mm — ver,posters,posters,"{""CoatingType"":""none"",""ColorType"":""4-0"",""Orientation"":""ver"",""PaperFormat"":""533x711-mm"",""PaperType"":""100-lb-text-coated-silk"",""ProductStatus"":""activated"",""ProtectionType"":""none"",""ShapeEdgeType"":""none"",""SpotFinishingType"":""none"",""State"":""published"",""Variable"":""no""}"
large-posters_pf_533x711-mm_pt_65-lb-cover-coated-silk_cl_4-0_hor,Posters — 533x711-mm — hor,posters,posters,"{""CoatingType"":""none"",""ColorType"":""4-0"",""Orientation"":""hor"",""PaperFormat"":""533x711-mm"",""PaperType"":""65-lb-cover-coated-silk"",""ProductStatus"":""activated"",""ProtectionType"":""none"",""ShapeEdgeType"":""none"",""SpotFinishingType"":""none"",""State"":""published"",""Variable"":""no""}"
large-posters_pf_700x1000-mm_pt_100-lb-text-coated-silk_cl_4-0_hor,Posters — 700x1000-mm — hor,posters,posters,"{""CoatingType"":""none"",""ColorType"":""4-0"",""Orientation"":""hor"",""PaperFormat"":""700x1000-mm"",""PaperType"":""100-lb-text-coated-silk"",""ProductStatus"":""activated"",""ProtectionType"":""none"",""ShapeEdgeType"":""none"",""SpotFinishingType"":""none"",""State"":""published"",""Variable"":""no""}"
large-posters_pf_700x1000-mm_pt_100-lb-text-coated-silk_cl_4-0_ver,Posters — 700x1000-mm — ver,posters,posters,"{""CoatingType"":""none"",""ColorType"":""4-0"",""Orientation"":""ver"",""PaperFormat"":""700x1000-mm"",""PaperType"":""100-lb-text-coated-silk"",""ProductStatus"":""activated"",""ProtectionType"":""none"",""ShapeEdgeType"":""none"",""SpotFinishingType"":""none"",""State"":""published"",""Variable"":""no""}"
large-posters_pf_700x1000-mm_pt_170-gsm-coated-silk_cl_4-0_hor,Posters — 700x1000-mm — hor,posters,posters,"{""CoatingType"":""none"",""ColorType"":""4-0"",""Orientation"":""hor"",""PaperFormat"":""700x1000-mm"",""PaperType"":""170-gsm-coated-silk"",""ProductStatus"":""activated"",""ProtectionType"":""none"",""ShapeEdgeType"":""none"",""SpotFinishingType"":""none"",""State"":""published"",""Variable"":""no""}"
large-posters_pf_700x1000-mm_pt_170-gsm-coated-silk_cl_4-0_ver,Posters — 700x1000-mm — ver,posters,posters,"{""CoatingType"":""none"",""ColorType"":""4-0"",""Orientation"":""ver"",""PaperFormat"":""700x1000-mm"",""PaperType"":""170-gsm-coated-silk"",""ProductStatus"":""activated"",""ProtectionType"":""none"",""ShapeEdgeType"":""none"",""SpotFinishingType"":""none"",""State"":""published"",""Variable"":""no""}"
large-posters_pf_a0_pt_100-lb-text-coated-silk_cl_4-0_hor,Posters — A0 — hor,posters,posters,"{""CoatingType"":""none"",""ColorType"":""4-0"",""Orientation"":""hor"",""PaperFormat"":""A0"",""PaperType"":""100-lb-text-coated-silk"",""ProductStatus"":""activated"",""ProtectionType"":""none"",""ShapeEdgeType"":""none"",""SpotFinishingType"":""none"",""State"":""published"",""Variable"":""no""}"
large-posters_pf_a0_pt_100-lb-text-coated-silk_cl_4-0_ver,Posters — A0 — ver,posters,posters,"{""CoatingType"":""none"",""ColorType"":""4-0"",""Orientation"":""ver"",""PaperFormat"":""A0"",""PaperType"":""100-lb-text-coated-silk"",""ProductStatus"":""activated"",""ProtectionType"":""none"",""ShapeEdgeType"":""none"",""SpotFinishingType"":""none"",""State"":""published"",""Variable"":""no""}"
large-posters_pf_a0_pt_170-gsm-coated-silk_cl_4-0_hor,Posters — A0 — hor,posters,posters,"{""CoatingType"":""none"",""ColorType"":""4-0"",""Orientation"":""hor"",""PaperFormat"":""A0"",""PaperType"":""170-gsm-coated-silk"",""ProductStatus"":""activated"",""ProtectionType"":""none"",""ShapeEdgeType"":""none"",""SpotFinishingType"":""none"",""State"":""published"",""Variable"":""no""}"
large-posters_pf_a0_pt_170-gsm-coated-silk_cl_4-0_ver,Posters — A0 — ver,posters,posters,"{""CoatingType"":""none"",""ColorType"":""4-0"",""Orientation"":""ver"",""PaperFormat"":""A0"",""PaperType"":""170-gsm-coated-silk"",""ProductStatus"":""activated"",""ProtectionType"":""none"",""ShapeEdgeType"":""none"",""SpotFinishingType"":""none"",""State"":""published"",""Variable"":""no""}"
large-posters_pf_a1_pt_100-lb-text-coated-silk_cl_4-0_hor,Posters — A1 — hor,posters,posters,"{""CoatingType"":""none"",""ColorType"":""4-0"",""Orientation"":""hor"",""PaperFormat"":""A1"",""PaperType"":""100-lb-text-coated-silk"",""ProductStatus"":""activated"",""ProtectionType"":""none"",""ShapeEdgeType"":""none"",""SpotFinishingType"":""none"",""State"":""published"",""Variable"":""no""}"
large-posters_pf_a1_pt_100-lb-text-coated-silk_cl_4-0_ver,Posters — A1 — ver,posters,posters,"{""CoatingType"":""none"",""ColorType"":""4-0"",""Orientation"":""ver"",""PaperFormat"":""A1"",""PaperType"":""100-lb-text-coated-silk"",""ProductStatus"":""activated"",""ProtectionType"":""none"",""ShapeEdgeType"":""none"",""SpotFinishingType"":""none"",""State"":""published"",""Variable"":""no""}"
large-posters_pf_a1_pt_170-gsm-coated-silk_cl_4-0_hor,Posters — A1 — hor,posters,posters,"{""CoatingType"":""none"",""ColorType"":""4-0"",""Orientation"":""hor"",""PaperFormat"":""A1"",""PaperType"":""170-gsm-coated-silk"",""ProductStatus"":""activated"",""ProtectionType"":""none"",""ShapeEdgeType"":""none"",""SpotFinishingType"":""none"",""State"":""published"",""Variable"":""no""}"
large-posters_pf_a1_pt_170-gsm-coated-silk_cl_4-0_ver,Posters — A1 — ver,posters,posters,"{""CoatingType"":""none"",""ColorType"":""4-0"",""Orientation"":""ver"",""PaperFormat"":""A1"",""PaperType"":""170-gsm-coated-silk"",""ProductStatus"":""activated"",""ProtectionType"":""none"",""ShapeEdgeType"":""none"",""SpotFinishingType"":""none"",""State"":""published"",""Variable"":""no""}"
large-posters_pf_a2_pt_100-lb-text-coated-silk_cl_4-0_hor,Posters — A2 — hor,posters,posters,"{""CoatingType"":""none"",""ColorType"":""4-0"",""Orientation"":""hor"",""PaperFormat"":""A2"",""PaperType"":""100-lb-text-coated-silk"",""ProductStatus"":""activated"",""ProtectionType"":""none"",""ShapeEdgeType"":""none"",""SpotFinishingType"":""none"",""State"":""published"",""Variable"":""no""}"
large-posters_pf_a2_pt_100-lb-text-coated-silk_cl_4-0_ver,Posters — A2 — ver,posters,posters,"{""CoatingType"":""none"",""ColorType"":""4-0"",""Orientation"":""ver"",""PaperFormat"":""A2"",""PaperType"":""100-lb-text-coated-silk"",""ProductStatus"":""activated"",""ProtectionType"":""none"",""ShapeEdgeType"":""none"",""SpotFinishingType"":""none"",""State"":""published"",""Variable"":""no""}"
large-posters_pf_a2_pt_170-gsm-coated-silk_cl_4-0_hor,Posters — A2 — hor,posters,posters,"{""CoatingType"":""none"",""ColorType"":""4-0"",""Orientation"":""hor"",""PaperFormat"":""A2"",""PaperType"":""170-gsm-coated-silk"",""ProductStatus"":""activated"",""ProtectionType"":""none"",""ShapeEdgeType"":""none"",""SpotFinishingType"":""none"",""State"":""published"",""Variable"":""no""}"
large-posters_pf_a2_pt_170-gsm-coated-silk_cl_4-0_ver,Posters — A2 — ver,posters,posters,"{""CoatingType"":""none"",""ColorType"":""4-0"",""Orientation"":""ver"",""PaperFormat"":""A2"",""PaperType"":""170-gsm-coated-silk"",""ProductStatus"":""activated"",""ProtectionType"":""none"",""ShapeEdgeType"":""none"",""SpotFinishingType"":""none"",""State"":""published"",""Variable"":""no""}"
large-posters_pf_b1_pt_100-lb-text-coated-silk_cl_4-0_hor,Posters — B1 — hor,posters,posters,"{""CoatingType"":""none"",""ColorType"":""4-0"",""Orientation"":""hor"",""PaperFormat"":""B1"",""PaperType"":""100-lb-text-coated-silk"",""ProductStatus"":""activated"",""ProtectionType"":""none"",""ShapeEdgeType"":""none"",""SpotFinishingType"":""none"",""State"":""published"",""Variable"":""no""}"
large-posters_pf_b1_pt_100-lb-text-coated-silk_cl_4-0_ver,Posters — B1 — ver,posters,posters,"{""CoatingType"":""none"",""ColorType"":""4-0"",""Orientation"":""ver"",""PaperFormat"":""B1"",""PaperType"":""100-lb-text-coated-silk"",""ProductStatus"":""activated"",""ProtectionType"":""none"",""ShapeEdgeType"":""none"",""SpotFinishingType"":""none"",""State"":""published"",""Variable"":""no""}"
large-posters_pf_b1_pt_170-gsm-coated-silk_cl_4-0_hor,Posters — B1 — hor,posters,posters,"{""CoatingType"":""none"",""ColorType"":""4-0"",""Orientation"":""hor"",""PaperFormat"":""B1"",""PaperType"":""170-gsm-coated-silk"",""ProductStatus"":""activated"",""ProtectionType"":""none"",""ShapeEdgeType"":""none"",""SpotFinishingType"":""none"",""State"":""published"",""Variable"":""no""}"
large-posters_pf_b1_pt_170-gsm-coated-silk_cl_4-0_ver,Posters — B1 — ver,posters,posters,"{""CoatingType"":""none"",""ColorType"":""4-0"",""Orientation"":""ver"",""PaperFormat"":""B1"",""PaperType"":""170-gsm-coated-silk"",""ProductStatus"":""activated"",""ProtectionType"":""none"",""ShapeEdgeType"":""none"",""SpotFinishingType"":""none"",""State"":""published"",""Variable"":""no""}"
large-posters_pf_b2_pt_100-lb-text-coated-silk_cl_4-0_hor,Posters — B2 — hor,posters,posters,"{""CoatingType"":""none"",""ColorType"":""4-0"",""Orientation"":""hor"",""PaperFormat"":""B2"",""PaperType"":""100-lb-text-coated-silk"",""ProductStatus"":""activated"",""ProtectionType"":""none"",""ShapeEdgeType"":""none"",""SpotFinishingType"":""none"",""State"":""published"",""Variable"":""no""}"
large-posters_pf_b2_pt_100-lb-text-coated-silk_cl_4-0_ver,Posters — B2 — ver,posters,posters,"{""CoatingType"":""none"",""ColorType"":""4-0"",""Orientation"":""ver"",""PaperFormat"":""B2"",""PaperType"":""100-lb-text-coated-silk"",""ProductStatus"":""activated"",""ProtectionType"":""none"",""ShapeEdgeType"":""none"",""SpotFinishingType"":""none"",""State"":""published"",""Variable"":""no""}"
large-posters_pf_b2_pt_170-gsm-coated-silk_cl_4-0_hor,Posters — B2 — hor,posters,posters,"{""CoatingType"":""none"",""ColorType"":""4-0"",""Orientation"":""hor"",""PaperFormat"":""B2"",""PaperType"":""170-gsm-coated-silk"",""ProductStatus"":""activated"",""ProtectionType"":""none"",""ShapeEdgeType"":""none"",""SpotFinishingType"":""none"",""State"":""published"",""Variable"":""no""}"
large-posters_pf_b2_pt_170-gsm-coated-silk_cl_4-0_ver,Posters — B2 — ver,posters,posters,"{""CoatingType"":""none"",""ColorType"":""4-0"",""Orientation"":""ver"",""PaperFormat"":""B2"",""PaperType"":""170-gsm-coated-silk"",""ProductStatus"":""activated"",""ProtectionType"":""none"",""ShapeEdgeType"":""none"",""SpotFinishingType"":""none"",""State"":""published"",""Variable"":""no""}"
letterheads_pf_210x279-mm_pt_90-gsm-uncoated_cl_4-0_hor,Posters — 210x279-mm — hor,posters,posters,"{""CoatingType"":""none"",""ColorType"":""4-0"",""Orientation"":""hor"",""PaperFormat"":""210x279-mm"",""PaperType"":""90-gsm-uncoated"",""ProductStatus"":""activated"",""ProtectionType"":""none"",""ShapeEdgeType"":""none"",""SpotFinishingType"":""none"",""State"":""published"",""Variable"":""no""}"
letterheads_pf_210x279-mm_pt_90-gsm-uncoated_cl_4-0_ver,Posters — 210x279-mm — ver,posters,posters,"{""CoatingType"":""none"",""ColorType"":""4-0"",""Orientation"":""ver"",""PaperFormat"":""210x279-mm"",""PaperType"":""90-gsm-uncoated"",""ProductStatus"":""activated"",""ProtectionType"":""none"",""ShapeEdgeType"":""none"",""SpotFinishingType"":""none"",""State"":""published"",""Variable"":""no""}"
letterheads_pf_a4_pt_90-gsm-uncoated_cl_4-0_hor,Posters — A4 — hor,posters,posters,"{""CoatingType"":""none"",""ColorType"":""4-0"",""Orientation"":""hor"",""PaperFormat"":""A4"",""PaperType"":""90-gsm-uncoated"",""ProductStatus"":""activated"",""ProtectionType"":""none"",""ShapeEdgeType"":""none"",""SpotFinishingType"":""none"",""State"":""published"",""Variable"":""no""}"
letterheads_pf_a4_pt_90-gsm-uncoated_cl_4-0_ver,Posters — A4 — ver,posters,posters,"{""CoatingType"":""none"",""ColorType"":""4-0"",""Orientation"":""ver"",""PaperFormat"":""A4"",""PaperType"":""90-gsm-uncoated"",""ProductStatus"":""activated"",""ProtectionType"":""none"",""ShapeEdgeType"":""none"",""SpotFinishingType"":""none"",""State"":""published"",""Variable"":""no""}"
letterheads_pf_lt_pt_90-gsm-uncoated_cl_4-0_hor,Posters — LT — hor,posters,posters,"{""CoatingType"":""none"",""ColorType"":""4-0"",""Orientation"":""hor"",""PaperFormat"":""LT"",""PaperType"":""90-gsm-uncoated"",""ProductStatus"":""activated"",""ProtectionType"":""none"",""ShapeEdgeType"":""none"",""SpotFinishingType"":""none"",""State"":""published"",""Variable"":""no""}"
letterheads_pf_lt_pt_90-gsm-uncoated_cl_4-0_ver,Posters — LT — ver,posters,posters,"{""CoatingType"":""none"",""ColorType"":""4-0"",""Orientation"":""ver"",""PaperFormat"":""LT"",""PaperType"":""90-gsm-uncoated"",""ProductStatus"":""activated"",""ProtectionType"":""none"",""ShapeEdgeType"":""none"",""SpotFinishingType"":""none"",""State"":""published"",""Variable"":""no""}"
posters_pf_210x300-mm_pt_170-gsm-coated-silk_cl_4-0_hor,Posters — 210x300-mm — hor,posters,posters,"{""CoatingType"":""none"",""ColorType"":""4-0"",""Orientation"":""hor"",""PaperFormat"":""210x300-mm"",""PaperType"":""170-gsm-coated-silk"",""ProductStatus"":""activated"",""ProtectionType"":""none"",""ShapeEdgeType"":""none"",""SpotFinishingType"":""none"",""State"":""published"",""Variable"":""no""}"
posters_pf_210x300-mm_pt_170-gsm-coated-silk_cl_4-0_ver,Posters — 210x300-mm — ver,posters,posters,"{""CoatingType"":""none"",""ColorType"":""4-0"",""Orientation"":""ver"",""PaperFormat"":""210x300-mm"",""PaperType"":""170-gsm-coated-silk"",""ProductStatus"":""activated"",""ProtectionType"":""none"",""ShapeEdgeType"":""none"",""SpotFinishingType"":""none"",""State"":""published"",""Variable"":""no""}"
posters_pf_300x400-mm_pt_170-gsm-coated-silk_cl_4-0_hor,Posters — 300x400-mm — hor,posters,posters,"{""CoatingType"":""none"",""ColorType"":""4-0"",""Orientation"":""hor"",""PaperFormat"":""300x400-mm"",""PaperType"":""170-gsm-coated-silk"",""ProductStatus"":""activated"",""ProtectionType"":""none"",""ShapeEdgeType"":""none"",""SpotFinishingType"":""none"",""State"":""published"",""Variable"":""no""}"
posters_pf_300x400-mm_pt_170-gsm-coated-silk_cl_4-0_ver,Posters — 300x400-mm — ver,posters,posters,"{""CoatingType"":""none"",""ColorType"":""4-0"",""Orientation"":""ver"",""PaperFormat"":""300x400-mm"",""PaperType"":""170-gsm-coated-silk"",""ProductStatus"":""activated"",""ProtectionType"":""none"",""ShapeEdgeType"":""none"",""SpotFinishingType"":""none"",""State"":""published"",""Variable"":""no""}"
posters_pf_300x400-mm_pt_65-lb-cover-coated-silk_cl_4-0_ver,Posters — 300x400-mm — ver,posters,posters,"{""CoatingType"":""none"",""ColorType"":""4-0"",""Orientation"":""ver"",""PaperFormat"":""300x400-mm"",""PaperType"":""65-lb-cover-coated-silk"",""ProductStatus"":""activated"",""ProtectionType"":""none"",""ShapeEdgeType"":""none"",""SpotFinishingType"":""none"",""State"":""published"",""Variable"":""no""}"
posters_pf_305x406-mm_pt_100-lb-text-coated-silk_cl_4-0_ver,Posters — 305x406-mm — ver,posters,posters,"{""CoatingType"":""none"",""ColorType"":""4-0"",""Orientation"":""ver"",""PaperFormat"":""305x406-mm"",""PaperType"":""100-lb-text-coated-silk"",""ProductStatus"":""activated"",""ProtectionType"":""none"",""ShapeEdgeType"":""none"",""SpotFinishingType"":""none"",""State"":""published"",""Variable"":""no""}"
posters_pf_305x406-mm_pt_65-lb-cover-coated-silk_cl_4-0_hor,Posters — 305x406-mm — hor,posters,posters,"{""CoatingType"":""none"",""ColorType"":""4-0"",""Orientation"":""hor"",""PaperFormat"":""305x406-mm"",""PaperType"":""65-lb-cover-coated-silk"",""ProductStatus"":""activated"",""ProtectionType"":""none"",""ShapeEdgeType"":""none"",""SpotFinishingType"":""none"",""State"":""published"",""Variable"":""no""}"
posters_pf_305x406-mm_pt_65-lb-cover-coated-silk_cl_4-0_ver,Posters — 305x406-mm — ver,posters,posters,"{""CoatingType"":""none"",""ColorType"":""4-0"",""Orientation"":""ver"",""PaperFormat"":""305x406-mm"",""PaperType"":""65-lb-cover-coated-silk"",""ProductStatus"":""activated"",""ProtectionType"":""none"",""ShapeEdgeType"":""none"",""SpotFinishingType"":""none"",""State"":""published"",""Variable"":""no""}"
posters_pf_a3_pt_100-lb-text-coated-silk_cl_4-0_hor,Posters — A3 — hor,posters,posters,"{""CoatingType"":""none"",""ColorType"":""4-0"",""Orientation"":""hor"",""PaperFormat"":""A3"",""PaperType"":""100-lb-text-coated-silk"",""ProductStatus"":""activated"",""ProtectionType"":""none"",""ShapeEdgeType"":""none"",""SpotFinishingType"":""none"",""State"":""published"",""Variable"":""no""}"
posters_pf_a3_pt_100-lb-text-coated-silk_cl_4-0_ver,Posters — A3 — ver,posters,posters,"{""CoatingType"":""none"",""ColorType"":""4-0"",""Orientation"":""ver"",""PaperFormat"":""A3"",""PaperType"":""100-lb-text-coated-silk"",""ProductStatus"":""activated"",""ProtectionType"":""none"",""ShapeEdgeType"":""none"",""SpotFinishingType"":""none"",""State"":""published"",""Variable"":""no""}"
posters_pf_a3_pt_100-lb-text-uncoated_cl_4-0_hor,Posters — A3 — hor,posters,posters,"{""CoatingType"":""none"",""ColorType"":""4-0"",""Orientation"":""hor"",""PaperFormat"":""A3"",""PaperType"":""100-lb-text-uncoated"",""ProductStatus"":""activated"",""ProtectionType"":""none"",""ShapeEdgeType"":""none"",""SpotFinishingType"":""none"",""State"":""published"",""Variable"":""no""}"
posters_pf_a3_pt_100-lb-text-uncoated_cl_4-0_ver,Posters — A3 — ver,posters,posters,"{""CoatingType"":""none"",""ColorType"":""4-0"",""Orientation"":""ver"",""PaperFormat"":""A3"",""PaperType"":""100-lb-text-uncoated"",""ProductStatus"":""activated"",""ProtectionType"":""none"",""ShapeEdgeType"":""none"",""SpotFinishingType"":""none"",""State"":""published"",""Variable"":""no""}"
posters_pf_a3_pt_110-lb-cover-uncoated_cl_4-0_hor,Posters — A3 — hor,posters,posters,"{""CoatingType"":""none"",""ColorType"":""4-0"",""Orientation"":""hor"",""PaperFormat"":""A3"",""PaperType"":""110-lb-cover-uncoated"",""ProductStatus"":""activated"",""ProtectionType"":""none"",""ShapeEdgeType"":""none"",""SpotFinishingType"":""none"",""State"":""published"",""Variable"":""no""}"
posters_pf_a3_pt_110-lb-cover-uncoated_cl_4-0_ver,Posters — A3 — ver,posters,posters,"{""CoatingType"":""none"",""ColorType"":""4-0"",""Orientation"":""ver"",""PaperFormat"":""A3"",""PaperType"":""110-lb-cover-uncoated"",""ProductStatus"":""activated"",""ProtectionType"":""none"",""ShapeEdgeType"":""none"",""SpotFinishingType"":""none"",""State"":""published"",""Variable"":""no""}"
posters_pf_a3_pt_130-lb-cover-coated-silk_cl_4-0_hor,Posters — A3 — hor,posters,posters,"{""CoatingType"":""none"",""ColorType"":""4-0"",""Orientation"":""hor"",""PaperFormat"":""A3"",""PaperType"":""130-lb-cover-coated-silk"",""ProductStatus"":""activated"",""ProtectionType"":""none"",""ShapeEdgeType"":""none"",""SpotFinishingType"":""none"",""State"":""published"",""Variable"":""no""}"
posters_pf_a3_pt_130-lb-cover-coated-silk_cl_4-0_ver,Posters — A3 — ver,posters,posters,"{""CoatingType"":""none"",""ColorType"":""4-0"",""Orientation"":""ver"",""PaperFormat"":""A3"",""PaperType"":""130-lb-cover-coated-silk"",""ProductStatus"":""activated"",""ProtectionType"":""none"",""ShapeEdgeType"":""none"",""SpotFinishingType"":""none"",""State"":""published"",""Variable"":""no""}"
posters_pf_a3_pt_170-gsm-coated-silk_cl_4-0_hor,Posters — A3 — hor,posters,posters,"{""CoatingType"":""none"",""ColorType"":""4-0"",""Orientation"":""hor"",""PaperFormat"":""A3"",""PaperType"":""170-gsm-coated-silk"",""ProductStatus"":""activated"",""ProtectionType"":""none"",""ShapeEdgeType"":""none"",""SpotFinishingType"":""none"",""State"":""published"",""Variable"":""no""}"
posters_pf_a3_pt_170-gsm-coated-silk_cl_4-0_ver,Posters — A3 — ver,posters,posters,"{""CoatingType"":""none"",""ColorType"":""4-0"",""Orientation"":""ver"",""PaperFormat"":""A3"",""PaperType"":""170-gsm-coated-silk"",""ProductStatus"":""activated"",""ProtectionType"":""none"",""ShapeEdgeType"":""none"",""SpotFinishingType"":""none"",""State"":""published"",""Variable"":""no""}"
posters_pf_a3_pt_170-gsm-uncoated_cl_4-0_hor,Posters — A3 — hor,posters,posters,"{""CoatingType"":""none"",""ColorType"":""4-0"",""Orientation"":""hor"",""PaperFormat"":""A3"",""PaperType"":""170-gsm-uncoated"",""ProductStatus"":""activated"",""ProtectionType"":""none"",""ShapeEdgeType"":""none"",""SpotFinishingType"":""none"",""State"":""published"",""Variable"":""no""}"
posters_pf_a3_pt_170-gsm-uncoated_cl_4-0_ver,Posters — A3 — ver,posters,posters,"{""CoatingType"":""none"",""ColorType"":""4-0"",""Orientation"":""ver"",""PaperFormat"":""A3"",""PaperType"":""170-gsm-uncoated"",""ProductStatus"":""activated"",""ProtectionType"":""none"",""ShapeEdgeType"":""none"",""SpotFinishingType"":""none"",""State"":""published"",""Variable"":""no""}"
posters_pf_a3_pt_300-gsm-uncoated_cl_4-0_hor,Posters — A3 — hor,posters,posters,"{""CoatingType"":""none"",""ColorType"":""4-0"",""Orientation"":""hor"",""PaperFormat"":""A3"",""PaperType"":""300-gsm-uncoated"",""ProductStatus"":""activated"",""ProtectionType"":""none"",""ShapeEdgeType"":""none"",""SpotFinishingType"":""none"",""State"":""published"",""Variable"":""no""}"
posters_pf_a3_pt_300-gsm-uncoated_cl_4-0_ver,Posters — A3 — ver,posters,posters,"{""CoatingType"":""none"",""ColorType"":""4-0"",""Orientation"":""ver"",""PaperFormat"":""A3"",""PaperType"":""300-gsm-uncoated"",""ProductStatus"":""activated"",""ProtectionType"":""none"",""ShapeEdgeType"":""none"",""SpotFinishingType"":""none"",""State"":""published"",""Variable"":""no""}"
posters_pf_a3_pt_350-gsm-coated-silk_cl_4-0_hor,Posters — A3 — hor,posters,posters,"{""CoatingType"":""none"",""ColorType"":""4-0"",""Orientation"":""hor"",""PaperFormat"":""A3"",""PaperType"":""350-gsm-coated-silk"",""ProductStatus"":""activated"",""ProtectionType"":""none"",""ShapeEdgeType"":""none"",""SpotFinishingType"":""none"",""State"":""published"",""Variable"":""no""}"
posters_pf_a3_pt_350-gsm-coated-silk_cl_4-0_ver,Posters — A3 — ver,posters,posters,"{""CoatingType"":""none"",""ColorType"":""4-0"",""Orientation"":""ver"",""PaperFormat"":""A3"",""PaperType"":""350-gsm-coated-silk"",""ProductStatus"":""activated"",""ProtectionType"":""none"",""ShapeEdgeType"":""none"",""SpotFinishingType"":""none"",""State"":""published"",""Variable"":""no""}"
posters_pf_xl_pt_100-lb-text-coated-silk_cl_4-0_hor,Posters — XL — hor,posters,posters,"{""CoatingType"":""none"",""ColorType"":""4-0"",""Orientation"":""hor"",""PaperFormat"":""XL"",""PaperType"":""100-lb-text-coated-silk"",""ProductStatus"":""activated"",""ProtectionType"":""none"",""ShapeEdgeType"":""none"",""SpotFinishingType"":""none"",""State"":""published"",""Variable"":""no""}"
posters_pf_xl_pt_100-lb-text-coated-silk_cl_4-0_ver,Posters — XL — ver,posters,posters,"{""CoatingType"":""none"",""ColorType"":""4-0"",""Orientation"":""ver"",""PaperFormat"":""XL"",""PaperType"":""100-lb-text-coated-silk"",""ProductStatus"":""activated"",""ProtectionType"":""none"",""ShapeEdgeType"":""none"",""SpotFinishingType"":""none"",""State"":""published"",""Variable"":""no""}"
posters_pf_xl_pt_100-lb-text-uncoated_cl_4-0_hor,Posters — XL — hor,posters,posters,"{""CoatingType"":""none"",""ColorType"":""4-0"",""Orientation"":""hor"",""PaperFormat"":""XL"",""PaperType"":""100-lb-text-uncoated"",""ProductStatus"":""activated"",""ProtectionType"":""none"",""ShapeEdgeType"":""none"",""SpotFinishingType"":""none"",""State"":""published"",""Variable"":""no""}"
posters_pf_xl_pt_100-lb-text-uncoated_cl_4-0_ver,Posters — XL — ver,posters,posters,"{""CoatingType"":""none"",""ColorType"":""4-0"",""Orientation"":""ver"",""PaperFormat"":""XL"",""PaperType"":""100-lb-text-uncoated"",""ProductStatus"":""activated"",""ProtectionType"":""none"",""ShapeEdgeType"":""none"",""SpotFinishingType"":""none"",""State"":""published"",""Variable"":""no""}"
posters_pf_xl_pt_170-gsm-coated-silk_cl_4-0_hor,Posters — XL — hor,posters,posters,"{""CoatingType"":""none"",""ColorType"":""4-0"",""Orientation"":""hor"",""PaperFormat"":""XL"",""PaperType"":""170-gsm-coated-silk"",""ProductStatus"":""activated"",""ProtectionType"":""none"",""ShapeEdgeType"":""none"",""SpotFinishingType"":""none"",""State"":""published"",""Variable"":""no""}"
posters_pf_xl_pt_170-gsm-coated-silk_cl_4-0_ver,Posters — XL — ver,posters,posters,"{""CoatingType"":""none"",""ColorType"":""4-0"",""Orientation"":""ver"",""PaperFormat"":""XL"",""PaperType"":""170-gsm-coated-silk"",""ProductStatus"":""activated"",""ProtectionType"":""none"",""ShapeEdgeType"":""none"",""SpotFinishingType"":""none"",""State"":""published"",""Variable"":""no""}"
posters_pf_xl_pt_170-gsm-uncoated_cl_4-0_hor,Posters — XL — hor,posters,posters,"{""CoatingType"":""none"",""ColorType"":""4-0"",""Orientation"":""hor"",""PaperFormat"":""XL"",""PaperType"":""170-gsm-uncoated"",""ProductStatus"":""activated"",""ProtectionType"":""none"",""ShapeEdgeType"":""none"",""SpotFinishingType"":""none"",""State"":""published"",""Variable"":""no""}"
posters_pf_xl_pt_170-gsm-uncoated_cl_4-0_ver,Posters — XL — ver,posters,posters,"{""CoatingType"":""none"",""ColorType"":""4-0"",""Orientation"":""ver"",""PaperFormat"":""XL"",""PaperType"":""170-gsm-uncoated"",""ProductStatus"":""activated"",""ProtectionType"":""none"",""ShapeEdgeType"":""none"",""SpotFinishingType"":""none"",""State"":""published"",""Variable"":""no""}"
