Product Title,Product Description,Product UID,Print File URL,Should Publish Images?
Posters — 140x180-mm — hor,"Personalised posters from Pixora. Upload your photo, preview on a live product mockup, and we print and ship premium quality to your door. Ideal for home décor or gifting.",cards_pf_140x180-mm_pt_100-lb-cover-coated-silk_cl_4-0_hor,https://upload.wikimedia.org/wikipedia/commons/c/ca/1x1.png,Yes
Posters — 140x180-mm — ver,"Personalised posters from Pixora. Upload your photo, preview on a live product mockup, and we print and ship premium quality to your door. Ideal for home décor or gifting.",cards_pf_140x180-mm_pt_100-lb-cover-coated-silk_cl_4-0_ver,https://upload.wikimedia.org/wikipedia/commons/c/ca/1x1.png,Yes
Posters — 140x180-mm — hor,"Personalised posters from Pixora. Upload your photo, preview on a live product mockup, and we print and ship premium quality to your door. Ideal for home décor or gifting.",cards_pf_140x180-mm_pt_100-lb-cover-uncoated_cl_4-0_hor,https://upload.wikimedia.org/wikipedia/commons/c/ca/1x1.png,Yes
Posters — 140x180-mm — ver,"Personalised posters from Pixora. Upload your photo, preview on a live product mockup, and we print and ship premium quality to your door. Ideal for home décor or gifting.",cards_pf_140x180-mm_pt_100-lb-cover-uncoated_cl_4-0_ver,https://upload.wikimedia.org/wikipedia/commons/c/ca/1x1.png,Yes
Posters — 140x180-mm — hor,"Personalised posters from Pixora. Upload your photo, preview on a live product mockup, and we print and ship premium quality to your door. Ideal for home décor or gifting.",cards_pf_140x180-mm_pt_130-lb-cover-coated-silk_cl_4-0_hor,https://upload.wikimedia.org/wikipedia/commons/c/ca/1x1.png,Yes
Posters — 140x180-mm — ver,"Personalised posters from Pixora. Upload your photo, preview on a live product mockup, and we print and ship premium quality to your door. Ideal for home décor or gifting.",cards_pf_140x180-mm_pt_130-lb-cover-coated-silk_cl_4-0_ver,https://upload.wikimedia.org/wikipedia/commons/c/ca/1x1.png,Yes
Posters — 140x180-mm — hor,"Personalised posters from Pixora. Upload your photo, preview on a live product mockup, and we print and ship premium quality to your door. Ideal for home décor or gifting.",cards_pf_140x180-mm_pt_130-lb-cover-uncoated_cl_4-0_hor,https://upload.wikimedia.org/wikipedia/commons/c/ca/1x1.png,Yes
Posters — 140x180-mm — ver,"Personalised posters from Pixora. Upload your photo, preview on a live product mockup, and we print and ship premium quality to your door. Ideal for home décor or gifting.",cards_pf_140x180-mm_pt_130-lb-cover-uncoated_cl_4-0_ver,https://upload.wikimedia.org/wikipedia/commons/c/ca/1x1.png,Yes
Posters — 210x279-mm — hor,"Personalised posters from Pixora. Upload your photo, preview on a live product mockup, and we print and ship premium quality to your door. Ideal for home décor or gifting.",cards_pf_210x279-mm_pt_100-lb-cover-coated-silk_cl_4-0_hor,https://upload.wikimedia.org/wikipedia/commons/c/ca/1x1.png,Yes
Posters — 210x279-mm — ver,"Personalised posters from Pixora. Upload your photo, preview on a live product mockup, and we print and ship premium quality to your door. Ideal for home décor or gifting.",cards_pf_210x279-mm_pt_100-lb-cover-coated-silk_cl_4-0_ver,https://upload.wikimedia.org/wikipedia/commons/c/ca/1x1.png,Yes
Posters — 210x279-mm — hor,"Personalised posters from Pixora. Upload your photo, preview on a live product mockup, and we print and ship premium quality to your door. Ideal for home décor or gifting.",cards_pf_210x279-mm_pt_100-lb-cover-uncoated_cl_4-0_hor,https://upload.wikimedia.org/wikipedia/commons/c/ca/1x1.png,Yes
Posters — 210x279-mm — ver,"Personalised posters from Pixora. Upload your photo, preview on a live product mockup, and we print and ship premium quality to your door. Ideal for home décor or gifting.",cards_pf_210x279-mm_pt_100-lb-cover-uncoated_cl_4-0_ver,https://upload.wikimedia.org/wikipedia/commons/c/ca/1x1.png,Yes
Posters — 210x279-mm — hor,"Personalised posters from Pixora. Upload your photo, preview on a live product mockup, and we print and ship premium quality to your door. Ideal for home décor or gifting.",cards_pf_210x279-mm_pt_110-lb-cover-uncoated_cl_4-0_hor,https://upload.wikimedia.org/wikipedia/commons/c/ca/1x1.png,Yes
Posters — 210x279-mm — ver,"Personalised posters from Pixora. Upload your photo, preview on a live product mockup, and we print and ship premium quality to your door. Ideal for home décor or gifting.",cards_pf_210x279-mm_pt_110-lb-cover-uncoated_cl_4-0_ver,https://upload.wikimedia.org/wikipedia/commons/c/ca/1x1.png,Yes
Posters — 210x279-mm — hor,"Personalised posters from Pixora. Upload your photo, preview on a live product mockup, and we print and ship premium quality to your door. Ideal for home décor or gifting.",cards_pf_210x279-mm_pt_130-lb-cover-coated-silk_cl_4-0_hor,https://upload.wikimedia.org/wikipedia/commons/c/ca/1x1.png,Yes
Posters — 210x279-mm — ver,"Personalised posters from Pixora. Upload your photo, preview on a live product mockup, and we print and ship premium quality to your door. Ideal for home décor or gifting.",cards_pf_210x279-mm_pt_130-lb-cover-coated-silk_cl_4-0_ver,https://upload.wikimedia.org/wikipedia/commons/c/ca/1x1.png,Yes
Posters — 210x279-mm — ver,"Personalised posters from Pixora. Upload your photo, preview on a live product mockup, and we print and ship premium quality to your door. Ideal for home décor or gifting.",cards_pf_210x279-mm_pt_130-lb-cover-uncoated_cl_4-0_ver,https://upload.wikimedia.org/wikipedia/commons/c/ca/1x1.png,Yes
Posters — 210x279-mm — hor,"Personalised posters from Pixora. Upload your photo, preview on a live product mockup, and we print and ship premium quality to your door. Ideal for home décor or gifting.",cards_pf_210x279-mm_pt_250-gsm-coated-silk_cl_4-0_hor,https://upload.wikimedia.org/wikipedia/commons/c/ca/1x1.png,Yes
Posters — 210x279-mm — ver,"Personalised posters from Pixora. Upload your photo, preview on a live product mockup, and we print and ship premium quality to your door. Ideal for home décor or gifting.",cards_pf_210x279-mm_pt_250-gsm-coated-silk_cl_4-0_ver,https://upload.wikimedia.org/wikipedia/commons/c/ca/1x1.png,Yes
Posters — 210x279-mm — hor,"Personalised posters from Pixora. Upload your photo, preview on a live product mockup, and we print and ship premium quality to your door. Ideal for home décor or gifting.",cards_pf_210x279-mm_pt_250-gsm-uncoated_cl_4-0_hor,https://upload.wikimedia.org/wikipedia/commons/c/ca/1x1.png,Yes
Posters — 210x279-mm — ver,"Personalised posters from Pixora. Upload your photo, preview on a live product mockup, and we print and ship premium quality to your door. Ideal for home décor or gifting.",cards_pf_210x279-mm_pt_250-gsm-uncoated_cl_4-0_ver,https://upload.wikimedia.org/wikipedia/commons/c/ca/1x1.png,Yes
Posters — 210x279-mm — hor,"Personalised posters from Pixora. Upload your photo, preview on a live product mockup, and we print and ship premium quality to your door. Ideal for home décor or gifting.",cards_pf_210x279-mm_pt_300-gsm-uncoated_cl_4-0_hor,https://upload.wikimedia.org/wikipedia/commons/c/ca/1x1.png,Yes
Posters — 210x279-mm — ver,"Personalised posters from Pixora. Upload your photo, preview on a live product mockup, and we print and ship premium quality to your door. Ideal for home décor or gifting.",cards_pf_210x279-mm_pt_300-gsm-uncoated_cl_4-0_ver,https://upload.wikimedia.org/wikipedia/commons/c/ca/1x1.png,Yes
Posters — 210x279-mm — hor,"Personalised posters from Pixora. Upload your photo, preview on a live product mockup, and we print and ship premium quality to your door. Ideal for home décor or gifting.",cards_pf_210x279-mm_pt_350-gsm-coated-silk_cl_4-0_hor,https://upload.wikimedia.org/wikipedia/commons/c/ca/1x1.png,Yes
Posters — 210x279-mm — ver,"Personalised posters from Pixora. Upload your photo, preview on a live product mockup, and we print and ship premium quality to your door. Ideal for home décor or gifting.",cards_pf_210x279-mm_pt_350-gsm-coated-silk_cl_4-0_ver,https://upload.wikimedia.org/wikipedia/commons/c/ca/1x1.png,Yes
Posters — 4x9-inch — hor,"Personalised posters from Pixora. Upload your photo, preview on a live product mockup, and we print and ship premium quality to your door. Ideal for home décor or gifting.",cards_pf_4x9-inch_pt_100-lb-cover-coated-silk_cl_4-0_hor,https://upload.wikimedia.org/wikipedia/commons/c/ca/1x1.png,Yes
Posters — 4x9-inch — ver,"Personalised posters from Pixora. Upload your photo, preview on a live product mockup, and we print and ship premium quality to your door. Ideal for home décor or gifting.",cards_pf_4x9-inch_pt_100-lb-cover-coated-silk_cl_4-0_ver,https://upload.wikimedia.org/wikipedia/commons/c/ca/1x1.png,Yes
Posters — 4x9-inch — hor,"Personalised posters from Pixora. Upload your photo, preview on a live product mockup, and we print and ship premium quality to your door. Ideal for home décor or gifting.",cards_pf_4x9-inch_pt_100-lb-cover-uncoated_cl_4-0_hor,https://upload.wikimedia.org/wikipedia/commons/c/ca/1x1.png,Yes
Posters — 4x9-inch — ver,"Personalised posters from Pixora. Upload your photo, preview on a live product mockup, and we print and ship premium quality to your door. Ideal for home décor or gifting.",cards_pf_4x9-inch_pt_100-lb-cover-uncoated_cl_4-0_ver,https://upload.wikimedia.org/wikipedia/commons/c/ca/1x1.png,Yes
Posters — 4x9-inch — hor,"Personalised posters from Pixora. Upload your photo, preview on a live product mockup, and we print and ship premium quality to your door. Ideal for home décor or gifting.",cards_pf_4x9-inch_pt_80-lb-cover-coated-silk_cl_4-0_hor,https://upload.wikimedia.org/wikipedia/commons/c/ca/1x1.png,Yes
Posters — 4x9-inch — ver,"Personalised posters from Pixora. Upload your photo, preview on a live product mockup, and we print and ship premium quality to your door. Ideal for home décor or gifting.",cards_pf_4x9-inch_pt_80-lb-cover-coated-silk_cl_4-0_ver,https://upload.wikimedia.org/wikipedia/commons/c/ca/1x1.png,Yes
Posters — 4x9-inch — hor,"Personalised posters from Pixora. Upload your photo, preview on a live product mockup, and we print and ship premium quality to your door. Ideal for home décor or gifting.",cards_pf_4x9-inch_pt_80-lb-cover-uncoated_cl_4-0_hor,https://upload.wikimedia.org/wikipedia/commons/c/ca/1x1.png,Yes
Posters — 4x9-inch — ver,"Personalised posters from Pixora. Upload your photo, preview on a live product mockup, and we print and ship premium quality to your door. Ideal for home décor or gifting.",cards_pf_4x9-inch_pt_80-lb-cover-uncoated_cl_4-0_ver,https://upload.wikimedia.org/wikipedia/commons/c/ca/1x1.png,Yes
Posters — 5R — hor,"Personalised posters from Pixora. Upload your photo, preview on a live product mockup, and we print and ship premium quality to your door. Ideal for home décor or gifting.",cards_pf_5r_pt_100-lb-cover-coated-silk_cl_4-0_hor,https://upload.wikimedia.org/wikipedia/commons/c/ca/1x1.png,Yes
Posters — 5R — ver,"Personalised posters from Pixora. Upload your photo, preview on a live product mockup, and we print and ship premium quality to your door. Ideal for home décor or gifting.",cards_pf_5r_pt_100-lb-cover-coated-silk_cl_4-0_ver,https://upload.wikimedia.org/wikipedia/commons/c/ca/1x1.png,Yes
Posters — 5R — hor,"Personalised posters from Pixora. Upload your photo, preview on a live product mockup, and we print and ship premium quality to your door. Ideal for home décor or gifting.",cards_pf_5r_pt_100-lb-cover-uncoated_cl_4-0_hor,https://upload.wikimedia.org/wikipedia/commons/c/ca/1x1.png,Yes
Posters — 5R — ver,"Personalised posters from Pixora. Upload your photo, preview on a live product mockup, and we print and ship premium quality to your door. Ideal for home décor or gifting.",cards_pf_5r_pt_100-lb-cover-uncoated_cl_4-0_ver,https://upload.wikimedia.org/wikipedia/commons/c/ca/1x1.png,Yes
Posters — 5R — hor,"Personalised posters from Pixora. Upload your photo, preview on a live product mockup, and we print and ship premium quality to your door. Ideal for home décor or gifting.",cards_pf_5r_pt_110-lb-cover-uncoated_cl_4-0_hor,https://upload.wikimedia.org/wikipedia/commons/c/ca/1x1.png,Yes
Posters — 5R — ver,"Personalised posters from Pixora. Upload your photo, preview on a live product mockup, and we print and ship premium quality to your door. Ideal for home décor or gifting.",cards_pf_5r_pt_110-lb-cover-uncoated_cl_4-0_ver,https://upload.wikimedia.org/wikipedia/commons/c/ca/1x1.png,Yes
Posters — 5R — hor,"Personalised posters from Pixora. Upload your photo, preview on a live product mockup, and we print and ship premium quality to your door. Ideal for home décor or gifting.",cards_pf_5r_pt_130-lb-cover-coated-silk_cl_4-0_hor,https://upload.wikimedia.org/wikipedia/commons/c/ca/1x1.png,Yes
Posters — 5R — ver,"Personalised posters from Pixora. Upload your photo, preview on a live product mockup, and we print and ship premium quality to your door. Ideal for home décor or gifting.",cards_pf_5r_pt_130-lb-cover-coated-silk_cl_4-0_ver,https://upload.wikimedia.org/wikipedia/commons/c/ca/1x1.png,Yes
Posters — 5R — hor,"Personalised posters from Pixora. Upload your photo, preview on a live product mockup, and we print and ship premium quality to your door. Ideal for home décor or gifting.",cards_pf_5r_pt_130-lb-cover-uncoated_cl_4-0_hor,https://upload.wikimedia.org/wikipedia/commons/c/ca/1x1.png,Yes
Posters — 5R — ver,"Personalised posters from Pixora. Upload your photo, preview on a live product mockup, and we print and ship premium quality to your door. Ideal for home décor or gifting.",cards_pf_5r_pt_130-lb-cover-uncoated_cl_4-0_ver,https://upload.wikimedia.org/wikipedia/commons/c/ca/1x1.png,Yes
Posters — 5R — hor,"Personalised posters from Pixora. Upload your photo, preview on a live product mockup, and we print and ship premium quality to your door. Ideal for home décor or gifting.",cards_pf_5r_pt_300-gsm-uncoated_cl_4-0_hor,https://upload.wikimedia.org/wikipedia/commons/c/ca/1x1.png,Yes
Posters — 5R — ver,"Personalised posters from Pixora. Upload your photo, preview on a live product mockup, and we print and ship premium quality to your door. Ideal for home décor or gifting.",cards_pf_5r_pt_300-gsm-uncoated_cl_4-0_ver,https://upload.wikimedia.org/wikipedia/commons/c/ca/1x1.png,Yes
Posters — 5R — hor,"Personalised posters from Pixora. Upload your photo, preview on a live product mockup, and we print and ship premium quality to your door. Ideal for home décor or gifting.",cards_pf_5r_pt_350-gsm-coated-silk_cl_4-0_hor,https://upload.wikimedia.org/wikipedia/commons/c/ca/1x1.png,Yes
Posters — 5R — ver,"Personalised posters from Pixora. Upload your photo, preview on a live product mockup, and we print and ship premium quality to your door. Ideal for home décor or gifting.",cards_pf_5r_pt_350-gsm-coated-silk_cl_4-0_ver,https://upload.wikimedia.org/wikipedia/commons/c/ca/1x1.png,Yes
Posters — A4 — hor,"Personalised posters from Pixora. Upload your photo, preview on a live product mockup, and we print and ship premium quality to your door. Ideal for home décor or gifting.",cards_pf_a4_pt_100-lb-cover-coated-silk_cl_4-0_hor,https://upload.wikimedia.org/wikipedia/commons/c/ca/1x1.png,Yes
Posters — A4 — ver,"Personalised posters from Pixora. Upload your photo, preview on a live product mockup, and we print and ship premium quality to your door. Ideal for home décor or gifting.",cards_pf_a4_pt_100-lb-cover-coated-silk_cl_4-0_ver,https://upload.wikimedia.org/wikipedia/commons/c/ca/1x1.png,Yes
Posters — A4 — hor,"Personalised posters from Pixora. Upload your photo, preview on a live product mockup, and we print and ship premium quality to your door. Ideal for home décor or gifting.",cards_pf_a4_pt_100-lb-cover-uncoated_cl_4-0_hor,https://upload.wikimedia.org/wikipedia/commons/c/ca/1x1.png,Yes
Posters — A4 — ver,"Personalised posters from Pixora. Upload your photo, preview on a live product mockup, and we print and ship premium quality to your door. Ideal for home décor or gifting.",cards_pf_a4_pt_100-lb-cover-uncoated_cl_4-0_ver,https://upload.wikimedia.org/wikipedia/commons/c/ca/1x1.png,Yes
Posters — A4 — hor,"Personalised posters from Pixora. Upload your photo, preview on a live product mockup, and we print and ship premium quality to your door. Ideal for home décor or gifting.",cards_pf_a4_pt_110-lb-cover-uncoated_cl_4-0_hor,https://upload.wikimedia.org/wikipedia/commons/c/ca/1x1.png,Yes
Posters — A4 — ver,"Personalised posters from Pixora. Upload your photo, preview on a live product mockup, and we print and ship premium quality to your door. Ideal for home décor or gifting.",cards_pf_a4_pt_110-lb-cover-uncoated_cl_4-0_ver,https://upload.wikimedia.org/wikipedia/commons/c/ca/1x1.png,Yes
Posters — A4 — hor,"Personalised posters from Pixora. Upload your photo, preview on a live product mockup, and we print and ship premium quality to your door. Ideal for home décor or gifting.",cards_pf_a4_pt_130-lb-cover-coated-silk_cl_4-0_hor,https://upload.wikimedia.org/wikipedia/commons/c/ca/1x1.png,Yes
Posters — A4 — ver,"Personalised posters from Pixora. Upload your photo, preview on a live product mockup, and we print and ship premium quality to your door. Ideal for home décor or gifting.",cards_pf_a4_pt_130-lb-cover-coated-silk_cl_4-0_ver,https://upload.wikimedia.org/wikipedia/commons/c/ca/1x1.png,Yes
Posters — A4 — ver,"Personalised posters from Pixora. Upload your photo, preview on a live product mockup, and we print and ship premium quality to your door. Ideal for home décor or gifting.",cards_pf_a4_pt_130-lb-cover-uncoated_cl_4-0_ver,https://upload.wikimedia.org/wikipedia/commons/c/ca/1x1.png,Yes
Posters — A4 — hor,"Personalised posters from Pixora. Upload your photo, preview on a live product mockup, and we print and ship premium quality to your door. Ideal for home décor or gifting.",cards_pf_a4_pt_250-gsm-coated-silk_cl_4-0_hor,https://upload.wikimedia.org/wikipedia/commons/c/ca/1x1.png,Yes
Posters — A4 — ver,"Personalised posters from Pixora. Upload your photo, preview on a live product mockup, and we print and ship premium quality to your door. Ideal for home décor or gifting.",cards_pf_a4_pt_250-gsm-coated-silk_cl_4-0_ver,https://upload.wikimedia.org/wikipedia/commons/c/ca/1x1.png,Yes
Posters — A4 — hor,"Personalised posters from Pixora. Upload your photo, preview on a live product mockup, and we print and ship premium quality to your door. Ideal for home décor or gifting.",cards_pf_a4_pt_250-gsm-uncoated_cl_4-0_hor,https://upload.wikimedia.org/wikipedia/commons/c/ca/1x1.png,Yes
Posters — A4 — ver,"Personalised posters from Pixora. Upload your photo, preview on a live product mockup, and we print and ship premium quality to your door. Ideal for home décor or gifting.",cards_pf_a4_pt_250-gsm-uncoated_cl_4-0_ver,https://upload.wikimedia.org/wikipedia/commons/c/ca/1x1.png,Yes
Posters — A4 — hor,"Personalised posters from Pixora. Upload your photo, preview on a live product mockup, and we print and ship premium quality to your door. Ideal for home décor or gifting.",cards_pf_a4_pt_300-gsm-uncoated_cl_4-0_hor,https://upload.wikimedia.org/wikipedia/commons/c/ca/1x1.png,Yes
Posters — A4 — ver,"Personalised posters from Pixora. Upload your photo, preview on a live product mockup, and we print and ship premium quality to your door. Ideal for home décor or gifting.",cards_pf_a4_pt_300-gsm-uncoated_cl_4-0_ver,https://upload.wikimedia.org/wikipedia/commons/c/ca/1x1.png,Yes
Posters — A4 — hor,"Personalised posters from Pixora. Upload your photo, preview on a live product mockup, and we print and ship premium quality to your door. Ideal for home décor or gifting.",cards_pf_a4_pt_350-gsm-coated-silk_cl_4-0_hor,https://upload.wikimedia.org/wikipedia/commons/c/ca/1x1.png,Yes
Posters — A4 — ver,"Personalised posters from Pixora. Upload your photo, preview on a live product mockup, and we print and ship premium quality to your door. Ideal for home décor or gifting.",cards_pf_a4_pt_350-gsm-coated-silk_cl_4-0_ver,https://upload.wikimedia.org/wikipedia/commons/c/ca/1x1.png,Yes
Posters — A5 — hor,"Personalised posters from Pixora. Upload your photo, preview on a live product mockup, and we print and ship premium quality to your door. Ideal for home décor or gifting.",cards_pf_a5_pt_100-lb-cover-coated-silk_cl_4-0_hor,https://upload.wikimedia.org/wikipedia/commons/c/ca/1x1.png,Yes
Posters — A5 — ver,"Personalised posters from Pixora. Upload your photo, preview on a live product mockup, and we print and ship premium quality to your door. Ideal for home décor or gifting.",cards_pf_a5_pt_100-lb-cover-coated-silk_cl_4-0_ver,https://upload.wikimedia.org/wikipedia/commons/c/ca/1x1.png,Yes
Posters — A5 — hor,"Personalised posters from Pixora. Upload your photo, preview on a live product mockup, and we print and ship premium quality to your door. Ideal for home décor or gifting.",cards_pf_a5_pt_100-lb-cover-uncoated_cl_4-0_hor,https://upload.wikimedia.org/wikipedia/commons/c/ca/1x1.png,Yes
Posters — A5 — ver,"Personalised posters from Pixora. Upload your photo, preview on a live product mockup, and we print and ship premium quality to your door. Ideal for home décor or gifting.",cards_pf_a5_pt_100-lb-cover-uncoated_cl_4-0_ver,https://upload.wikimedia.org/wikipedia/commons/c/ca/1x1.png,Yes
Posters — A5 — hor,"Personalised posters from Pixora. Upload your photo, preview on a live product mockup, and we print and ship premium quality to your door. Ideal for home décor or gifting.",cards_pf_a5_pt_100-lb-text-coated-silk_cl_4-0_hor,https://upload.wikimedia.org/wikipedia/commons/c/ca/1x1.png,Yes
Posters — A5 — ver,"Personalised posters from Pixora. Upload your photo, preview on a live product mockup, and we print and ship premium quality to your door. Ideal for home décor or gifting.",cards_pf_a5_pt_100-lb-text-coated-silk_cl_4-0_ver,https://upload.wikimedia.org/wikipedia/commons/c/ca/1x1.png,Yes
Posters — A5 — hor,"Personalised posters from Pixora. Upload your photo, preview on a live product mockup, and we print and ship premium quality to your door. Ideal for home décor or gifting.",cards_pf_a5_pt_250-gsm-coated-silk_cl_4-0_hor,https://upload.wikimedia.org/wikipedia/commons/c/ca/1x1.png,Yes
Posters — A5 — ver,"Personalised posters from Pixora. Upload your photo, preview on a live product mockup, and we print and ship premium quality to your door. Ideal for home décor or gifting.",cards_pf_a5_pt_250-gsm-coated-silk_cl_4-0_ver,https://upload.wikimedia.org/wikipedia/commons/c/ca/1x1.png,Yes
Posters — A5 — hor,"Personalised posters from Pixora. Upload your photo, preview on a live product mockup, and we print and ship premium quality to your door. Ideal for home décor or gifting.",cards_pf_a5_pt_250-gsm-uncoated_cl_4-0_hor,https://upload.wikimedia.org/wikipedia/commons/c/ca/1x1.png,Yes
Posters — A5 — ver,"Personalised posters from Pixora. Upload your photo, preview on a live product mockup, and we print and ship premium quality to your door. Ideal for home décor or gifting.",cards_pf_a5_pt_250-gsm-uncoated_cl_4-0_ver,https://upload.wikimedia.org/wikipedia/commons/c/ca/1x1.png,Yes
Posters — A5 — hor,"Personalised posters from Pixora. Upload your photo, preview on a live product mockup, and we print and ship premium quality to your door. Ideal for home décor or gifting.",cards_pf_a5_pt_300-gsm-uncoated_cl_4-0_hor,https://upload.wikimedia.org/wikipedia/commons/c/ca/1x1.png,Yes
Posters — A5 — ver,"Personalised posters from Pixora. Upload your photo, preview on a live product mockup, and we print and ship premium quality to your door. Ideal for home décor or gifting.",cards_pf_a5_pt_300-gsm-uncoated_cl_4-0_ver,https://upload.wikimedia.org/wikipedia/commons/c/ca/1x1.png,Yes
Posters — A5 — hor,"Personalised posters from Pixora. Upload your photo, preview on a live product mockup, and we print and ship premium quality to your door. Ideal for home décor or gifting.",cards_pf_a5_pt_350-gsm-coated-silk_cl_4-0_hor,https://upload.wikimedia.org/wikipedia/commons/c/ca/1x1.png,Yes
Posters — A5 — ver,"Personalised posters from Pixora. Upload your photo, preview on a live product mockup, and we print and ship premium quality to your door. Ideal for home décor or gifting.",cards_pf_a5_pt_350-gsm-coated-silk_cl_4-0_ver,https://upload.wikimedia.org/wikipedia/commons/c/ca/1x1.png,Yes
Posters — A5 — hor,"Personalised posters from Pixora. Upload your photo, preview on a live product mockup, and we print and ship premium quality to your door. Ideal for home décor or gifting.",cards_pf_a5_pt_350-gsm-uncoated_cl_4-0_hor,https://upload.wikimedia.org/wikipedia/commons/c/ca/1x1.png,Yes
Posters — A5 — ver,"Personalised posters from Pixora. Upload your photo, preview on a live product mockup, and we print and ship premium quality to your door. Ideal for home décor or gifting.",cards_pf_a5_pt_350-gsm-uncoated_cl_4-0_ver,https://upload.wikimedia.org/wikipedia/commons/c/ca/1x1.png,Yes
Posters — A5L — hor,"Personalised posters from Pixora. Upload your photo, preview on a live product mockup, and we print and ship premium quality to your door. Ideal for home décor or gifting.",cards_pf_a5l_pt_100-lb-cover-coated-silk_cl_4-0_hor,https://upload.wikimedia.org/wikipedia/commons/c/ca/1x1.png,Yes
Posters — A5L — ver,"Personalised posters from Pixora. Upload your photo, preview on a live product mockup, and we print and ship premium quality to your door. Ideal for home décor or gifting.",cards_pf_a5l_pt_100-lb-cover-coated-silk_cl_4-0_ver,https://upload.wikimedia.org/wikipedia/commons/c/ca/1x1.png,Yes
Posters — A5L — hor,"Personalised posters from Pixora. Upload your photo, preview on a live product mockup, and we print and ship premium quality to your door. Ideal for home décor or gifting.",cards_pf_a5l_pt_100-lb-cover-uncoated_cl_4-0_hor,https://upload.wikimedia.org/wikipedia/commons/c/ca/1x1.png,Yes
Posters — A5L — ver,"Personalised posters from Pixora. Upload your photo, preview on a live product mockup, and we print and ship premium quality to your door. Ideal for home décor or gifting.",cards_pf_a5l_pt_100-lb-cover-uncoated_cl_4-0_ver,https://upload.wikimedia.org/wikipedia/commons/c/ca/1x1.png,Yes
Posters — A5L — hor,"Personalised posters from Pixora. Upload your photo, preview on a live product mockup, and we print and ship premium quality to your door. Ideal for home décor or gifting.",cards_pf_a5l_pt_110-lb-cover-uncoated_cl_4-0_hor,https://upload.wikimedia.org/wikipedia/commons/c/ca/1x1.png,Yes
Posters — A5L — ver,"Personalised posters from Pixora. Upload your photo, preview on a live product mockup, and we print and ship premium quality to your door. Ideal for home décor or gifting.",cards_pf_a5l_pt_110-lb-cover-uncoated_cl_4-0_ver,https://upload.wikimedia.org/wikipedia/commons/c/ca/1x1.png,Yes
Posters — A5L — hor,"Personalised posters from Pixora. Upload your photo, preview on a live product mockup, and we print and ship premium quality to your door. Ideal for home décor or gifting.",cards_pf_a5l_pt_130-lb-cover-coated-silk_cl_4-0_hor,https://upload.wikimedia.org/wikipedia/commons/c/ca/1x1.png,Yes
Posters — A5L — ver,"Personalised posters from Pixora. Upload your photo, preview on a live product mockup, and we print and ship premium quality to your door. Ideal for home décor or gifting.",cards_pf_a5l_pt_130-lb-cover-coated-silk_cl_4-0_ver,https://upload.wikimedia.org/wikipedia/commons/c/ca/1x1.png,Yes
Posters — A5L — hor,"Personalised posters from Pixora. Upload your photo, preview on a live product mockup, and we print and ship premium quality to your door. Ideal for home décor or gifting.",cards_pf_a5l_pt_130-lb-cover-uncoated_cl_4-0_hor,https://upload.wikimedia.org/wikipedia/commons/c/ca/1x1.png,Yes
Posters — A5L — ver,"Personalised posters from Pixora. Upload your photo, preview on a live product mockup, and we print and ship premium quality to your door. Ideal for home décor or gifting.",cards_pf_a5l_pt_130-lb-cover-uncoated_cl_4-0_ver,https://upload.wikimedia.org/wikipedia/commons/c/ca/1x1.png,Yes
Posters — A5L — hor,"Personalised posters from Pixora. Upload your photo, preview on a live product mockup, and we print and ship premium quality to your door. Ideal for home décor or gifting.",cards_pf_a5l_pt_250-gsm-coated-silk_cl_4-0_hor,https://upload.wikimedia.org/wikipedia/commons/c/ca/1x1.png,Yes
Posters — A5L — ver,"Personalised posters from Pixora. Upload your photo, preview on a live product mockup, and we print and ship premium quality to your door. Ideal for home décor or gifting.",cards_pf_a5l_pt_250-gsm-coated-silk_cl_4-0_ver,https://upload.wikimedia.org/wikipedia/commons/c/ca/1x1.png,Yes
Posters — A5L — hor,"Personalised posters from Pixora. Upload your photo, preview on a live product mockup, and we print and ship premium quality to your door. Ideal for home décor or gifting.",cards_pf_a5l_pt_250-gsm-uncoated_cl_4-0_hor,https://upload.wikimedia.org/wikipedia/commons/c/ca/1x1.png,Yes
Posters — A5L — ver,"Personalised posters from Pixora. Upload your photo, preview on a live product mockup, and we print and ship premium quality to your door. Ideal for home décor or gifting.",cards_pf_a5l_pt_250-gsm-uncoated_cl_4-0_ver,https://upload.wikimedia.org/wikipedia/commons/c/ca/1x1.png,Yes
Posters — A5L — hor,"Personalised posters from Pixora. Upload your photo, preview on a live product mockup, and we print and ship premium quality to your door. Ideal for home décor or gifting.",cards_pf_a5l_pt_300-gsm-uncoated_cl_4-0_hor,https://upload.wikimedia.org/wikipedia/commons/c/ca/1x1.png,Yes
Posters — A5L — ver,"Personalised posters from Pixora. Upload your photo, preview on a live product mockup, and we print and ship premium quality to your door. Ideal for home décor or gifting.",cards_pf_a5l_pt_300-gsm-uncoated_cl_4-0_ver,https://upload.wikimedia.org/wikipedia/commons/c/ca/1x1.png,Yes
Posters — A5L — hor,"Personalised posters from Pixora. Upload your photo, preview on a live product mockup, and we print and ship premium quality to your door. Ideal for home décor or gifting.",cards_pf_a5l_pt_350-gsm-coated-silk_cl_4-0_hor,https://upload.wikimedia.org/wikipedia/commons/c/ca/1x1.png,Yes
Posters — A5L — ver,"Personalised posters from Pixora. Upload your photo, preview on a live product mockup, and we print and ship premium quality to your door. Ideal for home décor or gifting.",cards_pf_a5l_pt_350-gsm-coated-silk_cl_4-0_ver,https://upload.wikimedia.org/wikipedia/commons/c/ca/1x1.png,Yes
Posters — A5L — hor,"Personalised posters from Pixora. Upload your photo, preview on a live product mockup, and we print and ship premium quality to your door. Ideal for home décor or gifting.",cards_pf_a5l_pt_350-gsm-uncoated_cl_4-0_hor,https://upload.wikimedia.org/wikipedia/commons/c/ca/1x1.png,Yes
Posters — A5L — ver,"Personalised posters from Pixora. Upload your photo, preview on a live product mockup, and we print and ship premium quality to your door. Ideal for home décor or gifting.",cards_pf_a5l_pt_350-gsm-uncoated_cl_4-0_ver,https://upload.wikimedia.org/wikipedia/commons/c/ca/1x1.png,Yes
Posters — A6 — hor,"Personalised posters from Pixora. Upload your photo, preview on a live product mockup, and we print and ship premium quality to your door. Ideal for home décor or gifting.",cards_pf_a6_pt_100-lb-text-coated-silk_cl_4-0_hor,https://upload.wikimedia.org/wikipedia/commons/c/ca/1x1.png,Yes
Posters — A6 — ver,"Personalised posters from Pixora. Upload your photo, preview on a live product mockup, and we print and ship premium quality to your door. Ideal for home décor or gifting.",cards_pf_a6_pt_100-lb-text-coated-silk_cl_4-0_ver,https://upload.wikimedia.org/wikipedia/commons/c/ca/1x1.png,Yes
Posters — A6 — hor,"Personalised posters from Pixora. Upload your photo, preview on a live product mockup, and we print and ship premium quality to your door. Ideal for home décor or gifting.",cards_pf_a6_pt_250-gsm-coated-silk_cl_4-0_hor,https://upload.wikimedia.org/wikipedia/commons/c/ca/1x1.png,Yes
Posters — A6 — ver,"Personalised posters from Pixora. Upload your photo, preview on a live product mockup, and we print and ship premium quality to your door. Ideal for home décor or gifting.",cards_pf_a6_pt_250-gsm-coated-silk_cl_4-0_ver,https://upload.wikimedia.org/wikipedia/commons/c/ca/1x1.png,Yes
Posters — A6 — hor,"Personalised posters from Pixora. Upload your photo, preview on a live product mockup, and we print and ship premium quality to your door. Ideal for home décor or gifting.",cards_pf_a6_pt_250-gsm-uncoated_cl_4-0_hor,https://upload.wikimedia.org/wikipedia/commons/c/ca/1x1.png,Yes
Posters — A6 — ver,"Personalised posters from Pixora. Upload your photo, preview on a live product mockup, and we print and ship premium quality to your door. Ideal for home décor or gifting.",cards_pf_a6_pt_250-gsm-uncoated_cl_4-0_ver,https://upload.wikimedia.org/wikipedia/commons/c/ca/1x1.png,Yes
Posters — A6 — hor,"Personalised posters from Pixora. Upload your photo, preview on a live product mockup, and we print and ship premium quality to your door. Ideal for home décor or gifting.",cards_pf_a6_pt_300-gsm-uncoated_cl_4-0_hor,https://upload.wikimedia.org/wikipedia/commons/c/ca/1x1.png,Yes
Posters — A6 — ver,"Personalised posters from Pixora. Upload your photo, preview on a live product mockup, and we print and ship premium quality to your door. Ideal for home décor or gifting.",cards_pf_a6_pt_300-gsm-uncoated_cl_4-0_ver,https://upload.wikimedia.org/wikipedia/commons/c/ca/1x1.png,Yes
Posters — A6 — hor,"Personalised posters from Pixora. Upload your photo, preview on a live product mockup, and we print and ship premium quality to your door. Ideal for home décor or gifting.",cards_pf_a6_pt_350-gsm-coated-silk_cl_4-0_hor,https://upload.wikimedia.org/wikipedia/commons/c/ca/1x1.png,Yes
Posters — A6 — ver,"Personalised posters from Pixora. Upload your photo, preview on a live product mockup, and we print and ship premium quality to your door. Ideal for home décor or gifting.",cards_pf_a6_pt_350-gsm-coated-silk_cl_4-0_ver,https://upload.wikimedia.org/wikipedia/commons/c/ca/1x1.png,Yes
Posters — A6 — hor,"Personalised posters from Pixora. Upload your photo, preview on a live product mockup, and we print and ship premium quality to your door. Ideal for home décor or gifting.",cards_pf_a6_pt_350-gsm-uncoated_cl_4-0_hor,https://upload.wikimedia.org/wikipedia/commons/c/ca/1x1.png,Yes
Posters — BB — hor,"Personalised posters from Pixora. Upload your photo, preview on a live product mockup, and we print and ship premium quality to your door. Ideal for home décor or gifting.",cards_pf_bb_pt_100-lb-cover-coated-silk_cl_4-0_hor,https://upload.wikimedia.org/wikipedia/commons/c/ca/1x1.png,Yes
Posters — BB — hor,"Personalised posters from Pixora. Upload your photo, preview on a live product mockup, and we print and ship premium quality to your door. Ideal for home décor or gifting.",cards_pf_bb_pt_110-lb-cover-uncoated_cl_4-0_hor,https://upload.wikimedia.org/wikipedia/commons/c/ca/1x1.png,Yes
Posters — BB — ver,"Personalised posters from Pixora. Upload your photo, preview on a live product mockup, and we print and ship premium quality to your door. Ideal for home décor or gifting.",cards_pf_bb_pt_110-lb-cover-uncoated_cl_4-0_ver,https://upload.wikimedia.org/wikipedia/commons/c/ca/1x1.png,Yes
Posters — BB — hor,"Personalised posters from Pixora. Upload your photo, preview on a live product mockup, and we print and ship premium quality to your door. Ideal for home décor or gifting.",cards_pf_bb_pt_130-lb-cover-coated-silk_cl_4-0_hor,https://upload.wikimedia.org/wikipedia/commons/c/ca/1x1.png,Yes
Posters — BB — ver,"Personalised posters from Pixora. Upload your photo, preview on a live product mockup, and we print and ship premium quality to your door. Ideal for home décor or gifting.",cards_pf_bb_pt_130-lb-cover-coated-silk_cl_4-0_ver,https://upload.wikimedia.org/wikipedia/commons/c/ca/1x1.png,Yes
Posters — BB — hor,"Personalised posters from Pixora. Upload your photo, preview on a live product mockup, and we print and ship premium quality to your door. Ideal for home décor or gifting.",cards_pf_bb_pt_130-lb-cover-uncoated_cl_4-0_hor,https://upload.wikimedia.org/wikipedia/commons/c/ca/1x1.png,Yes
Posters — BB — ver,"Personalised posters from Pixora. Upload your photo, preview on a live product mockup, and we print and ship premium quality to your door. Ideal for home décor or gifting.",cards_pf_bb_pt_130-lb-cover-uncoated_cl_4-0_ver,https://upload.wikimedia.org/wikipedia/commons/c/ca/1x1.png,Yes
Posters — BB — hor,"Personalised posters from Pixora. Upload your photo, preview on a live product mockup, and we print and ship premium quality to your door. Ideal for home décor or gifting.",cards_pf_bb_pt_300-gsm-uncoated_cl_4-0_hor,https://upload.wikimedia.org/wikipedia/commons/c/ca/1x1.png,Yes
Posters — BB — ver,"Personalised posters from Pixora. Upload your photo, preview on a live product mockup, and we print and ship premium quality to your door. Ideal for home décor or gifting.",cards_pf_bb_pt_300-gsm-uncoated_cl_4-0_ver,https://upload.wikimedia.org/wikipedia/commons/c/ca/1x1.png,Yes
Posters — BB — hor,"Personalised posters from Pixora. Upload your photo, preview on a live product mockup, and we print and ship premium quality to your door. Ideal for home décor or gifting.",cards_pf_bb_pt_350-gsm-coated-silk_cl_4-0_hor,https://upload.wikimedia.org/wikipedia/commons/c/ca/1x1.png,Yes
Posters — BB — ver,"Personalised posters from Pixora. Upload your photo, preview on a live product mockup, and we print and ship premium quality to your door. Ideal for home décor or gifting.",cards_pf_bb_pt_350-gsm-coated-silk_cl_4-0_ver,https://upload.wikimedia.org/wikipedia/commons/c/ca/1x1.png,Yes
Posters — BB — hor,"Personalised posters from Pixora. Upload your photo, preview on a live product mockup, and we print and ship premium quality to your door. Ideal for home décor or gifting.",cards_pf_bb_pt_350-gsm-uncoated_cl_4-0_hor,https://upload.wikimedia.org/wikipedia/commons/c/ca/1x1.png,Yes
Posters — BB — ver,"Personalised posters from Pixora. Upload your photo, preview on a live product mockup, and we print and ship premium quality to your door. Ideal for home décor or gifting.",cards_pf_bb_pt_350-gsm-uncoated_cl_4-0_ver,https://upload.wikimedia.org/wikipedia/commons/c/ca/1x1.png,Yes
Posters — BC — hor,"Personalised posters from Pixora. Upload your photo, preview on a live product mockup, and we print and ship premium quality to your door. Ideal for home décor or gifting.",cards_pf_bc_pt_110-lb-cover-uncoated_cl_4-0_hor,https://upload.wikimedia.org/wikipedia/commons/c/ca/1x1.png,Yes
Posters — BC — ver,"Personalised posters from Pixora. Upload your photo, preview on a live product mockup, and we print and ship premium quality to your door. Ideal for home décor or gifting.",cards_pf_bc_pt_110-lb-cover-uncoated_cl_4-0_ver,https://upload.wikimedia.org/wikipedia/commons/c/ca/1x1.png,Yes
Posters — BC — hor,"Personalised posters from Pixora. Upload your photo, preview on a live product mockup, and we print and ship premium quality to your door. Ideal for home décor or gifting.",cards_pf_bc_pt_130-lb-cover-coated-silk_cl_4-0_hor,https://upload.wikimedia.org/wikipedia/commons/c/ca/1x1.png,Yes
Posters — BC — ver,"Personalised posters from Pixora. Upload your photo, preview on a live product mockup, and we print and ship premium quality to your door. Ideal for home décor or gifting.",cards_pf_bc_pt_130-lb-cover-coated-silk_cl_4-0_ver,https://upload.wikimedia.org/wikipedia/commons/c/ca/1x1.png,Yes
Posters — BC — hor,"Personalised posters from Pixora. Upload your photo, preview on a live product mockup, and we print and ship premium quality to your door. Ideal for home décor or gifting.",cards_pf_bc_pt_130-lb-cover-uncoated_cl_4-0_hor,https://upload.wikimedia.org/wikipedia/commons/c/ca/1x1.png,Yes
Posters — BC — ver,"Personalised posters from Pixora. Upload your photo, preview on a live product mockup, and we print and ship premium quality to your door. Ideal for home décor or gifting.",cards_pf_bc_pt_130-lb-cover-uncoated_cl_4-0_ver,https://upload.wikimedia.org/wikipedia/commons/c/ca/1x1.png,Yes
Posters — BC — hor,"Personalised posters from Pixora. Upload your photo, preview on a live product mockup, and we print and ship premium quality to your door. Ideal for home décor or gifting.",cards_pf_bc_pt_300-gsm-uncoated_cl_4-0_hor,https://upload.wikimedia.org/wikipedia/commons/c/ca/1x1.png,Yes
Posters — BC — hor,"Personalised posters from Pixora. Upload your photo, preview on a live product mockup, and we print and ship premium quality to your door. Ideal for home décor or gifting.",cards_pf_bc_pt_300-gsm-uncoated_cl_4-0_hor_variable,https://upload.wikimedia.org/wikipedia/commons/c/ca/1x1.png,Yes
Posters — BC — hor,"Personalised posters from Pixora. Upload your photo, preview on a live product mockup, and we print and ship premium quality to your door. Ideal for home décor or gifting.",cards_pf_bc_pt_300-gsm-uncoated_cl_4-0_sft_foil-copper-1-0_hor,https://upload.wikimedia.org/wikipedia/commons/c/ca/1x1.png,Yes
Posters — BC — hor,"Personalised posters from Pixora. Upload your photo, preview on a live product mockup, and we print and ship premium quality to your door. Ideal for home décor or gifting.",cards_pf_bc_pt_300-gsm-uncoated_cl_4-0_sft_foil-copper-1-0_hor_variable,https://upload.wikimedia.org/wikipedia/commons/c/ca/1x1.png,Yes
Posters — BC — hor,"Personalised posters from Pixora. Upload your photo, preview on a live product mockup, and we print and ship premium quality to your door. Ideal for home décor or gifting.",cards_pf_bc_pt_300-gsm-uncoated_cl_4-0_sft_foil-copper-1-1_hor,https://upload.wikimedia.org/wikipedia/commons/c/ca/1x1.png,Yes
Posters — BC — hor,"Personalised posters from Pixora. Upload your photo, preview on a live product mockup, and we print and ship premium quality to your door. Ideal for home décor or gifting.",cards_pf_bc_pt_300-gsm-uncoated_cl_4-0_sft_foil-copper-1-1_hor_variable,https://upload.wikimedia.org/wikipedia/commons/c/ca/1x1.png,Yes
Posters — BC — hor,"Personalised posters from Pixora. Upload your photo, preview on a live product mockup, and we print and ship premium quality to your door. Ideal for home décor or gifting.",cards_pf_bc_pt_300-gsm-uncoated_cl_4-0_sft_foil-gold-1-0_hor,https://upload.wikimedia.org/wikipedia/commons/c/ca/1x1.png,Yes
Posters — BC — hor,"Personalised posters from Pixora. Upload your photo, preview on a live product mockup, and we print and ship premium quality to your door. Ideal for home décor or gifting.",cards_pf_bc_pt_300-gsm-uncoated_cl_4-0_sft_foil-gold-1-0_hor_variable,https://upload.wikimedia.org/wikipedia/commons/c/ca/1x1.png,Yes
Posters — BC — hor,"Personalised posters from Pixora. Upload your photo, preview on a live product mockup, and we print and ship premium quality to your door. Ideal for home décor or gifting.",cards_pf_bc_pt_300-gsm-uncoated_cl_4-0_sft_foil-gold-1-1_hor,https://upload.wikimedia.org/wikipedia/commons/c/ca/1x1.png,Yes
Posters — BC — hor,"Personalised posters from Pixora. Upload your photo, preview on a live product mockup, and we print and ship premium quality to your door. Ideal for home décor or gifting.",cards_pf_bc_pt_300-gsm-uncoated_cl_4-0_sft_foil-gold-1-1_hor_variable,https://upload.wikimedia.org/wikipedia/commons/c/ca/1x1.png,Yes
Posters — BC — hor,"Personalised posters from Pixora. Upload your photo, preview on a live product mockup, and we print and ship premium quality to your door. Ideal for home décor or gifting.",cards_pf_bc_pt_300-gsm-uncoated_cl_4-0_sft_foil-silver-1-0_hor,https://upload.wikimedia.org/wikipedia/commons/c/ca/1x1.png,Yes
Posters — BC — hor,"Personalised posters from Pixora. Upload your photo, preview on a live product mockup, and we print and ship premium quality to your door. Ideal for home décor or gifting.",cards_pf_bc_pt_300-gsm-uncoated_cl_4-0_sft_foil-silver-1-0_hor_variable,https://upload.wikimedia.org/wikipedia/commons/c/ca/1x1.png,Yes
Posters — BC — hor,"Personalised posters from Pixora. Upload your photo, preview on a live product mockup, and we print and ship premium quality to your door. Ideal for home décor or gifting.",cards_pf_bc_pt_300-gsm-uncoated_cl_4-0_sft_foil-silver-1-1_hor,https://upload.wikimedia.org/wikipedia/commons/c/ca/1x1.png,Yes
Posters — BC — hor,"Personalised posters from Pixora. Upload your photo, preview on a live product mockup, and we print and ship premium quality to your door. Ideal for home décor or gifting.",cards_pf_bc_pt_300-gsm-uncoated_cl_4-0_sft_foil-silver-1-1_hor_variable,https://upload.wikimedia.org/wikipedia/commons/c/ca/1x1.png,Yes
Posters — BC — ver,"Personalised posters from Pixora. Upload your photo, preview on a live product mockup, and we print and ship premium quality to your door. Ideal for home décor or gifting.",cards_pf_bc_pt_300-gsm-uncoated_cl_4-0_ver,https://upload.wikimedia.org/wikipedia/commons/c/ca/1x1.png,Yes
Posters — BC — ver,"Personalised posters from Pixora. Upload your photo, preview on a live product mockup, and we print and ship premium quality to your door. Ideal for home décor or gifting.",cards_pf_bc_pt_300-gsm-uncoated_cl_4-0_ver_variable,https://upload.wikimedia.org/wikipedia/commons/c/ca/1x1.png,Yes
Posters — BC — hor,"Personalised posters from Pixora. Upload your photo, preview on a live product mockup, and we print and ship premium quality to your door. Ideal for home décor or gifting.",cards_pf_bc_pt_350-gsm-coated-silk_cl_4-0_hor,https://upload.wikimedia.org/wikipedia/commons/c/ca/1x1.png,Yes
Posters — BC — hor,"Personalised posters from Pixora. Upload your photo, preview on a live product mockup, and we print and ship premium quality to your door. Ideal for home décor or gifting.",cards_pf_bc_pt_350-gsm-coated-silk_cl_4-0_hor_variable,https://upload.wikimedia.org/wikipedia/commons/c/ca/1x1.png,Yes
Posters — BC — hor,"Personalised posters from Pixora. Upload your photo, preview on a live product mockup, and we print and ship premium quality to your door. Ideal for home décor or gifting.",cards_pf_bc_pt_350-gsm-coated-silk_cl_4-0_sft_foil-copper-1-0_hor,https://upload.wikimedia.org/wikipedia/commons/c/ca/1x1.png,Yes
Posters — BC — hor,"Personalised posters from Pixora. Upload your photo, preview on a live product mockup, and we print and ship premium quality to your door. Ideal for home décor or gifting.",cards_pf_bc_pt_350-gsm-coated-silk_cl_4-0_sft_foil-copper-1-0_hor_variable,https://upload.wikimedia.org/wikipedia/commons/c/ca/1x1.png,Yes
Posters — BC — hor,"Personalised posters from Pixora. Upload your photo, preview on a live product mockup, and we print and ship premium quality to your door. Ideal for home décor or gifting.",cards_pf_bc_pt_350-gsm-coated-silk_cl_4-0_sft_foil-copper-1-1_hor,https://upload.wikimedia.org/wikipedia/commons/c/ca/1x1.png,Yes
Posters — BC — hor,"Personalised posters from Pixora. Upload your photo, preview on a live product mockup, and we print and ship premium quality to your door. Ideal for home décor or gifting.",cards_pf_bc_pt_350-gsm-coated-silk_cl_4-0_sft_foil-copper-1-1_hor_variable,https://upload.wikimedia.org/wikipedia/commons/c/ca/1x1.png,Yes
Posters — BC — hor,"Personalised posters from Pixora. Upload your photo, preview on a live product mockup, and we print and ship premium quality to your door. Ideal for home décor or gifting.",cards_pf_bc_pt_350-gsm-coated-silk_cl_4-0_sft_foil-gold-1-0_hor,https://upload.wikimedia.org/wikipedia/commons/c/ca/1x1.png,Yes
Posters — BC — hor,"Personalised posters from Pixora. Upload your photo, preview on a live product mockup, and we print and ship premium quality to your door. Ideal for home décor or gifting.",cards_pf_bc_pt_350-gsm-coated-silk_cl_4-0_sft_foil-gold-1-0_hor_variable,https://upload.wikimedia.org/wikipedia/commons/c/ca/1x1.png,Yes
Posters — BC — hor,"Personalised posters from Pixora. Upload your photo, preview on a live product mockup, and we print and ship premium quality to your door. Ideal for home décor or gifting.",cards_pf_bc_pt_350-gsm-coated-silk_cl_4-0_sft_foil-gold-1-1_hor,https://upload.wikimedia.org/wikipedia/commons/c/ca/1x1.png,Yes
Posters — BC — hor,"Personalised posters from Pixora. Upload your photo, preview on a live product mockup, and we print and ship premium quality to your door. Ideal for home décor or gifting.",cards_pf_bc_pt_350-gsm-coated-silk_cl_4-0_sft_foil-gold-1-1_hor_variable,https://upload.wikimedia.org/wikipedia/commons/c/ca/1x1.png,Yes
Posters — BC — hor,"Personalised posters from Pixora. Upload your photo, preview on a live product mockup, and we print and ship premium quality to your door. Ideal for home décor or gifting.",cards_pf_bc_pt_350-gsm-coated-silk_cl_4-0_sft_foil-silver-1-0_hor,https://upload.wikimedia.org/wikipedia/commons/c/ca/1x1.png,Yes
Posters — BC — hor,"Personalised posters from Pixora. Upload your photo, preview on a live product mockup, and we print and ship premium quality to your door. Ideal for home décor or gifting.",cards_pf_bc_pt_350-gsm-coated-silk_cl_4-0_sft_foil-silver-1-0_hor_variable,https://upload.wikimedia.org/wikipedia/commons/c/ca/1x1.png,Yes
Posters — BC — hor,"Personalised posters from Pixora. Upload your photo, preview on a live product mockup, and we print and ship premium quality to your door. Ideal for home décor or gifting.",cards_pf_bc_pt_350-gsm-coated-silk_cl_4-0_sft_foil-silver-1-1_hor,https://upload.wikimedia.org/wikipedia/commons/c/ca/1x1.png,Yes
Posters — BC — hor,"Personalised posters from Pixora. Upload your photo, preview on a live product mockup, and we print and ship premium quality to your door. Ideal for home décor or gifting.",cards_pf_bc_pt_350-gsm-coated-silk_cl_4-0_sft_foil-silver-1-1_hor_variable,https://upload.wikimedia.org/wikipedia/commons/c/ca/1x1.png,Yes
Posters — BC — ver,"Personalised posters from Pixora. Upload your photo, preview on a live product mockup, and we print and ship premium quality to your door. Ideal for home décor or gifting.",cards_pf_bc_pt_350-gsm-coated-silk_cl_4-0_ver,https://upload.wikimedia.org/wikipedia/commons/c/ca/1x1.png,Yes
Posters — BC — ver,"Personalised posters from Pixora. Upload your photo, preview on a live product mockup, and we print and ship premium quality to your door. Ideal for home décor or gifting.",cards_pf_bc_pt_350-gsm-coated-silk_cl_4-0_ver_variable,https://upload.wikimedia.org/wikipedia/commons/c/ca/1x1.png,Yes
Posters — BC — hor,"Personalised posters from Pixora. Upload your photo, preview on a live product mockup, and we print and ship premium quality to your door. Ideal for home décor or gifting.",cards_pf_bc_pt_350-gsm-uncoated_cl_4-0_hor,https://upload.wikimedia.org/wikipedia/commons/c/ca/1x1.png,Yes
Posters — BC — ver,"Personalised posters from Pixora. Upload your photo, preview on a live product mockup, and we print and ship premium quality to your door. Ideal for home décor or gifting.",cards_pf_bc_pt_350-gsm-uncoated_cl_4-0_ver,https://upload.wikimedia.org/wikipedia/commons/c/ca/1x1.png,Yes
Posters — BD — hor,"Personalised posters from Pixora. Upload your photo, preview on a live product mockup, and we print and ship premium quality to your door. Ideal for home décor or gifting.",cards_pf_bd_pt_110-lb-cover-uncoated_cl_4-0_hor,https://upload.wikimedia.org/wikipedia/commons/c/ca/1x1.png,Yes
Posters — BD — ver,"Personalised posters from Pixora. Upload your photo, preview on a live product mockup, and we print and ship premium quality to your door. Ideal for home décor or gifting.",cards_pf_bd_pt_110-lb-cover-uncoated_cl_4-0_ver,https://upload.wikimedia.org/wikipedia/commons/c/ca/1x1.png,Yes
Posters — BD — hor,"Personalised posters from Pixora. Upload your photo, preview on a live product mockup, and we print and ship premium quality to your door. Ideal for home décor or gifting.",cards_pf_bd_pt_130-lb-cover-coated-silk_cl_4-0_hor,https://upload.wikimedia.org/wikipedia/commons/c/ca/1x1.png,Yes
Posters — BD — ver,"Personalised posters from Pixora. Upload your photo, preview on a live product mockup, and we print and ship premium quality to your door. Ideal for home décor or gifting.",cards_pf_bd_pt_130-lb-cover-coated-silk_cl_4-0_ver,https://upload.wikimedia.org/wikipedia/commons/c/ca/1x1.png,Yes
Posters — BD — hor,"Personalised posters from Pixora. Upload your photo, preview on a live product mockup, and we print and ship premium quality to your door. Ideal for home décor or gifting.",cards_pf_bd_pt_130-lb-cover-uncoated_cl_4-0_hor,https://upload.wikimedia.org/wikipedia/commons/c/ca/1x1.png,Yes
Posters — BD — ver,"Personalised posters from Pixora. Upload your photo, preview on a live product mockup, and we print and ship premium quality to your door. Ideal for home décor or gifting.",cards_pf_bd_pt_130-lb-cover-uncoated_cl_4-0_ver,https://upload.wikimedia.org/wikipedia/commons/c/ca/1x1.png,Yes
Posters — BD — hor,"Personalised posters from Pixora. Upload your photo, preview on a live product mockup, and we print and ship premium quality to your door. Ideal for home décor or gifting.",cards_pf_bd_pt_300-gsm-coated-silk_cl_4-0_hor,https://upload.wikimedia.org/wikipedia/commons/c/ca/1x1.png,Yes
Posters — BD — ver,"Personalised posters from Pixora. Upload your photo, preview on a live product mockup, and we print and ship premium quality to your door. Ideal for home décor or gifting.",cards_pf_bd_pt_300-gsm-coated-silk_cl_4-0_ver,https://upload.wikimedia.org/wikipedia/commons/c/ca/1x1.png,Yes
Posters — BD — hor,"Personalised posters from Pixora. Upload your photo, preview on a live product mockup, and we print and ship premium quality to your door. Ideal for home décor or gifting.",cards_pf_bd_pt_300-gsm-uncoated_cl_4-0_hor,https://upload.wikimedia.org/wikipedia/commons/c/ca/1x1.png,Yes
Posters — BD — ver,"Personalised posters from Pixora. Upload your photo, preview on a live product mockup, and we print and ship premium quality to your door. Ideal for home décor or gifting.",cards_pf_bd_pt_300-gsm-uncoated_cl_4-0_ver,https://upload.wikimedia.org/wikipedia/commons/c/ca/1x1.png,Yes
Posters — BD — hor,"Personalised posters from Pixora. Upload your photo, preview on a live product mockup, and we print and ship premium quality to your door. Ideal for home décor or gifting.",cards_pf_bd_pt_350-gsm-coated-silk_cl_4-0_hor,https://upload.wikimedia.org/wikipedia/commons/c/ca/1x1.png,Yes
Posters — BD — ver,"Personalised posters from Pixora. Upload your photo, preview on a live product mockup, and we print and ship premium quality to your door. Ideal for home décor or gifting.",cards_pf_bd_pt_350-gsm-coated-silk_cl_4-0_ver,https://upload.wikimedia.org/wikipedia/commons/c/ca/1x1.png,Yes
Posters — BD — hor,"Personalised posters from Pixora. Upload your photo, preview on a live product mockup, and we print and ship premium quality to your door. Ideal for home décor or gifting.",cards_pf_bd_pt_350-gsm-uncoated_cl_4-0_hor,https://upload.wikimedia.org/wikipedia/commons/c/ca/1x1.png,Yes
Posters — BD — ver,"Personalised posters from Pixora. Upload your photo, preview on a live product mockup, and we print and ship premium quality to your door. Ideal for home décor or gifting.",cards_pf_bd_pt_350-gsm-uncoated_cl_4-0_ver,https://upload.wikimedia.org/wikipedia/commons/c/ca/1x1.png,Yes
Posters — BX — hor,"Personalised posters from Pixora. Upload your photo, preview on a live product mockup, and we print and ship premium quality to your door. Ideal for home décor or gifting.",cards_pf_bx_pt_110-lb-cover-coated-silk_cl_4-0_hor,https://upload.wikimedia.org/wikipedia/commons/c/ca/1x1.png,Yes
Posters — BX — ver,"Personalised posters from Pixora. Upload your photo, preview on a live product mockup, and we print and ship premium quality to your door. Ideal for home décor or gifting.",cards_pf_bx_pt_110-lb-cover-coated-silk_cl_4-0_ver,https://upload.wikimedia.org/wikipedia/commons/c/ca/1x1.png,Yes
Posters — BX — hor,"Personalised posters from Pixora. Upload your photo, preview on a live product mockup, and we print and ship premium quality to your door. Ideal for home décor or gifting.",cards_pf_bx_pt_110-lb-cover-uncoated_cl_4-0_hor,https://upload.wikimedia.org/wikipedia/commons/c/ca/1x1.png,Yes
Posters — BX — ver,"Personalised posters from Pixora. Upload your photo, preview on a live product mockup, and we print and ship premium quality to your door. Ideal for home décor or gifting.",cards_pf_bx_pt_110-lb-cover-uncoated_cl_4-0_ver,https://upload.wikimedia.org/wikipedia/commons/c/ca/1x1.png,Yes
Posters — BX — hor,"Personalised posters from Pixora. Upload your photo, preview on a live product mockup, and we print and ship premium quality to your door. Ideal for home décor or gifting.",cards_pf_bx_pt_130-lb-cover-coated-silk_cl_4-0_hor,https://upload.wikimedia.org/wikipedia/commons/c/ca/1x1.png,Yes
Posters — BX — hor,"Personalised posters from Pixora. Upload your photo, preview on a live product mockup, and we print and ship premium quality to your door. Ideal for home décor or gifting.",cards_pf_bx_pt_130-lb-cover-coated-silk_cl_4-0_hor_variable,https://upload.wikimedia.org/wikipedia/commons/c/ca/1x1.png,Yes
Posters — BX — hor,"Personalised posters from Pixora. Upload your photo, preview on a live product mockup, and we print and ship premium quality to your door. Ideal for home décor or gifting.",cards_pf_bx_pt_130-lb-cover-coated-silk_cl_4-0_sft_foil-copper-1-0_hor,https://upload.wikimedia.org/wikipedia/commons/c/ca/1x1.png,Yes
Posters — BX — hor,"Personalised posters from Pixora. Upload your photo, preview on a live product mockup, and we print and ship premium quality to your door. Ideal for home décor or gifting.",cards_pf_bx_pt_130-lb-cover-coated-silk_cl_4-0_sft_foil-copper-1-0_hor_variable,https://upload.wikimedia.org/wikipedia/commons/c/ca/1x1.png,Yes
Posters — BX — ver,"Personalised posters from Pixora. Upload your photo, preview on a live product mockup, and we print and ship premium quality to your door. Ideal for home décor or gifting.",cards_pf_bx_pt_130-lb-cover-coated-silk_cl_4-0_sft_foil-copper-1-0_ver,https://upload.wikimedia.org/wikipedia/commons/c/ca/1x1.png,Yes
Posters — BX — ver,"Personalised posters from Pixora. Upload your photo, preview on a live product mockup, and we print and ship premium quality to your door. Ideal for home décor or gifting.",cards_pf_bx_pt_130-lb-cover-coated-silk_cl_4-0_sft_foil-copper-1-0_ver_variable,https://upload.wikimedia.org/wikipedia/commons/c/ca/1x1.png,Yes
Posters — BX — hor,"Personalised posters from Pixora. Upload your photo, preview on a live product mockup, and we print and ship premium quality to your door. Ideal for home décor or gifting.",cards_pf_bx_pt_130-lb-cover-coated-silk_cl_4-0_sft_foil-gold-1-0_hor,https://upload.wikimedia.org/wikipedia/commons/c/ca/1x1.png,Yes
Posters — BX — hor,"Personalised posters from Pixora. Upload your photo, preview on a live product mockup, and we print and ship premium quality to your door. Ideal for home décor or gifting.",cards_pf_bx_pt_130-lb-cover-coated-silk_cl_4-0_sft_foil-gold-1-0_hor_variable,https://upload.wikimedia.org/wikipedia/commons/c/ca/1x1.png,Yes
Posters — BX — ver,"Personalised posters from Pixora. Upload your photo, preview on a live product mockup, and we print and ship premium quality to your door. Ideal for home décor or gifting.",cards_pf_bx_pt_130-lb-cover-coated-silk_cl_4-0_sft_foil-gold-1-0_ver,https://upload.wikimedia.org/wikipedia/commons/c/ca/1x1.png,Yes
Posters — BX — ver,"Personalised posters from Pixora. Upload your photo, preview on a live product mockup, and we print and ship premium quality to your door. Ideal for home décor or gifting.",cards_pf_bx_pt_130-lb-cover-coated-silk_cl_4-0_sft_foil-gold-1-0_ver_variable,https://upload.wikimedia.org/wikipedia/commons/c/ca/1x1.png,Yes
Posters — BX — hor,"Personalised posters from Pixora. Upload your photo, preview on a live product mockup, and we print and ship premium quality to your door. Ideal for home décor or gifting.",cards_pf_bx_pt_130-lb-cover-coated-silk_cl_4-0_sft_foil-silver-1-0_hor,https://upload.wikimedia.org/wikipedia/commons/c/ca/1x1.png,Yes
Posters — BX — hor,"Personalised posters from Pixora. Upload your photo, preview on a live product mockup, and we print and ship premium quality to your door. Ideal for home décor or gifting.",cards_pf_bx_pt_130-lb-cover-coated-silk_cl_4-0_sft_foil-silver-1-0_hor_variable,https://upload.wikimedia.org/wikipedia/commons/c/ca/1x1.png,Yes
Posters — BX — ver,"Personalised posters from Pixora. Upload your photo, preview on a live product mockup, and we print and ship premium quality to your door. Ideal for home décor or gifting.",cards_pf_bx_pt_130-lb-cover-coated-silk_cl_4-0_sft_foil-silver-1-0_ver,https://upload.wikimedia.org/wikipedia/commons/c/ca/1x1.png,Yes
Posters — BX — ver,"Personalised posters from Pixora. Upload your photo, preview on a live product mockup, and we print and ship premium quality to your door. Ideal for home décor or gifting.",cards_pf_bx_pt_130-lb-cover-coated-silk_cl_4-0_sft_foil-silver-1-0_ver_variable,https://upload.wikimedia.org/wikipedia/commons/c/ca/1x1.png,Yes
Posters — BX — ver,"Personalised posters from Pixora. Upload your photo, preview on a live product mockup, and we print and ship premium quality to your door. Ideal for home décor or gifting.",cards_pf_bx_pt_130-lb-cover-coated-silk_cl_4-0_ver,https://upload.wikimedia.org/wikipedia/commons/c/ca/1x1.png,Yes
Posters — BX — hor,"Personalised posters from Pixora. Upload your photo, preview on a live product mockup, and we print and ship premium quality to your door. Ideal for home décor or gifting.",cards_pf_bx_pt_130-lb-cover-uncoated_cl_4-0_hor,https://upload.wikimedia.org/wikipedia/commons/c/ca/1x1.png,Yes
Posters — BX — hor,"Personalised posters from Pixora. Upload your photo, preview on a live product mockup, and we print and ship premium quality to your door. Ideal for home décor or gifting.",cards_pf_bx_pt_130-lb-cover-uncoated_cl_4-0_hor_variable,https://upload.wikimedia.org/wikipedia/commons/c/ca/1x1.png,Yes
Posters — BX — hor,"Personalised posters from Pixora. Upload your photo, preview on a live product mockup, and we print and ship premium quality to your door. Ideal for home décor or gifting.",cards_pf_bx_pt_130-lb-cover-uncoated_cl_4-0_sft_foil-copper-1-0_hor,https://upload.wikimedia.org/wikipedia/commons/c/ca/1x1.png,Yes
Posters — BX — hor,"Personalised posters from Pixora. Upload your photo, preview on a live product mockup, and we print and ship premium quality to your door. Ideal for home décor or gifting.",cards_pf_bx_pt_130-lb-cover-uncoated_cl_4-0_sft_foil-copper-1-0_hor_variable,https://upload.wikimedia.org/wikipedia/commons/c/ca/1x1.png,Yes
Posters — BX — ver,"Personalised posters from Pixora. Upload your photo, preview on a live product mockup, and we print and ship premium quality to your door. Ideal for home décor or gifting.",cards_pf_bx_pt_130-lb-cover-uncoated_cl_4-0_sft_foil-copper-1-0_ver,https://upload.wikimedia.org/wikipedia/commons/c/ca/1x1.png,Yes
Posters — BX — ver,"Personalised posters from Pixora. Upload your photo, preview on a live product mockup, and we print and ship premium quality to your door. Ideal for home décor or gifting.",cards_pf_bx_pt_130-lb-cover-uncoated_cl_4-0_sft_foil-copper-1-0_ver_variable,https://upload.wikimedia.org/wikipedia/commons/c/ca/1x1.png,Yes
Posters — BX — hor,"Personalised posters from Pixora. Upload your photo, preview on a live product mockup, and we print and ship premium quality to your door. Ideal for home décor or gifting.",cards_pf_bx_pt_130-lb-cover-uncoated_cl_4-0_sft_foil-gold-1-0_hor,https://upload.wikimedia.org/wikipedia/commons/c/ca/1x1.png,Yes
Posters — BX — hor,"Personalised posters from Pixora. Upload your photo, preview on a live product mockup, and we print and ship premium quality to your door. Ideal for home décor or gifting.",cards_pf_bx_pt_130-lb-cover-uncoated_cl_4-0_sft_foil-gold-1-0_hor_variable,https://upload.wikimedia.org/wikipedia/commons/c/ca/1x1.png,Yes
Posters — BX — ver,"Personalised posters from Pixora. Upload your photo, preview on a live product mockup, and we print and ship premium quality to your door. Ideal for home décor or gifting.",cards_pf_bx_pt_130-lb-cover-uncoated_cl_4-0_sft_foil-gold-1-0_ver,https://upload.wikimedia.org/wikipedia/commons/c/ca/1x1.png,Yes
Posters — BX — ver,"Personalised posters from Pixora. Upload your photo, preview on a live product mockup, and we print and ship premium quality to your door. Ideal for home décor or gifting.",cards_pf_bx_pt_130-lb-cover-uncoated_cl_4-0_sft_foil-gold-1-0_ver_variable,https://upload.wikimedia.org/wikipedia/commons/c/ca/1x1.png,Yes
Posters — BX — hor,"Personalised posters from Pixora. Upload your photo, preview on a live product mockup, and we print and ship premium quality to your door. Ideal for home décor or gifting.",cards_pf_bx_pt_130-lb-cover-uncoated_cl_4-0_sft_foil-silver-1-0_hor,https://upload.wikimedia.org/wikipedia/commons/c/ca/1x1.png,Yes
Posters — BX — hor,"Personalised posters from Pixora. Upload your photo, preview on a live product mockup, and we print and ship premium quality to your door. Ideal for home décor or gifting.",cards_pf_bx_pt_130-lb-cover-uncoated_cl_4-0_sft_foil-silver-1-0_hor_variable,https://upload.wikimedia.org/wikipedia/commons/c/ca/1x1.png,Yes
Posters — BX — ver,"Personalised posters from Pixora. Upload your photo, preview on a live product mockup, and we print and ship premium quality to your door. Ideal for home décor or gifting.",cards_pf_bx_pt_130-lb-cover-uncoated_cl_4-0_sft_foil-silver-1-0_ver,https://upload.wikimedia.org/wikipedia/commons/c/ca/1x1.png,Yes
Posters — BX — ver,"Personalised posters from Pixora. Upload your photo, preview on a live product mockup, and we print and ship premium quality to your door. Ideal for home décor or gifting.",cards_pf_bx_pt_130-lb-cover-uncoated_cl_4-0_sft_foil-silver-1-0_ver_variable,https://upload.wikimedia.org/wikipedia/commons/c/ca/1x1.png,Yes
Posters — BX — ver,"Personalised posters from Pixora. Upload your photo, preview on a live product mockup, and we print and ship premium quality to your door. Ideal for home décor or gifting.",cards_pf_bx_pt_130-lb-cover-uncoated_cl_4-0_ver,https://upload.wikimedia.org/wikipedia/commons/c/ca/1x1.png,Yes
Posters — BX — hor,"Personalised posters from Pixora. Upload your photo, preview on a live product mockup, and we print and ship premium quality to your door. Ideal for home décor or gifting.",cards_pf_bx_pt_300-gsm-coated-silk_cl_4-0_hor,https://upload.wikimedia.org/wikipedia/commons/c/ca/1x1.png,Yes
Posters — BX — hor,"Personalised posters from Pixora. Upload your photo, preview on a live product mockup, and we print and ship premium quality to your door. Ideal for home décor or gifting.",cards_pf_bx_pt_300-gsm-uncoated_cl_4-0_hor,https://upload.wikimedia.org/wikipedia/commons/c/ca/1x1.png,Yes
Posters — BX — ver,"Personalised posters from Pixora. Upload your photo, preview on a live product mockup, and we print and ship premium quality to your door. Ideal for home décor or gifting.",cards_pf_bx_pt_300-gsm-uncoated_cl_4-0_ver,https://upload.wikimedia.org/wikipedia/commons/c/ca/1x1.png,Yes
Posters — BX — hor,"Personalised posters from Pixora. Upload your photo, preview on a live product mockup, and we print and ship premium quality to your door. Ideal for home décor or gifting.",cards_pf_bx_pt_350-gsm-coated-silk_cl_4-0_hor,https://upload.wikimedia.org/wikipedia/commons/c/ca/1x1.png,Yes
Posters — BX — ver,"Personalised posters from Pixora. Upload your photo, preview on a live product mockup, and we print and ship premium quality to your door. Ideal for home décor or gifting.",cards_pf_bx_pt_350-gsm-coated-silk_cl_4-0_ver,https://upload.wikimedia.org/wikipedia/commons/c/ca/1x1.png,Yes
Posters — BX — hor,"Personalised posters from Pixora. Upload your photo, preview on a live product mockup, and we print and ship premium quality to your door. Ideal for home décor or gifting.",cards_pf_bx_pt_350-gsm-uncoated_cl_4-0_hor,https://upload.wikimedia.org/wikipedia/commons/c/ca/1x1.png,Yes
Posters — BX — ver,"Personalised posters from Pixora. Upload your photo, preview on a live product mockup, and we print and ship premium quality to your door. Ideal for home décor or gifting.",cards_pf_bx_pt_350-gsm-uncoated_cl_4-0_ver,https://upload.wikimedia.org/wikipedia/commons/c/ca/1x1.png,Yes
Posters — DL — hor,"Personalised posters from Pixora. Upload your photo, preview on a live product mockup, and we print and ship premium quality to your door. Ideal for home décor or gifting.",cards_pf_dl_pt_100-lb-cover-coated-silk_cl_4-0_hor,https://upload.wikimedia.org/wikipedia/commons/c/ca/1x1.png,Yes
Posters — DL — ver,"Personalised posters from Pixora. Upload your photo, preview on a live product mockup, and we print and ship premium quality to your door. Ideal for home décor or gifting.",cards_pf_dl_pt_100-lb-cover-coated-silk_cl_4-0_ver,https://upload.wikimedia.org/wikipedia/commons/c/ca/1x1.png,Yes
Posters — DL — hor,"Personalised posters from Pixora. Upload your photo, preview on a live product mockup, and we print and ship premium quality to your door. Ideal for home décor or gifting.",cards_pf_dl_pt_250-gsm-coated-silk_cl_4-0_hor,https://upload.wikimedia.org/wikipedia/commons/c/ca/1x1.png,Yes
Posters — DL — ver,"Personalised posters from Pixora. Upload your photo, preview on a live product mockup, and we print and ship premium quality to your door. Ideal for home décor or gifting.",cards_pf_dl_pt_250-gsm-coated-silk_cl_4-0_ver,https://upload.wikimedia.org/wikipedia/commons/c/ca/1x1.png,Yes
Posters — DL — hor,"Personalised posters from Pixora. Upload your photo, preview on a live product mockup, and we print and ship premium quality to your door. Ideal for home décor or gifting.",cards_pf_dl_pt_250-gsm-uncoated_cl_4-0_hor,https://upload.wikimedia.org/wikipedia/commons/c/ca/1x1.png,Yes
Posters — DL — ver,"Personalised posters from Pixora. Upload your photo, preview on a live product mockup, and we print and ship premium quality to your door. Ideal for home décor or gifting.",cards_pf_dl_pt_250-gsm-uncoated_cl_4-0_ver,https://upload.wikimedia.org/wikipedia/commons/c/ca/1x1.png,Yes
Posters — DL — hor,"Personalised posters from Pixora. Upload your photo, preview on a live product mockup, and we print and ship premium quality to your door. Ideal for home décor or gifting.",cards_pf_dl_pt_300-gsm-uncoated_cl_4-0_hor,https://upload.wikimedia.org/wikipedia/commons/c/ca/1x1.png,Yes
Posters — DL — ver,"Personalised posters from Pixora. Upload your photo, preview on a live product mockup, and we print and ship premium quality to your door. Ideal for home décor or gifting.",cards_pf_dl_pt_300-gsm-uncoated_cl_4-0_ver,https://upload.wikimedia.org/wikipedia/commons/c/ca/1x1.png,Yes
Posters — DL — hor,"Personalised posters from Pixora. Upload your photo, preview on a live product mockup, and we print and ship premium quality to your door. Ideal for home décor or gifting.",cards_pf_dl_pt_350-gsm-coated-silk_cl_4-0_hor,https://upload.wikimedia.org/wikipedia/commons/c/ca/1x1.png,Yes
Posters — DL — ver,"Personalised posters from Pixora. Upload your photo, preview on a live product mockup, and we print and ship premium quality to your door. Ideal for home décor or gifting.",cards_pf_dl_pt_350-gsm-coated-silk_cl_4-0_ver,https://upload.wikimedia.org/wikipedia/commons/c/ca/1x1.png,Yes
Posters — DL — hor,"Personalised posters from Pixora. Upload your photo, preview on a live product mockup, and we print and ship premium quality to your door. Ideal for home décor or gifting.",cards_pf_dl_pt_350-gsm-uncoated_cl_4-0_hor,https://upload.wikimedia.org/wikipedia/commons/c/ca/1x1.png,Yes
Posters — DL — ver,"Personalised posters from Pixora. Upload your photo, preview on a live product mockup, and we print and ship premium quality to your door. Ideal for home décor or gifting.",cards_pf_dl_pt_350-gsm-uncoated_cl_4-0_ver,https://upload.wikimedia.org/wikipedia/commons/c/ca/1x1.png,Yes
Posters — LG — hor,"Personalised posters from Pixora. Upload your photo, preview on a live product mockup, and we print and ship premium quality to your door. Ideal for home décor or gifting.",cards_pf_lg_pt_100-lb-cover-coated-silk_cl_4-0_hor,https://upload.wikimedia.org/wikipedia/commons/c/ca/1x1.png,Yes
Posters — LG — ver,"Personalised posters from Pixora. Upload your photo, preview on a live product mockup, and we print and ship premium quality to your door. Ideal for home décor or gifting.",cards_pf_lg_pt_100-lb-cover-coated-silk_cl_4-0_ver,https://upload.wikimedia.org/wikipedia/commons/c/ca/1x1.png,Yes
Posters — LG — hor,"Personalised posters from Pixora. Upload your photo, preview on a live product mockup, and we print and ship premium quality to your door. Ideal for home décor or gifting.",cards_pf_lg_pt_100-lb-cover-uncoated_cl_4-0_hor,https://upload.wikimedia.org/wikipedia/commons/c/ca/1x1.png,Yes
Posters — LG — ver,"Personalised posters from Pixora. Upload your photo, preview on a live product mockup, and we print and ship premium quality to your door. Ideal for home décor or gifting.",cards_pf_lg_pt_100-lb-cover-uncoated_cl_4-0_ver,https://upload.wikimedia.org/wikipedia/commons/c/ca/1x1.png,Yes
Posters — LG — hor,"Personalised posters from Pixora. Upload your photo, preview on a live product mockup, and we print and ship premium quality to your door. Ideal for home décor or gifting.",cards_pf_lg_pt_110-lb-cover-uncoated_cl_4-0_hor,https://upload.wikimedia.org/wikipedia/commons/c/ca/1x1.png,Yes
Posters — LG — ver,"Personalised posters from Pixora. Upload your photo, preview on a live product mockup, and we print and ship premium quality to your door. Ideal for home décor or gifting.",cards_pf_lg_pt_110-lb-cover-uncoated_cl_4-0_ver,https://upload.wikimedia.org/wikipedia/commons/c/ca/1x1.png,Yes
Posters — LG — hor,"Personalised posters from Pixora. Upload your photo, preview on a live product mockup, and we print and ship premium quality to your door. Ideal for home décor or gifting.",cards_pf_lg_pt_130-lb-cover-coated-silk_cl_4-0_hor,https://upload.wikimedia.org/wikipedia/commons/c/ca/1x1.png,Yes
Posters — LG — ver,"Personalised posters from Pixora. Upload your photo, preview on a live product mockup, and we print and ship premium quality to your door. Ideal for home décor or gifting.",cards_pf_lg_pt_130-lb-cover-coated-silk_cl_4-0_ver,https://upload.wikimedia.org/wikipedia/commons/c/ca/1x1.png,Yes
Posters — LG — hor,"Personalised posters from Pixora. Upload your photo, preview on a live product mockup, and we print and ship premium quality to your door. Ideal for home décor or gifting.",cards_pf_lg_pt_130-lb-cover-uncoated_cl_4-0_hor,https://upload.wikimedia.org/wikipedia/commons/c/ca/1x1.png,Yes
Posters — LG — ver,"Personalised posters from Pixora. Upload your photo, preview on a live product mockup, and we print and ship premium quality to your door. Ideal for home décor or gifting.",cards_pf_lg_pt_130-lb-cover-uncoated_cl_4-0_ver,https://upload.wikimedia.org/wikipedia/commons/c/ca/1x1.png,Yes
Posters — LG — hor,"Personalised posters from Pixora. Upload your photo, preview on a live product mockup, and we print and ship premium quality to your door. Ideal for home décor or gifting.",cards_pf_lg_pt_250-gsm-coated-silk_cl_4-0_hor,https://upload.wikimedia.org/wikipedia/commons/c/ca/1x1.png,Yes
Posters — LG — ver,"Personalised posters from Pixora. Upload your photo, preview on a live product mockup, and we print and ship premium quality to your door. Ideal for home décor or gifting.",cards_pf_lg_pt_250-gsm-coated-silk_cl_4-0_ver,https://upload.wikimedia.org/wikipedia/commons/c/ca/1x1.png,Yes
Posters — LG — hor,"Personalised posters from Pixora. Upload your photo, preview on a live product mockup, and we print and ship premium quality to your door. Ideal for home décor or gifting.",cards_pf_lg_pt_250-gsm-uncoated_cl_4-0_hor,https://upload.wikimedia.org/wikipedia/commons/c/ca/1x1.png,Yes
Posters — LG — ver,"Personalised posters from Pixora. Upload your photo, preview on a live product mockup, and we print and ship premium quality to your door. Ideal for home décor or gifting.",cards_pf_lg_pt_250-gsm-uncoated_cl_4-0_ver,https://upload.wikimedia.org/wikipedia/commons/c/ca/1x1.png,Yes
Posters — LG — hor,"Personalised posters from Pixora. Upload your photo, preview on a live product mockup, and we print and ship premium quality to your door. Ideal for home décor or gifting.",cards_pf_lg_pt_80-lb-cover-coated-silk_cl_4-0_hor,https://upload.wikimedia.org/wikipedia/commons/c/ca/1x1.png,Yes
Posters — LG — ver,"Personalised posters from Pixora. Upload your photo, preview on a live product mockup, and we print and ship premium quality to your door. Ideal for home décor or gifting.",cards_pf_lg_pt_80-lb-cover-uncoated_cl_4-0_ver,https://upload.wikimedia.org/wikipedia/commons/c/ca/1x1.png,Yes
Posters — LT — hor,"Personalised posters from Pixora. Upload your photo, preview on a live product mockup, and we print and ship premium quality to your door. Ideal for home décor or gifting.",cards_pf_lt_pt_100-lb-cover-coated-silk_cl_4-0_hor,https://upload.wikimedia.org/wikipedia/commons/c/ca/1x1.png,Yes
Posters — LT — ver,"Personalised posters from Pixora. Upload your photo, preview on a live product mockup, and we print and ship premium quality to your door. Ideal for home décor or gifting.",cards_pf_lt_pt_100-lb-cover-coated-silk_cl_4-0_ver,https://upload.wikimedia.org/wikipedia/commons/c/ca/1x1.png,Yes
Posters — LT — hor,"Personalised posters from Pixora. Upload your photo, preview on a live product mockup, and we print and ship premium quality to your door. Ideal for home décor or gifting.",cards_pf_lt_pt_100-lb-cover-uncoated_cl_4-0_hor,https://upload.wikimedia.org/wikipedia/commons/c/ca/1x1.png,Yes
Posters — LT — ver,"Personalised posters from Pixora. Upload your photo, preview on a live product mockup, and we print and ship premium quality to your door. Ideal for home décor or gifting.",cards_pf_lt_pt_100-lb-cover-uncoated_cl_4-0_ver,https://upload.wikimedia.org/wikipedia/commons/c/ca/1x1.png,Yes
Posters — LT — hor,"Personalised posters from Pixora. Upload your photo, preview on a live product mockup, and we print and ship premium quality to your door. Ideal for home décor or gifting.",cards_pf_lt_pt_110-lb-cover-uncoated_cl_4-0_hor,https://upload.wikimedia.org/wikipedia/commons/c/ca/1x1.png,Yes
Posters — LT — ver,"Personalised posters from Pixora. Upload your photo, preview on a live product mockup, and we print and ship premium quality to your door. Ideal for home décor or gifting.",cards_pf_lt_pt_110-lb-cover-uncoated_cl_4-0_ver,https://upload.wikimedia.org/wikipedia/commons/c/ca/1x1.png,Yes
Posters — LT — hor,"Personalised posters from Pixora. Upload your photo, preview on a live product mockup, and we print and ship premium quality to your door. Ideal for home décor or gifting.",cards_pf_lt_pt_130-lb-cover-coated-silk_cl_4-0_hor,https://upload.wikimedia.org/wikipedia/commons/c/ca/1x1.png,Yes
Posters — LT — ver,"Personalised posters from Pixora. Upload your photo, preview on a live product mockup, and we print and ship premium quality to your door. Ideal for home décor or gifting.",cards_pf_lt_pt_130-lb-cover-coated-silk_cl_4-0_ver,https://upload.wikimedia.org/wikipedia/commons/c/ca/1x1.png,Yes
Posters — LT — hor,"Personalised posters from Pixora. Upload your photo, preview on a live product mockup, and we print and ship premium quality to your door. Ideal for home décor or gifting.",cards_pf_lt_pt_130-lb-cover-uncoated_cl_4-0_hor,https://upload.wikimedia.org/wikipedia/commons/c/ca/1x1.png,Yes
Posters — LT — ver,"Personalised posters from Pixora. Upload your photo, preview on a live product mockup, and we print and ship premium quality to your door. Ideal for home décor or gifting.",cards_pf_lt_pt_130-lb-cover-uncoated_cl_4-0_ver,https://upload.wikimedia.org/wikipedia/commons/c/ca/1x1.png,Yes
Posters — LT — hor,"Personalised posters from Pixora. Upload your photo, preview on a live product mockup, and we print and ship premium quality to your door. Ideal for home décor or gifting.",cards_pf_lt_pt_250-gsm-coated-silk_cl_4-0_hor,https://upload.wikimedia.org/wikipedia/commons/c/ca/1x1.png,Yes
Posters — LT — ver,"Personalised posters from Pixora. Upload your photo, preview on a live product mockup, and we print and ship premium quality to your door. Ideal for home décor or gifting.",cards_pf_lt_pt_250-gsm-coated-silk_cl_4-0_ver,https://upload.wikimedia.org/wikipedia/commons/c/ca/1x1.png,Yes
Posters — LT — hor,"Personalised posters from Pixora. Upload your photo, preview on a live product mockup, and we print and ship premium quality to your door. Ideal for home décor or gifting.",cards_pf_lt_pt_250-gsm-uncoated_cl_4-0_hor,https://upload.wikimedia.org/wikipedia/commons/c/ca/1x1.png,Yes
Posters — LT — ver,"Personalised posters from Pixora. Upload your photo, preview on a live product mockup, and we print and ship premium quality to your door. Ideal for home décor or gifting.",cards_pf_lt_pt_250-gsm-uncoated_cl_4-0_ver,https://upload.wikimedia.org/wikipedia/commons/c/ca/1x1.png,Yes
Posters — LT — hor,"Personalised posters from Pixora. Upload your photo, preview on a live product mockup, and we print and ship premium quality to your door. Ideal for home décor or gifting.",cards_pf_lt_pt_300-gsm-uncoated_cl_4-0_hor,https://upload.wikimedia.org/wikipedia/commons/c/ca/1x1.png,Yes
Posters — LT — ver,"Personalised posters from Pixora. Upload your photo, preview on a live product mockup, and we print and ship premium quality to your door. Ideal for home décor or gifting.",cards_pf_lt_pt_300-gsm-uncoated_cl_4-0_ver,https://upload.wikimedia.org/wikipedia/commons/c/ca/1x1.png,Yes
Posters — LT — hor,"Personalised posters from Pixora. Upload your photo, preview on a live product mockup, and we print and ship premium quality to your door. Ideal for home décor or gifting.",cards_pf_lt_pt_350-gsm-coated-silk_cl_4-0_hor,https://upload.wikimedia.org/wikipedia/commons/c/ca/1x1.png,Yes
Posters — LT — ver,"Personalised posters from Pixora. Upload your photo, preview on a live product mockup, and we print and ship premium quality to your door. Ideal for home décor or gifting.",cards_pf_lt_pt_350-gsm-coated-silk_cl_4-0_ver,https://upload.wikimedia.org/wikipedia/commons/c/ca/1x1.png,Yes
Posters — LT — hor,"Personalised posters from Pixora. Upload your photo, preview on a live product mockup, and we print and ship premium quality to your door. Ideal for home décor or gifting.",cards_pf_lt_pt_80-lb-cover-coated-silk_cl_4-0_hor,https://upload.wikimedia.org/wikipedia/commons/c/ca/1x1.png,Yes
Posters — LT — ver,"Personalised posters from Pixora. Upload your photo, preview on a live product mockup, and we print and ship premium quality to your door. Ideal for home décor or gifting.",cards_pf_lt_pt_80-lb-cover-coated-silk_cl_4-0_ver,https://upload.wikimedia.org/wikipedia/commons/c/ca/1x1.png,Yes
Posters — LT — hor,"Personalised posters from Pixora. Upload your photo, preview on a live product mockup, and we print and ship premium quality to your door. Ideal for home décor or gifting.",cards_pf_lt_pt_80-lb-cover-uncoated_cl_4-0_hor,https://upload.wikimedia.org/wikipedia/commons/c/ca/1x1.png,Yes
Posters — LT — ver,"Personalised posters from Pixora. Upload your photo, preview on a live product mockup, and we print and ship premium quality to your door. Ideal for home décor or gifting.",cards_pf_lt_pt_80-lb-cover-uncoated_cl_4-0_ver,https://upload.wikimedia.org/wikipedia/commons/c/ca/1x1.png,Yes
Posters — SM — hor,"Personalised posters from Pixora. Upload your photo, preview on a live product mockup, and we print and ship premium quality to your door. Ideal for home décor or gifting.",cards_pf_sm_pt_100-lb-cover-coated-silk_cl_4-0_hor,https://upload.wikimedia.org/wikipedia/commons/c/ca/1x1.png,Yes
Posters — SM — ver,"Personalised posters from Pixora. Upload your photo, preview on a live product mockup, and we print and ship premium quality to your door. Ideal for home décor or gifting.",cards_pf_sm_pt_100-lb-cover-coated-silk_cl_4-0_ver,https://upload.wikimedia.org/wikipedia/commons/c/ca/1x1.png,Yes
Posters — SM — hor,"Personalised posters from Pixora. Upload your photo, preview on a live product mockup, and we print and ship premium quality to your door. Ideal for home décor or gifting.",cards_pf_sm_pt_100-lb-cover-uncoated_cl_4-0_hor,https://upload.wikimedia.org/wikipedia/commons/c/ca/1x1.png,Yes
Posters — SM — ver,"Personalised posters from Pixora. Upload your photo, preview on a live product mockup, and we print and ship premium quality to your door. Ideal for home décor or gifting.",cards_pf_sm_pt_100-lb-cover-uncoated_cl_4-0_ver,https://upload.wikimedia.org/wikipedia/commons/c/ca/1x1.png,Yes
Posters — SM — hor,"Personalised posters from Pixora. Upload your photo, preview on a live product mockup, and we print and ship premium quality to your door. Ideal for home décor or gifting.",cards_pf_sm_pt_110-lb-cover-uncoated_cl_4-0_hor,https://upload.wikimedia.org/wikipedia/commons/c/ca/1x1.png,Yes
Posters — SM — ver,"Personalised posters from Pixora. Upload your photo, preview on a live product mockup, and we print and ship premium quality to your door. Ideal for home décor or gifting.",cards_pf_sm_pt_110-lb-cover-uncoated_cl_4-0_ver,https://upload.wikimedia.org/wikipedia/commons/c/ca/1x1.png,Yes
Posters — SM — hor,"Personalised posters from Pixora. Upload your photo, preview on a live product mockup, and we print and ship premium quality to your door. Ideal for home décor or gifting.",cards_pf_sm_pt_130-lb-cover-coated-silk_cl_4-0_hor,https://upload.wikimedia.org/wikipedia/commons/c/ca/1x1.png,Yes
Posters — SM — ver,"Personalised posters from Pixora. Upload your photo, preview on a live product mockup, and we print and ship premium quality to your door. Ideal for home décor or gifting.",cards_pf_sm_pt_130-lb-cover-coated-silk_cl_4-0_ver,https://upload.wikimedia.org/wikipedia/commons/c/ca/1x1.png,Yes
Posters — SM — hor,"Personalised posters from Pixora. Upload your photo, preview on a live product mockup, and we print and ship premium quality to your door. Ideal for home décor or gifting.",cards_pf_sm_pt_130-lb-cover-uncoated_cl_4-0_hor,https://upload.wikimedia.org/wikipedia/commons/c/ca/1x1.png,Yes
Posters — SM — ver,"Personalised posters from Pixora. Upload your photo, preview on a live product mockup, and we print and ship premium quality to your door. Ideal for home décor or gifting.",cards_pf_sm_pt_130-lb-cover-uncoated_cl_4-0_ver,https://upload.wikimedia.org/wikipedia/commons/c/ca/1x1.png,Yes
Posters — SQ210x210 — hor,"Personalised posters from Pixora. Upload your photo, preview on a live product mockup, and we print and ship premium quality to your door. Ideal for home décor or gifting.",cards_pf_sq210x210_pt_100-lb-cover-coated-silk_cl_4-0_hor,https://upload.wikimedia.org/wikipedia/commons/c/ca/1x1.png,Yes
Posters — SQ210x210 — hor,"Personalised posters from Pixora. Upload your photo, preview on a live product mockup, and we print and ship premium quality to your door. Ideal for home décor or gifting.",cards_pf_sq210x210_pt_100-lb-cover-uncoated_cl_4-0_hor,https://upload.wikimedia.org/wikipedia/commons/c/ca/1x1.png,Yes
Posters — SQ210x210 — hor,"Personalised posters from Pixora. Upload your photo, preview on a live product mockup, and we print and ship premium quality to your door. Ideal for home décor or gifting.",cards_pf_sq210x210_pt_110-lb-cover-uncoated_cl_4-0_hor,https://upload.wikimedia.org/wikipedia/commons/c/ca/1x1.png,Yes
Posters — SQ210x210 — hor,"Personalised posters from Pixora. Upload your photo, preview on a live product mockup, and we print and ship premium quality to your door. Ideal for home décor or gifting.",cards_pf_sq210x210_pt_130-lb-cover-coated-silk_cl_4-0_hor,https://upload.wikimedia.org/wikipedia/commons/c/ca/1x1.png,Yes
Posters — SQ210x210 — hor,"Personalised posters from Pixora. Upload your photo, preview on a live product mockup, and we print and ship premium quality to your door. Ideal for home décor or gifting.",cards_pf_sq210x210_pt_250-gsm-coated-silk_cl_4-0_hor,https://upload.wikimedia.org/wikipedia/commons/c/ca/1x1.png,Yes
Posters — SQ210x210 — hor,"Personalised posters from Pixora. Upload your photo, preview on a live product mockup, and we print and ship premium quality to your door. Ideal for home décor or gifting.",cards_pf_sq210x210_pt_250-gsm-uncoated_cl_4-0_hor,https://upload.wikimedia.org/wikipedia/commons/c/ca/1x1.png,Yes
Posters — SQ210x210 — hor,"Personalised posters from Pixora. Upload your photo, preview on a live product mockup, and we print and ship premium quality to your door. Ideal for home décor or gifting.",cards_pf_sq210x210_pt_300-gsm-uncoated_cl_4-0_hor,https://upload.wikimedia.org/wikipedia/commons/c/ca/1x1.png,Yes
Posters — SQ210x210 — hor,"Personalised posters from Pixora. Upload your photo, preview on a live product mockup, and we print and ship premium quality to your door. Ideal for home décor or gifting.",cards_pf_sq210x210_pt_350-gsm-coated-silk_cl_4-0_hor,https://upload.wikimedia.org/wikipedia/commons/c/ca/1x1.png,Yes
Posters — SQ — hor,"Personalised posters from Pixora. Upload your photo, preview on a live product mockup, and we print and ship premium quality to your door. Ideal for home décor or gifting.",cards_pf_sq_pt_100-lb-cover-coated-silk_cl_4-0_hor,https://upload.wikimedia.org/wikipedia/commons/c/ca/1x1.png,Yes
Posters — SQ — hor,"Personalised posters from Pixora. Upload your photo, preview on a live product mockup, and we print and ship premium quality to your door. Ideal for home décor or gifting.",cards_pf_sq_pt_100-lb-cover-uncoated_cl_4-0_hor,https://upload.wikimedia.org/wikipedia/commons/c/ca/1x1.png,Yes
Posters — SQ — hor,"Personalised posters from Pixora. Upload your photo, preview on a live product mockup, and we print and ship premium quality to your door. Ideal for home décor or gifting.",cards_pf_sq_pt_250-gsm-coated-silk_cl_4-0_hor,https://upload.wikimedia.org/wikipedia/commons/c/ca/1x1.png,Yes
Posters — SQ — hor,"Personalised posters from Pixora. Upload your photo, preview on a live product mockup, and we print and ship premium quality to your door. Ideal for home décor or gifting.",cards_pf_sq_pt_250-gsm-uncoated_cl_4-0_hor,https://upload.wikimedia.org/wikipedia/commons/c/ca/1x1.png,Yes
Posters — SQ — hor,"Personalised posters from Pixora. Upload your photo, preview on a live product mockup, and we print and ship premium quality to your door. Ideal for home décor or gifting.",cards_pf_sq_pt_300-gsm-coated-silk_cl_4-0_hor,https://upload.wikimedia.org/wikipedia/commons/c/ca/1x1.png,Yes
Posters — SQ — hor,"Personalised posters from Pixora. Upload your photo, preview on a live product mockup, and we print and ship premium quality to your door. Ideal for home décor or gifting.",cards_pf_sq_pt_300-gsm-uncoated_cl_4-0_hor,https://upload.wikimedia.org/wikipedia/commons/c/ca/1x1.png,Yes
Posters — SQ — hor,"Personalised posters from Pixora. Upload your photo, preview on a live product mockup, and we print and ship premium quality to your door. Ideal for home décor or gifting.",cards_pf_sq_pt_300-gsm-uncoated_cl_4-0_hor_variable,https://upload.wikimedia.org/wikipedia/commons/c/ca/1x1.png,Yes
Posters — SQ — hor,"Personalised posters from Pixora. Upload your photo, preview on a live product mockup, and we print and ship premium quality to your door. Ideal for home décor or gifting.",cards_pf_sq_pt_300-gsm-uncoated_cl_4-0_set_round-8mm_hor,https://upload.wikimedia.org/wikipedia/commons/c/ca/1x1.png,Yes
Posters — SQ — hor,"Personalised posters from Pixora. Upload your photo, preview on a live product mockup, and we print and ship premium quality to your door. Ideal for home décor or gifting.",cards_pf_sq_pt_300-gsm-uncoated_cl_4-0_sft_foil-copper-1-0_hor,https://upload.wikimedia.org/wikipedia/commons/c/ca/1x1.png,Yes
Posters — SQ — hor,"Personalised posters from Pixora. Upload your photo, preview on a live product mockup, and we print and ship premium quality to your door. Ideal for home décor or gifting.",cards_pf_sq_pt_300-gsm-uncoated_cl_4-0_sft_foil-copper-1-0_set_round-8mm_hor,https://upload.wikimedia.org/wikipedia/commons/c/ca/1x1.png,Yes
Posters — SQ — hor,"Personalised posters from Pixora. Upload your photo, preview on a live product mockup, and we print and ship premium quality to your door. Ideal for home décor or gifting.",cards_pf_sq_pt_300-gsm-uncoated_cl_4-0_sft_foil-copper-1-1_hor,https://upload.wikimedia.org/wikipedia/commons/c/ca/1x1.png,Yes
Posters — SQ — hor,"Personalised posters from Pixora. Upload your photo, preview on a live product mockup, and we print and ship premium quality to your door. Ideal for home décor or gifting.",cards_pf_sq_pt_300-gsm-uncoated_cl_4-0_sft_foil-copper-1-1_set_round-8mm_hor,https://upload.wikimedia.org/wikipedia/commons/c/ca/1x1.png,Yes
Posters — SQ — hor,"Personalised posters from Pixora. Upload your photo, preview on a live product mockup, and we print and ship premium quality to your door. Ideal for home décor or gifting.",cards_pf_sq_pt_300-gsm-uncoated_cl_4-0_sft_foil-gold-1-0_hor,https://upload.wikimedia.org/wikipedia/commons/c/ca/1x1.png,Yes
Posters — SQ — hor,"Personalised posters from Pixora. Upload your photo, preview on a live product mockup, and we print and ship premium quality to your door. Ideal for home décor or gifting.",cards_pf_sq_pt_300-gsm-uncoated_cl_4-0_sft_foil-gold-1-0_set_round-8mm_hor,https://upload.wikimedia.org/wikipedia/commons/c/ca/1x1.png,Yes
Posters — SQ — hor,"Personalised posters from Pixora. Upload your photo, preview on a live product mockup, and we print and ship premium quality to your door. Ideal for home décor or gifting.",cards_pf_sq_pt_300-gsm-uncoated_cl_4-0_sft_foil-gold-1-1_hor,https://upload.wikimedia.org/wikipedia/commons/c/ca/1x1.png,Yes
Posters — SQ — hor,"Personalised posters from Pixora. Upload your photo, preview on a live product mockup, and we print and ship premium quality to your door. Ideal for home décor or gifting.",cards_pf_sq_pt_300-gsm-uncoated_cl_4-0_sft_foil-gold-1-1_set_round-8mm_hor,https://upload.wikimedia.org/wikipedia/commons/c/ca/1x1.png,Yes
Posters — SQ — hor,"Personalised posters from Pixora. Upload your photo, preview on a live product mockup, and we print and ship premium quality to your door. Ideal for home décor or gifting.",cards_pf_sq_pt_300-gsm-uncoated_cl_4-0_sft_foil-silver-1-0_hor,https://upload.wikimedia.org/wikipedia/commons/c/ca/1x1.png,Yes
Posters — SQ — hor,"Personalised posters from Pixora. Upload your photo, preview on a live product mockup, and we print and ship premium quality to your door. Ideal for home décor or gifting.",cards_pf_sq_pt_300-gsm-uncoated_cl_4-0_sft_foil-silver-1-0_set_round-8mm_hor,https://upload.wikimedia.org/wikipedia/commons/c/ca/1x1.png,Yes
Posters — SQ — hor,"Personalised posters from Pixora. Upload your photo, preview on a live product mockup, and we print and ship premium quality to your door. Ideal for home décor or gifting.",cards_pf_sq_pt_300-gsm-uncoated_cl_4-0_sft_foil-silver-1-1_hor,https://upload.wikimedia.org/wikipedia/commons/c/ca/1x1.png,Yes
Posters — SQ — hor,"Personalised posters from Pixora. Upload your photo, preview on a live product mockup, and we print and ship premium quality to your door. Ideal for home décor or gifting.",cards_pf_sq_pt_300-gsm-uncoated_cl_4-0_sft_foil-silver-1-1_set_round-8mm_hor,https://upload.wikimedia.org/wikipedia/commons/c/ca/1x1.png,Yes
Posters — SQ — hor,"Personalised posters from Pixora. Upload your photo, preview on a live product mockup, and we print and ship premium quality to your door. Ideal for home décor or gifting.",cards_pf_sq_pt_350-gsm-coated-silk_cl_4-0_hor,https://upload.wikimedia.org/wikipedia/commons/c/ca/1x1.png,Yes
Posters — SQ — hor,"Personalised posters from Pixora. Upload your photo, preview on a live product mockup, and we print and ship premium quality to your door. Ideal for home décor or gifting.",cards_pf_sq_pt_350-gsm-uncoated_cl_4-0_hor,https://upload.wikimedia.org/wikipedia/commons/c/ca/1x1.png,Yes
Posters — SQ — hor,"Personalised posters from Pixora. Upload your photo, preview on a live product mockup, and we print and ship premium quality to your door. Ideal for home décor or gifting.",cards_pf_sq_pt_80-lb-cover-coated-silk_cl_4-0_hor,https://upload.wikimedia.org/wikipedia/commons/c/ca/1x1.png,Yes
Posters — SQ — hor,"Personalised posters from Pixora. Upload your photo, preview on a live product mockup, and we print and ship premium quality to your door. Ideal for home décor or gifting.",cards_pf_sq_pt_80-lb-cover-uncoated_cl_4-0_hor,https://upload.wikimedia.org/wikipedia/commons/c/ca/1x1.png,Yes
Posters — SX — hor,"Personalised posters from Pixora. Upload your photo, preview on a live product mockup, and we print and ship premium quality to your door. Ideal for home décor or gifting.",cards_pf_sx_pt_110-lb-cover-uncoated_cl_4-0_hor,https://upload.wikimedia.org/wikipedia/commons/c/ca/1x1.png,Yes
Posters — SX — hor,"Personalised posters from Pixora. Upload your photo, preview on a live product mockup, and we print and ship premium quality to your door. Ideal for home décor or gifting.",cards_pf_sx_pt_130-lb-cover-coated-silk_cl_4-0_hor,https://upload.wikimedia.org/wikipedia/commons/c/ca/1x1.png,Yes
Posters — SX — hor,"Personalised posters from Pixora. Upload your photo, preview on a live product mockup, and we print and ship premium quality to your door. Ideal for home décor or gifting.",cards_pf_sx_pt_130-lb-cover-uncoated_cl_4-0_hor,https://upload.wikimedia.org/wikipedia/commons/c/ca/1x1.png,Yes
Posters — hor,"Personalised posters from Pixora. Upload your photo, preview on a live product mockup, and we print and ship premium quality to your door. Ideal for home décor or gifting.",flat_1000x1000-mm-40x40-inch_200-gsm-80lb-uncoated_4-0_hor,https://upload.wikimedia.org/wikipedia/commons/c/ca/1x1.png,Yes
Posters — ver,"Personalised posters from Pixora. Upload your photo, preview on a live product mockup, and we print and ship premium quality to your door. Ideal for home décor or gifting.",flat_1000x1000-mm-40x40-inch_200-gsm-80lb-uncoated_4-0_ver,https://upload.wikimedia.org/wikipedia/commons/c/ca/1x1.png,Yes
Posters — hor,"Personalised posters from Pixora. Upload your photo, preview on a live product mockup, and we print and ship premium quality to your door. Ideal for home décor or gifting.",flat_1000x1000-mm-40x40-inch_250-gsm-100lb-uncoated-offwhite-archival_4-0_hor,https://upload.wikimedia.org/wikipedia/commons/c/ca/1x1.png,Yes
Posters — ver,"Personalised posters from Pixora. Upload your photo, preview on a live product mockup, and we print and ship premium quality to your door. Ideal for home décor or gifting.",flat_1000x1000-mm-40x40-inch_250-gsm-100lb-uncoated-offwhite-archival_4-0_ver,https://upload.wikimedia.org/wikipedia/commons/c/ca/1x1.png,Yes
Posters — hor,"Personalised posters from Pixora. Upload your photo, preview on a live product mockup, and we print and ship premium quality to your door. Ideal for home décor or gifting.",flat_1000x1500-mm-40x60-inch_200-gsm-80lb-uncoated_4-0_hor,https://upload.wikimedia.org/wikipedia/commons/c/ca/1x1.png,Yes
Posters — ver,"Personalised posters from Pixora. Upload your photo, preview on a live product mockup, and we print and ship premium quality to your door. Ideal for home décor or gifting.",flat_1000x1500-mm-40x60-inch_200-gsm-80lb-uncoated_4-0_ver,https://upload.wikimedia.org/wikipedia/commons/c/ca/1x1.png,Yes
Posters — hor,"Personalised posters from Pixora. Upload your photo, preview on a live product mockup, and we print and ship premium quality to your door. Ideal for home décor or gifting.",flat_1000x1500-mm-40x60-inch_250-gsm-100lb-uncoated-offwhite-archival_4-0_hor,https://upload.wikimedia.org/wikipedia/commons/c/ca/1x1.png,Yes
Posters — ver,"Personalised posters from Pixora. Upload your photo, preview on a live product mockup, and we print and ship premium quality to your door. Ideal for home décor or gifting.",flat_1000x1500-mm-40x60-inch_250-gsm-100lb-uncoated-offwhite-archival_4-0_ver,https://upload.wikimedia.org/wikipedia/commons/c/ca/1x1.png,Yes
Posters — hor,"Personalised posters from Pixora. Upload your photo, preview on a live product mockup, and we print and ship premium quality to your door. Ideal for home décor or gifting.",flat_10x10-inch-250x250-mm_170-gsm-65lb-coated-silk_4-0_hor,https://upload.wikimedia.org/wikipedia/commons/c/ca/1x1.png,Yes
Posters — ver,"Personalised posters from Pixora. Upload your photo, preview on a live product mockup, and we print and ship premium quality to your door. Ideal for home décor or gifting.",flat_10x10-inch-250x250-mm_170-gsm-65lb-coated-silk_4-0_ver,https://upload.wikimedia.org/wikipedia/commons/c/ca/1x1.png,Yes
Posters — hor,"Personalised posters from Pixora. Upload your photo, preview on a live product mockup, and we print and ship premium quality to your door. Ideal for home décor or gifting.",flat_10x10-inch-250x250-mm_170-gsm-65lb-uncoated_4-0_hor,https://upload.wikimedia.org/wikipedia/commons/c/ca/1x1.png,Yes
Posters — ver,"Personalised posters from Pixora. Upload your photo, preview on a live product mockup, and we print and ship premium quality to your door. Ideal for home décor or gifting.",flat_10x10-inch-250x250-mm_170-gsm-65lb-uncoated_4-0_ver,https://upload.wikimedia.org/wikipedia/commons/c/ca/1x1.png,Yes
Posters — hor,"Personalised posters from Pixora. Upload your photo, preview on a live product mockup, and we print and ship premium quality to your door. Ideal for home décor or gifting.",flat_10x10-inch-250x250-mm_200-gsm-80lb-coated-silk_4-0_hor,https://upload.wikimedia.org/wikipedia/commons/c/ca/1x1.png,Yes
Posters — ver,"Personalised posters from Pixora. Upload your photo, preview on a live product mockup, and we print and ship premium quality to your door. Ideal for home décor or gifting.",flat_10x10-inch-250x250-mm_200-gsm-80lb-coated-silk_4-0_ver,https://upload.wikimedia.org/wikipedia/commons/c/ca/1x1.png,Yes
Posters — hor,"Personalised posters from Pixora. Upload your photo, preview on a live product mockup, and we print and ship premium quality to your door. Ideal for home décor or gifting.",flat_10x10-inch-250x250-mm_200-gsm-80lb-uncoated_4-0_hor,https://upload.wikimedia.org/wikipedia/commons/c/ca/1x1.png,Yes
Posters — ver,"Personalised posters from Pixora. Upload your photo, preview on a live product mockup, and we print and ship premium quality to your door. Ideal for home décor or gifting.",flat_10x10-inch-250x250-mm_200-gsm-80lb-uncoated_4-0_ver,https://upload.wikimedia.org/wikipedia/commons/c/ca/1x1.png,Yes
Posters — hor,"Personalised posters from Pixora. Upload your photo, preview on a live product mockup, and we print and ship premium quality to your door. Ideal for home décor or gifting.",flat_10x10-inch-250x250-mm_250-gsm-100lb-uncoated-offwhite-archival_4-0_hor,https://upload.wikimedia.org/wikipedia/commons/c/ca/1x1.png,Yes
Posters — ver,"Personalised posters from Pixora. Upload your photo, preview on a live product mockup, and we print and ship premium quality to your door. Ideal for home décor or gifting.",flat_10x10-inch-250x250-mm_250-gsm-100lb-uncoated-offwhite-archival_4-0_ver,https://upload.wikimedia.org/wikipedia/commons/c/ca/1x1.png,Yes
Posters — hor,"Personalised posters from Pixora. Upload your photo, preview on a live product mockup, and we print and ship premium quality to your door. Ideal for home décor or gifting.",flat_10x24-inch-250x600-mm_170-gsm-65lb-coated-silk_4-0_hor,https://upload.wikimedia.org/wikipedia/commons/c/ca/1x1.png,Yes
Posters — ver,"Personalised posters from Pixora. Upload your photo, preview on a live product mockup, and we print and ship premium quality to your door. Ideal for home décor or gifting.",flat_10x24-inch-250x600-mm_170-gsm-65lb-coated-silk_4-0_ver,https://upload.wikimedia.org/wikipedia/commons/c/ca/1x1.png,Yes
Posters — hor,"Personalised posters from Pixora. Upload your photo, preview on a live product mockup, and we print and ship premium quality to your door. Ideal for home décor or gifting.",flat_10x24-inch-250x600-mm_170-gsm-65lb-uncoated_4-0_hor,https://upload.wikimedia.org/wikipedia/commons/c/ca/1x1.png,Yes
Posters — ver,"Personalised posters from Pixora. Upload your photo, preview on a live product mockup, and we print and ship premium quality to your door. Ideal for home décor or gifting.",flat_10x24-inch-250x600-mm_170-gsm-65lb-uncoated_4-0_ver,https://upload.wikimedia.org/wikipedia/commons/c/ca/1x1.png,Yes
Posters — hor,"Personalised posters from Pixora. Upload your photo, preview on a live product mockup, and we print and ship premium quality to your door. Ideal for home décor or gifting.",flat_10x24-inch-250x600-mm_200-gsm-80lb-coated-silk_4-0_hor,https://upload.wikimedia.org/wikipedia/commons/c/ca/1x1.png,Yes
Posters — ver,"Personalised posters from Pixora. Upload your photo, preview on a live product mockup, and we print and ship premium quality to your door. Ideal for home décor or gifting.",flat_10x24-inch-250x600-mm_200-gsm-80lb-coated-silk_4-0_ver,https://upload.wikimedia.org/wikipedia/commons/c/ca/1x1.png,Yes
Posters — hor,"Personalised posters from Pixora. Upload your photo, preview on a live product mockup, and we print and ship premium quality to your door. Ideal for home décor or gifting.",flat_10x24-inch-250x600-mm_200-gsm-80lb-uncoated_4-0_hor,https://upload.wikimedia.org/wikipedia/commons/c/ca/1x1.png,Yes
Posters — ver,"Personalised posters from Pixora. Upload your photo, preview on a live product mockup, and we print and ship premium quality to your door. Ideal for home décor or gifting.",flat_10x24-inch-250x600-mm_200-gsm-80lb-uncoated_4-0_ver,https://upload.wikimedia.org/wikipedia/commons/c/ca/1x1.png,Yes
Posters — hor,"Personalised posters from Pixora. Upload your photo, preview on a live product mockup, and we print and ship premium quality to your door. Ideal for home décor or gifting.",flat_10x24-inch-250x600-mm_250-gsm-100lb-uncoated-offwhite-archival_4-0_hor,https://upload.wikimedia.org/wikipedia/commons/c/ca/1x1.png,Yes
Posters — ver,"Personalised posters from Pixora. Upload your photo, preview on a live product mockup, and we print and ship premium quality to your door. Ideal for home décor or gifting.",flat_10x24-inch-250x600-mm_250-gsm-100lb-uncoated-offwhite-archival_4-0_ver,https://upload.wikimedia.org/wikipedia/commons/c/ca/1x1.png,Yes
Posters — hor,"Personalised posters from Pixora. Upload your photo, preview on a live product mockup, and we print and ship premium quality to your door. Ideal for home décor or gifting.",flat_11x14-inch-270x350-mm_170-gsm-65lb-coated-silk_4-0_hor,https://upload.wikimedia.org/wikipedia/commons/c/ca/1x1.png,Yes
Posters — ver,"Personalised posters from Pixora. Upload your photo, preview on a live product mockup, and we print and ship premium quality to your door. Ideal for home décor or gifting.",flat_11x14-inch-270x350-mm_170-gsm-65lb-coated-silk_4-0_ver,https://upload.wikimedia.org/wikipedia/commons/c/ca/1x1.png,Yes
Posters — hor,"Personalised posters from Pixora. Upload your photo, preview on a live product mockup, and we print and ship premium quality to your door. Ideal for home décor or gifting.",flat_11x14-inch-270x350-mm_170-gsm-65lb-uncoated_4-0_hor,https://upload.wikimedia.org/wikipedia/commons/c/ca/1x1.png,Yes
Posters — ver,"Personalised posters from Pixora. Upload your photo, preview on a live product mockup, and we print and ship premium quality to your door. Ideal for home décor or gifting.",flat_11x14-inch-270x350-mm_170-gsm-65lb-uncoated_4-0_ver,https://upload.wikimedia.org/wikipedia/commons/c/ca/1x1.png,Yes
Posters — hor,"Personalised posters from Pixora. Upload your photo, preview on a live product mockup, and we print and ship premium quality to your door. Ideal for home décor or gifting.",flat_11x14-inch-270x350-mm_200-gsm-80lb-coated-silk_4-0_hor,https://upload.wikimedia.org/wikipedia/commons/c/ca/1x1.png,Yes
Posters — ver,"Personalised posters from Pixora. Upload your photo, preview on a live product mockup, and we print and ship premium quality to your door. Ideal for home décor or gifting.",flat_11x14-inch-270x350-mm_200-gsm-80lb-coated-silk_4-0_ver,https://upload.wikimedia.org/wikipedia/commons/c/ca/1x1.png,Yes
Posters — hor,"Personalised posters from Pixora. Upload your photo, preview on a live product mockup, and we print and ship premium quality to your door. Ideal for home décor or gifting.",flat_11x14-inch-270x350-mm_200-gsm-80lb-uncoated_4-0_hor,https://upload.wikimedia.org/wikipedia/commons/c/ca/1x1.png,Yes
Posters — ver,"Personalised posters from Pixora. Upload your photo, preview on a live product mockup, and we print and ship premium quality to your door. Ideal for home décor or gifting.",flat_11x14-inch-270x350-mm_200-gsm-80lb-uncoated_4-0_ver,https://upload.wikimedia.org/wikipedia/commons/c/ca/1x1.png,Yes
Posters — hor,"Personalised posters from Pixora. Upload your photo, preview on a live product mockup, and we print and ship premium quality to your door. Ideal for home décor or gifting.",flat_11x14-inch-270x350-mm_250-gsm-100lb-uncoated-offwhite-archival_4-0_hor,https://upload.wikimedia.org/wikipedia/commons/c/ca/1x1.png,Yes
Posters — ver,"Personalised posters from Pixora. Upload your photo, preview on a live product mockup, and we print and ship premium quality to your door. Ideal for home décor or gifting.",flat_11x14-inch-270x350-mm_250-gsm-100lb-uncoated-offwhite-archival_4-0_ver,https://upload.wikimedia.org/wikipedia/commons/c/ca/1x1.png,Yes
Posters — hor,"Personalised posters from Pixora. Upload your photo, preview on a live product mockup, and we print and ship premium quality to your door. Ideal for home décor or gifting.",flat_12x12-inch-300x300-mm_170-gsm-65lb-coated-silk_4-0_hor,https://upload.wikimedia.org/wikipedia/commons/c/ca/1x1.png,Yes
Posters — ver,"Personalised posters from Pixora. Upload your photo, preview on a live product mockup, and we print and ship premium quality to your door. Ideal for home décor or gifting.",flat_12x12-inch-300x300-mm_170-gsm-65lb-coated-silk_4-0_ver,https://upload.wikimedia.org/wikipedia/commons/c/ca/1x1.png,Yes
Posters — hor,"Personalised posters from Pixora. Upload your photo, preview on a live product mockup, and we print and ship premium quality to your door. Ideal for home décor or gifting.",flat_12x12-inch-300x300-mm_170-gsm-65lb-uncoated_4-0_hor,https://upload.wikimedia.org/wikipedia/commons/c/ca/1x1.png,Yes
Posters — ver,"Personalised posters from Pixora. Upload your photo, preview on a live product mockup, and we print and ship premium quality to your door. Ideal for home décor or gifting.",flat_12x12-inch-300x300-mm_170-gsm-65lb-uncoated_4-0_ver,https://upload.wikimedia.org/wikipedia/commons/c/ca/1x1.png,Yes
Posters — hor,"Personalised posters from Pixora. Upload your photo, preview on a live product mockup, and we print and ship premium quality to your door. Ideal for home décor or gifting.",flat_12x12-inch-300x300-mm_200-gsm-80lb-coated-silk_4-0_hor,https://upload.wikimedia.org/wikipedia/commons/c/ca/1x1.png,Yes
Posters — ver,"Personalised posters from Pixora. Upload your photo, preview on a live product mockup, and we print and ship premium quality to your door. Ideal for home décor or gifting.",flat_12x12-inch-300x300-mm_200-gsm-80lb-coated-silk_4-0_ver,https://upload.wikimedia.org/wikipedia/commons/c/ca/1x1.png,Yes
Posters — hor,"Personalised posters from Pixora. Upload your photo, preview on a live product mockup, and we print and ship premium quality to your door. Ideal for home décor or gifting.",flat_12x12-inch-300x300-mm_200-gsm-80lb-uncoated_4-0_hor,https://upload.wikimedia.org/wikipedia/commons/c/ca/1x1.png,Yes
Posters — ver,"Personalised posters from Pixora. Upload your photo, preview on a live product mockup, and we print and ship premium quality to your door. Ideal for home décor or gifting.",flat_12x12-inch-300x300-mm_200-gsm-80lb-uncoated_4-0_ver,https://upload.wikimedia.org/wikipedia/commons/c/ca/1x1.png,Yes
Posters — hor,"Personalised posters from Pixora. Upload your photo, preview on a live product mockup, and we print and ship premium quality to your door. Ideal for home décor or gifting.",flat_12x12-inch-300x300-mm_250-gsm-100lb-uncoated-offwhite-archival_4-0_hor,https://upload.wikimedia.org/wikipedia/commons/c/ca/1x1.png,Yes
Posters — ver,"Personalised posters from Pixora. Upload your photo, preview on a live product mockup, and we print and ship premium quality to your door. Ideal for home décor or gifting.",flat_12x12-inch-300x300-mm_250-gsm-100lb-uncoated-offwhite-archival_4-0_ver,https://upload.wikimedia.org/wikipedia/commons/c/ca/1x1.png,Yes
Posters — hor,"Personalised posters from Pixora. Upload your photo, preview on a live product mockup, and we print and ship premium quality to your door. Ideal for home décor or gifting.",flat_12x16-inch-300x400-mm_170-gsm-65lb-coated-silk_4-0_hor,https://upload.wikimedia.org/wikipedia/commons/c/ca/1x1.png,Yes
Posters — ver,"Personalised posters from Pixora. Upload your photo, preview on a live product mockup, and we print and ship premium quality to your door. Ideal for home décor or gifting.",flat_12x16-inch-300x400-mm_170-gsm-65lb-coated-silk_4-0_ver,https://upload.wikimedia.org/wikipedia/commons/c/ca/1x1.png,Yes
Posters — hor,"Personalised posters from Pixora. Upload your photo, preview on a live product mockup, and we print and ship premium quality to your door. Ideal for home décor or gifting.",flat_12x16-inch-300x400-mm_170-gsm-65lb-uncoated_4-0_hor,https://upload.wikimedia.org/wikipedia/commons/c/ca/1x1.png,Yes
Posters — ver,"Personalised posters from Pixora. Upload your photo, preview on a live product mockup, and we print and ship premium quality to your door. Ideal for home décor or gifting.",flat_12x16-inch-300x400-mm_170-gsm-65lb-uncoated_4-0_ver,https://upload.wikimedia.org/wikipedia/commons/c/ca/1x1.png,Yes
Posters — hor,"Personalised posters from Pixora. Upload your photo, preview on a live product mockup, and we print and ship premium quality to your door. Ideal for home décor or gifting.",flat_12x16-inch-300x400-mm_200-gsm-80lb-coated-silk_4-0_hor,https://upload.wikimedia.org/wikipedia/commons/c/ca/1x1.png,Yes
Posters — ver,"Personalised posters from Pixora. Upload your photo, preview on a live product mockup, and we print and ship premium quality to your door. Ideal for home décor or gifting.",flat_12x16-inch-300x400-mm_200-gsm-80lb-coated-silk_4-0_ver,https://upload.wikimedia.org/wikipedia/commons/c/ca/1x1.png,Yes
Posters — hor,"Personalised posters from Pixora. Upload your photo, preview on a live product mockup, and we print and ship premium quality to your door. Ideal for home décor or gifting.",flat_12x16-inch-300x400-mm_200-gsm-80lb-uncoated_4-0_hor,https://upload.wikimedia.org/wikipedia/commons/c/ca/1x1.png,Yes
Posters — ver,"Personalised posters from Pixora. Upload your photo, preview on a live product mockup, and we print and ship premium quality to your door. Ideal for home décor or gifting.",flat_12x16-inch-300x400-mm_200-gsm-80lb-uncoated_4-0_ver,https://upload.wikimedia.org/wikipedia/commons/c/ca/1x1.png,Yes
Posters — hor,"Personalised posters from Pixora. Upload your photo, preview on a live product mockup, and we print and ship premium quality to your door. Ideal for home décor or gifting.",flat_12x16-inch-300x400-mm_250-gsm-100lb-uncoated-offwhite-archival_4-0_hor,https://upload.wikimedia.org/wikipedia/commons/c/ca/1x1.png,Yes
Posters — ver,"Personalised posters from Pixora. Upload your photo, preview on a live product mockup, and we print and ship premium quality to your door. Ideal for home décor or gifting.",flat_12x16-inch-300x400-mm_250-gsm-100lb-uncoated-offwhite-archival_4-0_ver,https://upload.wikimedia.org/wikipedia/commons/c/ca/1x1.png,Yes
Posters — hor,"Personalised posters from Pixora. Upload your photo, preview on a live product mockup, and we print and ship premium quality to your door. Ideal for home décor or gifting.",flat_12x18-inch-300x450-mm_170-gsm-65lb-coated-silk_4-0_hor,https://upload.wikimedia.org/wikipedia/commons/c/ca/1x1.png,Yes
Posters — ver,"Personalised posters from Pixora. Upload your photo, preview on a live product mockup, and we print and ship premium quality to your door. Ideal for home décor or gifting.",flat_12x18-inch-300x450-mm_170-gsm-65lb-coated-silk_4-0_ver,https://upload.wikimedia.org/wikipedia/commons/c/ca/1x1.png,Yes
Posters — hor,"Personalised posters from Pixora. Upload your photo, preview on a live product mockup, and we print and ship premium quality to your door. Ideal for home décor or gifting.",flat_12x18-inch-300x450-mm_170-gsm-65lb-uncoated_4-0_hor,https://upload.wikimedia.org/wikipedia/commons/c/ca/1x1.png,Yes
Posters — ver,"Personalised posters from Pixora. Upload your photo, preview on a live product mockup, and we print and ship premium quality to your door. Ideal for home décor or gifting.",flat_12x18-inch-300x450-mm_170-gsm-65lb-uncoated_4-0_ver,https://upload.wikimedia.org/wikipedia/commons/c/ca/1x1.png,Yes
Posters — hor,"Personalised posters from Pixora. Upload your photo, preview on a live product mockup, and we print and ship premium quality to your door. Ideal for home décor or gifting.",flat_12x18-inch-300x450-mm_200-gsm-80lb-coated-silk_4-0_hor,https://upload.wikimedia.org/wikipedia/commons/c/ca/1x1.png,Yes
Posters — ver,"Personalised posters from Pixora. Upload your photo, preview on a live product mockup, and we print and ship premium quality to your door. Ideal for home décor or gifting.",flat_12x18-inch-300x450-mm_200-gsm-80lb-coated-silk_4-0_ver,https://upload.wikimedia.org/wikipedia/commons/c/ca/1x1.png,Yes
Posters — hor,"Personalised posters from Pixora. Upload your photo, preview on a live product mockup, and we print and ship premium quality to your door. Ideal for home décor or gifting.",flat_12x18-inch-300x450-mm_200-gsm-80lb-uncoated_4-0_hor,https://upload.wikimedia.org/wikipedia/commons/c/ca/1x1.png,Yes
Posters — ver,"Personalised posters from Pixora. Upload your photo, preview on a live product mockup, and we print and ship premium quality to your door. Ideal for home décor or gifting.",flat_12x18-inch-300x450-mm_200-gsm-80lb-uncoated_4-0_ver,https://upload.wikimedia.org/wikipedia/commons/c/ca/1x1.png,Yes
Posters — hor,"Personalised posters from Pixora. Upload your photo, preview on a live product mockup, and we print and ship premium quality to your door. Ideal for home décor or gifting.",flat_12x18-inch-300x450-mm_250-gsm-100lb-uncoated-offwhite-archival_4-0_hor,https://upload.wikimedia.org/wikipedia/commons/c/ca/1x1.png,Yes
Posters — ver,"Personalised posters from Pixora. Upload your photo, preview on a live product mockup, and we print and ship premium quality to your door. Ideal for home décor or gifting.",flat_12x18-inch-300x450-mm_250-gsm-100lb-uncoated-offwhite-archival_4-0_ver,https://upload.wikimedia.org/wikipedia/commons/c/ca/1x1.png,Yes
Posters — hor,"Personalised posters from Pixora. Upload your photo, preview on a live product mockup, and we print and ship premium quality to your door. Ideal for home décor or gifting.",flat_130x180-mm-5r_170-gsm-65lb-coated-silk_4-0_hor,https://upload.wikimedia.org/wikipedia/commons/c/ca/1x1.png,Yes
Posters — ver,"Personalised posters from Pixora. Upload your photo, preview on a live product mockup, and we print and ship premium quality to your door. Ideal for home décor or gifting.",flat_130x180-mm-5r_170-gsm-65lb-coated-silk_4-0_ver,https://upload.wikimedia.org/wikipedia/commons/c/ca/1x1.png,Yes
Posters — hor,"Personalised posters from Pixora. Upload your photo, preview on a live product mockup, and we print and ship premium quality to your door. Ideal for home décor or gifting.",flat_130x180-mm-5r_170-gsm-65lb-uncoated_4-0_hor,https://upload.wikimedia.org/wikipedia/commons/c/ca/1x1.png,Yes
Posters — ver,"Personalised posters from Pixora. Upload your photo, preview on a live product mockup, and we print and ship premium quality to your door. Ideal for home décor or gifting.",flat_130x180-mm-5r_170-gsm-65lb-uncoated_4-0_ver,https://upload.wikimedia.org/wikipedia/commons/c/ca/1x1.png,Yes
Posters — hor,"Personalised posters from Pixora. Upload your photo, preview on a live product mockup, and we print and ship premium quality to your door. Ideal for home décor or gifting.",flat_130x180-mm-5r_200-gsm-80lb-coated-silk_4-0_hor,https://upload.wikimedia.org/wikipedia/commons/c/ca/1x1.png,Yes
Posters — ver,"Personalised posters from Pixora. Upload your photo, preview on a live product mockup, and we print and ship premium quality to your door. Ideal for home décor or gifting.",flat_130x180-mm-5r_200-gsm-80lb-coated-silk_4-0_ver,https://upload.wikimedia.org/wikipedia/commons/c/ca/1x1.png,Yes
Posters — hor,"Personalised posters from Pixora. Upload your photo, preview on a live product mockup, and we print and ship premium quality to your door. Ideal for home décor or gifting.",flat_130x180-mm-5r_200-gsm-80lb-uncoated_4-0_hor,https://upload.wikimedia.org/wikipedia/commons/c/ca/1x1.png,Yes
Posters — ver,"Personalised posters from Pixora. Upload your photo, preview on a live product mockup, and we print and ship premium quality to your door. Ideal for home décor or gifting.",flat_130x180-mm-5r_200-gsm-80lb-uncoated_4-0_ver,https://upload.wikimedia.org/wikipedia/commons/c/ca/1x1.png,Yes
Posters — hor,"Personalised posters from Pixora. Upload your photo, preview on a live product mockup, and we print and ship premium quality to your door. Ideal for home décor or gifting.",flat_130x180-mm-5r_250-gsm-100lb-uncoated-offwhite-archival_4-0_hor,https://upload.wikimedia.org/wikipedia/commons/c/ca/1x1.png,Yes
Posters — ver,"Personalised posters from Pixora. Upload your photo, preview on a live product mockup, and we print and ship premium quality to your door. Ideal for home décor or gifting.",flat_130x180-mm-5r_250-gsm-100lb-uncoated-offwhite-archival_4-0_ver,https://upload.wikimedia.org/wikipedia/commons/c/ca/1x1.png,Yes
Posters — hor,"Personalised posters from Pixora. Upload your photo, preview on a live product mockup, and we print and ship premium quality to your door. Ideal for home décor or gifting.",flat_14x14-inch-350x350-mm_170-gsm-65lb-coated-silk_4-0_hor,https://upload.wikimedia.org/wikipedia/commons/c/ca/1x1.png,Yes
Posters — ver,"Personalised posters from Pixora. Upload your photo, preview on a live product mockup, and we print and ship premium quality to your door. Ideal for home décor or gifting.",flat_14x14-inch-350x350-mm_170-gsm-65lb-coated-silk_4-0_ver,https://upload.wikimedia.org/wikipedia/commons/c/ca/1x1.png,Yes
Posters — hor,"Personalised posters from Pixora. Upload your photo, preview on a live product mockup, and we print and ship premium quality to your door. Ideal for home décor or gifting.",flat_14x14-inch-350x350-mm_170-gsm-65lb-uncoated_4-0_hor,https://upload.wikimedia.org/wikipedia/commons/c/ca/1x1.png,Yes
Posters — ver,"Personalised posters from Pixora. Upload your photo, preview on a live product mockup, and we print and ship premium quality to your door. Ideal for home décor or gifting.",flat_14x14-inch-350x350-mm_170-gsm-65lb-uncoated_4-0_ver,https://upload.wikimedia.org/wikipedia/commons/c/ca/1x1.png,Yes
Posters — hor,"Personalised posters from Pixora. Upload your photo, preview on a live product mockup, and we print and ship premium quality to your door. Ideal for home décor or gifting.",flat_14x14-inch-350x350-mm_200-gsm-80lb-coated-silk_4-0_hor,https://upload.wikimedia.org/wikipedia/commons/c/ca/1x1.png,Yes
Posters — ver,"Personalised posters from Pixora. Upload your photo, preview on a live product mockup, and we print and ship premium quality to your door. Ideal for home décor or gifting.",flat_14x14-inch-350x350-mm_200-gsm-80lb-coated-silk_4-0_ver,https://upload.wikimedia.org/wikipedia/commons/c/ca/1x1.png,Yes
Posters — hor,"Personalised posters from Pixora. Upload your photo, preview on a live product mockup, and we print and ship premium quality to your door. Ideal for home décor or gifting.",flat_14x14-inch-350x350-mm_200-gsm-80lb-uncoated_4-0_hor,https://upload.wikimedia.org/wikipedia/commons/c/ca/1x1.png,Yes
Posters — ver,"Personalised posters from Pixora. Upload your photo, preview on a live product mockup, and we print and ship premium quality to your door. Ideal for home décor or gifting.",flat_14x14-inch-350x350-mm_200-gsm-80lb-uncoated_4-0_ver,https://upload.wikimedia.org/wikipedia/commons/c/ca/1x1.png,Yes
Posters — hor,"Personalised posters from Pixora. Upload your photo, preview on a live product mockup, and we print and ship premium quality to your door. Ideal for home décor or gifting.",flat_14x14-inch-350x350-mm_250-gsm-100lb-uncoated-offwhite-archival_4-0_hor,https://upload.wikimedia.org/wikipedia/commons/c/ca/1x1.png,Yes
Posters — ver,"Personalised posters from Pixora. Upload your photo, preview on a live product mockup, and we print and ship premium quality to your door. Ideal for home décor or gifting.",flat_14x14-inch-350x350-mm_250-gsm-100lb-uncoated-offwhite-archival_4-0_ver,https://upload.wikimedia.org/wikipedia/commons/c/ca/1x1.png,Yes
Posters — hor,"Personalised posters from Pixora. Upload your photo, preview on a live product mockup, and we print and ship premium quality to your door. Ideal for home décor or gifting.",flat_150x200-mm-6x8-inch_170-gsm-65lb-coated-silk_4-0_hor,https://upload.wikimedia.org/wikipedia/commons/c/ca/1x1.png,Yes
Posters — ver,"Personalised posters from Pixora. Upload your photo, preview on a live product mockup, and we print and ship premium quality to your door. Ideal for home décor or gifting.",flat_150x200-mm-6x8-inch_170-gsm-65lb-coated-silk_4-0_ver,https://upload.wikimedia.org/wikipedia/commons/c/ca/1x1.png,Yes
Posters — hor,"Personalised posters from Pixora. Upload your photo, preview on a live product mockup, and we print and ship premium quality to your door. Ideal for home décor or gifting.",flat_150x200-mm-6x8-inch_170-gsm-65lb-uncoated_4-0_hor,https://upload.wikimedia.org/wikipedia/commons/c/ca/1x1.png,Yes
Posters — ver,"Personalised posters from Pixora. Upload your photo, preview on a live product mockup, and we print and ship premium quality to your door. Ideal for home décor or gifting.",flat_150x200-mm-6x8-inch_170-gsm-65lb-uncoated_4-0_ver,https://upload.wikimedia.org/wikipedia/commons/c/ca/1x1.png,Yes
Posters — hor,"Personalised posters from Pixora. Upload your photo, preview on a live product mockup, and we print and ship premium quality to your door. Ideal for home décor or gifting.",flat_150x200-mm-6x8-inch_200-gsm-80lb-coated-silk_4-0_hor,https://upload.wikimedia.org/wikipedia/commons/c/ca/1x1.png,Yes
Posters — ver,"Personalised posters from Pixora. Upload your photo, preview on a live product mockup, and we print and ship premium quality to your door. Ideal for home décor or gifting.",flat_150x200-mm-6x8-inch_200-gsm-80lb-coated-silk_4-0_ver,https://upload.wikimedia.org/wikipedia/commons/c/ca/1x1.png,Yes
Posters — hor,"Personalised posters from Pixora. Upload your photo, preview on a live product mockup, and we print and ship premium quality to your door. Ideal for home décor or gifting.",flat_150x200-mm-6x8-inch_200-gsm-80lb-uncoated_4-0_hor,https://upload.wikimedia.org/wikipedia/commons/c/ca/1x1.png,Yes
Posters — ver,"Personalised posters from Pixora. Upload your photo, preview on a live product mockup, and we print and ship premium quality to your door. Ideal for home décor or gifting.",flat_150x200-mm-6x8-inch_200-gsm-80lb-uncoated_4-0_ver,https://upload.wikimedia.org/wikipedia/commons/c/ca/1x1.png,Yes
Posters — hor,"Personalised posters from Pixora. Upload your photo, preview on a live product mockup, and we print and ship premium quality to your door. Ideal for home décor or gifting.",flat_150x200-mm-6x8-inch_250-gsm-100lb-uncoated-offwhite-archival_4-0_hor,https://upload.wikimedia.org/wikipedia/commons/c/ca/1x1.png,Yes
Posters — ver,"Personalised posters from Pixora. Upload your photo, preview on a live product mockup, and we print and ship premium quality to your door. Ideal for home décor or gifting.",flat_150x200-mm-6x8-inch_250-gsm-100lb-uncoated-offwhite-archival_4-0_ver,https://upload.wikimedia.org/wikipedia/commons/c/ca/1x1.png,Yes
Posters — hor,"Personalised posters from Pixora. Upload your photo, preview on a live product mockup, and we print and ship premium quality to your door. Ideal for home décor or gifting.",flat_16x16-inch-400x400-mm_170-gsm-65lb-coated-silk_4-0_hor,https://upload.wikimedia.org/wikipedia/commons/c/ca/1x1.png,Yes
Posters — ver,"Personalised posters from Pixora. Upload your photo, preview on a live product mockup, and we print and ship premium quality to your door. Ideal for home décor or gifting.",flat_16x16-inch-400x400-mm_170-gsm-65lb-coated-silk_4-0_ver,https://upload.wikimedia.org/wikipedia/commons/c/ca/1x1.png,Yes
Posters — hor,"Personalised posters from Pixora. Upload your photo, preview on a live product mockup, and we print and ship premium quality to your door. Ideal for home décor or gifting.",flat_16x16-inch-400x400-mm_170-gsm-65lb-uncoated_4-0_hor,https://upload.wikimedia.org/wikipedia/commons/c/ca/1x1.png,Yes
Posters — ver,"Personalised posters from Pixora. Upload your photo, preview on a live product mockup, and we print and ship premium quality to your door. Ideal for home décor or gifting.",flat_16x16-inch-400x400-mm_170-gsm-65lb-uncoated_4-0_ver,https://upload.wikimedia.org/wikipedia/commons/c/ca/1x1.png,Yes
Posters — hor,"Personalised posters from Pixora. Upload your photo, preview on a live product mockup, and we print and ship premium quality to your door. Ideal for home décor or gifting.",flat_16x16-inch-400x400-mm_200-gsm-80lb-coated-silk_4-0_hor,https://upload.wikimedia.org/wikipedia/commons/c/ca/1x1.png,Yes
Posters — ver,"Personalised posters from Pixora. Upload your photo, preview on a live product mockup, and we print and ship premium quality to your door. Ideal for home décor or gifting.",flat_16x16-inch-400x400-mm_200-gsm-80lb-coated-silk_4-0_ver,https://upload.wikimedia.org/wikipedia/commons/c/ca/1x1.png,Yes
Posters — hor,"Personalised posters from Pixora. Upload your photo, preview on a live product mockup, and we print and ship premium quality to your door. Ideal for home décor or gifting.",flat_16x16-inch-400x400-mm_200-gsm-80lb-uncoated_4-0_hor,https://upload.wikimedia.org/wikipedia/commons/c/ca/1x1.png,Yes
Posters — ver,"Personalised posters from Pixora. Upload your photo, preview on a live product mockup, and we print and ship premium quality to your door. Ideal for home décor or gifting.",flat_16x16-inch-400x400-mm_200-gsm-80lb-uncoated_4-0_ver,https://upload.wikimedia.org/wikipedia/commons/c/ca/1x1.png,Yes
Posters — hor,"Personalised posters from Pixora. Upload your photo, preview on a live product mockup, and we print and ship premium quality to your door. Ideal for home décor or gifting.",flat_16x16-inch-400x400-mm_250-gsm-100lb-uncoated-offwhite-archival_4-0_hor,https://upload.wikimedia.org/wikipedia/commons/c/ca/1x1.png,Yes
Posters — ver,"Personalised posters from Pixora. Upload your photo, preview on a live product mockup, and we print and ship premium quality to your door. Ideal for home décor or gifting.",flat_16x16-inch-400x400-mm_250-gsm-100lb-uncoated-offwhite-archival_4-0_ver,https://upload.wikimedia.org/wikipedia/commons/c/ca/1x1.png,Yes
Posters — hor,"Personalised posters from Pixora. Upload your photo, preview on a live product mockup, and we print and ship premium quality to your door. Ideal for home décor or gifting.",flat_16x20-inch-400x500-mm_170-gsm-65lb-coated-silk_4-0_hor,https://upload.wikimedia.org/wikipedia/commons/c/ca/1x1.png,Yes
Posters — ver,"Personalised posters from Pixora. Upload your photo, preview on a live product mockup, and we print and ship premium quality to your door. Ideal for home décor or gifting.",flat_16x20-inch-400x500-mm_170-gsm-65lb-coated-silk_4-0_ver,https://upload.wikimedia.org/wikipedia/commons/c/ca/1x1.png,Yes
Posters — hor,"Personalised posters from Pixora. Upload your photo, preview on a live product mockup, and we print and ship premium quality to your door. Ideal for home décor or gifting.",flat_16x20-inch-400x500-mm_170-gsm-65lb-uncoated_4-0_hor,https://upload.wikimedia.org/wikipedia/commons/c/ca/1x1.png,Yes
Posters — ver,"Personalised posters from Pixora. Upload your photo, preview on a live product mockup, and we print and ship premium quality to your door. Ideal for home décor or gifting.",flat_16x20-inch-400x500-mm_170-gsm-65lb-uncoated_4-0_ver,https://upload.wikimedia.org/wikipedia/commons/c/ca/1x1.png,Yes
Posters — hor,"Personalised posters from Pixora. Upload your photo, preview on a live product mockup, and we print and ship premium quality to your door. Ideal for home décor or gifting.",flat_16x20-inch-400x500-mm_200-gsm-80lb-coated-silk_4-0_hor,https://upload.wikimedia.org/wikipedia/commons/c/ca/1x1.png,Yes
Posters — ver,"Personalised posters from Pixora. Upload your photo, preview on a live product mockup, and we print and ship premium quality to your door. Ideal for home décor or gifting.",flat_16x20-inch-400x500-mm_200-gsm-80lb-coated-silk_4-0_ver,https://upload.wikimedia.org/wikipedia/commons/c/ca/1x1.png,Yes
Posters — hor,"Personalised posters from Pixora. Upload your photo, preview on a live product mockup, and we print and ship premium quality to your door. Ideal for home décor or gifting.",flat_16x20-inch-400x500-mm_200-gsm-80lb-uncoated_4-0_hor,https://upload.wikimedia.org/wikipedia/commons/c/ca/1x1.png,Yes
Posters — ver,"Personalised posters from Pixora. Upload your photo, preview on a live product mockup, and we print and ship premium quality to your door. Ideal for home décor or gifting.",flat_16x20-inch-400x500-mm_200-gsm-80lb-uncoated_4-0_ver,https://upload.wikimedia.org/wikipedia/commons/c/ca/1x1.png,Yes
Posters — hor,"Personalised posters from Pixora. Upload your photo, preview on a live product mockup, and we print and ship premium quality to your door. Ideal for home décor or gifting.",flat_16x20-inch-400x500-mm_250-gsm-100lb-uncoated-offwhite-archival_4-0_hor,https://upload.wikimedia.org/wikipedia/commons/c/ca/1x1.png,Yes
Posters — ver,"Personalised posters from Pixora. Upload your photo, preview on a live product mockup, and we print and ship premium quality to your door. Ideal for home décor or gifting.",flat_16x20-inch-400x500-mm_250-gsm-100lb-uncoated-offwhite-archival_4-0_ver,https://upload.wikimedia.org/wikipedia/commons/c/ca/1x1.png,Yes
Posters — hor,"Personalised posters from Pixora. Upload your photo, preview on a live product mockup, and we print and ship premium quality to your door. Ideal for home décor or gifting.",flat_16x24-inch-400x600-mm_170-gsm-65lb-coated-silk_4-0_hor,https://upload.wikimedia.org/wikipedia/commons/c/ca/1x1.png,Yes
Posters — ver,"Personalised posters from Pixora. Upload your photo, preview on a live product mockup, and we print and ship premium quality to your door. Ideal for home décor or gifting.",flat_16x24-inch-400x600-mm_170-gsm-65lb-coated-silk_4-0_ver,https://upload.wikimedia.org/wikipedia/commons/c/ca/1x1.png,Yes
Posters — hor,"Personalised posters from Pixora. Upload your photo, preview on a live product mockup, and we print and ship premium quality to your door. Ideal for home décor or gifting.",flat_16x24-inch-400x600-mm_170-gsm-65lb-uncoated_4-0_hor,https://upload.wikimedia.org/wikipedia/commons/c/ca/1x1.png,Yes
Posters — ver,"Personalised posters from Pixora. Upload your photo, preview on a live product mockup, and we print and ship premium quality to your door. Ideal for home décor or gifting.",flat_16x24-inch-400x600-mm_170-gsm-65lb-uncoated_4-0_ver,https://upload.wikimedia.org/wikipedia/commons/c/ca/1x1.png,Yes
Posters — hor,"Personalised posters from Pixora. Upload your photo, preview on a live product mockup, and we print and ship premium quality to your door. Ideal for home décor or gifting.",flat_16x24-inch-400x600-mm_200-gsm-80lb-coated-silk_4-0_hor,https://upload.wikimedia.org/wikipedia/commons/c/ca/1x1.png,Yes
Posters — ver,"Personalised posters from Pixora. Upload your photo, preview on a live product mockup, and we print and ship premium quality to your door. Ideal for home décor or gifting.",flat_16x24-inch-400x600-mm_200-gsm-80lb-coated-silk_4-0_ver,https://upload.wikimedia.org/wikipedia/commons/c/ca/1x1.png,Yes
Posters — hor,"Personalised posters from Pixora. Upload your photo, preview on a live product mockup, and we print and ship premium quality to your door. Ideal for home décor or gifting.",flat_16x24-inch-400x600-mm_200-gsm-80lb-uncoated_4-0_hor,https://upload.wikimedia.org/wikipedia/commons/c/ca/1x1.png,Yes
Posters — ver,"Personalised posters from Pixora. Upload your photo, preview on a live product mockup, and we print and ship premium quality to your door. Ideal for home décor or gifting.",flat_16x24-inch-400x600-mm_200-gsm-80lb-uncoated_4-0_ver,https://upload.wikimedia.org/wikipedia/commons/c/ca/1x1.png,Yes
Posters — hor,"Personalised posters from Pixora. Upload your photo, preview on a live product mockup, and we print and ship premium quality to your door. Ideal for home décor or gifting.",flat_16x24-inch-400x600-mm_250-gsm-100lb-uncoated-offwhite-archival_4-0_hor,https://upload.wikimedia.org/wikipedia/commons/c/ca/1x1.png,Yes
Posters — ver,"Personalised posters from Pixora. Upload your photo, preview on a live product mockup, and we print and ship premium quality to your door. Ideal for home décor or gifting.",flat_16x24-inch-400x600-mm_250-gsm-100lb-uncoated-offwhite-archival_4-0_ver,https://upload.wikimedia.org/wikipedia/commons/c/ca/1x1.png,Yes
Posters — hor,"Personalised posters from Pixora. Upload your photo, preview on a live product mockup, and we print and ship premium quality to your door. Ideal for home décor or gifting.",flat_18x18-inch-450x450-mm_170-gsm-65lb-coated-silk_4-0_hor,https://upload.wikimedia.org/wikipedia/commons/c/ca/1x1.png,Yes
Posters — ver,"Personalised posters from Pixora. Upload your photo, preview on a live product mockup, and we print and ship premium quality to your door. Ideal for home décor or gifting.",flat_18x18-inch-450x450-mm_170-gsm-65lb-coated-silk_4-0_ver,https://upload.wikimedia.org/wikipedia/commons/c/ca/1x1.png,Yes
Posters — hor,"Personalised posters from Pixora. Upload your photo, preview on a live product mockup, and we print and ship premium quality to your door. Ideal for home décor or gifting.",flat_18x18-inch-450x450-mm_170-gsm-65lb-uncoated_4-0_hor,https://upload.wikimedia.org/wikipedia/commons/c/ca/1x1.png,Yes
Posters — ver,"Personalised posters from Pixora. Upload your photo, preview on a live product mockup, and we print and ship premium quality to your door. Ideal for home décor or gifting.",flat_18x18-inch-450x450-mm_170-gsm-65lb-uncoated_4-0_ver,https://upload.wikimedia.org/wikipedia/commons/c/ca/1x1.png,Yes
Posters — hor,"Personalised posters from Pixora. Upload your photo, preview on a live product mockup, and we print and ship premium quality to your door. Ideal for home décor or gifting.",flat_18x18-inch-450x450-mm_200-gsm-80lb-coated-silk_4-0_hor,https://upload.wikimedia.org/wikipedia/commons/c/ca/1x1.png,Yes
Posters — ver,"Personalised posters from Pixora. Upload your photo, preview on a live product mockup, and we print and ship premium quality to your door. Ideal for home décor or gifting.",flat_18x18-inch-450x450-mm_200-gsm-80lb-coated-silk_4-0_ver,https://upload.wikimedia.org/wikipedia/commons/c/ca/1x1.png,Yes
Posters — hor,"Personalised posters from Pixora. Upload your photo, preview on a live product mockup, and we print and ship premium quality to your door. Ideal for home décor or gifting.",flat_18x18-inch-450x450-mm_200-gsm-80lb-uncoated_4-0_hor,https://upload.wikimedia.org/wikipedia/commons/c/ca/1x1.png,Yes
Posters — ver,"Personalised posters from Pixora. Upload your photo, preview on a live product mockup, and we print and ship premium quality to your door. Ideal for home décor or gifting.",flat_18x18-inch-450x450-mm_200-gsm-80lb-uncoated_4-0_ver,https://upload.wikimedia.org/wikipedia/commons/c/ca/1x1.png,Yes
Posters — hor,"Personalised posters from Pixora. Upload your photo, preview on a live product mockup, and we print and ship premium quality to your door. Ideal for home décor or gifting.",flat_18x18-inch-450x450-mm_250-gsm-100lb-uncoated-offwhite-archival_4-0_hor,https://upload.wikimedia.org/wikipedia/commons/c/ca/1x1.png,Yes
Posters — ver,"Personalised posters from Pixora. Upload your photo, preview on a live product mockup, and we print and ship premium quality to your door. Ideal for home décor or gifting.",flat_18x18-inch-450x450-mm_250-gsm-100lb-uncoated-offwhite-archival_4-0_ver,https://upload.wikimedia.org/wikipedia/commons/c/ca/1x1.png,Yes
Posters — hor,"Personalised posters from Pixora. Upload your photo, preview on a live product mockup, and we print and ship premium quality to your door. Ideal for home décor or gifting.",flat_18x24-inch-450x600-mm_170-gsm-65lb-coated-silk_4-0_hor,https://upload.wikimedia.org/wikipedia/commons/c/ca/1x1.png,Yes
Posters — ver,"Personalised posters from Pixora. Upload your photo, preview on a live product mockup, and we print and ship premium quality to your door. Ideal for home décor or gifting.",flat_18x24-inch-450x600-mm_170-gsm-65lb-coated-silk_4-0_ver,https://upload.wikimedia.org/wikipedia/commons/c/ca/1x1.png,Yes
Posters — hor,"Personalised posters from Pixora. Upload your photo, preview on a live product mockup, and we print and ship premium quality to your door. Ideal for home décor or gifting.",flat_18x24-inch-450x600-mm_170-gsm-65lb-uncoated_4-0_hor,https://upload.wikimedia.org/wikipedia/commons/c/ca/1x1.png,Yes
Posters — ver,"Personalised posters from Pixora. Upload your photo, preview on a live product mockup, and we print and ship premium quality to your door. Ideal for home décor or gifting.",flat_18x24-inch-450x600-mm_170-gsm-65lb-uncoated_4-0_ver,https://upload.wikimedia.org/wikipedia/commons/c/ca/1x1.png,Yes
Posters — hor,"Personalised posters from Pixora. Upload your photo, preview on a live product mockup, and we print and ship premium quality to your door. Ideal for home décor or gifting.",flat_18x24-inch-450x600-mm_200-gsm-80lb-coated-silk_4-0_hor,https://upload.wikimedia.org/wikipedia/commons/c/ca/1x1.png,Yes
Posters — ver,"Personalised posters from Pixora. Upload your photo, preview on a live product mockup, and we print and ship premium quality to your door. Ideal for home décor or gifting.",flat_18x24-inch-450x600-mm_200-gsm-80lb-coated-silk_4-0_ver,https://upload.wikimedia.org/wikipedia/commons/c/ca/1x1.png,Yes
Posters — hor,"Personalised posters from Pixora. Upload your photo, preview on a live product mockup, and we print and ship premium quality to your door. Ideal for home décor or gifting.",flat_18x24-inch-450x600-mm_200-gsm-80lb-uncoated_4-0_hor,https://upload.wikimedia.org/wikipedia/commons/c/ca/1x1.png,Yes
Posters — ver,"Personalised posters from Pixora. Upload your photo, preview on a live product mockup, and we print and ship premium quality to your door. Ideal for home décor or gifting.",flat_18x24-inch-450x600-mm_200-gsm-80lb-uncoated_4-0_ver,https://upload.wikimedia.org/wikipedia/commons/c/ca/1x1.png,Yes
Posters — hor,"Personalised posters from Pixora. Upload your photo, preview on a live product mockup, and we print and ship premium quality to your door. Ideal for home décor or gifting.",flat_18x24-inch-450x600-mm_250-gsm-100lb-uncoated-offwhite-archival_4-0_hor,https://upload.wikimedia.org/wikipedia/commons/c/ca/1x1.png,Yes
Posters — ver,"Personalised posters from Pixora. Upload your photo, preview on a live product mockup, and we print and ship premium quality to your door. Ideal for home décor or gifting.",flat_18x24-inch-450x600-mm_250-gsm-100lb-uncoated-offwhite-archival_4-0_ver,https://upload.wikimedia.org/wikipedia/commons/c/ca/1x1.png,Yes
Posters — hor,"Personalised posters from Pixora. Upload your photo, preview on a live product mockup, and we print and ship premium quality to your door. Ideal for home décor or gifting.",flat_200x250-mm-8x10-inch_170-gsm-65lb-coated-silk_4-0_hor,https://upload.wikimedia.org/wikipedia/commons/c/ca/1x1.png,Yes
Posters — ver,"Personalised posters from Pixora. Upload your photo, preview on a live product mockup, and we print and ship premium quality to your door. Ideal for home décor or gifting.",flat_200x250-mm-8x10-inch_170-gsm-65lb-coated-silk_4-0_ver,https://upload.wikimedia.org/wikipedia/commons/c/ca/1x1.png,Yes
Posters — hor,"Personalised posters from Pixora. Upload your photo, preview on a live product mockup, and we print and ship premium quality to your door. Ideal for home décor or gifting.",flat_200x250-mm-8x10-inch_170-gsm-65lb-uncoated_4-0_hor,https://upload.wikimedia.org/wikipedia/commons/c/ca/1x1.png,Yes
Posters — ver,"Personalised posters from Pixora. Upload your photo, preview on a live product mockup, and we print and ship premium quality to your door. Ideal for home décor or gifting.",flat_200x250-mm-8x10-inch_170-gsm-65lb-uncoated_4-0_ver,https://upload.wikimedia.org/wikipedia/commons/c/ca/1x1.png,Yes
Posters — hor,"Personalised posters from Pixora. Upload your photo, preview on a live product mockup, and we print and ship premium quality to your door. Ideal for home décor or gifting.",flat_200x250-mm-8x10-inch_200-gsm-80lb-coated-silk_4-0_hor,https://upload.wikimedia.org/wikipedia/commons/c/ca/1x1.png,Yes
Posters — ver,"Personalised posters from Pixora. Upload your photo, preview on a live product mockup, and we print and ship premium quality to your door. Ideal for home décor or gifting.",flat_200x250-mm-8x10-inch_200-gsm-80lb-coated-silk_4-0_ver,https://upload.wikimedia.org/wikipedia/commons/c/ca/1x1.png,Yes
Posters — hor,"Personalised posters from Pixora. Upload your photo, preview on a live product mockup, and we print and ship premium quality to your door. Ideal for home décor or gifting.",flat_200x250-mm-8x10-inch_200-gsm-80lb-uncoated_4-0_hor,https://upload.wikimedia.org/wikipedia/commons/c/ca/1x1.png,Yes
Posters — ver,"Personalised posters from Pixora. Upload your photo, preview on a live product mockup, and we print and ship premium quality to your door. Ideal for home décor or gifting.",flat_200x250-mm-8x10-inch_200-gsm-80lb-uncoated_4-0_ver,https://upload.wikimedia.org/wikipedia/commons/c/ca/1x1.png,Yes
Posters — hor,"Personalised posters from Pixora. Upload your photo, preview on a live product mockup, and we print and ship premium quality to your door. Ideal for home décor or gifting.",flat_200x250-mm-8x10-inch_250-gsm-100lb-uncoated-offwhite-archival_4-0_hor,https://upload.wikimedia.org/wikipedia/commons/c/ca/1x1.png,Yes
Posters — ver,"Personalised posters from Pixora. Upload your photo, preview on a live product mockup, and we print and ship premium quality to your door. Ideal for home décor or gifting.",flat_200x250-mm-8x10-inch_250-gsm-100lb-uncoated-offwhite-archival_4-0_ver,https://upload.wikimedia.org/wikipedia/commons/c/ca/1x1.png,Yes
Posters — hor,"Personalised posters from Pixora. Upload your photo, preview on a live product mockup, and we print and ship premium quality to your door. Ideal for home décor or gifting.",flat_200x500-mm-8x20-inch_170-gsm-65lb-coated-silk_4-0_hor,https://upload.wikimedia.org/wikipedia/commons/c/ca/1x1.png,Yes
Posters — ver,"Personalised posters from Pixora. Upload your photo, preview on a live product mockup, and we print and ship premium quality to your door. Ideal for home décor or gifting.",flat_200x500-mm-8x20-inch_170-gsm-65lb-coated-silk_4-0_ver,https://upload.wikimedia.org/wikipedia/commons/c/ca/1x1.png,Yes
Posters — hor,"Personalised posters from Pixora. Upload your photo, preview on a live product mockup, and we print and ship premium quality to your door. Ideal for home décor or gifting.",flat_200x500-mm-8x20-inch_170-gsm-65lb-uncoated_4-0_hor,https://upload.wikimedia.org/wikipedia/commons/c/ca/1x1.png,Yes
Posters — ver,"Personalised posters from Pixora. Upload your photo, preview on a live product mockup, and we print and ship premium quality to your door. Ideal for home décor or gifting.",flat_200x500-mm-8x20-inch_170-gsm-65lb-uncoated_4-0_ver,https://upload.wikimedia.org/wikipedia/commons/c/ca/1x1.png,Yes
Posters — hor,"Personalised posters from Pixora. Upload your photo, preview on a live product mockup, and we print and ship premium quality to your door. Ideal for home décor or gifting.",flat_200x500-mm-8x20-inch_200-gsm-80lb-coated-silk_4-0_hor,https://upload.wikimedia.org/wikipedia/commons/c/ca/1x1.png,Yes
Posters — ver,"Personalised posters from Pixora. Upload your photo, preview on a live product mockup, and we print and ship premium quality to your door. Ideal for home décor or gifting.",flat_200x500-mm-8x20-inch_200-gsm-80lb-coated-silk_4-0_ver,https://upload.wikimedia.org/wikipedia/commons/c/ca/1x1.png,Yes
Posters — hor,"Personalised posters from Pixora. Upload your photo, preview on a live product mockup, and we print and ship premium quality to your door. Ideal for home décor or gifting.",flat_200x500-mm-8x20-inch_200-gsm-80lb-uncoated_4-0_hor,https://upload.wikimedia.org/wikipedia/commons/c/ca/1x1.png,Yes
Posters — ver,"Personalised posters from Pixora. Upload your photo, preview on a live product mockup, and we print and ship premium quality to your door. Ideal for home décor or gifting.",flat_200x500-mm-8x20-inch_200-gsm-80lb-uncoated_4-0_ver,https://upload.wikimedia.org/wikipedia/commons/c/ca/1x1.png,Yes
Posters — hor,"Personalised posters from Pixora. Upload your photo, preview on a live product mockup, and we print and ship premium quality to your door. Ideal for home décor or gifting.",flat_200x500-mm-8x20-inch_250-gsm-100lb-uncoated-offwhite-archival_4-0_hor,https://upload.wikimedia.org/wikipedia/commons/c/ca/1x1.png,Yes
Posters — ver,"Personalised posters from Pixora. Upload your photo, preview on a live product mockup, and we print and ship premium quality to your door. Ideal for home décor or gifting.",flat_200x500-mm-8x20-inch_250-gsm-100lb-uncoated-offwhite-archival_4-0_ver,https://upload.wikimedia.org/wikipedia/commons/c/ca/1x1.png,Yes
Posters — hor,"Personalised posters from Pixora. Upload your photo, preview on a live product mockup, and we print and ship premium quality to your door. Ideal for home décor or gifting.",flat_20x20-inch-500x500-mm_170-gsm-65lb-coated-silk_4-0_hor,https://upload.wikimedia.org/wikipedia/commons/c/ca/1x1.png,Yes
Posters — ver,"Personalised posters from Pixora. Upload your photo, preview on a live product mockup, and we print and ship premium quality to your door. Ideal for home décor or gifting.",flat_20x20-inch-500x500-mm_170-gsm-65lb-coated-silk_4-0_ver,https://upload.wikimedia.org/wikipedia/commons/c/ca/1x1.png,Yes
Posters — hor,"Personalised posters from Pixora. Upload your photo, preview on a live product mockup, and we print and ship premium quality to your door. Ideal for home décor or gifting.",flat_20x20-inch-500x500-mm_170-gsm-65lb-uncoated_4-0_hor,https://upload.wikimedia.org/wikipedia/commons/c/ca/1x1.png,Yes
Posters — ver,"Personalised posters from Pixora. Upload your photo, preview on a live product mockup, and we print and ship premium quality to your door. Ideal for home décor or gifting.",flat_20x20-inch-500x500-mm_170-gsm-65lb-uncoated_4-0_ver,https://upload.wikimedia.org/wikipedia/commons/c/ca/1x1.png,Yes
Posters — hor,"Personalised posters from Pixora. Upload your photo, preview on a live product mockup, and we print and ship premium quality to your door. Ideal for home décor or gifting.",flat_20x20-inch-500x500-mm_200-gsm-80lb-coated-silk_4-0_hor,https://upload.wikimedia.org/wikipedia/commons/c/ca/1x1.png,Yes
Posters — ver,"Personalised posters from Pixora. Upload your photo, preview on a live product mockup, and we print and ship premium quality to your door. Ideal for home décor or gifting.",flat_20x20-inch-500x500-mm_200-gsm-80lb-coated-silk_4-0_ver,https://upload.wikimedia.org/wikipedia/commons/c/ca/1x1.png,Yes
Posters — hor,"Personalised posters from Pixora. Upload your photo, preview on a live product mockup, and we print and ship premium quality to your door. Ideal for home décor or gifting.",flat_20x20-inch-500x500-mm_200-gsm-80lb-uncoated_4-0_hor,https://upload.wikimedia.org/wikipedia/commons/c/ca/1x1.png,Yes
Posters — ver,"Personalised posters from Pixora. Upload your photo, preview on a live product mockup, and we print and ship premium quality to your door. Ideal for home décor or gifting.",flat_20x20-inch-500x500-mm_200-gsm-80lb-uncoated_4-0_ver,https://upload.wikimedia.org/wikipedia/commons/c/ca/1x1.png,Yes
Posters — hor,"Personalised posters from Pixora. Upload your photo, preview on a live product mockup, and we print and ship premium quality to your door. Ideal for home décor or gifting.",flat_20x20-inch-500x500-mm_250-gsm-100lb-uncoated-offwhite-archival_4-0_hor,https://upload.wikimedia.org/wikipedia/commons/c/ca/1x1.png,Yes
Posters — ver,"Personalised posters from Pixora. Upload your photo, preview on a live product mockup, and we print and ship premium quality to your door. Ideal for home décor or gifting.",flat_20x20-inch-500x500-mm_250-gsm-100lb-uncoated-offwhite-archival_4-0_ver,https://upload.wikimedia.org/wikipedia/commons/c/ca/1x1.png,Yes
Posters — hor,"Personalised posters from Pixora. Upload your photo, preview on a live product mockup, and we print and ship premium quality to your door. Ideal for home décor or gifting.",flat_20x28-inch-500x700-mm_170-gsm-65lb-coated-silk_4-0_hor,https://upload.wikimedia.org/wikipedia/commons/c/ca/1x1.png,Yes
Posters — ver,"Personalised posters from Pixora. Upload your photo, preview on a live product mockup, and we print and ship premium quality to your door. Ideal for home décor or gifting.",flat_20x28-inch-500x700-mm_170-gsm-65lb-coated-silk_4-0_ver,https://upload.wikimedia.org/wikipedia/commons/c/ca/1x1.png,Yes
Posters — hor,"Personalised posters from Pixora. Upload your photo, preview on a live product mockup, and we print and ship premium quality to your door. Ideal for home décor or gifting.",flat_20x28-inch-500x700-mm_170-gsm-65lb-uncoated_4-0_hor,https://upload.wikimedia.org/wikipedia/commons/c/ca/1x1.png,Yes
Posters — ver,"Personalised posters from Pixora. Upload your photo, preview on a live product mockup, and we print and ship premium quality to your door. Ideal for home décor or gifting.",flat_20x28-inch-500x700-mm_170-gsm-65lb-uncoated_4-0_ver,https://upload.wikimedia.org/wikipedia/commons/c/ca/1x1.png,Yes
Posters — hor,"Personalised posters from Pixora. Upload your photo, preview on a live product mockup, and we print and ship premium quality to your door. Ideal for home décor or gifting.",flat_20x28-inch-500x700-mm_200-gsm-80lb-coated-silk_4-0_hor,https://upload.wikimedia.org/wikipedia/commons/c/ca/1x1.png,Yes
Posters — ver,"Personalised posters from Pixora. Upload your photo, preview on a live product mockup, and we print and ship premium quality to your door. Ideal for home décor or gifting.",flat_20x28-inch-500x700-mm_200-gsm-80lb-coated-silk_4-0_ver,https://upload.wikimedia.org/wikipedia/commons/c/ca/1x1.png,Yes
Posters — hor,"Personalised posters from Pixora. Upload your photo, preview on a live product mockup, and we print and ship premium quality to your door. Ideal for home décor or gifting.",flat_20x28-inch-500x700-mm_200-gsm-80lb-uncoated_4-0_hor,https://upload.wikimedia.org/wikipedia/commons/c/ca/1x1.png,Yes
Posters — ver,"Personalised posters from Pixora. Upload your photo, preview on a live product mockup, and we print and ship premium quality to your door. Ideal for home décor or gifting.",flat_20x28-inch-500x700-mm_200-gsm-80lb-uncoated_4-0_ver,https://upload.wikimedia.org/wikipedia/commons/c/ca/1x1.png,Yes
Posters — hor,"Personalised posters from Pixora. Upload your photo, preview on a live product mockup, and we print and ship premium quality to your door. Ideal for home décor or gifting.",flat_20x28-inch-500x700-mm_250-gsm-100lb-uncoated-offwhite-archival_4-0_hor,https://upload.wikimedia.org/wikipedia/commons/c/ca/1x1.png,Yes
Posters — ver,"Personalised posters from Pixora. Upload your photo, preview on a live product mockup, and we print and ship premium quality to your door. Ideal for home décor or gifting.",flat_20x28-inch-500x700-mm_250-gsm-100lb-uncoated-offwhite-archival_4-0_ver,https://upload.wikimedia.org/wikipedia/commons/c/ca/1x1.png,Yes
Posters — hor,"Personalised posters from Pixora. Upload your photo, preview on a live product mockup, and we print and ship premium quality to your door. Ideal for home décor or gifting.",flat_24x32-inch-600x800-mm_170-gsm-65lb-coated-silk_4-0_hor,https://upload.wikimedia.org/wikipedia/commons/c/ca/1x1.png,Yes
Posters — ver,"Personalised posters from Pixora. Upload your photo, preview on a live product mockup, and we print and ship premium quality to your door. Ideal for home décor or gifting.",flat_24x32-inch-600x800-mm_170-gsm-65lb-coated-silk_4-0_ver,https://upload.wikimedia.org/wikipedia/commons/c/ca/1x1.png,Yes
Posters — hor,"Personalised posters from Pixora. Upload your photo, preview on a live product mockup, and we print and ship premium quality to your door. Ideal for home décor or gifting.",flat_24x32-inch-600x800-mm_170-gsm-65lb-uncoated_4-0_hor,https://upload.wikimedia.org/wikipedia/commons/c/ca/1x1.png,Yes
Posters — ver,"Personalised posters from Pixora. Upload your photo, preview on a live product mockup, and we print and ship premium quality to your door. Ideal for home décor or gifting.",flat_24x32-inch-600x800-mm_170-gsm-65lb-uncoated_4-0_ver,https://upload.wikimedia.org/wikipedia/commons/c/ca/1x1.png,Yes
Posters — hor,"Personalised posters from Pixora. Upload your photo, preview on a live product mockup, and we print and ship premium quality to your door. Ideal for home décor or gifting.",flat_24x32-inch-600x800-mm_200-gsm-80lb-coated-silk_4-0_hor,https://upload.wikimedia.org/wikipedia/commons/c/ca/1x1.png,Yes
Posters — ver,"Personalised posters from Pixora. Upload your photo, preview on a live product mockup, and we print and ship premium quality to your door. Ideal for home décor or gifting.",flat_24x32-inch-600x800-mm_200-gsm-80lb-coated-silk_4-0_ver,https://upload.wikimedia.org/wikipedia/commons/c/ca/1x1.png,Yes
Posters — hor,"Personalised posters from Pixora. Upload your photo, preview on a live product mockup, and we print and ship premium quality to your door. Ideal for home décor or gifting.",flat_24x32-inch-600x800-mm_200-gsm-80lb-uncoated_4-0_hor,https://upload.wikimedia.org/wikipedia/commons/c/ca/1x1.png,Yes
Posters — ver,"Personalised posters from Pixora. Upload your photo, preview on a live product mockup, and we print and ship premium quality to your door. Ideal for home décor or gifting.",flat_24x32-inch-600x800-mm_200-gsm-80lb-uncoated_4-0_ver,https://upload.wikimedia.org/wikipedia/commons/c/ca/1x1.png,Yes
Posters — hor,"Personalised posters from Pixora. Upload your photo, preview on a live product mockup, and we print and ship premium quality to your door. Ideal for home décor or gifting.",flat_24x32-inch-600x800-mm_250-gsm-100lb-uncoated-offwhite-archival_4-0_hor,https://upload.wikimedia.org/wikipedia/commons/c/ca/1x1.png,Yes
Posters — ver,"Personalised posters from Pixora. Upload your photo, preview on a live product mockup, and we print and ship premium quality to your door. Ideal for home décor or gifting.",flat_24x32-inch-600x800-mm_250-gsm-100lb-uncoated-offwhite-archival_4-0_ver,https://upload.wikimedia.org/wikipedia/commons/c/ca/1x1.png,Yes
Posters — hor,"Personalised posters from Pixora. Upload your photo, preview on a live product mockup, and we print and ship premium quality to your door. Ideal for home décor or gifting.",flat_24x36-inch-600x900-mm_170-gsm-65lb-coated-silk_4-0_hor,https://upload.wikimedia.org/wikipedia/commons/c/ca/1x1.png,Yes
Posters — ver,"Personalised posters from Pixora. Upload your photo, preview on a live product mockup, and we print and ship premium quality to your door. Ideal for home décor or gifting.",flat_24x36-inch-600x900-mm_170-gsm-65lb-coated-silk_4-0_ver,https://upload.wikimedia.org/wikipedia/commons/c/ca/1x1.png,Yes
Posters — hor,"Personalised posters from Pixora. Upload your photo, preview on a live product mockup, and we print and ship premium quality to your door. Ideal for home décor or gifting.",flat_24x36-inch-600x900-mm_170-gsm-65lb-uncoated_4-0_hor,https://upload.wikimedia.org/wikipedia/commons/c/ca/1x1.png,Yes
Posters — ver,"Personalised posters from Pixora. Upload your photo, preview on a live product mockup, and we print and ship premium quality to your door. Ideal for home décor or gifting.",flat_24x36-inch-600x900-mm_170-gsm-65lb-uncoated_4-0_ver,https://upload.wikimedia.org/wikipedia/commons/c/ca/1x1.png,Yes
Posters — hor,"Personalised posters from Pixora. Upload your photo, preview on a live product mockup, and we print and ship premium quality to your door. Ideal for home décor or gifting.",flat_24x36-inch-600x900-mm_200-gsm-80lb-coated-silk_4-0_hor,https://upload.wikimedia.org/wikipedia/commons/c/ca/1x1.png,Yes
Posters — ver,"Personalised posters from Pixora. Upload your photo, preview on a live product mockup, and we print and ship premium quality to your door. Ideal for home décor or gifting.",flat_24x36-inch-600x900-mm_200-gsm-80lb-coated-silk_4-0_ver,https://upload.wikimedia.org/wikipedia/commons/c/ca/1x1.png,Yes
Posters — hor,"Personalised posters from Pixora. Upload your photo, preview on a live product mockup, and we print and ship premium quality to your door. Ideal for home décor or gifting.",flat_24x36-inch-600x900-mm_200-gsm-80lb-uncoated_4-0_hor,https://upload.wikimedia.org/wikipedia/commons/c/ca/1x1.png,Yes
Posters — ver,"Personalised posters from Pixora. Upload your photo, preview on a live product mockup, and we print and ship premium quality to your door. Ideal for home décor or gifting.",flat_24x36-inch-600x900-mm_200-gsm-80lb-uncoated_4-0_ver,https://upload.wikimedia.org/wikipedia/commons/c/ca/1x1.png,Yes
Posters — hor,"Personalised posters from Pixora. Upload your photo, preview on a live product mockup, and we print and ship premium quality to your door. Ideal for home décor or gifting.",flat_24x36-inch-600x900-mm_250-gsm-100lb-uncoated-offwhite-archival_4-0_hor,https://upload.wikimedia.org/wikipedia/commons/c/ca/1x1.png,Yes
Posters — ver,"Personalised posters from Pixora. Upload your photo, preview on a live product mockup, and we print and ship premium quality to your door. Ideal for home décor or gifting.",flat_24x36-inch-600x900-mm_250-gsm-100lb-uncoated-offwhite-archival_4-0_ver,https://upload.wikimedia.org/wikipedia/commons/c/ca/1x1.png,Yes
Posters — hor,"Personalised posters from Pixora. Upload your photo, preview on a live product mockup, and we print and ship premium quality to your door. Ideal for home décor or gifting.",flat_250x250-mm-10x10-inch_170-gsm-65lb-coated-silk_4-0_hor,https://upload.wikimedia.org/wikipedia/commons/c/ca/1x1.png,Yes
Posters — ver,"Personalised posters from Pixora. Upload your photo, preview on a live product mockup, and we print and ship premium quality to your door. Ideal for home décor or gifting.",flat_250x250-mm-10x10-inch_170-gsm-65lb-coated-silk_4-0_ver,https://upload.wikimedia.org/wikipedia/commons/c/ca/1x1.png,Yes
Posters — hor,"Personalised posters from Pixora. Upload your photo, preview on a live product mockup, and we print and ship premium quality to your door. Ideal for home décor or gifting.",flat_250x250-mm-10x10-inch_170-gsm-65lb-uncoated_4-0_hor,https://upload.wikimedia.org/wikipedia/commons/c/ca/1x1.png,Yes
Posters — ver,"Personalised posters from Pixora. Upload your photo, preview on a live product mockup, and we print and ship premium quality to your door. Ideal for home décor or gifting.",flat_250x250-mm-10x10-inch_170-gsm-65lb-uncoated_4-0_ver,https://upload.wikimedia.org/wikipedia/commons/c/ca/1x1.png,Yes
Posters — hor,"Personalised posters from Pixora. Upload your photo, preview on a live product mockup, and we print and ship premium quality to your door. Ideal for home décor or gifting.",flat_250x250-mm-10x10-inch_200-gsm-80lb-coated-silk_4-0_hor,https://upload.wikimedia.org/wikipedia/commons/c/ca/1x1.png,Yes
Posters — ver,"Personalised posters from Pixora. Upload your photo, preview on a live product mockup, and we print and ship premium quality to your door. Ideal for home décor or gifting.",flat_250x250-mm-10x10-inch_200-gsm-80lb-coated-silk_4-0_ver,https://upload.wikimedia.org/wikipedia/commons/c/ca/1x1.png,Yes
Posters — hor,"Personalised posters from Pixora. Upload your photo, preview on a live product mockup, and we print and ship premium quality to your door. Ideal for home décor or gifting.",flat_250x250-mm-10x10-inch_200-gsm-80lb-uncoated_4-0_hor,https://upload.wikimedia.org/wikipedia/commons/c/ca/1x1.png,Yes
Posters — ver,"Personalised posters from Pixora. Upload your photo, preview on a live product mockup, and we print and ship premium quality to your door. Ideal for home décor or gifting.",flat_250x250-mm-10x10-inch_200-gsm-80lb-uncoated_4-0_ver,https://upload.wikimedia.org/wikipedia/commons/c/ca/1x1.png,Yes
Posters — hor,"Personalised posters from Pixora. Upload your photo, preview on a live product mockup, and we print and ship premium quality to your door. Ideal for home décor or gifting.",flat_250x250-mm-10x10-inch_250-gsm-100lb-uncoated-offwhite-archival_4-0_hor,https://upload.wikimedia.org/wikipedia/commons/c/ca/1x1.png,Yes
Posters — ver,"Personalised posters from Pixora. Upload your photo, preview on a live product mockup, and we print and ship premium quality to your door. Ideal for home décor or gifting.",flat_250x250-mm-10x10-inch_250-gsm-100lb-uncoated-offwhite-archival_4-0_ver,https://upload.wikimedia.org/wikipedia/commons/c/ca/1x1.png,Yes
Posters — hor,"Personalised posters from Pixora. Upload your photo, preview on a live product mockup, and we print and ship premium quality to your door. Ideal for home décor or gifting.",flat_250x600-mm-10x24-inch_170-gsm-65lb-coated-silk_4-0_hor,https://upload.wikimedia.org/wikipedia/commons/c/ca/1x1.png,Yes
Posters — ver,"Personalised posters from Pixora. Upload your photo, preview on a live product mockup, and we print and ship premium quality to your door. Ideal for home décor or gifting.",flat_250x600-mm-10x24-inch_170-gsm-65lb-coated-silk_4-0_ver,https://upload.wikimedia.org/wikipedia/commons/c/ca/1x1.png,Yes
Posters — hor,"Personalised posters from Pixora. Upload your photo, preview on a live product mockup, and we print and ship premium quality to your door. Ideal for home décor or gifting.",flat_250x600-mm-10x24-inch_170-gsm-65lb-uncoated_4-0_hor,https://upload.wikimedia.org/wikipedia/commons/c/ca/1x1.png,Yes
Posters — ver,"Personalised posters from Pixora. Upload your photo, preview on a live product mockup, and we print and ship premium quality to your door. Ideal for home décor or gifting.",flat_250x600-mm-10x24-inch_170-gsm-65lb-uncoated_4-0_ver,https://upload.wikimedia.org/wikipedia/commons/c/ca/1x1.png,Yes
Posters — hor,"Personalised posters from Pixora. Upload your photo, preview on a live product mockup, and we print and ship premium quality to your door. Ideal for home décor or gifting.",flat_250x600-mm-10x24-inch_200-gsm-80lb-coated-silk_4-0_hor,https://upload.wikimedia.org/wikipedia/commons/c/ca/1x1.png,Yes
Posters — ver,"Personalised posters from Pixora. Upload your photo, preview on a live product mockup, and we print and ship premium quality to your door. Ideal for home décor or gifting.",flat_250x600-mm-10x24-inch_200-gsm-80lb-coated-silk_4-0_ver,https://upload.wikimedia.org/wikipedia/commons/c/ca/1x1.png,Yes
Posters — hor,"Personalised posters from Pixora. Upload your photo, preview on a live product mockup, and we print and ship premium quality to your door. Ideal for home décor or gifting.",flat_250x600-mm-10x24-inch_200-gsm-80lb-uncoated_4-0_hor,https://upload.wikimedia.org/wikipedia/commons/c/ca/1x1.png,Yes
Posters — ver,"Personalised posters from Pixora. Upload your photo, preview on a live product mockup, and we print and ship premium quality to your door. Ideal for home décor or gifting.",flat_250x600-mm-10x24-inch_200-gsm-80lb-uncoated_4-0_ver,https://upload.wikimedia.org/wikipedia/commons/c/ca/1x1.png,Yes
Posters — hor,"Personalised posters from Pixora. Upload your photo, preview on a live product mockup, and we print and ship premium quality to your door. Ideal for home décor or gifting.",flat_250x600-mm-10x24-inch_250-gsm-100lb-uncoated-offwhite-archival_4-0_hor,https://upload.wikimedia.org/wikipedia/commons/c/ca/1x1.png,Yes
Posters — ver,"Personalised posters from Pixora. Upload your photo, preview on a live product mockup, and we print and ship premium quality to your door. Ideal for home décor or gifting.",flat_250x600-mm-10x24-inch_250-gsm-100lb-uncoated-offwhite-archival_4-0_ver,https://upload.wikimedia.org/wikipedia/commons/c/ca/1x1.png,Yes
Posters — hor,"Personalised posters from Pixora. Upload your photo, preview on a live product mockup, and we print and ship premium quality to your door. Ideal for home décor or gifting.",flat_270x350-mm-11x14-inch_170-gsm-65lb-coated-silk_4-0_hor,https://upload.wikimedia.org/wikipedia/commons/c/ca/1x1.png,Yes
Posters — ver,"Personalised posters from Pixora. Upload your photo, preview on a live product mockup, and we print and ship premium quality to your door. Ideal for home décor or gifting.",flat_270x350-mm-11x14-inch_170-gsm-65lb-coated-silk_4-0_ver,https://upload.wikimedia.org/wikipedia/commons/c/ca/1x1.png,Yes
Posters — hor,"Personalised posters from Pixora. Upload your photo, preview on a live product mockup, and we print and ship premium quality to your door. Ideal for home décor or gifting.",flat_270x350-mm-11x14-inch_170-gsm-65lb-uncoated_4-0_hor,https://upload.wikimedia.org/wikipedia/commons/c/ca/1x1.png,Yes
Posters — ver,"Personalised posters from Pixora. Upload your photo, preview on a live product mockup, and we print and ship premium quality to your door. Ideal for home décor or gifting.",flat_270x350-mm-11x14-inch_170-gsm-65lb-uncoated_4-0_ver,https://upload.wikimedia.org/wikipedia/commons/c/ca/1x1.png,Yes
Posters — hor,"Personalised posters from Pixora. Upload your photo, preview on a live product mockup, and we print and ship premium quality to your door. Ideal for home décor or gifting.",flat_270x350-mm-11x14-inch_200-gsm-80lb-coated-silk_4-0_hor,https://upload.wikimedia.org/wikipedia/commons/c/ca/1x1.png,Yes
Posters — ver,"Personalised posters from Pixora. Upload your photo, preview on a live product mockup, and we print and ship premium quality to your door. Ideal for home décor or gifting.",flat_270x350-mm-11x14-inch_200-gsm-80lb-coated-silk_4-0_ver,https://upload.wikimedia.org/wikipedia/commons/c/ca/1x1.png,Yes
Posters — hor,"Personalised posters from Pixora. Upload your photo, preview on a live product mockup, and we print and ship premium quality to your door. Ideal for home décor or gifting.",flat_270x350-mm-11x14-inch_200-gsm-80lb-uncoated_4-0_hor,https://upload.wikimedia.org/wikipedia/commons/c/ca/1x1.png,Yes
Posters — ver,"Personalised posters from Pixora. Upload your photo, preview on a live product mockup, and we print and ship premium quality to your door. Ideal for home décor or gifting.",flat_270x350-mm-11x14-inch_200-gsm-80lb-uncoated_4-0_ver,https://upload.wikimedia.org/wikipedia/commons/c/ca/1x1.png,Yes
Posters — hor,"Personalised posters from Pixora. Upload your photo, preview on a live product mockup, and we print and ship premium quality to your door. Ideal for home décor or gifting.",flat_270x350-mm-11x14-inch_250-gsm-100lb-uncoated-offwhite-archival_4-0_hor,https://upload.wikimedia.org/wikipedia/commons/c/ca/1x1.png,Yes
Posters — ver,"Personalised posters from Pixora. Upload your photo, preview on a live product mockup, and we print and ship premium quality to your door. Ideal for home décor or gifting.",flat_270x350-mm-11x14-inch_250-gsm-100lb-uncoated-offwhite-archival_4-0_ver,https://upload.wikimedia.org/wikipedia/commons/c/ca/1x1.png,Yes
Posters — hor,"Personalised posters from Pixora. Upload your photo, preview on a live product mockup, and we print and ship premium quality to your door. Ideal for home décor or gifting.",flat_280x430-mm-xl_170-gsm-65lb-coated-silk_4-0_hor,https://upload.wikimedia.org/wikipedia/commons/c/ca/1x1.png,Yes
Posters — ver,"Personalised posters from Pixora. Upload your photo, preview on a live product mockup, and we print and ship premium quality to your door. Ideal for home décor or gifting.",flat_280x430-mm-xl_170-gsm-65lb-coated-silk_4-0_ver,https://upload.wikimedia.org/wikipedia/commons/c/ca/1x1.png,Yes
Posters — hor,"Personalised posters from Pixora. Upload your photo, preview on a live product mockup, and we print and ship premium quality to your door. Ideal for home décor or gifting.",flat_280x430-mm-xl_170-gsm-65lb-uncoated_4-0_hor,https://upload.wikimedia.org/wikipedia/commons/c/ca/1x1.png,Yes
Posters — ver,"Personalised posters from Pixora. Upload your photo, preview on a live product mockup, and we print and ship premium quality to your door. Ideal for home décor or gifting.",flat_280x430-mm-xl_170-gsm-65lb-uncoated_4-0_ver,https://upload.wikimedia.org/wikipedia/commons/c/ca/1x1.png,Yes
Posters — hor,"Personalised posters from Pixora. Upload your photo, preview on a live product mockup, and we print and ship premium quality to your door. Ideal for home décor or gifting.",flat_280x430-mm-xl_200-gsm-80lb-coated-silk_4-0_hor,https://upload.wikimedia.org/wikipedia/commons/c/ca/1x1.png,Yes
Posters — ver,"Personalised posters from Pixora. Upload your photo, preview on a live product mockup, and we print and ship premium quality to your door. Ideal for home décor or gifting.",flat_280x430-mm-xl_200-gsm-80lb-coated-silk_4-0_ver,https://upload.wikimedia.org/wikipedia/commons/c/ca/1x1.png,Yes
Posters — hor,"Personalised posters from Pixora. Upload your photo, preview on a live product mockup, and we print and ship premium quality to your door. Ideal for home décor or gifting.",flat_280x430-mm-xl_200-gsm-80lb-uncoated_4-0_hor,https://upload.wikimedia.org/wikipedia/commons/c/ca/1x1.png,Yes
Posters — ver,"Personalised posters from Pixora. Upload your photo, preview on a live product mockup, and we print and ship premium quality to your door. Ideal for home décor or gifting.",flat_280x430-mm-xl_200-gsm-80lb-uncoated_4-0_ver,https://upload.wikimedia.org/wikipedia/commons/c/ca/1x1.png,Yes
Posters — hor,"Personalised posters from Pixora. Upload your photo, preview on a live product mockup, and we print and ship premium quality to your door. Ideal for home décor or gifting.",flat_280x430-mm-xl_250-gsm-100lb-uncoated-offwhite-archival_4-0_hor,https://upload.wikimedia.org/wikipedia/commons/c/ca/1x1.png,Yes
Posters — ver,"Personalised posters from Pixora. Upload your photo, preview on a live product mockup, and we print and ship premium quality to your door. Ideal for home décor or gifting.",flat_280x430-mm-xl_250-gsm-100lb-uncoated-offwhite-archival_4-0_ver,https://upload.wikimedia.org/wikipedia/commons/c/ca/1x1.png,Yes
Posters — hor,"Personalised posters from Pixora. Upload your photo, preview on a live product mockup, and we print and ship premium quality to your door. Ideal for home décor or gifting.",flat_28x28-inch-700x700-mm_170-gsm-65lb-coated-silk_4-0_hor,https://upload.wikimedia.org/wikipedia/commons/c/ca/1x1.png,Yes
Posters — ver,"Personalised posters from Pixora. Upload your photo, preview on a live product mockup, and we print and ship premium quality to your door. Ideal for home décor or gifting.",flat_28x28-inch-700x700-mm_170-gsm-65lb-coated-silk_4-0_ver,https://upload.wikimedia.org/wikipedia/commons/c/ca/1x1.png,Yes
Posters — hor,"Personalised posters from Pixora. Upload your photo, preview on a live product mockup, and we print and ship premium quality to your door. Ideal for home décor or gifting.",flat_28x28-inch-700x700-mm_170-gsm-65lb-uncoated_4-0_hor,https://upload.wikimedia.org/wikipedia/commons/c/ca/1x1.png,Yes
Posters — ver,"Personalised posters from Pixora. Upload your photo, preview on a live product mockup, and we print and ship premium quality to your door. Ideal for home décor or gifting.",flat_28x28-inch-700x700-mm_170-gsm-65lb-uncoated_4-0_ver,https://upload.wikimedia.org/wikipedia/commons/c/ca/1x1.png,Yes
Posters — hor,"Personalised posters from Pixora. Upload your photo, preview on a live product mockup, and we print and ship premium quality to your door. Ideal for home décor or gifting.",flat_28x28-inch-700x700-mm_200-gsm-80lb-coated-silk_4-0_hor,https://upload.wikimedia.org/wikipedia/commons/c/ca/1x1.png,Yes
Posters — ver,"Personalised posters from Pixora. Upload your photo, preview on a live product mockup, and we print and ship premium quality to your door. Ideal for home décor or gifting.",flat_28x28-inch-700x700-mm_200-gsm-80lb-coated-silk_4-0_ver,https://upload.wikimedia.org/wikipedia/commons/c/ca/1x1.png,Yes
Posters — hor,"Personalised posters from Pixora. Upload your photo, preview on a live product mockup, and we print and ship premium quality to your door. Ideal for home décor or gifting.",flat_28x28-inch-700x700-mm_200-gsm-80lb-uncoated_4-0_hor,https://upload.wikimedia.org/wikipedia/commons/c/ca/1x1.png,Yes
Posters — ver,"Personalised posters from Pixora. Upload your photo, preview on a live product mockup, and we print and ship premium quality to your door. Ideal for home décor or gifting.",flat_28x28-inch-700x700-mm_200-gsm-80lb-uncoated_4-0_ver,https://upload.wikimedia.org/wikipedia/commons/c/ca/1x1.png,Yes
Posters — hor,"Personalised posters from Pixora. Upload your photo, preview on a live product mockup, and we print and ship premium quality to your door. Ideal for home décor or gifting.",flat_28x28-inch-700x700-mm_250-gsm-100lb-uncoated-offwhite-archival_4-0_hor,https://upload.wikimedia.org/wikipedia/commons/c/ca/1x1.png,Yes
Posters — ver,"Personalised posters from Pixora. Upload your photo, preview on a live product mockup, and we print and ship premium quality to your door. Ideal for home décor or gifting.",flat_28x28-inch-700x700-mm_250-gsm-100lb-uncoated-offwhite-archival_4-0_ver,https://upload.wikimedia.org/wikipedia/commons/c/ca/1x1.png,Yes
Posters — hor,"Personalised posters from Pixora. Upload your photo, preview on a live product mockup, and we print and ship premium quality to your door. Ideal for home décor or gifting.",flat_28x40-inch-700x1000-mm_170-gsm-65lb-coated-silk_4-0_hor,https://upload.wikimedia.org/wikipedia/commons/c/ca/1x1.png,Yes
Posters — ver,"Personalised posters from Pixora. Upload your photo, preview on a live product mockup, and we print and ship premium quality to your door. Ideal for home décor or gifting.",flat_28x40-inch-700x1000-mm_170-gsm-65lb-coated-silk_4-0_ver,https://upload.wikimedia.org/wikipedia/commons/c/ca/1x1.png,Yes
Posters — hor,"Personalised posters from Pixora. Upload your photo, preview on a live product mockup, and we print and ship premium quality to your door. Ideal for home décor or gifting.",flat_28x40-inch-700x1000-mm_170-gsm-65lb-uncoated_4-0_hor,https://upload.wikimedia.org/wikipedia/commons/c/ca/1x1.png,Yes
Posters — ver,"Personalised posters from Pixora. Upload your photo, preview on a live product mockup, and we print and ship premium quality to your door. Ideal for home décor or gifting.",flat_28x40-inch-700x1000-mm_170-gsm-65lb-uncoated_4-0_ver,https://upload.wikimedia.org/wikipedia/commons/c/ca/1x1.png,Yes
Posters — hor,"Personalised posters from Pixora. Upload your photo, preview on a live product mockup, and we print and ship premium quality to your door. Ideal for home décor or gifting.",flat_28x40-inch-700x1000-mm_200-gsm-80lb-coated-silk_4-0_hor,https://upload.wikimedia.org/wikipedia/commons/c/ca/1x1.png,Yes
Posters — ver,"Personalised posters from Pixora. Upload your photo, preview on a live product mockup, and we print and ship premium quality to your door. Ideal for home décor or gifting.",flat_28x40-inch-700x1000-mm_200-gsm-80lb-coated-silk_4-0_ver,https://upload.wikimedia.org/wikipedia/commons/c/ca/1x1.png,Yes
Posters — hor,"Personalised posters from Pixora. Upload your photo, preview on a live product mockup, and we print and ship premium quality to your door. Ideal for home décor or gifting.",flat_28x40-inch-700x1000-mm_200-gsm-80lb-uncoated_4-0_hor,https://upload.wikimedia.org/wikipedia/commons/c/ca/1x1.png,Yes
Posters — ver,"Personalised posters from Pixora. Upload your photo, preview on a live product mockup, and we print and ship premium quality to your door. Ideal for home décor or gifting.",flat_28x40-inch-700x1000-mm_200-gsm-80lb-uncoated_4-0_ver,https://upload.wikimedia.org/wikipedia/commons/c/ca/1x1.png,Yes
Posters — hor,"Personalised posters from Pixora. Upload your photo, preview on a live product mockup, and we print and ship premium quality to your door. Ideal for home décor or gifting.",flat_28x40-inch-700x1000-mm_250-gsm-100lb-uncoated-offwhite-archival_4-0_hor,https://upload.wikimedia.org/wikipedia/commons/c/ca/1x1.png,Yes
Posters — ver,"Personalised posters from Pixora. Upload your photo, preview on a live product mockup, and we print and ship premium quality to your door. Ideal for home décor or gifting.",flat_28x40-inch-700x1000-mm_250-gsm-100lb-uncoated-offwhite-archival_4-0_ver,https://upload.wikimedia.org/wikipedia/commons/c/ca/1x1.png,Yes
Posters — hor,"Personalised posters from Pixora. Upload your photo, preview on a live product mockup, and we print and ship premium quality to your door. Ideal for home décor or gifting.",flat_300x300-mm-12x12-inch_170-gsm-65lb-coated-silk_4-0_hor,https://upload.wikimedia.org/wikipedia/commons/c/ca/1x1.png,Yes
Posters — ver,"Personalised posters from Pixora. Upload your photo, preview on a live product mockup, and we print and ship premium quality to your door. Ideal for home décor or gifting.",flat_300x300-mm-12x12-inch_170-gsm-65lb-coated-silk_4-0_ver,https://upload.wikimedia.org/wikipedia/commons/c/ca/1x1.png,Yes
Posters — hor,"Personalised posters from Pixora. Upload your photo, preview on a live product mockup, and we print and ship premium quality to your door. Ideal for home décor or gifting.",flat_300x300-mm-12x12-inch_170-gsm-65lb-uncoated_4-0_hor,https://upload.wikimedia.org/wikipedia/commons/c/ca/1x1.png,Yes
Posters — ver,"Personalised posters from Pixora. Upload your photo, preview on a live product mockup, and we print and ship premium quality to your door. Ideal for home décor or gifting.",flat_300x300-mm-12x12-inch_170-gsm-65lb-uncoated_4-0_ver,https://upload.wikimedia.org/wikipedia/commons/c/ca/1x1.png,Yes
Posters — hor,"Personalised posters from Pixora. Upload your photo, preview on a live product mockup, and we print and ship premium quality to your door. Ideal for home décor or gifting.",flat_300x300-mm-12x12-inch_200-gsm-80lb-coated-silk_4-0_hor,https://upload.wikimedia.org/wikipedia/commons/c/ca/1x1.png,Yes
Posters — ver,"Personalised posters from Pixora. Upload your photo, preview on a live product mockup, and we print and ship premium quality to your door. Ideal for home décor or gifting.",flat_300x300-mm-12x12-inch_200-gsm-80lb-coated-silk_4-0_ver,https://upload.wikimedia.org/wikipedia/commons/c/ca/1x1.png,Yes
Posters — hor,"Personalised posters from Pixora. Upload your photo, preview on a live product mockup, and we print and ship premium quality to your door. Ideal for home décor or gifting.",flat_300x300-mm-12x12-inch_200-gsm-80lb-uncoated_4-0_hor,https://upload.wikimedia.org/wikipedia/commons/c/ca/1x1.png,Yes
Posters — ver,"Personalised posters from Pixora. Upload your photo, preview on a live product mockup, and we print and ship premium quality to your door. Ideal for home décor or gifting.",flat_300x300-mm-12x12-inch_200-gsm-80lb-uncoated_4-0_ver,https://upload.wikimedia.org/wikipedia/commons/c/ca/1x1.png,Yes
Posters — hor,"Personalised posters from Pixora. Upload your photo, preview on a live product mockup, and we print and ship premium quality to your door. Ideal for home décor or gifting.",flat_300x300-mm-12x12-inch_250-gsm-100lb-uncoated-offwhite-archival_4-0_hor,https://upload.wikimedia.org/wikipedia/commons/c/ca/1x1.png,Yes
Posters — ver,"Personalised posters from Pixora. Upload your photo, preview on a live product mockup, and we print and ship premium quality to your door. Ideal for home décor or gifting.",flat_300x300-mm-12x12-inch_250-gsm-100lb-uncoated-offwhite-archival_4-0_ver,https://upload.wikimedia.org/wikipedia/commons/c/ca/1x1.png,Yes
Posters — hor,"Personalised posters from Pixora. Upload your photo, preview on a live product mockup, and we print and ship premium quality to your door. Ideal for home décor or gifting.",flat_300x400-mm-12x16-inch_170-gsm-65lb-coated-silk_4-0_hor,https://upload.wikimedia.org/wikipedia/commons/c/ca/1x1.png,Yes
Posters — ver,"Personalised posters from Pixora. Upload your photo, preview on a live product mockup, and we print and ship premium quality to your door. Ideal for home décor or gifting.",flat_300x400-mm-12x16-inch_170-gsm-65lb-coated-silk_4-0_ver,https://upload.wikimedia.org/wikipedia/commons/c/ca/1x1.png,Yes
Posters — hor,"Personalised posters from Pixora. Upload your photo, preview on a live product mockup, and we print and ship premium quality to your door. Ideal for home décor or gifting.",flat_300x400-mm-12x16-inch_170-gsm-65lb-uncoated_4-0_hor,https://upload.wikimedia.org/wikipedia/commons/c/ca/1x1.png,Yes
Posters — ver,"Personalised posters from Pixora. Upload your photo, preview on a live product mockup, and we print and ship premium quality to your door. Ideal for home décor or gifting.",flat_300x400-mm-12x16-inch_170-gsm-65lb-uncoated_4-0_ver,https://upload.wikimedia.org/wikipedia/commons/c/ca/1x1.png,Yes
Posters — hor,"Personalised posters from Pixora. Upload your photo, preview on a live product mockup, and we print and ship premium quality to your door. Ideal for home décor or gifting.",flat_300x400-mm-12x16-inch_200-gsm-80lb-coated-silk_4-0_hor,https://upload.wikimedia.org/wikipedia/commons/c/ca/1x1.png,Yes
Posters — ver,"Personalised posters from Pixora. Upload your photo, preview on a live product mockup, and we print and ship premium quality to your door. Ideal for home décor or gifting.",flat_300x400-mm-12x16-inch_200-gsm-80lb-coated-silk_4-0_ver,https://upload.wikimedia.org/wikipedia/commons/c/ca/1x1.png,Yes
Posters — hor,"Personalised posters from Pixora. Upload your photo, preview on a live product mockup, and we print and ship premium quality to your door. Ideal for home décor or gifting.",flat_300x400-mm-12x16-inch_200-gsm-80lb-uncoated_4-0_hor,https://upload.wikimedia.org/wikipedia/commons/c/ca/1x1.png,Yes
Posters — ver,"Personalised posters from Pixora. Upload your photo, preview on a live product mockup, and we print and ship premium quality to your door. Ideal for home décor or gifting.",flat_300x400-mm-12x16-inch_200-gsm-80lb-uncoated_4-0_ver,https://upload.wikimedia.org/wikipedia/commons/c/ca/1x1.png,Yes
Posters — hor,"Personalised posters from Pixora. Upload your photo, preview on a live product mockup, and we print and ship premium quality to your door. Ideal for home décor or gifting.",flat_300x400-mm-12x16-inch_250-gsm-100lb-uncoated-offwhite-archival_4-0_hor,https://upload.wikimedia.org/wikipedia/commons/c/ca/1x1.png,Yes
Posters — ver,"Personalised posters from Pixora. Upload your photo, preview on a live product mockup, and we print and ship premium quality to your door. Ideal for home décor or gifting.",flat_300x400-mm-12x16-inch_250-gsm-100lb-uncoated-offwhite-archival_4-0_ver,https://upload.wikimedia.org/wikipedia/commons/c/ca/1x1.png,Yes
Posters — hor,"Personalised posters from Pixora. Upload your photo, preview on a live product mockup, and we print and ship premium quality to your door. Ideal for home décor or gifting.",flat_300x450-mm-12x18-inch_170-gsm-65lb-coated-silk_4-0_hor,https://upload.wikimedia.org/wikipedia/commons/c/ca/1x1.png,Yes
Posters — ver,"Personalised posters from Pixora. Upload your photo, preview on a live product mockup, and we print and ship premium quality to your door. Ideal for home décor or gifting.",flat_300x450-mm-12x18-inch_170-gsm-65lb-coated-silk_4-0_ver,https://upload.wikimedia.org/wikipedia/commons/c/ca/1x1.png,Yes
Posters — hor,"Personalised posters from Pixora. Upload your photo, preview on a live product mockup, and we print and ship premium quality to your door. Ideal for home décor or gifting.",flat_300x450-mm-12x18-inch_170-gsm-65lb-uncoated_4-0_hor,https://upload.wikimedia.org/wikipedia/commons/c/ca/1x1.png,Yes
Posters — ver,"Personalised posters from Pixora. Upload your photo, preview on a live product mockup, and we print and ship premium quality to your door. Ideal for home décor or gifting.",flat_300x450-mm-12x18-inch_170-gsm-65lb-uncoated_4-0_ver,https://upload.wikimedia.org/wikipedia/commons/c/ca/1x1.png,Yes
Posters — hor,"Personalised posters from Pixora. Upload your photo, preview on a live product mockup, and we print and ship premium quality to your door. Ideal for home décor or gifting.",flat_300x450-mm-12x18-inch_200-gsm-80lb-coated-silk_4-0_hor,https://upload.wikimedia.org/wikipedia/commons/c/ca/1x1.png,Yes
Posters — ver,"Personalised posters from Pixora. Upload your photo, preview on a live product mockup, and we print and ship premium quality to your door. Ideal for home décor or gifting.",flat_300x450-mm-12x18-inch_200-gsm-80lb-coated-silk_4-0_ver,https://upload.wikimedia.org/wikipedia/commons/c/ca/1x1.png,Yes
Posters — hor,"Personalised posters from Pixora. Upload your photo, preview on a live product mockup, and we print and ship premium quality to your door. Ideal for home décor or gifting.",flat_300x450-mm-12x18-inch_200-gsm-80lb-uncoated_4-0_hor,https://upload.wikimedia.org/wikipedia/commons/c/ca/1x1.png,Yes
Posters — ver,"Personalised posters from Pixora. Upload your photo, preview on a live product mockup, and we print and ship premium quality to your door. Ideal for home décor or gifting.",flat_300x450-mm-12x18-inch_200-gsm-80lb-uncoated_4-0_ver,https://upload.wikimedia.org/wikipedia/commons/c/ca/1x1.png,Yes
Posters — hor,"Personalised posters from Pixora. Upload your photo, preview on a live product mockup, and we print and ship premium quality to your door. Ideal for home décor or gifting.",flat_300x450-mm-12x18-inch_250-gsm-100lb-uncoated-offwhite-archival_4-0_hor,https://upload.wikimedia.org/wikipedia/commons/c/ca/1x1.png,Yes
Posters — ver,"Personalised posters from Pixora. Upload your photo, preview on a live product mockup, and we print and ship premium quality to your door. Ideal for home décor or gifting.",flat_300x450-mm-12x18-inch_250-gsm-100lb-uncoated-offwhite-archival_4-0_ver,https://upload.wikimedia.org/wikipedia/commons/c/ca/1x1.png,Yes
Posters — hor,"Personalised posters from Pixora. Upload your photo, preview on a live product mockup, and we print and ship premium quality to your door. Ideal for home décor or gifting.",flat_30x40-inch-750x1000-mm_170-gsm-65lb-coated-silk_4-0_hor,https://upload.wikimedia.org/wikipedia/commons/c/ca/1x1.png,Yes
Posters — ver,"Personalised posters from Pixora. Upload your photo, preview on a live product mockup, and we print and ship premium quality to your door. Ideal for home décor or gifting.",flat_30x40-inch-750x1000-mm_170-gsm-65lb-coated-silk_4-0_ver,https://upload.wikimedia.org/wikipedia/commons/c/ca/1x1.png,Yes
Posters — hor,"Personalised posters from Pixora. Upload your photo, preview on a live product mockup, and we print and ship premium quality to your door. Ideal for home décor or gifting.",flat_30x40-inch-750x1000-mm_170-gsm-65lb-uncoated_4-0_hor,https://upload.wikimedia.org/wikipedia/commons/c/ca/1x1.png,Yes
Posters — ver,"Personalised posters from Pixora. Upload your photo, preview on a live product mockup, and we print and ship premium quality to your door. Ideal for home décor or gifting.",flat_30x40-inch-750x1000-mm_170-gsm-65lb-uncoated_4-0_ver,https://upload.wikimedia.org/wikipedia/commons/c/ca/1x1.png,Yes
Posters — hor,"Personalised posters from Pixora. Upload your photo, preview on a live product mockup, and we print and ship premium quality to your door. Ideal for home décor or gifting.",flat_30x40-inch-750x1000-mm_200-gsm-80lb-coated-silk_4-0_hor,https://upload.wikimedia.org/wikipedia/commons/c/ca/1x1.png,Yes
Posters — ver,"Personalised posters from Pixora. Upload your photo, preview on a live product mockup, and we print and ship premium quality to your door. Ideal for home décor or gifting.",flat_30x40-inch-750x1000-mm_200-gsm-80lb-coated-silk_4-0_ver,https://upload.wikimedia.org/wikipedia/commons/c/ca/1x1.png,Yes
Posters — hor,"Personalised posters from Pixora. Upload your photo, preview on a live product mockup, and we print and ship premium quality to your door. Ideal for home décor or gifting.",flat_30x40-inch-750x1000-mm_200-gsm-80lb-uncoated_4-0_hor,https://upload.wikimedia.org/wikipedia/commons/c/ca/1x1.png,Yes
Posters — ver,"Personalised posters from Pixora. Upload your photo, preview on a live product mockup, and we print and ship premium quality to your door. Ideal for home décor or gifting.",flat_30x40-inch-750x1000-mm_200-gsm-80lb-uncoated_4-0_ver,https://upload.wikimedia.org/wikipedia/commons/c/ca/1x1.png,Yes
Posters — hor,"Personalised posters from Pixora. Upload your photo, preview on a live product mockup, and we print and ship premium quality to your door. Ideal for home décor or gifting.",flat_30x40-inch-750x1000-mm_250-gsm-100lb-uncoated-offwhite-archival_4-0_hor,https://upload.wikimedia.org/wikipedia/commons/c/ca/1x1.png,Yes
Posters — ver,"Personalised posters from Pixora. Upload your photo, preview on a live product mockup, and we print and ship premium quality to your door. Ideal for home décor or gifting.",flat_30x40-inch-750x1000-mm_250-gsm-100lb-uncoated-offwhite-archival_4-0_ver,https://upload.wikimedia.org/wikipedia/commons/c/ca/1x1.png,Yes
Posters — hor,"Personalised posters from Pixora. Upload your photo, preview on a live product mockup, and we print and ship premium quality to your door. Ideal for home décor or gifting.",flat_32x48-inch-800x1200-mm_250-gsm-100lb-uncoated-offwhite-archival_4-0_hor,https://upload.wikimedia.org/wikipedia/commons/c/ca/1x1.png,Yes
Posters — ver,"Personalised posters from Pixora. Upload your photo, preview on a live product mockup, and we print and ship premium quality to your door. Ideal for home décor or gifting.",flat_32x48-inch-800x1200-mm_250-gsm-100lb-uncoated-offwhite-archival_4-0_ver,https://upload.wikimedia.org/wikipedia/commons/c/ca/1x1.png,Yes
Posters — hor,"Personalised posters from Pixora. Upload your photo, preview on a live product mockup, and we print and ship premium quality to your door. Ideal for home décor or gifting.",flat_350x350-mm-14x14-inch_170-gsm-65lb-coated-silk_4-0_hor,https://upload.wikimedia.org/wikipedia/commons/c/ca/1x1.png,Yes
Posters — ver,"Personalised posters from Pixora. Upload your photo, preview on a live product mockup, and we print and ship premium quality to your door. Ideal for home décor or gifting.",flat_350x350-mm-14x14-inch_170-gsm-65lb-coated-silk_4-0_ver,https://upload.wikimedia.org/wikipedia/commons/c/ca/1x1.png,Yes
Posters — hor,"Personalised posters from Pixora. Upload your photo, preview on a live product mockup, and we print and ship premium quality to your door. Ideal for home décor or gifting.",flat_350x350-mm-14x14-inch_170-gsm-65lb-uncoated_4-0_hor,https://upload.wikimedia.org/wikipedia/commons/c/ca/1x1.png,Yes
Posters — ver,"Personalised posters from Pixora. Upload your photo, preview on a live product mockup, and we print and ship premium quality to your door. Ideal for home décor or gifting.",flat_350x350-mm-14x14-inch_170-gsm-65lb-uncoated_4-0_ver,https://upload.wikimedia.org/wikipedia/commons/c/ca/1x1.png,Yes
Posters — hor,"Personalised posters from Pixora. Upload your photo, preview on a live product mockup, and we print and ship premium quality to your door. Ideal for home décor or gifting.",flat_350x350-mm-14x14-inch_200-gsm-80lb-coated-silk_4-0_hor,https://upload.wikimedia.org/wikipedia/commons/c/ca/1x1.png,Yes
Posters — ver,"Personalised posters from Pixora. Upload your photo, preview on a live product mockup, and we print and ship premium quality to your door. Ideal for home décor or gifting.",flat_350x350-mm-14x14-inch_200-gsm-80lb-coated-silk_4-0_ver,https://upload.wikimedia.org/wikipedia/commons/c/ca/1x1.png,Yes
Posters — hor,"Personalised posters from Pixora. Upload your photo, preview on a live product mockup, and we print and ship premium quality to your door. Ideal for home décor or gifting.",flat_350x350-mm-14x14-inch_200-gsm-80lb-uncoated_4-0_hor,https://upload.wikimedia.org/wikipedia/commons/c/ca/1x1.png,Yes
Posters — ver,"Personalised posters from Pixora. Upload your photo, preview on a live product mockup, and we print and ship premium quality to your door. Ideal for home décor or gifting.",flat_350x350-mm-14x14-inch_200-gsm-80lb-uncoated_4-0_ver,https://upload.wikimedia.org/wikipedia/commons/c/ca/1x1.png,Yes
Posters — hor,"Personalised posters from Pixora. Upload your photo, preview on a live product mockup, and we print and ship premium quality to your door. Ideal for home décor or gifting.",flat_350x350-mm-14x14-inch_250-gsm-100lb-uncoated-offwhite-archival_4-0_hor,https://upload.wikimedia.org/wikipedia/commons/c/ca/1x1.png,Yes
Posters — ver,"Personalised posters from Pixora. Upload your photo, preview on a live product mockup, and we print and ship premium quality to your door. Ideal for home décor or gifting.",flat_350x350-mm-14x14-inch_250-gsm-100lb-uncoated-offwhite-archival_4-0_ver,https://upload.wikimedia.org/wikipedia/commons/c/ca/1x1.png,Yes
Posters — hor,"Personalised posters from Pixora. Upload your photo, preview on a live product mockup, and we print and ship premium quality to your door. Ideal for home décor or gifting.",flat_400x400-mm-16x16-inch_170-gsm-65lb-coated-silk_4-0_hor,https://upload.wikimedia.org/wikipedia/commons/c/ca/1x1.png,Yes
Posters — ver,"Personalised posters from Pixora. Upload your photo, preview on a live product mockup, and we print and ship premium quality to your door. Ideal for home décor or gifting.",flat_400x400-mm-16x16-inch_170-gsm-65lb-coated-silk_4-0_ver,https://upload.wikimedia.org/wikipedia/commons/c/ca/1x1.png,Yes
Posters — hor,"Personalised posters from Pixora. Upload your photo, preview on a live product mockup, and we print and ship premium quality to your door. Ideal for home décor or gifting.",flat_400x400-mm-16x16-inch_170-gsm-65lb-uncoated_4-0_hor,https://upload.wikimedia.org/wikipedia/commons/c/ca/1x1.png,Yes
Posters — ver,"Personalised posters from Pixora. Upload your photo, preview on a live product mockup, and we print and ship premium quality to your door. Ideal for home décor or gifting.",flat_400x400-mm-16x16-inch_170-gsm-65lb-uncoated_4-0_ver,https://upload.wikimedia.org/wikipedia/commons/c/ca/1x1.png,Yes
Posters — hor,"Personalised posters from Pixora. Upload your photo, preview on a live product mockup, and we print and ship premium quality to your door. Ideal for home décor or gifting.",flat_400x400-mm-16x16-inch_200-gsm-80lb-coated-silk_4-0_hor,https://upload.wikimedia.org/wikipedia/commons/c/ca/1x1.png,Yes
Posters — ver,"Personalised posters from Pixora. Upload your photo, preview on a live product mockup, and we print and ship premium quality to your door. Ideal for home décor or gifting.",flat_400x400-mm-16x16-inch_200-gsm-80lb-coated-silk_4-0_ver,https://upload.wikimedia.org/wikipedia/commons/c/ca/1x1.png,Yes
Posters — hor,"Personalised posters from Pixora. Upload your photo, preview on a live product mockup, and we print and ship premium quality to your door. Ideal for home décor or gifting.",flat_400x400-mm-16x16-inch_200-gsm-80lb-uncoated_4-0_hor,https://upload.wikimedia.org/wikipedia/commons/c/ca/1x1.png,Yes
Posters — ver,"Personalised posters from Pixora. Upload your photo, preview on a live product mockup, and we print and ship premium quality to your door. Ideal for home décor or gifting.",flat_400x400-mm-16x16-inch_200-gsm-80lb-uncoated_4-0_ver,https://upload.wikimedia.org/wikipedia/commons/c/ca/1x1.png,Yes
Posters — hor,"Personalised posters from Pixora. Upload your photo, preview on a live product mockup, and we print and ship premium quality to your door. Ideal for home décor or gifting.",flat_400x400-mm-16x16-inch_250-gsm-100lb-uncoated-offwhite-archival_4-0_hor,https://upload.wikimedia.org/wikipedia/commons/c/ca/1x1.png,Yes
Posters — ver,"Personalised posters from Pixora. Upload your photo, preview on a live product mockup, and we print and ship premium quality to your door. Ideal for home décor or gifting.",flat_400x400-mm-16x16-inch_250-gsm-100lb-uncoated-offwhite-archival_4-0_ver,https://upload.wikimedia.org/wikipedia/commons/c/ca/1x1.png,Yes
Posters — hor,"Personalised posters from Pixora. Upload your photo, preview on a live product mockup, and we print and ship premium quality to your door. Ideal for home décor or gifting.",flat_400x500-mm-16x20-inch_170-gsm-65lb-coated-silk_4-0_hor,https://upload.wikimedia.org/wikipedia/commons/c/ca/1x1.png,Yes
Posters — ver,"Personalised posters from Pixora. Upload your photo, preview on a live product mockup, and we print and ship premium quality to your door. Ideal for home décor or gifting.",flat_400x500-mm-16x20-inch_170-gsm-65lb-coated-silk_4-0_ver,https://upload.wikimedia.org/wikipedia/commons/c/ca/1x1.png,Yes
Posters — hor,"Personalised posters from Pixora. Upload your photo, preview on a live product mockup, and we print and ship premium quality to your door. Ideal for home décor or gifting.",flat_400x500-mm-16x20-inch_170-gsm-65lb-uncoated_4-0_hor,https://upload.wikimedia.org/wikipedia/commons/c/ca/1x1.png,Yes
Posters — ver,"Personalised posters from Pixora. Upload your photo, preview on a live product mockup, and we print and ship premium quality to your door. Ideal for home décor or gifting.",flat_400x500-mm-16x20-inch_170-gsm-65lb-uncoated_4-0_ver,https://upload.wikimedia.org/wikipedia/commons/c/ca/1x1.png,Yes
Posters — hor,"Personalised posters from Pixora. Upload your photo, preview on a live product mockup, and we print and ship premium quality to your door. Ideal for home décor or gifting.",flat_400x500-mm-16x20-inch_200-gsm-80lb-coated-silk_4-0_hor,https://upload.wikimedia.org/wikipedia/commons/c/ca/1x1.png,Yes
Posters — ver,"Personalised posters from Pixora. Upload your photo, preview on a live product mockup, and we print and ship premium quality to your door. Ideal for home décor or gifting.",flat_400x500-mm-16x20-inch_200-gsm-80lb-coated-silk_4-0_ver,https://upload.wikimedia.org/wikipedia/commons/c/ca/1x1.png,Yes
Posters — hor,"Personalised posters from Pixora. Upload your photo, preview on a live product mockup, and we print and ship premium quality to your door. Ideal for home décor or gifting.",flat_400x500-mm-16x20-inch_200-gsm-80lb-uncoated_4-0_hor,https://upload.wikimedia.org/wikipedia/commons/c/ca/1x1.png,Yes
Posters — ver,"Personalised posters from Pixora. Upload your photo, preview on a live product mockup, and we print and ship premium quality to your door. Ideal for home décor or gifting.",flat_400x500-mm-16x20-inch_200-gsm-80lb-uncoated_4-0_ver,https://upload.wikimedia.org/wikipedia/commons/c/ca/1x1.png,Yes
Posters — hor,"Personalised posters from Pixora. Upload your photo, preview on a live product mockup, and we print and ship premium quality to your door. Ideal for home décor or gifting.",flat_400x500-mm-16x20-inch_250-gsm-100lb-uncoated-offwhite-archival_4-0_hor,https://upload.wikimedia.org/wikipedia/commons/c/ca/1x1.png,Yes
Posters — ver,"Personalised posters from Pixora. Upload your photo, preview on a live product mockup, and we print and ship premium quality to your door. Ideal for home décor or gifting.",flat_400x500-mm-16x20-inch_250-gsm-100lb-uncoated-offwhite-archival_4-0_ver,https://upload.wikimedia.org/wikipedia/commons/c/ca/1x1.png,Yes
Posters — hor,"Personalised posters from Pixora. Upload your photo, preview on a live product mockup, and we print and ship premium quality to your door. Ideal for home décor or gifting.",flat_400x600-mm-16x24-inch_170-gsm-65lb-coated-silk_4-0_hor,https://upload.wikimedia.org/wikipedia/commons/c/ca/1x1.png,Yes
Posters — ver,"Personalised posters from Pixora. Upload your photo, preview on a live product mockup, and we print and ship premium quality to your door. Ideal for home décor or gifting.",flat_400x600-mm-16x24-inch_170-gsm-65lb-coated-silk_4-0_ver,https://upload.wikimedia.org/wikipedia/commons/c/ca/1x1.png,Yes
Posters — hor,"Personalised posters from Pixora. Upload your photo, preview on a live product mockup, and we print and ship premium quality to your door. Ideal for home décor or gifting.",flat_400x600-mm-16x24-inch_170-gsm-65lb-uncoated_4-0_hor,https://upload.wikimedia.org/wikipedia/commons/c/ca/1x1.png,Yes
Posters — ver,"Personalised posters from Pixora. Upload your photo, preview on a live product mockup, and we print and ship premium quality to your door. Ideal for home décor or gifting.",flat_400x600-mm-16x24-inch_170-gsm-65lb-uncoated_4-0_ver,https://upload.wikimedia.org/wikipedia/commons/c/ca/1x1.png,Yes
Posters — hor,"Personalised posters from Pixora. Upload your photo, preview on a live product mockup, and we print and ship premium quality to your door. Ideal for home décor or gifting.",flat_400x600-mm-16x24-inch_200-gsm-80lb-coated-silk_4-0_hor,https://upload.wikimedia.org/wikipedia/commons/c/ca/1x1.png,Yes
Posters — ver,"Personalised posters from Pixora. Upload your photo, preview on a live product mockup, and we print and ship premium quality to your door. Ideal for home décor or gifting.",flat_400x600-mm-16x24-inch_200-gsm-80lb-coated-silk_4-0_ver,https://upload.wikimedia.org/wikipedia/commons/c/ca/1x1.png,Yes
Posters — hor,"Personalised posters from Pixora. Upload your photo, preview on a live product mockup, and we print and ship premium quality to your door. Ideal for home décor or gifting.",flat_400x600-mm-16x24-inch_200-gsm-80lb-uncoated_4-0_hor,https://upload.wikimedia.org/wikipedia/commons/c/ca/1x1.png,Yes
Posters — ver,"Personalised posters from Pixora. Upload your photo, preview on a live product mockup, and we print and ship premium quality to your door. Ideal for home décor or gifting.",flat_400x600-mm-16x24-inch_200-gsm-80lb-uncoated_4-0_ver,https://upload.wikimedia.org/wikipedia/commons/c/ca/1x1.png,Yes
Posters — hor,"Personalised posters from Pixora. Upload your photo, preview on a live product mockup, and we print and ship premium quality to your door. Ideal for home décor or gifting.",flat_400x600-mm-16x24-inch_250-gsm-100lb-uncoated-offwhite-archival_4-0_hor,https://upload.wikimedia.org/wikipedia/commons/c/ca/1x1.png,Yes
Posters — ver,"Personalised posters from Pixora. Upload your photo, preview on a live product mockup, and we print and ship premium quality to your door. Ideal for home décor or gifting.",flat_400x600-mm-16x24-inch_250-gsm-100lb-uncoated-offwhite-archival_4-0_ver,https://upload.wikimedia.org/wikipedia/commons/c/ca/1x1.png,Yes
Posters — hor,"Personalised posters from Pixora. Upload your photo, preview on a live product mockup, and we print and ship premium quality to your door. Ideal for home décor or gifting.",flat_40x40-inch-1000x1000-mm_250-gsm-100lb-uncoated-offwhite-archival_4-0_hor,https://upload.wikimedia.org/wikipedia/commons/c/ca/1x1.png,Yes
Posters — ver,"Personalised posters from Pixora. Upload your photo, preview on a live product mockup, and we print and ship premium quality to your door. Ideal for home décor or gifting.",flat_40x40-inch-1000x1000-mm_250-gsm-100lb-uncoated-offwhite-archival_4-0_ver,https://upload.wikimedia.org/wikipedia/commons/c/ca/1x1.png,Yes
Posters — hor,"Personalised posters from Pixora. Upload your photo, preview on a live product mockup, and we print and ship premium quality to your door. Ideal for home décor or gifting.",flat_40x60-inch-1000x1500-mm_250-gsm-100lb-uncoated-offwhite-archival_4-0_hor,https://upload.wikimedia.org/wikipedia/commons/c/ca/1x1.png,Yes
Posters — ver,"Personalised posters from Pixora. Upload your photo, preview on a live product mockup, and we print and ship premium quality to your door. Ideal for home décor or gifting.",flat_40x60-inch-1000x1500-mm_250-gsm-100lb-uncoated-offwhite-archival_4-0_ver,https://upload.wikimedia.org/wikipedia/commons/c/ca/1x1.png,Yes
Posters — hor,"Personalised posters from Pixora. Upload your photo, preview on a live product mockup, and we print and ship premium quality to your door. Ideal for home décor or gifting.",flat_450x450-mm-18x18-inch_170-gsm-65lb-coated-silk_4-0_hor,https://upload.wikimedia.org/wikipedia/commons/c/ca/1x1.png,Yes
Posters — ver,"Personalised posters from Pixora. Upload your photo, preview on a live product mockup, and we print and ship premium quality to your door. Ideal for home décor or gifting.",flat_450x450-mm-18x18-inch_170-gsm-65lb-coated-silk_4-0_ver,https://upload.wikimedia.org/wikipedia/commons/c/ca/1x1.png,Yes
Posters — hor,"Personalised posters from Pixora. Upload your photo, preview on a live product mockup, and we print and ship premium quality to your door. Ideal for home décor or gifting.",flat_450x450-mm-18x18-inch_170-gsm-65lb-uncoated_4-0_hor,https://upload.wikimedia.org/wikipedia/commons/c/ca/1x1.png,Yes
Posters — ver,"Personalised posters from Pixora. Upload your photo, preview on a live product mockup, and we print and ship premium quality to your door. Ideal for home décor or gifting.",flat_450x450-mm-18x18-inch_170-gsm-65lb-uncoated_4-0_ver,https://upload.wikimedia.org/wikipedia/commons/c/ca/1x1.png,Yes
Posters — hor,"Personalised posters from Pixora. Upload your photo, preview on a live product mockup, and we print and ship premium quality to your door. Ideal for home décor or gifting.",flat_450x450-mm-18x18-inch_200-gsm-80lb-coated-silk_4-0_hor,https://upload.wikimedia.org/wikipedia/commons/c/ca/1x1.png,Yes
Posters — ver,"Personalised posters from Pixora. Upload your photo, preview on a live product mockup, and we print and ship premium quality to your door. Ideal for home décor or gifting.",flat_450x450-mm-18x18-inch_200-gsm-80lb-coated-silk_4-0_ver,https://upload.wikimedia.org/wikipedia/commons/c/ca/1x1.png,Yes
Posters — hor,"Personalised posters from Pixora. Upload your photo, preview on a live product mockup, and we print and ship premium quality to your door. Ideal for home décor or gifting.",flat_450x450-mm-18x18-inch_200-gsm-80lb-uncoated_4-0_hor,https://upload.wikimedia.org/wikipedia/commons/c/ca/1x1.png,Yes
Posters — ver,"Personalised posters from Pixora. Upload your photo, preview on a live product mockup, and we print and ship premium quality to your door. Ideal for home décor or gifting.",flat_450x450-mm-18x18-inch_200-gsm-80lb-uncoated_4-0_ver,https://upload.wikimedia.org/wikipedia/commons/c/ca/1x1.png,Yes
Posters — hor,"Personalised posters from Pixora. Upload your photo, preview on a live product mockup, and we print and ship premium quality to your door. Ideal for home décor or gifting.",flat_450x450-mm-18x18-inch_250-gsm-100lb-uncoated-offwhite-archival_4-0_hor,https://upload.wikimedia.org/wikipedia/commons/c/ca/1x1.png,Yes
Posters — ver,"Personalised posters from Pixora. Upload your photo, preview on a live product mockup, and we print and ship premium quality to your door. Ideal for home décor or gifting.",flat_450x450-mm-18x18-inch_250-gsm-100lb-uncoated-offwhite-archival_4-0_ver,https://upload.wikimedia.org/wikipedia/commons/c/ca/1x1.png,Yes
Posters — hor,"Personalised posters from Pixora. Upload your photo, preview on a live product mockup, and we print and ship premium quality to your door. Ideal for home décor or gifting.",flat_450x600-mm-18x24-inch_170-gsm-65lb-coated-silk_4-0_hor,https://upload.wikimedia.org/wikipedia/commons/c/ca/1x1.png,Yes
Posters — ver,"Personalised posters from Pixora. Upload your photo, preview on a live product mockup, and we print and ship premium quality to your door. Ideal for home décor or gifting.",flat_450x600-mm-18x24-inch_170-gsm-65lb-coated-silk_4-0_ver,https://upload.wikimedia.org/wikipedia/commons/c/ca/1x1.png,Yes
Posters — hor,"Personalised posters from Pixora. Upload your photo, preview on a live product mockup, and we print and ship premium quality to your door. Ideal for home décor or gifting.",flat_450x600-mm-18x24-inch_170-gsm-65lb-uncoated_4-0_hor,https://upload.wikimedia.org/wikipedia/commons/c/ca/1x1.png,Yes
Posters — ver,"Personalised posters from Pixora. Upload your photo, preview on a live product mockup, and we print and ship premium quality to your door. Ideal for home décor or gifting.",flat_450x600-mm-18x24-inch_170-gsm-65lb-uncoated_4-0_ver,https://upload.wikimedia.org/wikipedia/commons/c/ca/1x1.png,Yes
Posters — hor,"Personalised posters from Pixora. Upload your photo, preview on a live product mockup, and we print and ship premium quality to your door. Ideal for home décor or gifting.",flat_450x600-mm-18x24-inch_200-gsm-80lb-coated-silk_4-0_hor,https://upload.wikimedia.org/wikipedia/commons/c/ca/1x1.png,Yes
Posters — ver,"Personalised posters from Pixora. Upload your photo, preview on a live product mockup, and we print and ship premium quality to your door. Ideal for home décor or gifting.",flat_450x600-mm-18x24-inch_200-gsm-80lb-coated-silk_4-0_ver,https://upload.wikimedia.org/wikipedia/commons/c/ca/1x1.png,Yes
Posters — hor,"Personalised posters from Pixora. Upload your photo, preview on a live product mockup, and we print and ship premium quality to your door. Ideal for home décor or gifting.",flat_450x600-mm-18x24-inch_200-gsm-80lb-uncoated_4-0_hor,https://upload.wikimedia.org/wikipedia/commons/c/ca/1x1.png,Yes
Posters — ver,"Personalised posters from Pixora. Upload your photo, preview on a live product mockup, and we print and ship premium quality to your door. Ideal for home décor or gifting.",flat_450x600-mm-18x24-inch_200-gsm-80lb-uncoated_4-0_ver,https://upload.wikimedia.org/wikipedia/commons/c/ca/1x1.png,Yes
Posters — hor,"Personalised posters from Pixora. Upload your photo, preview on a live product mockup, and we print and ship premium quality to your door. Ideal for home décor or gifting.",flat_450x600-mm-18x24-inch_250-gsm-100lb-uncoated-offwhite-archival_4-0_hor,https://upload.wikimedia.org/wikipedia/commons/c/ca/1x1.png,Yes
Posters — ver,"Personalised posters from Pixora. Upload your photo, preview on a live product mockup, and we print and ship premium quality to your door. Ideal for home décor or gifting.",flat_450x600-mm-18x24-inch_250-gsm-100lb-uncoated-offwhite-archival_4-0_ver,https://upload.wikimedia.org/wikipedia/commons/c/ca/1x1.png,Yes
Posters — hor,"Personalised posters from Pixora. Upload your photo, preview on a live product mockup, and we print and ship premium quality to your door. Ideal for home décor or gifting.",flat_500x500-mm-20x20-inch_170-gsm-65lb-coated-silk_4-0_hor,https://upload.wikimedia.org/wikipedia/commons/c/ca/1x1.png,Yes
Posters — ver,"Personalised posters from Pixora. Upload your photo, preview on a live product mockup, and we print and ship premium quality to your door. Ideal for home décor or gifting.",flat_500x500-mm-20x20-inch_170-gsm-65lb-coated-silk_4-0_ver,https://upload.wikimedia.org/wikipedia/commons/c/ca/1x1.png,Yes
Posters — hor,"Personalised posters from Pixora. Upload your photo, preview on a live product mockup, and we print and ship premium quality to your door. Ideal for home décor or gifting.",flat_500x500-mm-20x20-inch_170-gsm-65lb-uncoated_4-0_hor,https://upload.wikimedia.org/wikipedia/commons/c/ca/1x1.png,Yes
Posters — ver,"Personalised posters from Pixora. Upload your photo, preview on a live product mockup, and we print and ship premium quality to your door. Ideal for home décor or gifting.",flat_500x500-mm-20x20-inch_170-gsm-65lb-uncoated_4-0_ver,https://upload.wikimedia.org/wikipedia/commons/c/ca/1x1.png,Yes
Posters — hor,"Personalised posters from Pixora. Upload your photo, preview on a live product mockup, and we print and ship premium quality to your door. Ideal for home décor or gifting.",flat_500x500-mm-20x20-inch_200-gsm-80lb-coated-silk_4-0_hor,https://upload.wikimedia.org/wikipedia/commons/c/ca/1x1.png,Yes
Posters — ver,"Personalised posters from Pixora. Upload your photo, preview on a live product mockup, and we print and ship premium quality to your door. Ideal for home décor or gifting.",flat_500x500-mm-20x20-inch_200-gsm-80lb-coated-silk_4-0_ver,https://upload.wikimedia.org/wikipedia/commons/c/ca/1x1.png,Yes
Posters — hor,"Personalised posters from Pixora. Upload your photo, preview on a live product mockup, and we print and ship premium quality to your door. Ideal for home décor or gifting.",flat_500x500-mm-20x20-inch_200-gsm-80lb-uncoated_4-0_hor,https://upload.wikimedia.org/wikipedia/commons/c/ca/1x1.png,Yes
Posters — ver,"Personalised posters from Pixora. Upload your photo, preview on a live product mockup, and we print and ship premium quality to your door. Ideal for home décor or gifting.",flat_500x500-mm-20x20-inch_200-gsm-80lb-uncoated_4-0_ver,https://upload.wikimedia.org/wikipedia/commons/c/ca/1x1.png,Yes
Posters — hor,"Personalised posters from Pixora. Upload your photo, preview on a live product mockup, and we print and ship premium quality to your door. Ideal for home décor or gifting.",flat_500x500-mm-20x20-inch_250-gsm-100lb-uncoated-offwhite-archival_4-0_hor,https://upload.wikimedia.org/wikipedia/commons/c/ca/1x1.png,Yes
Posters — ver,"Personalised posters from Pixora. Upload your photo, preview on a live product mockup, and we print and ship premium quality to your door. Ideal for home décor or gifting.",flat_500x500-mm-20x20-inch_250-gsm-100lb-uncoated-offwhite-archival_4-0_ver,https://upload.wikimedia.org/wikipedia/commons/c/ca/1x1.png,Yes
Posters — hor,"Personalised posters from Pixora. Upload your photo, preview on a live product mockup, and we print and ship premium quality to your door. Ideal for home décor or gifting.",flat_500x700-mm-20x28-inch_170-gsm-65lb-coated-silk_4-0_hor,https://upload.wikimedia.org/wikipedia/commons/c/ca/1x1.png,Yes
Posters — ver,"Personalised posters from Pixora. Upload your photo, preview on a live product mockup, and we print and ship premium quality to your door. Ideal for home décor or gifting.",flat_500x700-mm-20x28-inch_170-gsm-65lb-coated-silk_4-0_ver,https://upload.wikimedia.org/wikipedia/commons/c/ca/1x1.png,Yes
Posters — hor,"Personalised posters from Pixora. Upload your photo, preview on a live product mockup, and we print and ship premium quality to your door. Ideal for home décor or gifting.",flat_500x700-mm-20x28-inch_170-gsm-65lb-uncoated_4-0_hor,https://upload.wikimedia.org/wikipedia/commons/c/ca/1x1.png,Yes
Posters — ver,"Personalised posters from Pixora. Upload your photo, preview on a live product mockup, and we print and ship premium quality to your door. Ideal for home décor or gifting.",flat_500x700-mm-20x28-inch_170-gsm-65lb-uncoated_4-0_ver,https://upload.wikimedia.org/wikipedia/commons/c/ca/1x1.png,Yes
Posters — hor,"Personalised posters from Pixora. Upload your photo, preview on a live product mockup, and we print and ship premium quality to your door. Ideal for home décor or gifting.",flat_500x700-mm-20x28-inch_200-gsm-80lb-coated-silk_4-0_hor,https://upload.wikimedia.org/wikipedia/commons/c/ca/1x1.png,Yes
Posters — ver,"Personalised posters from Pixora. Upload your photo, preview on a live product mockup, and we print and ship premium quality to your door. Ideal for home décor or gifting.",flat_500x700-mm-20x28-inch_200-gsm-80lb-coated-silk_4-0_ver,https://upload.wikimedia.org/wikipedia/commons/c/ca/1x1.png,Yes
Posters — hor,"Personalised posters from Pixora. Upload your photo, preview on a live product mockup, and we print and ship premium quality to your door. Ideal for home décor or gifting.",flat_500x700-mm-20x28-inch_200-gsm-80lb-uncoated_4-0_hor,https://upload.wikimedia.org/wikipedia/commons/c/ca/1x1.png,Yes
Posters — ver,"Personalised posters from Pixora. Upload your photo, preview on a live product mockup, and we print and ship premium quality to your door. Ideal for home décor or gifting.",flat_500x700-mm-20x28-inch_200-gsm-80lb-uncoated_4-0_ver,https://upload.wikimedia.org/wikipedia/commons/c/ca/1x1.png,Yes
Posters — hor,"Personalised posters from Pixora. Upload your photo, preview on a live product mockup, and we print and ship premium quality to your door. Ideal for home décor or gifting.",flat_500x700-mm-20x28-inch_250-gsm-100lb-uncoated-offwhite-archival_4-0_hor,https://upload.wikimedia.org/wikipedia/commons/c/ca/1x1.png,Yes
Posters — ver,"Personalised posters from Pixora. Upload your photo, preview on a live product mockup, and we print and ship premium quality to your door. Ideal for home décor or gifting.",flat_500x700-mm-20x28-inch_250-gsm-100lb-uncoated-offwhite-archival_4-0_ver,https://upload.wikimedia.org/wikipedia/commons/c/ca/1x1.png,Yes
Posters — hor,"Personalised posters from Pixora. Upload your photo, preview on a live product mockup, and we print and ship premium quality to your door. Ideal for home décor or gifting.",flat_5r-130x180-mm_170-gsm-65lb-coated-silk_4-0_hor,https://upload.wikimedia.org/wikipedia/commons/c/ca/1x1.png,Yes
Posters — ver,"Personalised posters from Pixora. Upload your photo, preview on a live product mockup, and we print and ship premium quality to your door. Ideal for home décor or gifting.",flat_5r-130x180-mm_170-gsm-65lb-coated-silk_4-0_ver,https://upload.wikimedia.org/wikipedia/commons/c/ca/1x1.png,Yes
Posters — hor,"Personalised posters from Pixora. Upload your photo, preview on a live product mockup, and we print and ship premium quality to your door. Ideal for home décor or gifting.",flat_5r-130x180-mm_170-gsm-65lb-uncoated_4-0_hor,https://upload.wikimedia.org/wikipedia/commons/c/ca/1x1.png,Yes
Posters — ver,"Personalised posters from Pixora. Upload your photo, preview on a live product mockup, and we print and ship premium quality to your door. Ideal for home décor or gifting.",flat_5r-130x180-mm_170-gsm-65lb-uncoated_4-0_ver,https://upload.wikimedia.org/wikipedia/commons/c/ca/1x1.png,Yes
Posters — hor,"Personalised posters from Pixora. Upload your photo, preview on a live product mockup, and we print and ship premium quality to your door. Ideal for home décor or gifting.",flat_5r-130x180-mm_200-gsm-80lb-coated-silk_4-0_hor,https://upload.wikimedia.org/wikipedia/commons/c/ca/1x1.png,Yes
Posters — ver,"Personalised posters from Pixora. Upload your photo, preview on a live product mockup, and we print and ship premium quality to your door. Ideal for home décor or gifting.",flat_5r-130x180-mm_200-gsm-80lb-coated-silk_4-0_ver,https://upload.wikimedia.org/wikipedia/commons/c/ca/1x1.png,Yes
Posters — hor,"Personalised posters from Pixora. Upload your photo, preview on a live product mockup, and we print and ship premium quality to your door. Ideal for home décor or gifting.",flat_5r-130x180-mm_200-gsm-80lb-uncoated_4-0_hor,https://upload.wikimedia.org/wikipedia/commons/c/ca/1x1.png,Yes
Posters — ver,"Personalised posters from Pixora. Upload your photo, preview on a live product mockup, and we print and ship premium quality to your door. Ideal for home décor or gifting.",flat_5r-130x180-mm_200-gsm-80lb-uncoated_4-0_ver,https://upload.wikimedia.org/wikipedia/commons/c/ca/1x1.png,Yes
Posters — hor,"Personalised posters from Pixora. Upload your photo, preview on a live product mockup, and we print and ship premium quality to your door. Ideal for home décor or gifting.",flat_5r-130x180-mm_250-gsm-100lb-uncoated-offwhite-archival_4-0_hor,https://upload.wikimedia.org/wikipedia/commons/c/ca/1x1.png,Yes
Posters — ver,"Personalised posters from Pixora. Upload your photo, preview on a live product mockup, and we print and ship premium quality to your door. Ideal for home décor or gifting.",flat_5r-130x180-mm_250-gsm-100lb-uncoated-offwhite-archival_4-0_ver,https://upload.wikimedia.org/wikipedia/commons/c/ca/1x1.png,Yes
Posters — hor,"Personalised posters from Pixora. Upload your photo, preview on a live product mockup, and we print and ship premium quality to your door. Ideal for home décor or gifting.",flat_600x800-mm-24x32-inch_170-gsm-65lb-coated-silk_4-0_hor,https://upload.wikimedia.org/wikipedia/commons/c/ca/1x1.png,Yes
Posters — ver,"Personalised posters from Pixora. Upload your photo, preview on a live product mockup, and we print and ship premium quality to your door. Ideal for home décor or gifting.",flat_600x800-mm-24x32-inch_170-gsm-65lb-coated-silk_4-0_ver,https://upload.wikimedia.org/wikipedia/commons/c/ca/1x1.png,Yes
Posters — hor,"Personalised posters from Pixora. Upload your photo, preview on a live product mockup, and we print and ship premium quality to your door. Ideal for home décor or gifting.",flat_600x800-mm-24x32-inch_170-gsm-65lb-uncoated_4-0_hor,https://upload.wikimedia.org/wikipedia/commons/c/ca/1x1.png,Yes
Posters — ver,"Personalised posters from Pixora. Upload your photo, preview on a live product mockup, and we print and ship premium quality to your door. Ideal for home décor or gifting.",flat_600x800-mm-24x32-inch_170-gsm-65lb-uncoated_4-0_ver,https://upload.wikimedia.org/wikipedia/commons/c/ca/1x1.png,Yes
Posters — hor,"Personalised posters from Pixora. Upload your photo, preview on a live product mockup, and we print and ship premium quality to your door. Ideal for home décor or gifting.",flat_600x800-mm-24x32-inch_200-gsm-80lb-coated-silk_4-0_hor,https://upload.wikimedia.org/wikipedia/commons/c/ca/1x1.png,Yes
Posters — ver,"Personalised posters from Pixora. Upload your photo, preview on a live product mockup, and we print and ship premium quality to your door. Ideal for home décor or gifting.",flat_600x800-mm-24x32-inch_200-gsm-80lb-coated-silk_4-0_ver,https://upload.wikimedia.org/wikipedia/commons/c/ca/1x1.png,Yes
Posters — hor,"Personalised posters from Pixora. Upload your photo, preview on a live product mockup, and we print and ship premium quality to your door. Ideal for home décor or gifting.",flat_600x800-mm-24x32-inch_200-gsm-80lb-uncoated_4-0_hor,https://upload.wikimedia.org/wikipedia/commons/c/ca/1x1.png,Yes
Posters — ver,"Personalised posters from Pixora. Upload your photo, preview on a live product mockup, and we print and ship premium quality to your door. Ideal for home décor or gifting.",flat_600x800-mm-24x32-inch_200-gsm-80lb-uncoated_4-0_ver,https://upload.wikimedia.org/wikipedia/commons/c/ca/1x1.png,Yes
Posters — hor,"Personalised posters from Pixora. Upload your photo, preview on a live product mockup, and we print and ship premium quality to your door. Ideal for home décor or gifting.",flat_600x800-mm-24x32-inch_250-gsm-100lb-uncoated-offwhite-archival_4-0_hor,https://upload.wikimedia.org/wikipedia/commons/c/ca/1x1.png,Yes
Posters — ver,"Personalised posters from Pixora. Upload your photo, preview on a live product mockup, and we print and ship premium quality to your door. Ideal for home décor or gifting.",flat_600x800-mm-24x32-inch_250-gsm-100lb-uncoated-offwhite-archival_4-0_ver,https://upload.wikimedia.org/wikipedia/commons/c/ca/1x1.png,Yes
Posters — hor,"Personalised posters from Pixora. Upload your photo, preview on a live product mockup, and we print and ship premium quality to your door. Ideal for home décor or gifting.",flat_600x900-mm-24x36-inch_170-gsm-65lb-coated-silk_4-0_hor,https://upload.wikimedia.org/wikipedia/commons/c/ca/1x1.png,Yes
Posters — ver,"Personalised posters from Pixora. Upload your photo, preview on a live product mockup, and we print and ship premium quality to your door. Ideal for home décor or gifting.",flat_600x900-mm-24x36-inch_170-gsm-65lb-coated-silk_4-0_ver,https://upload.wikimedia.org/wikipedia/commons/c/ca/1x1.png,Yes
Posters — hor,"Personalised posters from Pixora. Upload your photo, preview on a live product mockup, and we print and ship premium quality to your door. Ideal for home décor or gifting.",flat_600x900-mm-24x36-inch_170-gsm-65lb-uncoated_4-0_hor,https://upload.wikimedia.org/wikipedia/commons/c/ca/1x1.png,Yes
Posters — ver,"Personalised posters from Pixora. Upload your photo, preview on a live product mockup, and we print and ship premium quality to your door. Ideal for home décor or gifting.",flat_600x900-mm-24x36-inch_170-gsm-65lb-uncoated_4-0_ver,https://upload.wikimedia.org/wikipedia/commons/c/ca/1x1.png,Yes
Posters — hor,"Personalised posters from Pixora. Upload your photo, preview on a live product mockup, and we print and ship premium quality to your door. Ideal for home décor or gifting.",flat_600x900-mm-24x36-inch_200-gsm-80lb-coated-silk_4-0_hor,https://upload.wikimedia.org/wikipedia/commons/c/ca/1x1.png,Yes
Posters — ver,"Personalised posters from Pixora. Upload your photo, preview on a live product mockup, and we print and ship premium quality to your door. Ideal for home décor or gifting.",flat_600x900-mm-24x36-inch_200-gsm-80lb-coated-silk_4-0_ver,https://upload.wikimedia.org/wikipedia/commons/c/ca/1x1.png,Yes
Posters — hor,"Personalised posters from Pixora. Upload your photo, preview on a live product mockup, and we print and ship premium quality to your door. Ideal for home décor or gifting.",flat_600x900-mm-24x36-inch_200-gsm-80lb-uncoated_4-0_hor,https://upload.wikimedia.org/wikipedia/commons/c/ca/1x1.png,Yes
Posters — ver,"Personalised posters from Pixora. Upload your photo, preview on a live product mockup, and we print and ship premium quality to your door. Ideal for home décor or gifting.",flat_600x900-mm-24x36-inch_200-gsm-80lb-uncoated_4-0_ver,https://upload.wikimedia.org/wikipedia/commons/c/ca/1x1.png,Yes
Posters — hor,"Personalised posters from Pixora. Upload your photo, preview on a live product mockup, and we print and ship premium quality to your door. Ideal for home décor or gifting.",flat_600x900-mm-24x36-inch_250-gsm-100lb-uncoated-offwhite-archival_4-0_hor,https://upload.wikimedia.org/wikipedia/commons/c/ca/1x1.png,Yes
Posters — ver,"Personalised posters from Pixora. Upload your photo, preview on a live product mockup, and we print and ship premium quality to your door. Ideal for home décor or gifting.",flat_600x900-mm-24x36-inch_250-gsm-100lb-uncoated-offwhite-archival_4-0_ver,https://upload.wikimedia.org/wikipedia/commons/c/ca/1x1.png,Yes
Posters — hor,"Personalised posters from Pixora. Upload your photo, preview on a live product mockup, and we print and ship premium quality to your door. Ideal for home décor or gifting.",flat_6x8-inch-150x200-mm_170-gsm-65lb-coated-silk_4-0_hor,https://upload.wikimedia.org/wikipedia/commons/c/ca/1x1.png,Yes
Posters — ver,"Personalised posters from Pixora. Upload your photo, preview on a live product mockup, and we print and ship premium quality to your door. Ideal for home décor or gifting.",flat_6x8-inch-150x200-mm_170-gsm-65lb-coated-silk_4-0_ver,https://upload.wikimedia.org/wikipedia/commons/c/ca/1x1.png,Yes
Posters — hor,"Personalised posters from Pixora. Upload your photo, preview on a live product mockup, and we print and ship premium quality to your door. Ideal for home décor or gifting.",flat_6x8-inch-150x200-mm_170-gsm-65lb-uncoated_4-0_hor,https://upload.wikimedia.org/wikipedia/commons/c/ca/1x1.png,Yes
Posters — ver,"Personalised posters from Pixora. Upload your photo, preview on a live product mockup, and we print and ship premium quality to your door. Ideal for home décor or gifting.",flat_6x8-inch-150x200-mm_170-gsm-65lb-uncoated_4-0_ver,https://upload.wikimedia.org/wikipedia/commons/c/ca/1x1.png,Yes
Posters — hor,"Personalised posters from Pixora. Upload your photo, preview on a live product mockup, and we print and ship premium quality to your door. Ideal for home décor or gifting.",flat_6x8-inch-150x200-mm_200-gsm-80lb-coated-silk_4-0_hor,https://upload.wikimedia.org/wikipedia/commons/c/ca/1x1.png,Yes
Posters — ver,"Personalised posters from Pixora. Upload your photo, preview on a live product mockup, and we print and ship premium quality to your door. Ideal for home décor or gifting.",flat_6x8-inch-150x200-mm_200-gsm-80lb-coated-silk_4-0_ver,https://upload.wikimedia.org/wikipedia/commons/c/ca/1x1.png,Yes
Posters — hor,"Personalised posters from Pixora. Upload your photo, preview on a live product mockup, and we print and ship premium quality to your door. Ideal for home décor or gifting.",flat_6x8-inch-150x200-mm_200-gsm-80lb-uncoated_4-0_hor,https://upload.wikimedia.org/wikipedia/commons/c/ca/1x1.png,Yes
Posters — ver,"Personalised posters from Pixora. Upload your photo, preview on a live product mockup, and we print and ship premium quality to your door. Ideal for home décor or gifting.",flat_6x8-inch-150x200-mm_200-gsm-80lb-uncoated_4-0_ver,https://upload.wikimedia.org/wikipedia/commons/c/ca/1x1.png,Yes
Posters — hor,"Personalised posters from Pixora. Upload your photo, preview on a live product mockup, and we print and ship premium quality to your door. Ideal for home décor or gifting.",flat_6x8-inch-150x200-mm_250-gsm-100lb-uncoated-offwhite-archival_4-0_hor,https://upload.wikimedia.org/wikipedia/commons/c/ca/1x1.png,Yes
Posters — ver,"Personalised posters from Pixora. Upload your photo, preview on a live product mockup, and we print and ship premium quality to your door. Ideal for home décor or gifting.",flat_6x8-inch-150x200-mm_250-gsm-100lb-uncoated-offwhite-archival_4-0_ver,https://upload.wikimedia.org/wikipedia/commons/c/ca/1x1.png,Yes
Posters — hor,"Personalised posters from Pixora. Upload your photo, preview on a live product mockup, and we print and ship premium quality to your door. Ideal for home décor or gifting.",flat_700x1000-mm-28x40-inch_170-gsm-65lb-coated-silk_4-0_hor,https://upload.wikimedia.org/wikipedia/commons/c/ca/1x1.png,Yes
Posters — ver,"Personalised posters from Pixora. Upload your photo, preview on a live product mockup, and we print and ship premium quality to your door. Ideal for home décor or gifting.",flat_700x1000-mm-28x40-inch_170-gsm-65lb-coated-silk_4-0_ver,https://upload.wikimedia.org/wikipedia/commons/c/ca/1x1.png,Yes
Posters — hor,"Personalised posters from Pixora. Upload your photo, preview on a live product mockup, and we print and ship premium quality to your door. Ideal for home décor or gifting.",flat_700x1000-mm-28x40-inch_170-gsm-65lb-uncoated_4-0_hor,https://upload.wikimedia.org/wikipedia/commons/c/ca/1x1.png,Yes
Posters — ver,"Personalised posters from Pixora. Upload your photo, preview on a live product mockup, and we print and ship premium quality to your door. Ideal for home décor or gifting.",flat_700x1000-mm-28x40-inch_170-gsm-65lb-uncoated_4-0_ver,https://upload.wikimedia.org/wikipedia/commons/c/ca/1x1.png,Yes
Posters — hor,"Personalised posters from Pixora. Upload your photo, preview on a live product mockup, and we print and ship premium quality to your door. Ideal for home décor or gifting.",flat_700x1000-mm-28x40-inch_200-gsm-80lb-coated-silk_4-0_hor,https://upload.wikimedia.org/wikipedia/commons/c/ca/1x1.png,Yes
Posters — ver,"Personalised posters from Pixora. Upload your photo, preview on a live product mockup, and we print and ship premium quality to your door. Ideal for home décor or gifting.",flat_700x1000-mm-28x40-inch_200-gsm-80lb-coated-silk_4-0_ver,https://upload.wikimedia.org/wikipedia/commons/c/ca/1x1.png,Yes
Posters — hor,"Personalised posters from Pixora. Upload your photo, preview on a live product mockup, and we print and ship premium quality to your door. Ideal for home décor or gifting.",flat_700x1000-mm-28x40-inch_200-gsm-80lb-uncoated_4-0_hor,https://upload.wikimedia.org/wikipedia/commons/c/ca/1x1.png,Yes
Posters — ver,"Personalised posters from Pixora. Upload your photo, preview on a live product mockup, and we print and ship premium quality to your door. Ideal for home décor or gifting.",flat_700x1000-mm-28x40-inch_200-gsm-80lb-uncoated_4-0_ver,https://upload.wikimedia.org/wikipedia/commons/c/ca/1x1.png,Yes
Posters — hor,"Personalised posters from Pixora. Upload your photo, preview on a live product mockup, and we print and ship premium quality to your door. Ideal for home décor or gifting.",flat_700x1000-mm-28x40-inch_250-gsm-100lb-uncoated-offwhite-archival_4-0_hor,https://upload.wikimedia.org/wikipedia/commons/c/ca/1x1.png,Yes
Posters — ver,"Personalised posters from Pixora. Upload your photo, preview on a live product mockup, and we print and ship premium quality to your door. Ideal for home décor or gifting.",flat_700x1000-mm-28x40-inch_250-gsm-100lb-uncoated-offwhite-archival_4-0_ver,https://upload.wikimedia.org/wikipedia/commons/c/ca/1x1.png,Yes
Posters — hor,"Personalised posters from Pixora. Upload your photo, preview on a live product mockup, and we print and ship premium quality to your door. Ideal for home décor or gifting.",flat_700x700-mm-28x28-inch_170-gsm-65lb-coated-silk_4-0_hor,https://upload.wikimedia.org/wikipedia/commons/c/ca/1x1.png,Yes
Posters — ver,"Personalised posters from Pixora. Upload your photo, preview on a live product mockup, and we print and ship premium quality to your door. Ideal for home décor or gifting.",flat_700x700-mm-28x28-inch_170-gsm-65lb-coated-silk_4-0_ver,https://upload.wikimedia.org/wikipedia/commons/c/ca/1x1.png,Yes
Posters — hor,"Personalised posters from Pixora. Upload your photo, preview on a live product mockup, and we print and ship premium quality to your door. Ideal for home décor or gifting.",flat_700x700-mm-28x28-inch_170-gsm-65lb-uncoated_4-0_hor,https://upload.wikimedia.org/wikipedia/commons/c/ca/1x1.png,Yes
Posters — ver,"Personalised posters from Pixora. Upload your photo, preview on a live product mockup, and we print and ship premium quality to your door. Ideal for home décor or gifting.",flat_700x700-mm-28x28-inch_170-gsm-65lb-uncoated_4-0_ver,https://upload.wikimedia.org/wikipedia/commons/c/ca/1x1.png,Yes
Posters — hor,"Personalised posters from Pixora. Upload your photo, preview on a live product mockup, and we print and ship premium quality to your door. Ideal for home décor or gifting.",flat_700x700-mm-28x28-inch_200-gsm-80lb-coated-silk_4-0_hor,https://upload.wikimedia.org/wikipedia/commons/c/ca/1x1.png,Yes
Posters — ver,"Personalised posters from Pixora. Upload your photo, preview on a live product mockup, and we print and ship premium quality to your door. Ideal for home décor or gifting.",flat_700x700-mm-28x28-inch_200-gsm-80lb-coated-silk_4-0_ver,https://upload.wikimedia.org/wikipedia/commons/c/ca/1x1.png,Yes
Posters — hor,"Personalised posters from Pixora. Upload your photo, preview on a live product mockup, and we print and ship premium quality to your door. Ideal for home décor or gifting.",flat_700x700-mm-28x28-inch_200-gsm-80lb-uncoated_4-0_hor,https://upload.wikimedia.org/wikipedia/commons/c/ca/1x1.png,Yes
Posters — ver,"Personalised posters from Pixora. Upload your photo, preview on a live product mockup, and we print and ship premium quality to your door. Ideal for home décor or gifting.",flat_700x700-mm-28x28-inch_200-gsm-80lb-uncoated_4-0_ver,https://upload.wikimedia.org/wikipedia/commons/c/ca/1x1.png,Yes
Posters — hor,"Personalised posters from Pixora. Upload your photo, preview on a live product mockup, and we print and ship premium quality to your door. Ideal for home décor or gifting.",flat_700x700-mm-28x28-inch_250-gsm-100lb-uncoated-offwhite-archival_4-0_hor,https://upload.wikimedia.org/wikipedia/commons/c/ca/1x1.png,Yes
Posters — ver,"Personalised posters from Pixora. Upload your photo, preview on a live product mockup, and we print and ship premium quality to your door. Ideal for home décor or gifting.",flat_700x700-mm-28x28-inch_250-gsm-100lb-uncoated-offwhite-archival_4-0_ver,https://upload.wikimedia.org/wikipedia/commons/c/ca/1x1.png,Yes
Posters — hor,"Personalised posters from Pixora. Upload your photo, preview on a live product mockup, and we print and ship premium quality to your door. Ideal for home décor or gifting.",flat_750x1000-mm-30x40-inch_170-gsm-65lb-coated-silk_4-0_hor,https://upload.wikimedia.org/wikipedia/commons/c/ca/1x1.png,Yes
Posters — ver,"Personalised posters from Pixora. Upload your photo, preview on a live product mockup, and we print and ship premium quality to your door. Ideal for home décor or gifting.",flat_750x1000-mm-30x40-inch_170-gsm-65lb-coated-silk_4-0_ver,https://upload.wikimedia.org/wikipedia/commons/c/ca/1x1.png,Yes
Posters — hor,"Personalised posters from Pixora. Upload your photo, preview on a live product mockup, and we print and ship premium quality to your door. Ideal for home décor or gifting.",flat_750x1000-mm-30x40-inch_170-gsm-65lb-uncoated_4-0_hor,https://upload.wikimedia.org/wikipedia/commons/c/ca/1x1.png,Yes
Posters — ver,"Personalised posters from Pixora. Upload your photo, preview on a live product mockup, and we print and ship premium quality to your door. Ideal for home décor or gifting.",flat_750x1000-mm-30x40-inch_170-gsm-65lb-uncoated_4-0_ver,https://upload.wikimedia.org/wikipedia/commons/c/ca/1x1.png,Yes
Posters — hor,"Personalised posters from Pixora. Upload your photo, preview on a live product mockup, and we print and ship premium quality to your door. Ideal for home décor or gifting.",flat_750x1000-mm-30x40-inch_200-gsm-80lb-coated-silk_4-0_hor,https://upload.wikimedia.org/wikipedia/commons/c/ca/1x1.png,Yes
Posters — ver,"Personalised posters from Pixora. Upload your photo, preview on a live product mockup, and we print and ship premium quality to your door. Ideal for home décor or gifting.",flat_750x1000-mm-30x40-inch_200-gsm-80lb-coated-silk_4-0_ver,https://upload.wikimedia.org/wikipedia/commons/c/ca/1x1.png,Yes
Posters — hor,"Personalised posters from Pixora. Upload your photo, preview on a live product mockup, and we print and ship premium quality to your door. Ideal for home décor or gifting.",flat_750x1000-mm-30x40-inch_200-gsm-80lb-uncoated_4-0_hor,https://upload.wikimedia.org/wikipedia/commons/c/ca/1x1.png,Yes
Posters — ver,"Personalised posters from Pixora. Upload your photo, preview on a live product mockup, and we print and ship premium quality to your door. Ideal for home décor or gifting.",flat_750x1000-mm-30x40-inch_200-gsm-80lb-uncoated_4-0_ver,https://upload.wikimedia.org/wikipedia/commons/c/ca/1x1.png,Yes
Posters — hor,"Personalised posters from Pixora. Upload your photo, preview on a live product mockup, and we print and ship premium quality to your door. Ideal for home décor or gifting.",flat_750x1000-mm-30x40-inch_250-gsm-100lb-uncoated-offwhite-archival_4-0_hor,https://upload.wikimedia.org/wikipedia/commons/c/ca/1x1.png,Yes
Posters — ver,"Personalised posters from Pixora. Upload your photo, preview on a live product mockup, and we print and ship premium quality to your door. Ideal for home décor or gifting.",flat_750x1000-mm-30x40-inch_250-gsm-100lb-uncoated-offwhite-archival_4-0_ver,https://upload.wikimedia.org/wikipedia/commons/c/ca/1x1.png,Yes
Posters — hor,"Personalised posters from Pixora. Upload your photo, preview on a live product mockup, and we print and ship premium quality to your door. Ideal for home décor or gifting.",flat_800x1200-mm-32x48-inch_250-gsm-100lb-uncoated-offwhite-archival_4-0_hor,https://upload.wikimedia.org/wikipedia/commons/c/ca/1x1.png,Yes
Posters — ver,"Personalised posters from Pixora. Upload your photo, preview on a live product mockup, and we print and ship premium quality to your door. Ideal for home décor or gifting.",flat_800x1200-mm-32x48-inch_250-gsm-100lb-uncoated-offwhite-archival_4-0_ver,https://upload.wikimedia.org/wikipedia/commons/c/ca/1x1.png,Yes
Posters — hor,"Personalised posters from Pixora. Upload your photo, preview on a live product mockup, and we print and ship premium quality to your door. Ideal for home décor or gifting.",flat_8x10-inch-200x250-mm_170-gsm-65lb-coated-silk_4-0_hor,https://upload.wikimedia.org/wikipedia/commons/c/ca/1x1.png,Yes
Posters — ver,"Personalised posters from Pixora. Upload your photo, preview on a live product mockup, and we print and ship premium quality to your door. Ideal for home décor or gifting.",flat_8x10-inch-200x250-mm_170-gsm-65lb-coated-silk_4-0_ver,https://upload.wikimedia.org/wikipedia/commons/c/ca/1x1.png,Yes
Posters — hor,"Personalised posters from Pixora. Upload your photo, preview on a live product mockup, and we print and ship premium quality to your door. Ideal for home décor or gifting.",flat_8x10-inch-200x250-mm_170-gsm-65lb-uncoated_4-0_hor,https://upload.wikimedia.org/wikipedia/commons/c/ca/1x1.png,Yes
Posters — ver,"Personalised posters from Pixora. Upload your photo, preview on a live product mockup, and we print and ship premium quality to your door. Ideal for home décor or gifting.",flat_8x10-inch-200x250-mm_170-gsm-65lb-uncoated_4-0_ver,https://upload.wikimedia.org/wikipedia/commons/c/ca/1x1.png,Yes
Posters — hor,"Personalised posters from Pixora. Upload your photo, preview on a live product mockup, and we print and ship premium quality to your door. Ideal for home décor or gifting.",flat_8x10-inch-200x250-mm_200-gsm-80lb-coated-silk_4-0_hor,https://upload.wikimedia.org/wikipedia/commons/c/ca/1x1.png,Yes
Posters — ver,"Personalised posters from Pixora. Upload your photo, preview on a live product mockup, and we print and ship premium quality to your door. Ideal for home décor or gifting.",flat_8x10-inch-200x250-mm_200-gsm-80lb-coated-silk_4-0_ver,https://upload.wikimedia.org/wikipedia/commons/c/ca/1x1.png,Yes
Posters — hor,"Personalised posters from Pixora. Upload your photo, preview on a live product mockup, and we print and ship premium quality to your door. Ideal for home décor or gifting.",flat_8x10-inch-200x250-mm_200-gsm-80lb-uncoated_4-0_hor,https://upload.wikimedia.org/wikipedia/commons/c/ca/1x1.png,Yes
Posters — ver,"Personalised posters from Pixora. Upload your photo, preview on a live product mockup, and we print and ship premium quality to your door. Ideal for home décor or gifting.",flat_8x10-inch-200x250-mm_200-gsm-80lb-uncoated_4-0_ver,https://upload.wikimedia.org/wikipedia/commons/c/ca/1x1.png,Yes
Posters — hor,"Personalised posters from Pixora. Upload your photo, preview on a live product mockup, and we print and ship premium quality to your door. Ideal for home décor or gifting.",flat_8x10-inch-200x250-mm_250-gsm-100lb-uncoated-offwhite-archival_4-0_hor,https://upload.wikimedia.org/wikipedia/commons/c/ca/1x1.png,Yes
Posters — ver,"Personalised posters from Pixora. Upload your photo, preview on a live product mockup, and we print and ship premium quality to your door. Ideal for home décor or gifting.",flat_8x10-inch-200x250-mm_250-gsm-100lb-uncoated-offwhite-archival_4-0_ver,https://upload.wikimedia.org/wikipedia/commons/c/ca/1x1.png,Yes
Posters — hor,"Personalised posters from Pixora. Upload your photo, preview on a live product mockup, and we print and ship premium quality to your door. Ideal for home décor or gifting.",flat_8x12-inch-a4_170-gsm-65lb-coated-silk_4-0_hor,https://upload.wikimedia.org/wikipedia/commons/c/ca/1x1.png,Yes
Posters — ver,"Personalised posters from Pixora. Upload your photo, preview on a live product mockup, and we print and ship premium quality to your door. Ideal for home décor or gifting.",flat_8x12-inch-a4_170-gsm-65lb-coated-silk_4-0_ver,https://upload.wikimedia.org/wikipedia/commons/c/ca/1x1.png,Yes
Posters — hor,"Personalised posters from Pixora. Upload your photo, preview on a live product mockup, and we print and ship premium quality to your door. Ideal for home décor or gifting.",flat_8x12-inch-a4_170-gsm-65lb-uncoated_4-0_hor,https://upload.wikimedia.org/wikipedia/commons/c/ca/1x1.png,Yes
Posters — ver,"Personalised posters from Pixora. Upload your photo, preview on a live product mockup, and we print and ship premium quality to your door. Ideal for home décor or gifting.",flat_8x12-inch-a4_170-gsm-65lb-uncoated_4-0_ver,https://upload.wikimedia.org/wikipedia/commons/c/ca/1x1.png,Yes
Posters — hor,"Personalised posters from Pixora. Upload your photo, preview on a live product mockup, and we print and ship premium quality to your door. Ideal for home décor or gifting.",flat_8x12-inch-a4_200-gsm-80lb-coated-silk_4-0_hor,https://upload.wikimedia.org/wikipedia/commons/c/ca/1x1.png,Yes
Posters — ver,"Personalised posters from Pixora. Upload your photo, preview on a live product mockup, and we print and ship premium quality to your door. Ideal for home décor or gifting.",flat_8x12-inch-a4_200-gsm-80lb-coated-silk_4-0_ver,https://upload.wikimedia.org/wikipedia/commons/c/ca/1x1.png,Yes
Posters — hor,"Personalised posters from Pixora. Upload your photo, preview on a live product mockup, and we print and ship premium quality to your door. Ideal for home décor or gifting.",flat_8x12-inch-a4_200-gsm-80lb-uncoated_4-0_hor,https://upload.wikimedia.org/wikipedia/commons/c/ca/1x1.png,Yes
Posters — ver,"Personalised posters from Pixora. Upload your photo, preview on a live product mockup, and we print and ship premium quality to your door. Ideal for home décor or gifting.",flat_8x12-inch-a4_200-gsm-80lb-uncoated_4-0_ver,https://upload.wikimedia.org/wikipedia/commons/c/ca/1x1.png,Yes
Posters — hor,"Personalised posters from Pixora. Upload your photo, preview on a live product mockup, and we print and ship premium quality to your door. Ideal for home décor or gifting.",flat_8x12-inch-a4_250-gsm-100lb-uncoated-offwhite-archival_4-0_hor,https://upload.wikimedia.org/wikipedia/commons/c/ca/1x1.png,Yes
Posters — ver,"Personalised posters from Pixora. Upload your photo, preview on a live product mockup, and we print and ship premium quality to your door. Ideal for home décor or gifting.",flat_8x12-inch-a4_250-gsm-100lb-uncoated-offwhite-archival_4-0_ver,https://upload.wikimedia.org/wikipedia/commons/c/ca/1x1.png,Yes
Posters — hor,"Personalised posters from Pixora. Upload your photo, preview on a live product mockup, and we print and ship premium quality to your door. Ideal for home décor or gifting.",flat_8x20-inch-200x500-mm_170-gsm-65lb-coated-silk_4-0_hor,https://upload.wikimedia.org/wikipedia/commons/c/ca/1x1.png,Yes
Posters — ver,"Personalised posters from Pixora. Upload your photo, preview on a live product mockup, and we print and ship premium quality to your door. Ideal for home décor or gifting.",flat_8x20-inch-200x500-mm_170-gsm-65lb-coated-silk_4-0_ver,https://upload.wikimedia.org/wikipedia/commons/c/ca/1x1.png,Yes
Posters — hor,"Personalised posters from Pixora. Upload your photo, preview on a live product mockup, and we print and ship premium quality to your door. Ideal for home décor or gifting.",flat_8x20-inch-200x500-mm_170-gsm-65lb-uncoated_4-0_hor,https://upload.wikimedia.org/wikipedia/commons/c/ca/1x1.png,Yes
Posters — ver,"Personalised posters from Pixora. Upload your photo, preview on a live product mockup, and we print and ship premium quality to your door. Ideal for home décor or gifting.",flat_8x20-inch-200x500-mm_170-gsm-65lb-uncoated_4-0_ver,https://upload.wikimedia.org/wikipedia/commons/c/ca/1x1.png,Yes
Posters — hor,"Personalised posters from Pixora. Upload your photo, preview on a live product mockup, and we print and ship premium quality to your door. Ideal for home décor or gifting.",flat_8x20-inch-200x500-mm_200-gsm-80lb-coated-silk_4-0_hor,https://upload.wikimedia.org/wikipedia/commons/c/ca/1x1.png,Yes
Posters — ver,"Personalised posters from Pixora. Upload your photo, preview on a live product mockup, and we print and ship premium quality to your door. Ideal for home décor or gifting.",flat_8x20-inch-200x500-mm_200-gsm-80lb-coated-silk_4-0_ver,https://upload.wikimedia.org/wikipedia/commons/c/ca/1x1.png,Yes
Posters — hor,"Personalised posters from Pixora. Upload your photo, preview on a live product mockup, and we print and ship premium quality to your door. Ideal for home décor or gifting.",flat_8x20-inch-200x500-mm_200-gsm-80lb-uncoated_4-0_hor,https://upload.wikimedia.org/wikipedia/commons/c/ca/1x1.png,Yes
Posters — ver,"Personalised posters from Pixora. Upload your photo, preview on a live product mockup, and we print and ship premium quality to your door. Ideal for home décor or gifting.",flat_8x20-inch-200x500-mm_200-gsm-80lb-uncoated_4-0_ver,https://upload.wikimedia.org/wikipedia/commons/c/ca/1x1.png,Yes
Posters — hor,"Personalised posters from Pixora. Upload your photo, preview on a live product mockup, and we print and ship premium quality to your door. Ideal for home décor or gifting.",flat_8x20-inch-200x500-mm_250-gsm-100lb-uncoated-offwhite-archival_4-0_hor,https://upload.wikimedia.org/wikipedia/commons/c/ca/1x1.png,Yes
Posters — ver,"Personalised posters from Pixora. Upload your photo, preview on a live product mockup, and we print and ship premium quality to your door. Ideal for home décor or gifting.",flat_8x20-inch-200x500-mm_250-gsm-100lb-uncoated-offwhite-archival_4-0_ver,https://upload.wikimedia.org/wikipedia/commons/c/ca/1x1.png,Yes
Posters — hor,"Personalised posters from Pixora. Upload your photo, preview on a live product mockup, and we print and ship premium quality to your door. Ideal for home décor or gifting.",flat_a0_170-gsm-65lb-coated-silk_4-0_hor,https://upload.wikimedia.org/wikipedia/commons/c/ca/1x1.png,Yes
Posters — ver,"Personalised posters from Pixora. Upload your photo, preview on a live product mockup, and we print and ship premium quality to your door. Ideal for home décor or gifting.",flat_a0_170-gsm-65lb-coated-silk_4-0_ver,https://upload.wikimedia.org/wikipedia/commons/c/ca/1x1.png,Yes
Posters — hor,"Personalised posters from Pixora. Upload your photo, preview on a live product mockup, and we print and ship premium quality to your door. Ideal for home décor or gifting.",flat_a0_170-gsm-65lb-uncoated_4-0_hor,https://upload.wikimedia.org/wikipedia/commons/c/ca/1x1.png,Yes
Posters — ver,"Personalised posters from Pixora. Upload your photo, preview on a live product mockup, and we print and ship premium quality to your door. Ideal for home décor or gifting.",flat_a0_170-gsm-65lb-uncoated_4-0_ver,https://upload.wikimedia.org/wikipedia/commons/c/ca/1x1.png,Yes
Posters — hor,"Personalised posters from Pixora. Upload your photo, preview on a live product mockup, and we print and ship premium quality to your door. Ideal for home décor or gifting.",flat_a0_200-gsm-80lb-coated-silk_4-0_hor,https://upload.wikimedia.org/wikipedia/commons/c/ca/1x1.png,Yes
Posters — ver,"Personalised posters from Pixora. Upload your photo, preview on a live product mockup, and we print and ship premium quality to your door. Ideal for home décor or gifting.",flat_a0_200-gsm-80lb-coated-silk_4-0_ver,https://upload.wikimedia.org/wikipedia/commons/c/ca/1x1.png,Yes
Posters — hor,"Personalised posters from Pixora. Upload your photo, preview on a live product mockup, and we print and ship premium quality to your door. Ideal for home décor or gifting.",flat_a0_200-gsm-80lb-uncoated_4-0_hor,https://upload.wikimedia.org/wikipedia/commons/c/ca/1x1.png,Yes
Posters — ver,"Personalised posters from Pixora. Upload your photo, preview on a live product mockup, and we print and ship premium quality to your door. Ideal for home décor or gifting.",flat_a0_200-gsm-80lb-uncoated_4-0_ver,https://upload.wikimedia.org/wikipedia/commons/c/ca/1x1.png,Yes
Posters — hor,"Personalised posters from Pixora. Upload your photo, preview on a live product mockup, and we print and ship premium quality to your door. Ideal for home décor or gifting.",flat_a0_250-gsm-100lb-uncoated-offwhite-archival_4-0_hor,https://upload.wikimedia.org/wikipedia/commons/c/ca/1x1.png,Yes
Posters — ver,"Personalised posters from Pixora. Upload your photo, preview on a live product mockup, and we print and ship premium quality to your door. Ideal for home décor or gifting.",flat_a0_250-gsm-100lb-uncoated-offwhite-archival_4-0_ver,https://upload.wikimedia.org/wikipedia/commons/c/ca/1x1.png,Yes
Posters — hor,"Personalised posters from Pixora. Upload your photo, preview on a live product mockup, and we print and ship premium quality to your door. Ideal for home décor or gifting.",flat_a1_170-gsm-65lb-coated-silk_4-0_hor,https://upload.wikimedia.org/wikipedia/commons/c/ca/1x1.png,Yes
Posters — ver,"Personalised posters from Pixora. Upload your photo, preview on a live product mockup, and we print and ship premium quality to your door. Ideal for home décor or gifting.",flat_a1_170-gsm-65lb-coated-silk_4-0_ver,https://upload.wikimedia.org/wikipedia/commons/c/ca/1x1.png,Yes
Posters — hor,"Personalised posters from Pixora. Upload your photo, preview on a live product mockup, and we print and ship premium quality to your door. Ideal for home décor or gifting.",flat_a1_170-gsm-65lb-uncoated_4-0_hor,https://upload.wikimedia.org/wikipedia/commons/c/ca/1x1.png,Yes
Posters — ver,"Personalised posters from Pixora. Upload your photo, preview on a live product mockup, and we print and ship premium quality to your door. Ideal for home décor or gifting.",flat_a1_170-gsm-65lb-uncoated_4-0_ver,https://upload.wikimedia.org/wikipedia/commons/c/ca/1x1.png,Yes
Posters — hor,"Personalised posters from Pixora. Upload your photo, preview on a live product mockup, and we print and ship premium quality to your door. Ideal for home décor or gifting.",flat_a1_200-gsm-80lb-coated-silk_4-0_hor,https://upload.wikimedia.org/wikipedia/commons/c/ca/1x1.png,Yes
Posters — ver,"Personalised posters from Pixora. Upload your photo, preview on a live product mockup, and we print and ship premium quality to your door. Ideal for home décor or gifting.",flat_a1_200-gsm-80lb-coated-silk_4-0_ver,https://upload.wikimedia.org/wikipedia/commons/c/ca/1x1.png,Yes
Posters — hor,"Personalised posters from Pixora. Upload your photo, preview on a live product mockup, and we print and ship premium quality to your door. Ideal for home décor or gifting.",flat_a1_200-gsm-80lb-uncoated_4-0_hor,https://upload.wikimedia.org/wikipedia/commons/c/ca/1x1.png,Yes
Posters — ver,"Personalised posters from Pixora. Upload your photo, preview on a live product mockup, and we print and ship premium quality to your door. Ideal for home décor or gifting.",flat_a1_200-gsm-80lb-uncoated_4-0_ver,https://upload.wikimedia.org/wikipedia/commons/c/ca/1x1.png,Yes
Posters — hor,"Personalised posters from Pixora. Upload your photo, preview on a live product mockup, and we print and ship premium quality to your door. Ideal for home décor or gifting.",flat_a1_250-gsm-100lb-uncoated-offwhite-archival_4-0_hor,https://upload.wikimedia.org/wikipedia/commons/c/ca/1x1.png,Yes
Posters — ver,"Personalised posters from Pixora. Upload your photo, preview on a live product mockup, and we print and ship premium quality to your door. Ideal for home décor or gifting.",flat_a1_250-gsm-100lb-uncoated-offwhite-archival_4-0_ver,https://upload.wikimedia.org/wikipedia/commons/c/ca/1x1.png,Yes
Posters — hor,"Personalised posters from Pixora. Upload your photo, preview on a live product mockup, and we print and ship premium quality to your door. Ideal for home décor or gifting.",flat_a2_170-gsm-65lb-coated-silk_4-0_hor,https://upload.wikimedia.org/wikipedia/commons/c/ca/1x1.png,Yes
Posters — ver,"Personalised posters from Pixora. Upload your photo, preview on a live product mockup, and we print and ship premium quality to your door. Ideal for home décor or gifting.",flat_a2_170-gsm-65lb-coated-silk_4-0_ver,https://upload.wikimedia.org/wikipedia/commons/c/ca/1x1.png,Yes
Posters — hor,"Personalised posters from Pixora. Upload your photo, preview on a live product mockup, and we print and ship premium quality to your door. Ideal for home décor or gifting.",flat_a2_170-gsm-65lb-uncoated_4-0_hor,https://upload.wikimedia.org/wikipedia/commons/c/ca/1x1.png,Yes
Posters — ver,"Personalised posters from Pixora. Upload your photo, preview on a live product mockup, and we print and ship premium quality to your door. Ideal for home décor or gifting.",flat_a2_170-gsm-65lb-uncoated_4-0_ver,https://upload.wikimedia.org/wikipedia/commons/c/ca/1x1.png,Yes
Posters — hor,"Personalised posters from Pixora. Upload your photo, preview on a live product mockup, and we print and ship premium quality to your door. Ideal for home décor or gifting.",flat_a2_200-gsm-80lb-coated-silk_4-0_hor,https://upload.wikimedia.org/wikipedia/commons/c/ca/1x1.png,Yes
Posters — ver,"Personalised posters from Pixora. Upload your photo, preview on a live product mockup, and we print and ship premium quality to your door. Ideal for home décor or gifting.",flat_a2_200-gsm-80lb-coated-silk_4-0_ver,https://upload.wikimedia.org/wikipedia/commons/c/ca/1x1.png,Yes
Posters — hor,"Personalised posters from Pixora. Upload your photo, preview on a live product mockup, and we print and ship premium quality to your door. Ideal for home décor or gifting.",flat_a2_200-gsm-80lb-uncoated_4-0_hor,https://upload.wikimedia.org/wikipedia/commons/c/ca/1x1.png,Yes
Posters — ver,"Personalised posters from Pixora. Upload your photo, preview on a live product mockup, and we print and ship premium quality to your door. Ideal for home décor or gifting.",flat_a2_200-gsm-80lb-uncoated_4-0_ver,https://upload.wikimedia.org/wikipedia/commons/c/ca/1x1.png,Yes
Posters — hor,"Personalised posters from Pixora. Upload your photo, preview on a live product mockup, and we print and ship premium quality to your door. Ideal for home décor or gifting.",flat_a2_250-gsm-100lb-uncoated-offwhite-archival_4-0_hor,https://upload.wikimedia.org/wikipedia/commons/c/ca/1x1.png,Yes
Posters — ver,"Personalised posters from Pixora. Upload your photo, preview on a live product mockup, and we print and ship premium quality to your door. Ideal for home décor or gifting.",flat_a2_250-gsm-100lb-uncoated-offwhite-archival_4-0_ver,https://upload.wikimedia.org/wikipedia/commons/c/ca/1x1.png,Yes
Posters — hor,"Personalised posters from Pixora. Upload your photo, preview on a live product mockup, and we print and ship premium quality to your door. Ideal for home décor or gifting.",flat_a3_170-gsm-65lb-coated-silk_4-0_hor,https://upload.wikimedia.org/wikipedia/commons/c/ca/1x1.png,Yes
Posters — ver,"Personalised posters from Pixora. Upload your photo, preview on a live product mockup, and we print and ship premium quality to your door. Ideal for home décor or gifting.",flat_a3_170-gsm-65lb-coated-silk_4-0_ver,https://upload.wikimedia.org/wikipedia/commons/c/ca/1x1.png,Yes
Posters — hor,"Personalised posters from Pixora. Upload your photo, preview on a live product mockup, and we print and ship premium quality to your door. Ideal for home décor or gifting.",flat_a3_170-gsm-65lb-uncoated_4-0_hor,https://upload.wikimedia.org/wikipedia/commons/c/ca/1x1.png,Yes
Posters — ver,"Personalised posters from Pixora. Upload your photo, preview on a live product mockup, and we print and ship premium quality to your door. Ideal for home décor or gifting.",flat_a3_170-gsm-65lb-uncoated_4-0_ver,https://upload.wikimedia.org/wikipedia/commons/c/ca/1x1.png,Yes
Posters — hor,"Personalised posters from Pixora. Upload your photo, preview on a live product mockup, and we print and ship premium quality to your door. Ideal for home décor or gifting.",flat_a3_200-gsm-80lb-coated-silk_4-0_hor,https://upload.wikimedia.org/wikipedia/commons/c/ca/1x1.png,Yes
Posters — ver,"Personalised posters from Pixora. Upload your photo, preview on a live product mockup, and we print and ship premium quality to your door. Ideal for home décor or gifting.",flat_a3_200-gsm-80lb-coated-silk_4-0_ver,https://upload.wikimedia.org/wikipedia/commons/c/ca/1x1.png,Yes
Posters — hor,"Personalised posters from Pixora. Upload your photo, preview on a live product mockup, and we print and ship premium quality to your door. Ideal for home décor or gifting.",flat_a3_200-gsm-80lb-uncoated_4-0_hor,https://upload.wikimedia.org/wikipedia/commons/c/ca/1x1.png,Yes
Posters — ver,"Personalised posters from Pixora. Upload your photo, preview on a live product mockup, and we print and ship premium quality to your door. Ideal for home décor or gifting.",flat_a3_200-gsm-80lb-uncoated_4-0_ver,https://upload.wikimedia.org/wikipedia/commons/c/ca/1x1.png,Yes
Posters — hor,"Personalised posters from Pixora. Upload your photo, preview on a live product mockup, and we print and ship premium quality to your door. Ideal for home décor or gifting.",flat_a3_250-gsm-100lb-uncoated-offwhite-archival_4-0_hor,https://upload.wikimedia.org/wikipedia/commons/c/ca/1x1.png,Yes
Posters — ver,"Personalised posters from Pixora. Upload your photo, preview on a live product mockup, and we print and ship premium quality to your door. Ideal for home décor or gifting.",flat_a3_250-gsm-100lb-uncoated-offwhite-archival_4-0_ver,https://upload.wikimedia.org/wikipedia/commons/c/ca/1x1.png,Yes
Posters — hor,"Personalised posters from Pixora. Upload your photo, preview on a live product mockup, and we print and ship premium quality to your door. Ideal for home décor or gifting.",flat_a4-8x12-inch_170-gsm-65lb-coated-silk_4-0_hor,https://upload.wikimedia.org/wikipedia/commons/c/ca/1x1.png,Yes
Posters — ver,"Personalised posters from Pixora. Upload your photo, preview on a live product mockup, and we print and ship premium quality to your door. Ideal for home décor or gifting.",flat_a4-8x12-inch_170-gsm-65lb-coated-silk_4-0_ver,https://upload.wikimedia.org/wikipedia/commons/c/ca/1x1.png,Yes
Posters — hor,"Personalised posters from Pixora. Upload your photo, preview on a live product mockup, and we print and ship premium quality to your door. Ideal for home décor or gifting.",flat_a4-8x12-inch_170-gsm-65lb-uncoated_4-0_hor,https://upload.wikimedia.org/wikipedia/commons/c/ca/1x1.png,Yes
Posters — ver,"Personalised posters from Pixora. Upload your photo, preview on a live product mockup, and we print and ship premium quality to your door. Ideal for home décor or gifting.",flat_a4-8x12-inch_170-gsm-65lb-uncoated_4-0_ver,https://upload.wikimedia.org/wikipedia/commons/c/ca/1x1.png,Yes
Posters — hor,"Personalised posters from Pixora. Upload your photo, preview on a live product mockup, and we print and ship premium quality to your door. Ideal for home décor or gifting.",flat_a4-8x12-inch_200-gsm-80lb-coated-silk_4-0_hor,https://upload.wikimedia.org/wikipedia/commons/c/ca/1x1.png,Yes
Posters — ver,"Personalised posters from Pixora. Upload your photo, preview on a live product mockup, and we print and ship premium quality to your door. Ideal for home décor or gifting.",flat_a4-8x12-inch_200-gsm-80lb-coated-silk_4-0_ver,https://upload.wikimedia.org/wikipedia/commons/c/ca/1x1.png,Yes
Posters — hor,"Personalised posters from Pixora. Upload your photo, preview on a live product mockup, and we print and ship premium quality to your door. Ideal for home décor or gifting.",flat_a4-8x12-inch_200-gsm-80lb-uncoated_4-0_hor,https://upload.wikimedia.org/wikipedia/commons/c/ca/1x1.png,Yes
Posters — ver,"Personalised posters from Pixora. Upload your photo, preview on a live product mockup, and we print and ship premium quality to your door. Ideal for home décor or gifting.",flat_a4-8x12-inch_200-gsm-80lb-uncoated_4-0_ver,https://upload.wikimedia.org/wikipedia/commons/c/ca/1x1.png,Yes
Posters — hor,"Personalised posters from Pixora. Upload your photo, preview on a live product mockup, and we print and ship premium quality to your door. Ideal for home décor or gifting.",flat_a4-8x12-inch_250-gsm-100lb-uncoated-offwhite-archival_4-0_hor,https://upload.wikimedia.org/wikipedia/commons/c/ca/1x1.png,Yes
Posters — ver,"Personalised posters from Pixora. Upload your photo, preview on a live product mockup, and we print and ship premium quality to your door. Ideal for home décor or gifting.",flat_a4-8x12-inch_250-gsm-100lb-uncoated-offwhite-archival_4-0_ver,https://upload.wikimedia.org/wikipedia/commons/c/ca/1x1.png,Yes
Posters — 10x10-inch — hor,"Personalised posters from Pixora. Upload your photo, preview on a live product mockup, and we print and ship premium quality to your door. Ideal for home décor or gifting.",flat_product_pf_10x10-inch_pt_100-lb-cover-uncoated-offwhite-archival_cl_4-0_ct_none_prt_none_sft_none_set_none_hor,https://upload.wikimedia.org/wikipedia/commons/c/ca/1x1.png,Yes
Posters — 10x10-inch — ver,"Personalised posters from Pixora. Upload your photo, preview on a live product mockup, and we print and ship premium quality to your door. Ideal for home décor or gifting.",flat_product_pf_10x10-inch_pt_100-lb-cover-uncoated-offwhite-archival_cl_4-0_ct_none_prt_none_sft_none_set_none_ver,https://upload.wikimedia.org/wikipedia/commons/c/ca/1x1.png,Yes
Posters — 10x10-inch — hor,"Personalised posters from Pixora. Upload your photo, preview on a live product mockup, and we print and ship premium quality to your door. Ideal for home décor or gifting.",flat_product_pf_10x10-inch_pt_170-gsm-coated-silk_cl_4-0_ct_none_prt_none_sft_none_set_none_hor,https://upload.wikimedia.org/wikipedia/commons/c/ca/1x1.png,Yes
Posters — 10x10-inch — ver,"Personalised posters from Pixora. Upload your photo, preview on a live product mockup, and we print and ship premium quality to your door. Ideal for home décor or gifting.",flat_product_pf_10x10-inch_pt_170-gsm-coated-silk_cl_4-0_ct_none_prt_none_sft_none_set_none_ver,https://upload.wikimedia.org/wikipedia/commons/c/ca/1x1.png,Yes
Posters — 10x10-inch — hor,"Personalised posters from Pixora. Upload your photo, preview on a live product mockup, and we print and ship premium quality to your door. Ideal for home décor or gifting.",flat_product_pf_10x10-inch_pt_170-gsm-uncoated_cl_4-0_ct_none_prt_none_sft_none_set_none_hor,https://upload.wikimedia.org/wikipedia/commons/c/ca/1x1.png,Yes
Posters — 10x10-inch — ver,"Personalised posters from Pixora. Upload your photo, preview on a live product mockup, and we print and ship premium quality to your door. Ideal for home décor or gifting.",flat_product_pf_10x10-inch_pt_170-gsm-uncoated_cl_4-0_ct_none_prt_none_sft_none_set_none_ver,https://upload.wikimedia.org/wikipedia/commons/c/ca/1x1.png,Yes
Posters — 10x10-inch — hor,"Personalised posters from Pixora. Upload your photo, preview on a live product mockup, and we print and ship premium quality to your door. Ideal for home décor or gifting.",flat_product_pf_10x10-inch_pt_200-gsm-coated-silk_cl_4-0_ct_none_prt_none_sft_none_set_none_hor,https://upload.wikimedia.org/wikipedia/commons/c/ca/1x1.png,Yes
Posters — 10x10-inch — ver,"Personalised posters from Pixora. Upload your photo, preview on a live product mockup, and we print and ship premium quality to your door. Ideal for home décor or gifting.",flat_product_pf_10x10-inch_pt_200-gsm-coated-silk_cl_4-0_ct_none_prt_none_sft_none_set_none_ver,https://upload.wikimedia.org/wikipedia/commons/c/ca/1x1.png,Yes
Posters — 10x10-inch — hor,"Personalised posters from Pixora. Upload your photo, preview on a live product mockup, and we print and ship premium quality to your door. Ideal for home décor or gifting.",flat_product_pf_10x10-inch_pt_200-gsm-uncoated_cl_4-0_ct_none_prt_none_sft_none_set_none_hor,https://upload.wikimedia.org/wikipedia/commons/c/ca/1x1.png,Yes
Posters — 10x10-inch — ver,"Personalised posters from Pixora. Upload your photo, preview on a live product mockup, and we print and ship premium quality to your door. Ideal for home décor or gifting.",flat_product_pf_10x10-inch_pt_200-gsm-uncoated_cl_4-0_ct_none_prt_none_sft_none_set_none_ver,https://upload.wikimedia.org/wikipedia/commons/c/ca/1x1.png,Yes
Posters — 10x10-inch — hor,"Personalised posters from Pixora. Upload your photo, preview on a live product mockup, and we print and ship premium quality to your door. Ideal for home décor or gifting.",flat_product_pf_10x10-inch_pt_65-lb-cover-coated-silk_cl_4-0_ct_none_prt_none_sft_none_set_none_hor,https://upload.wikimedia.org/wikipedia/commons/c/ca/1x1.png,Yes
Posters — 10x10-inch — ver,"Personalised posters from Pixora. Upload your photo, preview on a live product mockup, and we print and ship premium quality to your door. Ideal for home décor or gifting.",flat_product_pf_10x10-inch_pt_65-lb-cover-coated-silk_cl_4-0_ct_none_prt_none_sft_none_set_none_ver,https://upload.wikimedia.org/wikipedia/commons/c/ca/1x1.png,Yes
Posters — 10x10-inch — hor,"Personalised posters from Pixora. Upload your photo, preview on a live product mockup, and we print and ship premium quality to your door. Ideal for home décor or gifting.",flat_product_pf_10x10-inch_pt_65-lb-cover-uncoated_cl_4-0_ct_none_prt_none_sft_none_set_none_hor,https://upload.wikimedia.org/wikipedia/commons/c/ca/1x1.png,Yes
Posters — 10x10-inch — ver,"Personalised posters from Pixora. Upload your photo, preview on a live product mockup, and we print and ship premium quality to your door. Ideal for home décor or gifting.",flat_product_pf_10x10-inch_pt_65-lb-cover-uncoated_cl_4-0_ct_none_prt_none_sft_none_set_none_ver,https://upload.wikimedia.org/wikipedia/commons/c/ca/1x1.png,Yes
Posters — 10x10-inch — hor,"Personalised posters from Pixora. Upload your photo, preview on a live product mockup, and we print and ship premium quality to your door. Ideal for home décor or gifting.",flat_product_pf_10x10-inch_pt_80-lb-cover-coated-silk_cl_4-0_ct_none_prt_none_sft_none_set_none_hor,https://upload.wikimedia.org/wikipedia/commons/c/ca/1x1.png,Yes
Posters — 10x10-inch — ver,"Personalised posters from Pixora. Upload your photo, preview on a live product mockup, and we print and ship premium quality to your door. Ideal for home décor or gifting.",flat_product_pf_10x10-inch_pt_80-lb-cover-coated-silk_cl_4-0_ct_none_prt_none_sft_none_set_none_ver,https://upload.wikimedia.org/wikipedia/commons/c/ca/1x1.png,Yes
Posters — 10x10-inch — hor,"Personalised posters from Pixora. Upload your photo, preview on a live product mockup, and we print and ship premium quality to your door. Ideal for home décor or gifting.",flat_product_pf_10x10-inch_pt_80-lb-cover-uncoated_cl_4-0_ct_none_prt_none_sft_none_set_none_hor,https://upload.wikimedia.org/wikipedia/commons/c/ca/1x1.png,Yes
Posters — 10x10-inch — ver,"Personalised posters from Pixora. Upload your photo, preview on a live product mockup, and we print and ship premium quality to your door. Ideal for home décor or gifting.",flat_product_pf_10x10-inch_pt_80-lb-cover-uncoated_cl_4-0_ct_none_prt_none_sft_none_set_none_ver,https://upload.wikimedia.org/wikipedia/commons/c/ca/1x1.png,Yes
Posters — 11x14-inch — hor,"Personalised posters from Pixora. Upload your photo, preview on a live product mockup, and we print and ship premium quality to your door. Ideal for home décor or gifting.",flat_product_pf_11x14-inch_pt_100-lb-cover-uncoated-offwhite-archival_cl_4-0_ct_none_prt_none_sft_none_set_none_hor,https://upload.wikimedia.org/wikipedia/commons/c/ca/1x1.png,Yes
Posters — 11x14-inch — ver,"Personalised posters from Pixora. Upload your photo, preview on a live product mockup, and we print and ship premium quality to your door. Ideal for home décor or gifting.",flat_product_pf_11x14-inch_pt_100-lb-cover-uncoated-offwhite-archival_cl_4-0_ct_none_prt_none_sft_none_set_none_ver,https://upload.wikimedia.org/wikipedia/commons/c/ca/1x1.png,Yes
Posters — 11x14-inch — hor,"Personalised posters from Pixora. Upload your photo, preview on a live product mockup, and we print and ship premium quality to your door. Ideal for home décor or gifting.",flat_product_pf_11x14-inch_pt_170-gsm-coated-silk_cl_4-0_ct_none_prt_none_sft_none_set_none_hor,https://upload.wikimedia.org/wikipedia/commons/c/ca/1x1.png,Yes
Posters — 11x14-inch — ver,"Personalised posters from Pixora. Upload your photo, preview on a live product mockup, and we print and ship premium quality to your door. Ideal for home décor or gifting.",flat_product_pf_11x14-inch_pt_170-gsm-coated-silk_cl_4-0_ct_none_prt_none_sft_none_set_none_ver,https://upload.wikimedia.org/wikipedia/commons/c/ca/1x1.png,Yes
Posters — 11x14-inch — hor,"Personalised posters from Pixora. Upload your photo, preview on a live product mockup, and we print and ship premium quality to your door. Ideal for home décor or gifting.",flat_product_pf_11x14-inch_pt_170-gsm-uncoated_cl_4-0_ct_none_prt_none_sft_none_set_none_hor,https://upload.wikimedia.org/wikipedia/commons/c/ca/1x1.png,Yes
Posters — 11x14-inch — ver,"Personalised posters from Pixora. Upload your photo, preview on a live product mockup, and we print and ship premium quality to your door. Ideal for home décor or gifting.",flat_product_pf_11x14-inch_pt_170-gsm-uncoated_cl_4-0_ct_none_prt_none_sft_none_set_none_ver,https://upload.wikimedia.org/wikipedia/commons/c/ca/1x1.png,Yes
Posters — 11x14-inch — hor,"Personalised posters from Pixora. Upload your photo, preview on a live product mockup, and we print and ship premium quality to your door. Ideal for home décor or gifting.",flat_product_pf_11x14-inch_pt_200-gsm-coated-silk_cl_4-0_ct_none_prt_none_sft_none_set_none_hor,https://upload.wikimedia.org/wikipedia/commons/c/ca/1x1.png,Yes
Posters — 11x14-inch — ver,"Personalised posters from Pixora. Upload your photo, preview on a live product mockup, and we print and ship premium quality to your door. Ideal for home décor or gifting.",flat_product_pf_11x14-inch_pt_200-gsm-coated-silk_cl_4-0_ct_none_prt_none_sft_none_set_none_ver,https://upload.wikimedia.org/wikipedia/commons/c/ca/1x1.png,Yes
Posters — 11x14-inch — hor,"Personalised posters from Pixora. Upload your photo, preview on a live product mockup, and we print and ship premium quality to your door. Ideal for home décor or gifting.",flat_product_pf_11x14-inch_pt_200-gsm-uncoated_cl_4-0_ct_none_prt_none_sft_none_set_none_hor,https://upload.wikimedia.org/wikipedia/commons/c/ca/1x1.png,Yes
Posters — 11x14-inch — ver,"Personalised posters from Pixora. Upload your photo, preview on a live product mockup, and we print and ship premium quality to your door. Ideal for home décor or gifting.",flat_product_pf_11x14-inch_pt_200-gsm-uncoated_cl_4-0_ct_none_prt_none_sft_none_set_none_ver,https://upload.wikimedia.org/wikipedia/commons/c/ca/1x1.png,Yes
Posters — 11x14-inch — hor,"Personalised posters from Pixora. Upload your photo, preview on a live product mockup, and we print and ship premium quality to your door. Ideal for home décor or gifting.",flat_product_pf_11x14-inch_pt_65-lb-cover-coated-silk_cl_4-0_ct_none_prt_none_sft_none_set_none_hor,https://upload.wikimedia.org/wikipedia/commons/c/ca/1x1.png,Yes
Posters — 11x14-inch — ver,"Personalised posters from Pixora. Upload your photo, preview on a live product mockup, and we print and ship premium quality to your door. Ideal for home décor or gifting.",flat_product_pf_11x14-inch_pt_65-lb-cover-coated-silk_cl_4-0_ct_none_prt_none_sft_none_set_none_ver,https://upload.wikimedia.org/wikipedia/commons/c/ca/1x1.png,Yes
Posters — 11x14-inch — hor,"Personalised posters from Pixora. Upload your photo, preview on a live product mockup, and we print and ship premium quality to your door. Ideal for home décor or gifting.",flat_product_pf_11x14-inch_pt_65-lb-cover-uncoated_cl_4-0_ct_none_prt_none_sft_none_set_none_hor,https://upload.wikimedia.org/wikipedia/commons/c/ca/1x1.png,Yes
Posters — 11x14-inch — ver,"Personalised posters from Pixora. Upload your photo, preview on a live product mockup, and we print and ship premium quality to your door. Ideal for home décor or gifting.",flat_product_pf_11x14-inch_pt_65-lb-cover-uncoated_cl_4-0_ct_none_prt_none_sft_none_set_none_ver,https://upload.wikimedia.org/wikipedia/commons/c/ca/1x1.png,Yes
Posters — 11x14-inch — hor,"Personalised posters from Pixora. Upload your photo, preview on a live product mockup, and we print and ship premium quality to your door. Ideal for home décor or gifting.",flat_product_pf_11x14-inch_pt_80-lb-cover-coated-silk_cl_4-0_ct_none_prt_none_sft_none_set_none_hor,https://upload.wikimedia.org/wikipedia/commons/c/ca/1x1.png,Yes
Posters — 11x14-inch — ver,"Personalised posters from Pixora. Upload your photo, preview on a live product mockup, and we print and ship premium quality to your door. Ideal for home décor or gifting.",flat_product_pf_11x14-inch_pt_80-lb-cover-coated-silk_cl_4-0_ct_none_prt_none_sft_none_set_none_ver,https://upload.wikimedia.org/wikipedia/commons/c/ca/1x1.png,Yes
Posters — 11x14-inch — hor,"Personalised posters from Pixora. Upload your photo, preview on a live product mockup, and we print and ship premium quality to your door. Ideal for home décor or gifting.",flat_product_pf_11x14-inch_pt_80-lb-cover-uncoated_cl_4-0_ct_none_prt_none_sft_none_set_none_hor,https://upload.wikimedia.org/wikipedia/commons/c/ca/1x1.png,Yes
Posters — 11x14-inch — ver,"Personalised posters from Pixora. Upload your photo, preview on a live product mockup, and we print and ship premium quality to your door. Ideal for home décor or gifting.",flat_product_pf_11x14-inch_pt_80-lb-cover-uncoated_cl_4-0_ct_none_prt_none_sft_none_set_none_ver,https://upload.wikimedia.org/wikipedia/commons/c/ca/1x1.png,Yes
Posters — 12x12-inch — hor,"Personalised posters from Pixora. Upload your photo, preview on a live product mockup, and we print and ship premium quality to your door. Ideal for home décor or gifting.",flat_product_pf_12x12-inch_pt_100-lb-cover-uncoated-offwhite-archival_cl_4-0_ct_none_prt_none_sft_none_set_none_hor,https://upload.wikimedia.org/wikipedia/commons/c/ca/1x1.png,Yes
Posters — 12x12-inch — ver,"Personalised posters from Pixora. Upload your photo, preview on a live product mockup, and we print and ship premium quality to your door. Ideal for home décor or gifting.",flat_product_pf_12x12-inch_pt_100-lb-cover-uncoated-offwhite-archival_cl_4-0_ct_none_prt_none_sft_none_set_none_ver,https://upload.wikimedia.org/wikipedia/commons/c/ca/1x1.png,Yes
Posters — 12x12-inch — hor,"Personalised posters from Pixora. Upload your photo, preview on a live product mockup, and we print and ship premium quality to your door. Ideal for home décor or gifting.",flat_product_pf_12x12-inch_pt_170-gsm-coated-silk_cl_4-0_ct_none_prt_none_sft_none_set_none_hor,https://upload.wikimedia.org/wikipedia/commons/c/ca/1x1.png,Yes
Posters — 12x12-inch — ver,"Personalised posters from Pixora. Upload your photo, preview on a live product mockup, and we print and ship premium quality to your door. Ideal for home décor or gifting.",flat_product_pf_12x12-inch_pt_170-gsm-coated-silk_cl_4-0_ct_none_prt_none_sft_none_set_none_ver,https://upload.wikimedia.org/wikipedia/commons/c/ca/1x1.png,Yes
Posters — 12x12-inch — hor,"Personalised posters from Pixora. Upload your photo, preview on a live product mockup, and we print and ship premium quality to your door. Ideal for home décor or gifting.",flat_product_pf_12x12-inch_pt_170-gsm-uncoated_cl_4-0_ct_none_prt_none_sft_none_set_none_hor,https://upload.wikimedia.org/wikipedia/commons/c/ca/1x1.png,Yes
Posters — 12x12-inch — ver,"Personalised posters from Pixora. Upload your photo, preview on a live product mockup, and we print and ship premium quality to your door. Ideal for home décor or gifting.",flat_product_pf_12x12-inch_pt_170-gsm-uncoated_cl_4-0_ct_none_prt_none_sft_none_set_none_ver,https://upload.wikimedia.org/wikipedia/commons/c/ca/1x1.png,Yes
Posters — 12x12-inch — hor,"Personalised posters from Pixora. Upload your photo, preview on a live product mockup, and we print and ship premium quality to your door. Ideal for home décor or gifting.",flat_product_pf_12x12-inch_pt_200-gsm-coated-silk_cl_4-0_ct_none_prt_none_sft_none_set_none_hor,https://upload.wikimedia.org/wikipedia/commons/c/ca/1x1.png,Yes
Posters — 12x12-inch — ver,"Personalised posters from Pixora. Upload your photo, preview on a live product mockup, and we print and ship premium quality to your door. Ideal for home décor or gifting.",flat_product_pf_12x12-inch_pt_200-gsm-coated-silk_cl_4-0_ct_none_prt_none_sft_none_set_none_ver,https://upload.wikimedia.org/wikipedia/commons/c/ca/1x1.png,Yes
Posters — 12x12-inch — hor,"Personalised posters from Pixora. Upload your photo, preview on a live product mockup, and we print and ship premium quality to your door. Ideal for home décor or gifting.",flat_product_pf_12x12-inch_pt_200-gsm-uncoated_cl_4-0_ct_none_prt_none_sft_none_set_none_hor,https://upload.wikimedia.org/wikipedia/commons/c/ca/1x1.png,Yes
Posters — 12x12-inch — ver,"Personalised posters from Pixora. Upload your photo, preview on a live product mockup, and we print and ship premium quality to your door. Ideal for home décor or gifting.",flat_product_pf_12x12-inch_pt_200-gsm-uncoated_cl_4-0_ct_none_prt_none_sft_none_set_none_ver,https://upload.wikimedia.org/wikipedia/commons/c/ca/1x1.png,Yes
Posters — 12x12-inch — hor,"Personalised posters from Pixora. Upload your photo, preview on a live product mockup, and we print and ship premium quality to your door. Ideal for home décor or gifting.",flat_product_pf_12x12-inch_pt_65-lb-cover-coated-silk_cl_4-0_ct_none_prt_none_sft_none_set_none_hor,https://upload.wikimedia.org/wikipedia/commons/c/ca/1x1.png,Yes
Posters — 12x12-inch — ver,"Personalised posters from Pixora. Upload your photo, preview on a live product mockup, and we print and ship premium quality to your door. Ideal for home décor or gifting.",flat_product_pf_12x12-inch_pt_65-lb-cover-coated-silk_cl_4-0_ct_none_prt_none_sft_none_set_none_ver,https://upload.wikimedia.org/wikipedia/commons/c/ca/1x1.png,Yes
Posters — 12x12-inch — hor,"Personalised posters from Pixora. Upload your photo, preview on a live product mockup, and we print and ship premium quality to your door. Ideal for home décor or gifting.",flat_product_pf_12x12-inch_pt_65-lb-cover-uncoated_cl_4-0_ct_none_prt_none_sft_none_set_none_hor,https://upload.wikimedia.org/wikipedia/commons/c/ca/1x1.png,Yes
Posters — 12x12-inch — ver,"Personalised posters from Pixora. Upload your photo, preview on a live product mockup, and we print and ship premium quality to your door. Ideal for home décor or gifting.",flat_product_pf_12x12-inch_pt_65-lb-cover-uncoated_cl_4-0_ct_none_prt_none_sft_none_set_none_ver,https://upload.wikimedia.org/wikipedia/commons/c/ca/1x1.png,Yes
Posters — 12x12-inch — hor,"Personalised posters from Pixora. Upload your photo, preview on a live product mockup, and we print and ship premium quality to your door. Ideal for home décor or gifting.",flat_product_pf_12x12-inch_pt_80-lb-cover-coated-silk_cl_4-0_ct_none_prt_none_sft_none_set_none_hor,https://upload.wikimedia.org/wikipedia/commons/c/ca/1x1.png,Yes
Posters — 12x12-inch — ver,"Personalised posters from Pixora. Upload your photo, preview on a live product mockup, and we print and ship premium quality to your door. Ideal for home décor or gifting.",flat_product_pf_12x12-inch_pt_80-lb-cover-coated-silk_cl_4-0_ct_none_prt_none_sft_none_set_none_ver,https://upload.wikimedia.org/wikipedia/commons/c/ca/1x1.png,Yes
Posters — 12x12-inch — hor,"Personalised posters from Pixora. Upload your photo, preview on a live product mockup, and we print and ship premium quality to your door. Ideal for home décor or gifting.",flat_product_pf_12x12-inch_pt_80-lb-cover-uncoated_cl_4-0_ct_none_prt_none_sft_none_set_none_hor,https://upload.wikimedia.org/wikipedia/commons/c/ca/1x1.png,Yes
Posters — 12x12-inch — ver,"Personalised posters from Pixora. Upload your photo, preview on a live product mockup, and we print and ship premium quality to your door. Ideal for home décor or gifting.",flat_product_pf_12x12-inch_pt_80-lb-cover-uncoated_cl_4-0_ct_none_prt_none_sft_none_set_none_ver,https://upload.wikimedia.org/wikipedia/commons/c/ca/1x1.png,Yes
Posters — 12x16-inch — hor,"Personalised posters from Pixora. Upload your photo, preview on a live product mockup, and we print and ship premium quality to your door. Ideal for home décor or gifting.",flat_product_pf_12x16-inch_pt_100-lb-cover-uncoated-offwhite-archival_cl_4-0_ct_none_prt_none_sft_none_set_none_hor,https://upload.wikimedia.org/wikipedia/commons/c/ca/1x1.png,Yes
Posters — 12x16-inch — ver,"Personalised posters from Pixora. Upload your photo, preview on a live product mockup, and we print and ship premium quality to your door. Ideal for home décor or gifting.",flat_product_pf_12x16-inch_pt_100-lb-cover-uncoated-offwhite-archival_cl_4-0_ct_none_prt_none_sft_none_set_none_ver,https://upload.wikimedia.org/wikipedia/commons/c/ca/1x1.png,Yes
Posters — 12x16-inch — hor,"Personalised posters from Pixora. Upload your photo, preview on a live product mockup, and we print and ship premium quality to your door. Ideal for home décor or gifting.",flat_product_pf_12x16-inch_pt_170-gsm-coated-silk_cl_4-0_ct_none_prt_none_sft_none_set_none_hor,https://upload.wikimedia.org/wikipedia/commons/c/ca/1x1.png,Yes
Posters — 12x16-inch — ver,"Personalised posters from Pixora. Upload your photo, preview on a live product mockup, and we print and ship premium quality to your door. Ideal for home décor or gifting.",flat_product_pf_12x16-inch_pt_170-gsm-coated-silk_cl_4-0_ct_none_prt_none_sft_none_set_none_ver,https://upload.wikimedia.org/wikipedia/commons/c/ca/1x1.png,Yes
Posters — 12x16-inch — hor,"Personalised posters from Pixora. Upload your photo, preview on a live product mockup, and we print and ship premium quality to your door. Ideal for home décor or gifting.",flat_product_pf_12x16-inch_pt_170-gsm-uncoated_cl_4-0_ct_none_prt_none_sft_none_set_none_hor,https://upload.wikimedia.org/wikipedia/commons/c/ca/1x1.png,Yes
Posters — 12x16-inch — ver,"Personalised posters from Pixora. Upload your photo, preview on a live product mockup, and we print and ship premium quality to your door. Ideal for home décor or gifting.",flat_product_pf_12x16-inch_pt_170-gsm-uncoated_cl_4-0_ct_none_prt_none_sft_none_set_none_ver,https://upload.wikimedia.org/wikipedia/commons/c/ca/1x1.png,Yes
Posters — 12x16-inch — hor,"Personalised posters from Pixora. Upload your photo, preview on a live product mockup, and we print and ship premium quality to your door. Ideal for home décor or gifting.",flat_product_pf_12x16-inch_pt_200-gsm-coated-silk_cl_4-0_ct_none_prt_none_sft_none_set_none_hor,https://upload.wikimedia.org/wikipedia/commons/c/ca/1x1.png,Yes
Posters — 12x16-inch — ver,"Personalised posters from Pixora. Upload your photo, preview on a live product mockup, and we print and ship premium quality to your door. Ideal for home décor or gifting.",flat_product_pf_12x16-inch_pt_200-gsm-coated-silk_cl_4-0_ct_none_prt_none_sft_none_set_none_ver,https://upload.wikimedia.org/wikipedia/commons/c/ca/1x1.png,Yes
Posters — 12x16-inch — hor,"Personalised posters from Pixora. Upload your photo, preview on a live product mockup, and we print and ship premium quality to your door. Ideal for home décor or gifting.",flat_product_pf_12x16-inch_pt_200-gsm-uncoated_cl_4-0_ct_none_prt_none_sft_none_set_none_hor,https://upload.wikimedia.org/wikipedia/commons/c/ca/1x1.png,Yes
Posters — 12x16-inch — ver,"Personalised posters from Pixora. Upload your photo, preview on a live product mockup, and we print and ship premium quality to your door. Ideal for home décor or gifting.",flat_product_pf_12x16-inch_pt_200-gsm-uncoated_cl_4-0_ct_none_prt_none_sft_none_set_none_ver,https://upload.wikimedia.org/wikipedia/commons/c/ca/1x1.png,Yes
Posters — 12x16-inch — hor,"Personalised posters from Pixora. Upload your photo, preview on a live product mockup, and we print and ship premium quality to your door. Ideal for home décor or gifting.",flat_product_pf_12x16-inch_pt_65-lb-cover-coated-silk_cl_4-0_ct_none_prt_none_sft_none_set_none_hor,https://upload.wikimedia.org/wikipedia/commons/c/ca/1x1.png,Yes
Posters — 12x16-inch — ver,"Personalised posters from Pixora. Upload your photo, preview on a live product mockup, and we print and ship premium quality to your door. Ideal for home décor or gifting.",flat_product_pf_12x16-inch_pt_65-lb-cover-coated-silk_cl_4-0_ct_none_prt_none_sft_none_set_none_ver,https://upload.wikimedia.org/wikipedia/commons/c/ca/1x1.png,Yes
Posters — 12x16-inch — hor,"Personalised posters from Pixora. Upload your photo, preview on a live product mockup, and we print and ship premium quality to your door. Ideal for home décor or gifting.",flat_product_pf_12x16-inch_pt_65-lb-cover-uncoated_cl_4-0_ct_none_prt_none_sft_none_set_none_hor,https://upload.wikimedia.org/wikipedia/commons/c/ca/1x1.png,Yes
Posters — 12x16-inch — ver,"Personalised posters from Pixora. Upload your photo, preview on a live product mockup, and we print and ship premium quality to your door. Ideal for home décor or gifting.",flat_product_pf_12x16-inch_pt_65-lb-cover-uncoated_cl_4-0_ct_none_prt_none_sft_none_set_none_ver,https://upload.wikimedia.org/wikipedia/commons/c/ca/1x1.png,Yes
Posters — 12x16-inch — hor,"Personalised posters from Pixora. Upload your photo, preview on a live product mockup, and we print and ship premium quality to your door. Ideal for home décor or gifting.",flat_product_pf_12x16-inch_pt_80-lb-cover-coated-silk_cl_4-0_ct_none_prt_none_sft_none_set_none_hor,https://upload.wikimedia.org/wikipedia/commons/c/ca/1x1.png,Yes
Posters — 12x16-inch — ver,"Personalised posters from Pixora. Upload your photo, preview on a live product mockup, and we print and ship premium quality to your door. Ideal for home décor or gifting.",flat_product_pf_12x16-inch_pt_80-lb-cover-coated-silk_cl_4-0_ct_none_prt_none_sft_none_set_none_ver,https://upload.wikimedia.org/wikipedia/commons/c/ca/1x1.png,Yes
Posters — 12x16-inch — hor,"Personalised posters from Pixora. Upload your photo, preview on a live product mockup, and we print and ship premium quality to your door. Ideal for home décor or gifting.",flat_product_pf_12x16-inch_pt_80-lb-cover-uncoated_cl_4-0_ct_none_prt_none_sft_none_set_none_hor,https://upload.wikimedia.org/wikipedia/commons/c/ca/1x1.png,Yes
Posters — 12x16-inch — ver,"Personalised posters from Pixora. Upload your photo, preview on a live product mockup, and we print and ship premium quality to your door. Ideal for home décor or gifting.",flat_product_pf_12x16-inch_pt_80-lb-cover-uncoated_cl_4-0_ct_none_prt_none_sft_none_set_none_ver,https://upload.wikimedia.org/wikipedia/commons/c/ca/1x1.png,Yes
Posters — 12x18-inch — hor,"Personalised posters from Pixora. Upload your photo, preview on a live product mockup, and we print and ship premium quality to your door. Ideal for home décor or gifting.",flat_product_pf_12x18-inch_pt_100-lb-cover-uncoated-offwhite-archival_cl_4-0_ct_none_prt_none_sft_none_set_none_hor,https://upload.wikimedia.org/wikipedia/commons/c/ca/1x1.png,Yes
Posters — 12x18-inch — ver,"Personalised posters from Pixora. Upload your photo, preview on a live product mockup, and we print and ship premium quality to your door. Ideal for home décor or gifting.",flat_product_pf_12x18-inch_pt_100-lb-cover-uncoated-offwhite-archival_cl_4-0_ct_none_prt_none_sft_none_set_none_ver,https://upload.wikimedia.org/wikipedia/commons/c/ca/1x1.png,Yes
Posters — 12x18-inch — hor,"Personalised posters from Pixora. Upload your photo, preview on a live product mockup, and we print and ship premium quality to your door. Ideal for home décor or gifting.",flat_product_pf_12x18-inch_pt_170-gsm-coated-silk_cl_4-0_ct_none_prt_none_sft_none_set_none_hor,https://upload.wikimedia.org/wikipedia/commons/c/ca/1x1.png,Yes
Posters — 12x18-inch — ver,"Personalised posters from Pixora. Upload your photo, preview on a live product mockup, and we print and ship premium quality to your door. Ideal for home décor or gifting.",flat_product_pf_12x18-inch_pt_170-gsm-coated-silk_cl_4-0_ct_none_prt_none_sft_none_set_none_ver,https://upload.wikimedia.org/wikipedia/commons/c/ca/1x1.png,Yes
Posters — 12x18-inch — hor,"Personalised posters from Pixora. Upload your photo, preview on a live product mockup, and we print and ship premium quality to your door. Ideal for home décor or gifting.",flat_product_pf_12x18-inch_pt_170-gsm-uncoated_cl_4-0_ct_none_prt_none_sft_none_set_none_hor,https://upload.wikimedia.org/wikipedia/commons/c/ca/1x1.png,Yes
Posters — 12x18-inch — ver,"Personalised posters from Pixora. Upload your photo, preview on a live product mockup, and we print and ship premium quality to your door. Ideal for home décor or gifting.",flat_product_pf_12x18-inch_pt_170-gsm-uncoated_cl_4-0_ct_none_prt_none_sft_none_set_none_ver,https://upload.wikimedia.org/wikipedia/commons/c/ca/1x1.png,Yes
Posters — 12x18-inch — hor,"Personalised posters from Pixora. Upload your photo, preview on a live product mockup, and we print and ship premium quality to your door. Ideal for home décor or gifting.",flat_product_pf_12x18-inch_pt_200-gsm-coated-silk_cl_4-0_ct_none_prt_none_sft_none_set_none_hor,https://upload.wikimedia.org/wikipedia/commons/c/ca/1x1.png,Yes
Posters — 12x18-inch — ver,"Personalised posters from Pixora. Upload your photo, preview on a live product mockup, and we print and ship premium quality to your door. Ideal for home décor or gifting.",flat_product_pf_12x18-inch_pt_200-gsm-coated-silk_cl_4-0_ct_none_prt_none_sft_none_set_none_ver,https://upload.wikimedia.org/wikipedia/commons/c/ca/1x1.png,Yes
Posters — 12x18-inch — hor,"Personalised posters from Pixora. Upload your photo, preview on a live product mockup, and we print and ship premium quality to your door. Ideal for home décor or gifting.",flat_product_pf_12x18-inch_pt_200-gsm-uncoated_cl_4-0_ct_none_prt_none_sft_none_set_none_hor,https://upload.wikimedia.org/wikipedia/commons/c/ca/1x1.png,Yes
Posters — 12x18-inch — ver,"Personalised posters from Pixora. Upload your photo, preview on a live product mockup, and we print and ship premium quality to your door. Ideal for home décor or gifting.",flat_product_pf_12x18-inch_pt_200-gsm-uncoated_cl_4-0_ct_none_prt_none_sft_none_set_none_ver,https://upload.wikimedia.org/wikipedia/commons/c/ca/1x1.png,Yes
Posters — 12x18-inch — hor,"Personalised posters from Pixora. Upload your photo, preview on a live product mockup, and we print and ship premium quality to your door. Ideal for home décor or gifting.",flat_product_pf_12x18-inch_pt_65-lb-cover-coated-silk_cl_4-0_ct_none_prt_none_sft_none_set_none_hor,https://upload.wikimedia.org/wikipedia/commons/c/ca/1x1.png,Yes
Posters — 12x18-inch — ver,"Personalised posters from Pixora. Upload your photo, preview on a live product mockup, and we print and ship premium quality to your door. Ideal for home décor or gifting.",flat_product_pf_12x18-inch_pt_65-lb-cover-coated-silk_cl_4-0_ct_none_prt_none_sft_none_set_none_ver,https://upload.wikimedia.org/wikipedia/commons/c/ca/1x1.png,Yes
Posters — 12x18-inch — hor,"Personalised posters from Pixora. Upload your photo, preview on a live product mockup, and we print and ship premium quality to your door. Ideal for home décor or gifting.",flat_product_pf_12x18-inch_pt_65-lb-cover-uncoated_cl_4-0_ct_none_prt_none_sft_none_set_none_hor,https://upload.wikimedia.org/wikipedia/commons/c/ca/1x1.png,Yes
Posters — 12x18-inch — ver,"Personalised posters from Pixora. Upload your photo, preview on a live product mockup, and we print and ship premium quality to your door. Ideal for home décor or gifting.",flat_product_pf_12x18-inch_pt_65-lb-cover-uncoated_cl_4-0_ct_none_prt_none_sft_none_set_none_ver,https://upload.wikimedia.org/wikipedia/commons/c/ca/1x1.png,Yes
Posters — 12x18-inch — hor,"Personalised posters from Pixora. Upload your photo, preview on a live product mockup, and we print and ship premium quality to your door. Ideal for home décor or gifting.",flat_product_pf_12x18-inch_pt_80-lb-cover-coated-silk_cl_4-0_ct_none_prt_none_sft_none_set_none_hor,https://upload.wikimedia.org/wikipedia/commons/c/ca/1x1.png,Yes
Posters — 12x18-inch — ver,"Personalised posters from Pixora. Upload your photo, preview on a live product mockup, and we print and ship premium quality to your door. Ideal for home décor or gifting.",flat_product_pf_12x18-inch_pt_80-lb-cover-coated-silk_cl_4-0_ct_none_prt_none_sft_none_set_none_ver,https://upload.wikimedia.org/wikipedia/commons/c/ca/1x1.png,Yes
Posters — 12x18-inch — hor,"Personalised posters from Pixora. Upload your photo, preview on a live product mockup, and we print and ship premium quality to your door. Ideal for home décor or gifting.",flat_product_pf_12x18-inch_pt_80-lb-cover-uncoated_cl_4-0_ct_none_prt_none_sft_none_set_none_hor,https://upload.wikimedia.org/wikipedia/commons/c/ca/1x1.png,Yes
Posters — 12x18-inch — ver,"Personalised posters from Pixora. Upload your photo, preview on a live product mockup, and we print and ship premium quality to your door. Ideal for home décor or gifting.",flat_product_pf_12x18-inch_pt_80-lb-cover-uncoated_cl_4-0_ct_none_prt_none_sft_none_set_none_ver,https://upload.wikimedia.org/wikipedia/commons/c/ca/1x1.png,Yes
Posters — 130x180-mm — hor,"Personalised posters from Pixora. Upload your photo, preview on a live product mockup, and we print and ship premium quality to your door. Ideal for home décor or gifting.",flat_product_pf_130x180-mm_pt_170-gsm-coated-silk_cl_4-0_ct_none_prt_none_sft_none_set_none_hor,https://upload.wikimedia.org/wikipedia/commons/c/ca/1x1.png,Yes
Posters — 130x180-mm — ver,"Personalised posters from Pixora. Upload your photo, preview on a live product mockup, and we print and ship premium quality to your door. Ideal for home décor or gifting.",flat_product_pf_130x180-mm_pt_170-gsm-coated-silk_cl_4-0_ct_none_prt_none_sft_none_set_none_ver,https://upload.wikimedia.org/wikipedia/commons/c/ca/1x1.png,Yes
Posters — 130x180-mm — hor,"Personalised posters from Pixora. Upload your photo, preview on a live product mockup, and we print and ship premium quality to your door. Ideal for home décor or gifting.",flat_product_pf_130x180-mm_pt_170-gsm-uncoated_cl_4-0_ct_none_prt_none_sft_none_set_none_hor,https://upload.wikimedia.org/wikipedia/commons/c/ca/1x1.png,Yes
Posters — 130x180-mm — ver,"Personalised posters from Pixora. Upload your photo, preview on a live product mockup, and we print and ship premium quality to your door. Ideal for home décor or gifting.",flat_product_pf_130x180-mm_pt_170-gsm-uncoated_cl_4-0_ct_none_prt_none_sft_none_set_none_ver,https://upload.wikimedia.org/wikipedia/commons/c/ca/1x1.png,Yes
Posters — 130x180-mm — hor,"Personalised posters from Pixora. Upload your photo, preview on a live product mockup, and we print and ship premium quality to your door. Ideal for home décor or gifting.",flat_product_pf_130x180-mm_pt_200-gsm-coated-silk_cl_4-0_ct_none_prt_none_sft_none_set_none_hor,https://upload.wikimedia.org/wikipedia/commons/c/ca/1x1.png,Yes
Posters — 130x180-mm — ver,"Personalised posters from Pixora. Upload your photo, preview on a live product mockup, and we print and ship premium quality to your door. Ideal for home décor or gifting.",flat_product_pf_130x180-mm_pt_200-gsm-coated-silk_cl_4-0_ct_none_prt_none_sft_none_set_none_ver,https://upload.wikimedia.org/wikipedia/commons/c/ca/1x1.png,Yes
Posters — 130x180-mm — hor,"Personalised posters from Pixora. Upload your photo, preview on a live product mockup, and we print and ship premium quality to your door. Ideal for home décor or gifting.",flat_product_pf_130x180-mm_pt_200-gsm-uncoated_cl_4-0_ct_none_prt_none_sft_none_set_none_hor,https://upload.wikimedia.org/wikipedia/commons/c/ca/1x1.png,Yes
Posters — 130x180-mm — ver,"Personalised posters from Pixora. Upload your photo, preview on a live product mockup, and we print and ship premium quality to your door. Ideal for home décor or gifting.",flat_product_pf_130x180-mm_pt_200-gsm-uncoated_cl_4-0_ct_none_prt_none_sft_none_set_none_ver,https://upload.wikimedia.org/wikipedia/commons/c/ca/1x1.png,Yes
Posters — 130x180-mm — hor,"Personalised posters from Pixora. Upload your photo, preview on a live product mockup, and we print and ship premium quality to your door. Ideal for home décor or gifting.",flat_product_pf_130x180-mm_pt_250-gsm-uncoated-offwhite-archival_cl_4-0_ct_none_prt_none_sft_none_set_none_hor,https://upload.wikimedia.org/wikipedia/commons/c/ca/1x1.png,Yes
Posters — 130x180-mm — ver,"Personalised posters from Pixora. Upload your photo, preview on a live product mockup, and we print and ship premium quality to your door. Ideal for home décor or gifting.",flat_product_pf_130x180-mm_pt_250-gsm-uncoated-offwhite-archival_cl_4-0_ct_none_prt_none_sft_none_set_none_ver,https://upload.wikimedia.org/wikipedia/commons/c/ca/1x1.png,Yes
Posters — 130x180-mm — hor,"Personalised posters from Pixora. Upload your photo, preview on a live product mockup, and we print and ship premium quality to your door. Ideal for home décor or gifting.",flat_product_pf_130x180-mm_pt_65-lb-cover-coated-silk_cl_4-0_ct_none_prt_none_sft_none_set_none_hor,https://upload.wikimedia.org/wikipedia/commons/c/ca/1x1.png,Yes
Posters — 130x180-mm — ver,"Personalised posters from Pixora. Upload your photo, preview on a live product mockup, and we print and ship premium quality to your door. Ideal for home décor or gifting.",flat_product_pf_130x180-mm_pt_65-lb-cover-coated-silk_cl_4-0_ct_none_prt_none_sft_none_set_none_ver,https://upload.wikimedia.org/wikipedia/commons/c/ca/1x1.png,Yes
Posters — 130x180-mm — hor,"Personalised posters from Pixora. Upload your photo, preview on a live product mockup, and we print and ship premium quality to your door. Ideal for home décor or gifting.",flat_product_pf_130x180-mm_pt_65-lb-cover-uncoated_cl_4-0_ct_none_prt_none_sft_none_set_none_hor,https://upload.wikimedia.org/wikipedia/commons/c/ca/1x1.png,Yes
Posters — 130x180-mm — ver,"Personalised posters from Pixora. Upload your photo, preview on a live product mockup, and we print and ship premium quality to your door. Ideal for home décor or gifting.",flat_product_pf_130x180-mm_pt_65-lb-cover-uncoated_cl_4-0_ct_none_prt_none_sft_none_set_none_ver,https://upload.wikimedia.org/wikipedia/commons/c/ca/1x1.png,Yes
Posters — 130x180-mm — hor,"Personalised posters from Pixora. Upload your photo, preview on a live product mockup, and we print and ship premium quality to your door. Ideal for home décor or gifting.",flat_product_pf_130x180-mm_pt_80-lb-cover-coated-silk_cl_4-0_ct_none_prt_none_sft_none_set_none_hor,https://upload.wikimedia.org/wikipedia/commons/c/ca/1x1.png,Yes
Posters — 130x180-mm — ver,"Personalised posters from Pixora. Upload your photo, preview on a live product mockup, and we print and ship premium quality to your door. Ideal for home décor or gifting.",flat_product_pf_130x180-mm_pt_80-lb-cover-coated-silk_cl_4-0_ct_none_prt_none_sft_none_set_none_ver,https://upload.wikimedia.org/wikipedia/commons/c/ca/1x1.png,Yes
Posters — 130x180-mm — hor,"Personalised posters from Pixora. Upload your photo, preview on a live product mockup, and we print and ship premium quality to your door. Ideal for home décor or gifting.",flat_product_pf_130x180-mm_pt_80-lb-cover-uncoated_cl_4-0_ct_none_prt_none_sft_none_set_none_hor,https://upload.wikimedia.org/wikipedia/commons/c/ca/1x1.png,Yes
Posters — 130x180-mm — ver,"Personalised posters from Pixora. Upload your photo, preview on a live product mockup, and we print and ship premium quality to your door. Ideal for home décor or gifting.",flat_product_pf_130x180-mm_pt_80-lb-cover-uncoated_cl_4-0_ct_none_prt_none_sft_none_set_none_ver,https://upload.wikimedia.org/wikipedia/commons/c/ca/1x1.png,Yes
Posters — 14x14-inch — hor,"Personalised posters from Pixora. Upload your photo, preview on a live product mockup, and we print and ship premium quality to your door. Ideal for home décor or gifting.",flat_product_pf_14x14-inch_pt_100-lb-cover-uncoated-offwhite-archival_cl_4-0_ct_none_prt_none_sft_none_set_none_hor,https://upload.wikimedia.org/wikipedia/commons/c/ca/1x1.png,Yes
Posters — 14x14-inch — ver,"Personalised posters from Pixora. Upload your photo, preview on a live product mockup, and we print and ship premium quality to your door. Ideal for home décor or gifting.",flat_product_pf_14x14-inch_pt_100-lb-cover-uncoated-offwhite-archival_cl_4-0_ct_none_prt_none_sft_none_set_none_ver,https://upload.wikimedia.org/wikipedia/commons/c/ca/1x1.png,Yes
Posters — 14x14-inch — hor,"Personalised posters from Pixora. Upload your photo, preview on a live product mockup, and we print and ship premium quality to your door. Ideal for home décor or gifting.",flat_product_pf_14x14-inch_pt_170-gsm-coated-silk_cl_4-0_ct_none_prt_none_sft_none_set_none_hor,https://upload.wikimedia.org/wikipedia/commons/c/ca/1x1.png,Yes
Posters — 14x14-inch — ver,"Personalised posters from Pixora. Upload your photo, preview on a live product mockup, and we print and ship premium quality to your door. Ideal for home décor or gifting.",flat_product_pf_14x14-inch_pt_170-gsm-coated-silk_cl_4-0_ct_none_prt_none_sft_none_set_none_ver,https://upload.wikimedia.org/wikipedia/commons/c/ca/1x1.png,Yes
Posters — 14x14-inch — hor,"Personalised posters from Pixora. Upload your photo, preview on a live product mockup, and we print and ship premium quality to your door. Ideal for home décor or gifting.",flat_product_pf_14x14-inch_pt_170-gsm-uncoated_cl_4-0_ct_none_prt_none_sft_none_set_none_hor,https://upload.wikimedia.org/wikipedia/commons/c/ca/1x1.png,Yes
Posters — 14x14-inch — ver,"Personalised posters from Pixora. Upload your photo, preview on a live product mockup, and we print and ship premium quality to your door. Ideal for home décor or gifting.",flat_product_pf_14x14-inch_pt_170-gsm-uncoated_cl_4-0_ct_none_prt_none_sft_none_set_none_ver,https://upload.wikimedia.org/wikipedia/commons/c/ca/1x1.png,Yes
Posters — 14x14-inch — hor,"Personalised posters from Pixora. Upload your photo, preview on a live product mockup, and we print and ship premium quality to your door. Ideal for home décor or gifting.",flat_product_pf_14x14-inch_pt_200-gsm-coated-silk_cl_4-0_ct_none_prt_none_sft_none_set_none_hor,https://upload.wikimedia.org/wikipedia/commons/c/ca/1x1.png,Yes
Posters — 14x14-inch — ver,"Personalised posters from Pixora. Upload your photo, preview on a live product mockup, and we print and ship premium quality to your door. Ideal for home décor or gifting.",flat_product_pf_14x14-inch_pt_200-gsm-coated-silk_cl_4-0_ct_none_prt_none_sft_none_set_none_ver,https://upload.wikimedia.org/wikipedia/commons/c/ca/1x1.png,Yes
Posters — 14x14-inch — hor,"Personalised posters from Pixora. Upload your photo, preview on a live product mockup, and we print and ship premium quality to your door. Ideal for home décor or gifting.",flat_product_pf_14x14-inch_pt_200-gsm-uncoated_cl_4-0_ct_none_prt_none_sft_none_set_none_hor,https://upload.wikimedia.org/wikipedia/commons/c/ca/1x1.png,Yes
Posters — 14x14-inch — ver,"Personalised posters from Pixora. Upload your photo, preview on a live product mockup, and we print and ship premium quality to your door. Ideal for home décor or gifting.",flat_product_pf_14x14-inch_pt_200-gsm-uncoated_cl_4-0_ct_none_prt_none_sft_none_set_none_ver,https://upload.wikimedia.org/wikipedia/commons/c/ca/1x1.png,Yes
Posters — 14x14-inch — hor,"Personalised posters from Pixora. Upload your photo, preview on a live product mockup, and we print and ship premium quality to your door. Ideal for home décor or gifting.",flat_product_pf_14x14-inch_pt_65-lb-cover-coated-silk_cl_4-0_ct_none_prt_none_sft_none_set_none_hor,https://upload.wikimedia.org/wikipedia/commons/c/ca/1x1.png,Yes
Posters — 14x14-inch — ver,"Personalised posters from Pixora. Upload your photo, preview on a live product mockup, and we print and ship premium quality to your door. Ideal for home décor or gifting.",flat_product_pf_14x14-inch_pt_65-lb-cover-coated-silk_cl_4-0_ct_none_prt_none_sft_none_set_none_ver,https://upload.wikimedia.org/wikipedia/commons/c/ca/1x1.png,Yes
Posters — 14x14-inch — hor,"Personalised posters from Pixora. Upload your photo, preview on a live product mockup, and we print and ship premium quality to your door. Ideal for home décor or gifting.",flat_product_pf_14x14-inch_pt_65-lb-cover-uncoated_cl_4-0_ct_none_prt_none_sft_none_set_none_hor,https://upload.wikimedia.org/wikipedia/commons/c/ca/1x1.png,Yes
Posters — 14x14-inch — ver,"Personalised posters from Pixora. Upload your photo, preview on a live product mockup, and we print and ship premium quality to your door. Ideal for home décor or gifting.",flat_product_pf_14x14-inch_pt_65-lb-cover-uncoated_cl_4-0_ct_none_prt_none_sft_none_set_none_ver,https://upload.wikimedia.org/wikipedia/commons/c/ca/1x1.png,Yes
Posters — 14x14-inch — hor,"Personalised posters from Pixora. Upload your photo, preview on a live product mockup, and we print and ship premium quality to your door. Ideal for home décor or gifting.",flat_product_pf_14x14-inch_pt_80-lb-cover-coated-silk_cl_4-0_ct_none_prt_none_sft_none_set_none_hor,https://upload.wikimedia.org/wikipedia/commons/c/ca/1x1.png,Yes
Posters — 14x14-inch — ver,"Personalised posters from Pixora. Upload your photo, preview on a live product mockup, and we print and ship premium quality to your door. Ideal for home décor or gifting.",flat_product_pf_14x14-inch_pt_80-lb-cover-coated-silk_cl_4-0_ct_none_prt_none_sft_none_set_none_ver,https://upload.wikimedia.org/wikipedia/commons/c/ca/1x1.png,Yes
Posters — 14x14-inch — hor,"Personalised posters from Pixora. Upload your photo, preview on a live product mockup, and we print and ship premium quality to your door. Ideal for home décor or gifting.",flat_product_pf_14x14-inch_pt_80-lb-cover-uncoated_cl_4-0_ct_none_prt_none_sft_none_set_none_hor,https://upload.wikimedia.org/wikipedia/commons/c/ca/1x1.png,Yes
Posters — 14x14-inch — ver,"Personalised posters from Pixora. Upload your photo, preview on a live product mockup, and we print and ship premium quality to your door. Ideal for home décor or gifting.",flat_product_pf_14x14-inch_pt_80-lb-cover-uncoated_cl_4-0_ct_none_prt_none_sft_none_set_none_ver,https://upload.wikimedia.org/wikipedia/commons/c/ca/1x1.png,Yes
Posters — 150x200-mm — hor,"Personalised posters from Pixora. Upload your photo, preview on a live product mockup, and we print and ship premium quality to your door. Ideal for home décor or gifting.",flat_product_pf_150x200-mm_pt_170-gsm-coated-silk_cl_4-0_ct_none_prt_none_sft_none_set_none_hor,https://upload.wikimedia.org/wikipedia/commons/c/ca/1x1.png,Yes
Posters — 150x200-mm — ver,"Personalised posters from Pixora. Upload your photo, preview on a live product mockup, and we print and ship premium quality to your door. Ideal for home décor or gifting.",flat_product_pf_150x200-mm_pt_170-gsm-coated-silk_cl_4-0_ct_none_prt_none_sft_none_set_none_ver,https://upload.wikimedia.org/wikipedia/commons/c/ca/1x1.png,Yes
Posters — 150x200-mm — hor,"Personalised posters from Pixora. Upload your photo, preview on a live product mockup, and we print and ship premium quality to your door. Ideal for home décor or gifting.",flat_product_pf_150x200-mm_pt_170-gsm-uncoated_cl_4-0_ct_none_prt_none_sft_none_set_none_hor,https://upload.wikimedia.org/wikipedia/commons/c/ca/1x1.png,Yes
Posters — 150x200-mm — ver,"Personalised posters from Pixora. Upload your photo, preview on a live product mockup, and we print and ship premium quality to your door. Ideal for home décor or gifting.",flat_product_pf_150x200-mm_pt_170-gsm-uncoated_cl_4-0_ct_none_prt_none_sft_none_set_none_ver,https://upload.wikimedia.org/wikipedia/commons/c/ca/1x1.png,Yes
Posters — 150x200-mm — hor,"Personalised posters from Pixora. Upload your photo, preview on a live product mockup, and we print and ship premium quality to your door. Ideal for home décor or gifting.",flat_product_pf_150x200-mm_pt_200-gsm-coated-silk_cl_4-0_ct_none_prt_none_sft_none_set_none_hor,https://upload.wikimedia.org/wikipedia/commons/c/ca/1x1.png,Yes
Posters — 150x200-mm — ver,"Personalised posters from Pixora. Upload your photo, preview on a live product mockup, and we print and ship premium quality to your door. Ideal for home décor or gifting.",flat_product_pf_150x200-mm_pt_200-gsm-coated-silk_cl_4-0_ct_none_prt_none_sft_none_set_none_ver,https://upload.wikimedia.org/wikipedia/commons/c/ca/1x1.png,Yes
Posters — 150x200-mm — hor,"Personalised posters from Pixora. Upload your photo, preview on a live product mockup, and we print and ship premium quality to your door. Ideal for home décor or gifting.",flat_product_pf_150x200-mm_pt_200-gsm-uncoated_cl_4-0_ct_none_prt_none_sft_none_set_none_hor,https://upload.wikimedia.org/wikipedia/commons/c/ca/1x1.png,Yes
Posters — 150x200-mm — ver,"Personalised posters from Pixora. Upload your photo, preview on a live product mockup, and we print and ship premium quality to your door. Ideal for home décor or gifting.",flat_product_pf_150x200-mm_pt_200-gsm-uncoated_cl_4-0_ct_none_prt_none_sft_none_set_none_ver,https://upload.wikimedia.org/wikipedia/commons/c/ca/1x1.png,Yes
Posters — 150x200-mm — hor,"Personalised posters from Pixora. Upload your photo, preview on a live product mockup, and we print and ship premium quality to your door. Ideal for home décor or gifting.",flat_product_pf_150x200-mm_pt_250-gsm-uncoated-offwhite-archival_cl_4-0_ct_none_prt_none_sft_none_set_none_hor,https://upload.wikimedia.org/wikipedia/commons/c/ca/1x1.png,Yes
Posters — 150x200-mm — ver,"Personalised posters from Pixora. Upload your photo, preview on a live product mockup, and we print and ship premium quality to your door. Ideal for home décor or gifting.",flat_product_pf_150x200-mm_pt_250-gsm-uncoated-offwhite-archival_cl_4-0_ct_none_prt_none_sft_none_set_none_ver,https://upload.wikimedia.org/wikipedia/commons/c/ca/1x1.png,Yes
Posters — 16x16-inch — hor,"Personalised posters from Pixora. Upload your photo, preview on a live product mockup, and we print and ship premium quality to your door. Ideal for home décor or gifting.",flat_product_pf_16x16-inch_pt_100-lb-cover-uncoated-offwhite-archival_cl_4-0_ct_none_prt_none_sft_none_set_none_hor,https://upload.wikimedia.org/wikipedia/commons/c/ca/1x1.png,Yes
Posters — 16x16-inch — ver,"Personalised posters from Pixora. Upload your photo, preview on a live product mockup, and we print and ship premium quality to your door. Ideal for home décor or gifting.",flat_product_pf_16x16-inch_pt_100-lb-cover-uncoated-offwhite-archival_cl_4-0_ct_none_prt_none_sft_none_set_none_ver,https://upload.wikimedia.org/wikipedia/commons/c/ca/1x1.png,Yes
Posters — 16x16-inch — hor,"Personalised posters from Pixora. Upload your photo, preview on a live product mockup, and we print and ship premium quality to your door. Ideal for home décor or gifting.",flat_product_pf_16x16-inch_pt_170-gsm-coated-silk_cl_4-0_ct_none_prt_none_sft_none_set_none_hor,https://upload.wikimedia.org/wikipedia/commons/c/ca/1x1.png,Yes
Posters — 16x16-inch — ver,"Personalised posters from Pixora. Upload your photo, preview on a live product mockup, and we print and ship premium quality to your door. Ideal for home décor or gifting.",flat_product_pf_16x16-inch_pt_170-gsm-coated-silk_cl_4-0_ct_none_prt_none_sft_none_set_none_ver,https://upload.wikimedia.org/wikipedia/commons/c/ca/1x1.png,Yes
Posters — 16x16-inch — hor,"Personalised posters from Pixora. Upload your photo, preview on a live product mockup, and we print and ship premium quality to your door. Ideal for home décor or gifting.",flat_product_pf_16x16-inch_pt_170-gsm-uncoated_cl_4-0_ct_none_prt_none_sft_none_set_none_hor,https://upload.wikimedia.org/wikipedia/commons/c/ca/1x1.png,Yes
Posters — 16x16-inch — ver,"Personalised posters from Pixora. Upload your photo, preview on a live product mockup, and we print and ship premium quality to your door. Ideal for home décor or gifting.",flat_product_pf_16x16-inch_pt_170-gsm-uncoated_cl_4-0_ct_none_prt_none_sft_none_set_none_ver,https://upload.wikimedia.org/wikipedia/commons/c/ca/1x1.png,Yes
Posters — 16x16-inch — hor,"Personalised posters from Pixora. Upload your photo, preview on a live product mockup, and we print and ship premium quality to your door. Ideal for home décor or gifting.",flat_product_pf_16x16-inch_pt_200-gsm-coated-silk_cl_4-0_ct_none_prt_none_sft_none_set_none_hor,https://upload.wikimedia.org/wikipedia/commons/c/ca/1x1.png,Yes
Posters — 16x16-inch — ver,"Personalised posters from Pixora. Upload your photo, preview on a live product mockup, and we print and ship premium quality to your door. Ideal for home décor or gifting.",flat_product_pf_16x16-inch_pt_200-gsm-coated-silk_cl_4-0_ct_none_prt_none_sft_none_set_none_ver,https://upload.wikimedia.org/wikipedia/commons/c/ca/1x1.png,Yes
Posters — 16x16-inch — hor,"Personalised posters from Pixora. Upload your photo, preview on a live product mockup, and we print and ship premium quality to your door. Ideal for home décor or gifting.",flat_product_pf_16x16-inch_pt_200-gsm-uncoated_cl_4-0_ct_none_prt_none_sft_none_set_none_hor,https://upload.wikimedia.org/wikipedia/commons/c/ca/1x1.png,Yes
Posters — 16x16-inch — ver,"Personalised posters from Pixora. Upload your photo, preview on a live product mockup, and we print and ship premium quality to your door. Ideal for home décor or gifting.",flat_product_pf_16x16-inch_pt_200-gsm-uncoated_cl_4-0_ct_none_prt_none_sft_none_set_none_ver,https://upload.wikimedia.org/wikipedia/commons/c/ca/1x1.png,Yes
Posters — 16x16-inch — hor,"Personalised posters from Pixora. Upload your photo, preview on a live product mockup, and we print and ship premium quality to your door. Ideal for home décor or gifting.",flat_product_pf_16x16-inch_pt_65-lb-cover-coated-silk_cl_4-0_ct_none_prt_none_sft_none_set_none_hor,https://upload.wikimedia.org/wikipedia/commons/c/ca/1x1.png,Yes
Posters — 16x16-inch — ver,"Personalised posters from Pixora. Upload your photo, preview on a live product mockup, and we print and ship premium quality to your door. Ideal for home décor or gifting.",flat_product_pf_16x16-inch_pt_65-lb-cover-coated-silk_cl_4-0_ct_none_prt_none_sft_none_set_none_ver,https://upload.wikimedia.org/wikipedia/commons/c/ca/1x1.png,Yes
Posters — 16x16-inch — hor,"Personalised posters from Pixora. Upload your photo, preview on a live product mockup, and we print and ship premium quality to your door. Ideal for home décor or gifting.",flat_product_pf_16x16-inch_pt_65-lb-cover-uncoated_cl_4-0_ct_none_prt_none_sft_none_set_none_hor,https://upload.wikimedia.org/wikipedia/commons/c/ca/1x1.png,Yes
Posters — 16x16-inch — ver,"Personalised posters from Pixora. Upload your photo, preview on a live product mockup, and we print and ship premium quality to your door. Ideal for home décor or gifting.",flat_product_pf_16x16-inch_pt_65-lb-cover-uncoated_cl_4-0_ct_none_prt_none_sft_none_set_none_ver,https://upload.wikimedia.org/wikipedia/commons/c/ca/1x1.png,Yes
Posters — 16x16-inch — hor,"Personalised posters from Pixora. Upload your photo, preview on a live product mockup, and we print and ship premium quality to your door. Ideal for home décor or gifting.",flat_product_pf_16x16-inch_pt_80-lb-cover-coated-silk_cl_4-0_ct_none_prt_none_sft_none_set_none_hor,https://upload.wikimedia.org/wikipedia/commons/c/ca/1x1.png,Yes
Posters — 16x16-inch — ver,"Personalised posters from Pixora. Upload your photo, preview on a live product mockup, and we print and ship premium quality to your door. Ideal for home décor or gifting.",flat_product_pf_16x16-inch_pt_80-lb-cover-coated-silk_cl_4-0_ct_none_prt_none_sft_none_set_none_ver,https://upload.wikimedia.org/wikipedia/commons/c/ca/1x1.png,Yes
Posters — 16x16-inch — hor,"Personalised posters from Pixora. Upload your photo, preview on a live product mockup, and we print and ship premium quality to your door. Ideal for home décor or gifting.",flat_product_pf_16x16-inch_pt_80-lb-cover-uncoated_cl_4-0_ct_none_prt_none_sft_none_set_none_hor,https://upload.wikimedia.org/wikipedia/commons/c/ca/1x1.png,Yes
Posters — 16x16-inch — ver,"Personalised posters from Pixora. Upload your photo, preview on a live product mockup, and we print and ship premium quality to your door. Ideal for home décor or gifting.",flat_product_pf_16x16-inch_pt_80-lb-cover-uncoated_cl_4-0_ct_none_prt_none_sft_none_set_none_ver,https://upload.wikimedia.org/wikipedia/commons/c/ca/1x1.png,Yes
Posters — 16x20-inch — hor,"Personalised posters from Pixora. Upload your photo, preview on a live product mockup, and we print and ship premium quality to your door. Ideal for home décor or gifting.",flat_product_pf_16x20-inch_pt_100-lb-cover-uncoated-offwhite-archival_cl_4-0_ct_none_prt_none_sft_none_set_none_hor,https://upload.wikimedia.org/wikipedia/commons/c/ca/1x1.png,Yes
Posters — 16x20-inch — ver,"Personalised posters from Pixora. Upload your photo, preview on a live product mockup, and we print and ship premium quality to your door. Ideal for home décor or gifting.",flat_product_pf_16x20-inch_pt_100-lb-cover-uncoated-offwhite-archival_cl_4-0_ct_none_prt_none_sft_none_set_none_ver,https://upload.wikimedia.org/wikipedia/commons/c/ca/1x1.png,Yes
Posters — 16x20-inch — hor,"Personalised posters from Pixora. Upload your photo, preview on a live product mockup, and we print and ship premium quality to your door. Ideal for home décor or gifting.",flat_product_pf_16x20-inch_pt_170-gsm-coated-silk_cl_4-0_ct_none_prt_none_sft_none_set_none_hor,https://upload.wikimedia.org/wikipedia/commons/c/ca/1x1.png,Yes
Posters — 16x20-inch — ver,"Personalised posters from Pixora. Upload your photo, preview on a live product mockup, and we print and ship premium quality to your door. Ideal for home décor or gifting.",flat_product_pf_16x20-inch_pt_170-gsm-coated-silk_cl_4-0_ct_none_prt_none_sft_none_set_none_ver,https://upload.wikimedia.org/wikipedia/commons/c/ca/1x1.png,Yes
Posters — 16x20-inch — hor,"Personalised posters from Pixora. Upload your photo, preview on a live product mockup, and we print and ship premium quality to your door. Ideal for home décor or gifting.",flat_product_pf_16x20-inch_pt_170-gsm-uncoated_cl_4-0_ct_none_prt_none_sft_none_set_none_hor,https://upload.wikimedia.org/wikipedia/commons/c/ca/1x1.png,Yes
Posters — 16x20-inch — ver,"Personalised posters from Pixora. Upload your photo, preview on a live product mockup, and we print and ship premium quality to your door. Ideal for home décor or gifting.",flat_product_pf_16x20-inch_pt_170-gsm-uncoated_cl_4-0_ct_none_prt_none_sft_none_set_none_ver,https://upload.wikimedia.org/wikipedia/commons/c/ca/1x1.png,Yes
Posters — 16x20-inch — hor,"Personalised posters from Pixora. Upload your photo, preview on a live product mockup, and we print and ship premium quality to your door. Ideal for home décor or gifting.",flat_product_pf_16x20-inch_pt_200-gsm-coated-silk_cl_4-0_ct_none_prt_none_sft_none_set_none_hor,https://upload.wikimedia.org/wikipedia/commons/c/ca/1x1.png,Yes
Posters — 16x20-inch — ver,"Personalised posters from Pixora. Upload your photo, preview on a live product mockup, and we print and ship premium quality to your door. Ideal for home décor or gifting.",flat_product_pf_16x20-inch_pt_200-gsm-coated-silk_cl_4-0_ct_none_prt_none_sft_none_set_none_ver,https://upload.wikimedia.org/wikipedia/commons/c/ca/1x1.png,Yes
Posters — 16x20-inch — hor,"Personalised posters from Pixora. Upload your photo, preview on a live product mockup, and we print and ship premium quality to your door. Ideal for home décor or gifting.",flat_product_pf_16x20-inch_pt_200-gsm-uncoated_cl_4-0_ct_none_prt_none_sft_none_set_none_hor,https://upload.wikimedia.org/wikipedia/commons/c/ca/1x1.png,Yes
Posters — 16x20-inch — ver,"Personalised posters from Pixora. Upload your photo, preview on a live product mockup, and we print and ship premium quality to your door. Ideal for home décor or gifting.",flat_product_pf_16x20-inch_pt_200-gsm-uncoated_cl_4-0_ct_none_prt_none_sft_none_set_none_ver,https://upload.wikimedia.org/wikipedia/commons/c/ca/1x1.png,Yes
Posters — 16x20-inch — hor,"Personalised posters from Pixora. Upload your photo, preview on a live product mockup, and we print and ship premium quality to your door. Ideal for home décor or gifting.",flat_product_pf_16x20-inch_pt_65-lb-cover-coated-silk_cl_4-0_ct_none_prt_none_sft_none_set_none_hor,https://upload.wikimedia.org/wikipedia/commons/c/ca/1x1.png,Yes
Posters — 16x20-inch — ver,"Personalised posters from Pixora. Upload your photo, preview on a live product mockup, and we print and ship premium quality to your door. Ideal for home décor or gifting.",flat_product_pf_16x20-inch_pt_65-lb-cover-coated-silk_cl_4-0_ct_none_prt_none_sft_none_set_none_ver,https://upload.wikimedia.org/wikipedia/commons/c/ca/1x1.png,Yes
Posters — 16x20-inch — hor,"Personalised posters from Pixora. Upload your photo, preview on a live product mockup, and we print and ship premium quality to your door. Ideal for home décor or gifting.",flat_product_pf_16x20-inch_pt_65-lb-cover-uncoated_cl_4-0_ct_none_prt_none_sft_none_set_none_hor,https://upload.wikimedia.org/wikipedia/commons/c/ca/1x1.png,Yes
Posters — 16x20-inch — ver,"Personalised posters from Pixora. Upload your photo, preview on a live product mockup, and we print and ship premium quality to your door. Ideal for home décor or gifting.",flat_product_pf_16x20-inch_pt_65-lb-cover-uncoated_cl_4-0_ct_none_prt_none_sft_none_set_none_ver,https://upload.wikimedia.org/wikipedia/commons/c/ca/1x1.png,Yes
Posters — 16x20-inch — hor,"Personalised posters from Pixora. Upload your photo, preview on a live product mockup, and we print and ship premium quality to your door. Ideal for home décor or gifting.",flat_product_pf_16x20-inch_pt_80-lb-cover-coated-silk_cl_4-0_ct_none_prt_none_sft_none_set_none_hor,https://upload.wikimedia.org/wikipedia/commons/c/ca/1x1.png,Yes
Posters — 16x20-inch — ver,"Personalised posters from Pixora. Upload your photo, preview on a live product mockup, and we print and ship premium quality to your door. Ideal for home décor or gifting.",flat_product_pf_16x20-inch_pt_80-lb-cover-coated-silk_cl_4-0_ct_none_prt_none_sft_none_set_none_ver,https://upload.wikimedia.org/wikipedia/commons/c/ca/1x1.png,Yes
Posters — 16x20-inch — hor,"Personalised posters from Pixora. Upload your photo, preview on a live product mockup, and we print and ship premium quality to your door. Ideal for home décor or gifting.",flat_product_pf_16x20-inch_pt_80-lb-cover-uncoated_cl_4-0_ct_none_prt_none_sft_none_set_none_hor,https://upload.wikimedia.org/wikipedia/commons/c/ca/1x1.png,Yes
Posters — 16x20-inch — ver,"Personalised posters from Pixora. Upload your photo, preview on a live product mockup, and we print and ship premium quality to your door. Ideal for home décor or gifting.",flat_product_pf_16x20-inch_pt_80-lb-cover-uncoated_cl_4-0_ct_none_prt_none_sft_none_set_none_ver,https://upload.wikimedia.org/wikipedia/commons/c/ca/1x1.png,Yes
Posters — 18x18-inch — hor,"Personalised posters from Pixora. Upload your photo, preview on a live product mockup, and we print and ship premium quality to your door. Ideal for home décor or gifting.",flat_product_pf_18x18-inch_pt_100-lb-cover-uncoated-offwhite-archival_cl_4-0_ct_none_prt_none_sft_none_set_none_hor,https://upload.wikimedia.org/wikipedia/commons/c/ca/1x1.png,Yes
Posters — 18x18-inch — ver,"Personalised posters from Pixora. Upload your photo, preview on a live product mockup, and we print and ship premium quality to your door. Ideal for home décor or gifting.",flat_product_pf_18x18-inch_pt_100-lb-cover-uncoated-offwhite-archival_cl_4-0_ct_none_prt_none_sft_none_set_none_ver,https://upload.wikimedia.org/wikipedia/commons/c/ca/1x1.png,Yes
Posters — 18x18-inch — hor,"Personalised posters from Pixora. Upload your photo, preview on a live product mockup, and we print and ship premium quality to your door. Ideal for home décor or gifting.",flat_product_pf_18x18-inch_pt_170-gsm-coated-silk_cl_4-0_ct_none_prt_none_sft_none_set_none_hor,https://upload.wikimedia.org/wikipedia/commons/c/ca/1x1.png,Yes
Posters — 18x18-inch — ver,"Personalised posters from Pixora. Upload your photo, preview on a live product mockup, and we print and ship premium quality to your door. Ideal for home décor or gifting.",flat_product_pf_18x18-inch_pt_170-gsm-coated-silk_cl_4-0_ct_none_prt_none_sft_none_set_none_ver,https://upload.wikimedia.org/wikipedia/commons/c/ca/1x1.png,Yes
Posters — 18x18-inch — hor,"Personalised posters from Pixora. Upload your photo, preview on a live product mockup, and we print and ship premium quality to your door. Ideal for home décor or gifting.",flat_product_pf_18x18-inch_pt_170-gsm-uncoated_cl_4-0_ct_none_prt_none_sft_none_set_none_hor,https://upload.wikimedia.org/wikipedia/commons/c/ca/1x1.png,Yes
Posters — 18x18-inch — ver,"Personalised posters from Pixora. Upload your photo, preview on a live product mockup, and we print and ship premium quality to your door. Ideal for home décor or gifting.",flat_product_pf_18x18-inch_pt_170-gsm-uncoated_cl_4-0_ct_none_prt_none_sft_none_set_none_ver,https://upload.wikimedia.org/wikipedia/commons/c/ca/1x1.png,Yes
Posters — 18x18-inch — hor,"Personalised posters from Pixora. Upload your photo, preview on a live product mockup, and we print and ship premium quality to your door. Ideal for home décor or gifting.",flat_product_pf_18x18-inch_pt_200-gsm-coated-silk_cl_4-0_ct_none_prt_none_sft_none_set_none_hor,https://upload.wikimedia.org/wikipedia/commons/c/ca/1x1.png,Yes
Posters — 18x18-inch — ver,"Personalised posters from Pixora. Upload your photo, preview on a live product mockup, and we print and ship premium quality to your door. Ideal for home décor or gifting.",flat_product_pf_18x18-inch_pt_200-gsm-coated-silk_cl_4-0_ct_none_prt_none_sft_none_set_none_ver,https://upload.wikimedia.org/wikipedia/commons/c/ca/1x1.png,Yes
Posters — 18x18-inch — hor,"Personalised posters from Pixora. Upload your photo, preview on a live product mockup, and we print and ship premium quality to your door. Ideal for home décor or gifting.",flat_product_pf_18x18-inch_pt_200-gsm-uncoated_cl_4-0_ct_none_prt_none_sft_none_set_none_hor,https://upload.wikimedia.org/wikipedia/commons/c/ca/1x1.png,Yes
Posters — 18x18-inch — ver,"Personalised posters from Pixora. Upload your photo, preview on a live product mockup, and we print and ship premium quality to your door. Ideal for home décor or gifting.",flat_product_pf_18x18-inch_pt_200-gsm-uncoated_cl_4-0_ct_none_prt_none_sft_none_set_none_ver,https://upload.wikimedia.org/wikipedia/commons/c/ca/1x1.png,Yes
Posters — 18x18-inch — hor,"Personalised posters from Pixora. Upload your photo, preview on a live product mockup, and we print and ship premium quality to your door. Ideal for home décor or gifting.",flat_product_pf_18x18-inch_pt_65-lb-cover-coated-silk_cl_4-0_ct_none_prt_none_sft_none_set_none_hor,https://upload.wikimedia.org/wikipedia/commons/c/ca/1x1.png,Yes
Posters — 18x18-inch — ver,"Personalised posters from Pixora. Upload your photo, preview on a live product mockup, and we print and ship premium quality to your door. Ideal for home décor or gifting.",flat_product_pf_18x18-inch_pt_65-lb-cover-coated-silk_cl_4-0_ct_none_prt_none_sft_none_set_none_ver,https://upload.wikimedia.org/wikipedia/commons/c/ca/1x1.png,Yes
Posters — 18x18-inch — hor,"Personalised posters from Pixora. Upload your photo, preview on a live product mockup, and we print and ship premium quality to your door. Ideal for home décor or gifting.",flat_product_pf_18x18-inch_pt_65-lb-cover-uncoated_cl_4-0_ct_none_prt_none_sft_none_set_none_hor,https://upload.wikimedia.org/wikipedia/commons/c/ca/1x1.png,Yes
Posters — 18x18-inch — ver,"Personalised posters from Pixora. Upload your photo, preview on a live product mockup, and we print and ship premium quality to your door. Ideal for home décor or gifting.",flat_product_pf_18x18-inch_pt_65-lb-cover-uncoated_cl_4-0_ct_none_prt_none_sft_none_set_none_ver,https://upload.wikimedia.org/wikipedia/commons/c/ca/1x1.png,Yes
Posters — 18x18-inch — hor,"Personalised posters from Pixora. Upload your photo, preview on a live product mockup, and we print and ship premium quality to your door. Ideal for home décor or gifting.",flat_product_pf_18x18-inch_pt_80-lb-cover-coated-silk_cl_4-0_ct_none_prt_none_sft_none_set_none_hor,https://upload.wikimedia.org/wikipedia/commons/c/ca/1x1.png,Yes
Posters — 18x18-inch — ver,"Personalised posters from Pixora. Upload your photo, preview on a live product mockup, and we print and ship premium quality to your door. Ideal for home décor or gifting.",flat_product_pf_18x18-inch_pt_80-lb-cover-coated-silk_cl_4-0_ct_none_prt_none_sft_none_set_none_ver,https://upload.wikimedia.org/wikipedia/commons/c/ca/1x1.png,Yes
Posters — 18x18-inch — hor,"Personalised posters from Pixora. Upload your photo, preview on a live product mockup, and we print and ship premium quality to your door. Ideal for home décor or gifting.",flat_product_pf_18x18-inch_pt_80-lb-cover-uncoated_cl_4-0_ct_none_prt_none_sft_none_set_none_hor,https://upload.wikimedia.org/wikipedia/commons/c/ca/1x1.png,Yes
Posters — 18x18-inch — ver,"Personalised posters from Pixora. Upload your photo, preview on a live product mockup, and we print and ship premium quality to your door. Ideal for home décor or gifting.",flat_product_pf_18x18-inch_pt_80-lb-cover-uncoated_cl_4-0_ct_none_prt_none_sft_none_set_none_ver,https://upload.wikimedia.org/wikipedia/commons/c/ca/1x1.png,Yes
Posters — 18x24-inch — hor,"Personalised posters from Pixora. Upload your photo, preview on a live product mockup, and we print and ship premium quality to your door. Ideal for home décor or gifting.",flat_product_pf_18x24-inch_pt_100-lb-cover-uncoated-offwhite-archival_cl_4-0_ct_none_prt_none_sft_none_set_none_hor,https://upload.wikimedia.org/wikipedia/commons/c/ca/1x1.png,Yes
Posters — 18x24-inch — ver,"Personalised posters from Pixora. Upload your photo, preview on a live product mockup, and we print and ship premium quality to your door. Ideal for home décor or gifting.",flat_product_pf_18x24-inch_pt_100-lb-cover-uncoated-offwhite-archival_cl_4-0_ct_none_prt_none_sft_none_set_none_ver,https://upload.wikimedia.org/wikipedia/commons/c/ca/1x1.png,Yes
Posters — 18x24-inch — hor,"Personalised posters from Pixora. Upload your photo, preview on a live product mockup, and we print and ship premium quality to your door. Ideal for home décor or gifting.",flat_product_pf_18x24-inch_pt_170-gsm-coated-silk_cl_4-0_ct_none_prt_none_sft_none_set_none_hor,https://upload.wikimedia.org/wikipedia/commons/c/ca/1x1.png,Yes
Posters — 18x24-inch — ver,"Personalised posters from Pixora. Upload your photo, preview on a live product mockup, and we print and ship premium quality to your door. Ideal for home décor or gifting.",flat_product_pf_18x24-inch_pt_170-gsm-coated-silk_cl_4-0_ct_none_prt_none_sft_none_set_none_ver,https://upload.wikimedia.org/wikipedia/commons/c/ca/1x1.png,Yes
Posters — 18x24-inch — hor,"Personalised posters from Pixora. Upload your photo, preview on a live product mockup, and we print and ship premium quality to your door. Ideal for home décor or gifting.",flat_product_pf_18x24-inch_pt_170-gsm-uncoated_cl_4-0_ct_none_prt_none_sft_none_set_none_hor,https://upload.wikimedia.org/wikipedia/commons/c/ca/1x1.png,Yes
Posters — 18x24-inch — ver,"Personalised posters from Pixora. Upload your photo, preview on a live product mockup, and we print and ship premium quality to your door. Ideal for home décor or gifting.",flat_product_pf_18x24-inch_pt_170-gsm-uncoated_cl_4-0_ct_none_prt_none_sft_none_set_none_ver,https://upload.wikimedia.org/wikipedia/commons/c/ca/1x1.png,Yes
Posters — 18x24-inch — hor,"Personalised posters from Pixora. Upload your photo, preview on a live product mockup, and we print and ship premium quality to your door. Ideal for home décor or gifting.",flat_product_pf_18x24-inch_pt_200-gsm-coated-silk_cl_4-0_ct_none_prt_none_sft_none_set_none_hor,https://upload.wikimedia.org/wikipedia/commons/c/ca/1x1.png,Yes
Posters — 18x24-inch — ver,"Personalised posters from Pixora. Upload your photo, preview on a live product mockup, and we print and ship premium quality to your door. Ideal for home décor or gifting.",flat_product_pf_18x24-inch_pt_200-gsm-coated-silk_cl_4-0_ct_none_prt_none_sft_none_set_none_ver,https://upload.wikimedia.org/wikipedia/commons/c/ca/1x1.png,Yes
Posters — 18x24-inch — hor,"Personalised posters from Pixora. Upload your photo, preview on a live product mockup, and we print and ship premium quality to your door. Ideal for home décor or gifting.",flat_product_pf_18x24-inch_pt_200-gsm-uncoated_cl_4-0_ct_none_prt_none_sft_none_set_none_hor,https://upload.wikimedia.org/wikipedia/commons/c/ca/1x1.png,Yes
Posters — 18x24-inch — ver,"Personalised posters from Pixora. Upload your photo, preview on a live product mockup, and we print and ship premium quality to your door. Ideal for home décor or gifting.",flat_product_pf_18x24-inch_pt_200-gsm-uncoated_cl_4-0_ct_none_prt_none_sft_none_set_none_ver,https://upload.wikimedia.org/wikipedia/commons/c/ca/1x1.png,Yes
Posters — 18x24-inch — hor,"Personalised posters from Pixora. Upload your photo, preview on a live product mockup, and we print and ship premium quality to your door. Ideal for home décor or gifting.",flat_product_pf_18x24-inch_pt_65-lb-cover-coated-silk_cl_4-0_ct_none_prt_none_sft_none_set_none_hor,https://upload.wikimedia.org/wikipedia/commons/c/ca/1x1.png,Yes
Posters — 18x24-inch — ver,"Personalised posters from Pixora. Upload your photo, preview on a live product mockup, and we print and ship premium quality to your door. Ideal for home décor or gifting.",flat_product_pf_18x24-inch_pt_65-lb-cover-coated-silk_cl_4-0_ct_none_prt_none_sft_none_set_none_ver,https://upload.wikimedia.org/wikipedia/commons/c/ca/1x1.png,Yes
Posters — 18x24-inch — hor,"Personalised posters from Pixora. Upload your photo, preview on a live product mockup, and we print and ship premium quality to your door. Ideal for home décor or gifting.",flat_product_pf_18x24-inch_pt_65-lb-cover-uncoated_cl_4-0_ct_none_prt_none_sft_none_set_none_hor,https://upload.wikimedia.org/wikipedia/commons/c/ca/1x1.png,Yes
Posters — 18x24-inch — ver,"Personalised posters from Pixora. Upload your photo, preview on a live product mockup, and we print and ship premium quality to your door. Ideal for home décor or gifting.",flat_product_pf_18x24-inch_pt_65-lb-cover-uncoated_cl_4-0_ct_none_prt_none_sft_none_set_none_ver,https://upload.wikimedia.org/wikipedia/commons/c/ca/1x1.png,Yes
Posters — 18x24-inch — hor,"Personalised posters from Pixora. Upload your photo, preview on a live product mockup, and we print and ship premium quality to your door. Ideal for home décor or gifting.",flat_product_pf_18x24-inch_pt_80-lb-cover-coated-silk_cl_4-0_ct_none_prt_none_sft_none_set_none_hor,https://upload.wikimedia.org/wikipedia/commons/c/ca/1x1.png,Yes
Posters — 18x24-inch — ver,"Personalised posters from Pixora. Upload your photo, preview on a live product mockup, and we print and ship premium quality to your door. Ideal for home décor or gifting.",flat_product_pf_18x24-inch_pt_80-lb-cover-coated-silk_cl_4-0_ct_none_prt_none_sft_none_set_none_ver,https://upload.wikimedia.org/wikipedia/commons/c/ca/1x1.png,Yes
Posters — 18x24-inch — hor,"Personalised posters from Pixora. Upload your photo, preview on a live product mockup, and we print and ship premium quality to your door. Ideal for home décor or gifting.",flat_product_pf_18x24-inch_pt_80-lb-cover-uncoated_cl_4-0_ct_none_prt_none_sft_none_set_none_hor,https://upload.wikimedia.org/wikipedia/commons/c/ca/1x1.png,Yes
Posters — 18x24-inch — ver,"Personalised posters from Pixora. Upload your photo, preview on a live product mockup, and we print and ship premium quality to your door. Ideal for home décor or gifting.",flat_product_pf_18x24-inch_pt_80-lb-cover-uncoated_cl_4-0_ct_none_prt_none_sft_none_set_none_ver,https://upload.wikimedia.org/wikipedia/commons/c/ca/1x1.png,Yes
Posters — 200x250-mm — hor,"Personalised posters from Pixora. Upload your photo, preview on a live product mockup, and we print and ship premium quality to your door. Ideal for home décor or gifting.",flat_product_pf_200x250-mm_pt_250-gsm-uncoated-offwhite-archival_cl_4-0_ct_none_prt_none_sft_none_set_none_hor,https://upload.wikimedia.org/wikipedia/commons/c/ca/1x1.png,Yes
Posters — 200x250-mm — ver,"Personalised posters from Pixora. Upload your photo, preview on a live product mockup, and we print and ship premium quality to your door. Ideal for home décor or gifting.",flat_product_pf_200x250-mm_pt_250-gsm-uncoated-offwhite-archival_cl_4-0_ct_none_prt_none_sft_none_set_none_ver,https://upload.wikimedia.org/wikipedia/commons/c/ca/1x1.png,Yes
Posters — 20x20-inch — hor,"Personalised posters from Pixora. Upload your photo, preview on a live product mockup, and we print and ship premium quality to your door. Ideal for home décor or gifting.",flat_product_pf_20x20-inch_pt_100-lb-cover-uncoated-offwhite-archival_cl_4-0_ct_none_prt_none_sft_none_set_none_hor,https://upload.wikimedia.org/wikipedia/commons/c/ca/1x1.png,Yes
Posters — 20x20-inch — ver,"Personalised posters from Pixora. Upload your photo, preview on a live product mockup, and we print and ship premium quality to your door. Ideal for home décor or gifting.",flat_product_pf_20x20-inch_pt_100-lb-cover-uncoated-offwhite-archival_cl_4-0_ct_none_prt_none_sft_none_set_none_ver,https://upload.wikimedia.org/wikipedia/commons/c/ca/1x1.png,Yes
Posters — 20x20-inch — hor,"Personalised posters from Pixora. Upload your photo, preview on a live product mockup, and we print and ship premium quality to your door. Ideal for home décor or gifting.",flat_product_pf_20x20-inch_pt_170-gsm-coated-silk_cl_4-0_ct_none_prt_none_sft_none_set_none_hor,https://upload.wikimedia.org/wikipedia/commons/c/ca/1x1.png,Yes
Posters — 20x20-inch — ver,"Personalised posters from Pixora. Upload your photo, preview on a live product mockup, and we print and ship premium quality to your door. Ideal for home décor or gifting.",flat_product_pf_20x20-inch_pt_170-gsm-coated-silk_cl_4-0_ct_none_prt_none_sft_none_set_none_ver,https://upload.wikimedia.org/wikipedia/commons/c/ca/1x1.png,Yes
Posters — 20x20-inch — hor,"Personalised posters from Pixora. Upload your photo, preview on a live product mockup, and we print and ship premium quality to your door. Ideal for home décor or gifting.",flat_product_pf_20x20-inch_pt_170-gsm-uncoated_cl_4-0_ct_none_prt_none_sft_none_set_none_hor,https://upload.wikimedia.org/wikipedia/commons/c/ca/1x1.png,Yes
Posters — 20x20-inch — ver,"Personalised posters from Pixora. Upload your photo, preview on a live product mockup, and we print and ship premium quality to your door. Ideal for home décor or gifting.",flat_product_pf_20x20-inch_pt_170-gsm-uncoated_cl_4-0_ct_none_prt_none_sft_none_set_none_ver,https://upload.wikimedia.org/wikipedia/commons/c/ca/1x1.png,Yes
Posters — 20x20-inch — hor,"Personalised posters from Pixora. Upload your photo, preview on a live product mockup, and we print and ship premium quality to your door. Ideal for home décor or gifting.",flat_product_pf_20x20-inch_pt_200-gsm-coated-silk_cl_4-0_ct_none_prt_none_sft_none_set_none_hor,https://upload.wikimedia.org/wikipedia/commons/c/ca/1x1.png,Yes
Posters — 20x20-inch — ver,"Personalised posters from Pixora. Upload your photo, preview on a live product mockup, and we print and ship premium quality to your door. Ideal for home décor or gifting.",flat_product_pf_20x20-inch_pt_200-gsm-coated-silk_cl_4-0_ct_none_prt_none_sft_none_set_none_ver,https://upload.wikimedia.org/wikipedia/commons/c/ca/1x1.png,Yes
Posters — 20x20-inch — hor,"Personalised posters from Pixora. Upload your photo, preview on a live product mockup, and we print and ship premium quality to your door. Ideal for home décor or gifting.",flat_product_pf_20x20-inch_pt_200-gsm-uncoated_cl_4-0_ct_none_prt_none_sft_none_set_none_hor,https://upload.wikimedia.org/wikipedia/commons/c/ca/1x1.png,Yes
Posters — 20x20-inch — ver,"Personalised posters from Pixora. Upload your photo, preview on a live product mockup, and we print and ship premium quality to your door. Ideal for home décor or gifting.",flat_product_pf_20x20-inch_pt_200-gsm-uncoated_cl_4-0_ct_none_prt_none_sft_none_set_none_ver,https://upload.wikimedia.org/wikipedia/commons/c/ca/1x1.png,Yes
Posters — 20x20-inch — hor,"Personalised posters from Pixora. Upload your photo, preview on a live product mockup, and we print and ship premium quality to your door. Ideal for home décor or gifting.",flat_product_pf_20x20-inch_pt_65-lb-cover-coated-silk_cl_4-0_ct_none_prt_none_sft_none_set_none_hor,https://upload.wikimedia.org/wikipedia/commons/c/ca/1x1.png,Yes
Posters — 20x20-inch — ver,"Personalised posters from Pixora. Upload your photo, preview on a live product mockup, and we print and ship premium quality to your door. Ideal for home décor or gifting.",flat_product_pf_20x20-inch_pt_65-lb-cover-coated-silk_cl_4-0_ct_none_prt_none_sft_none_set_none_ver,https://upload.wikimedia.org/wikipedia/commons/c/ca/1x1.png,Yes
Posters — 20x20-inch — hor,"Personalised posters from Pixora. Upload your photo, preview on a live product mockup, and we print and ship premium quality to your door. Ideal for home décor or gifting.",flat_product_pf_20x20-inch_pt_65-lb-cover-uncoated_cl_4-0_ct_none_prt_none_sft_none_set_none_hor,https://upload.wikimedia.org/wikipedia/commons/c/ca/1x1.png,Yes
Posters — 20x20-inch — ver,"Personalised posters from Pixora. Upload your photo, preview on a live product mockup, and we print and ship premium quality to your door. Ideal for home décor or gifting.",flat_product_pf_20x20-inch_pt_65-lb-cover-uncoated_cl_4-0_ct_none_prt_none_sft_none_set_none_ver,https://upload.wikimedia.org/wikipedia/commons/c/ca/1x1.png,Yes
Posters — 20x20-inch — hor,"Personalised posters from Pixora. Upload your photo, preview on a live product mockup, and we print and ship premium quality to your door. Ideal for home décor or gifting.",flat_product_pf_20x20-inch_pt_80-lb-cover-coated-silk_cl_4-0_ct_none_prt_none_sft_none_set_none_hor,https://upload.wikimedia.org/wikipedia/commons/c/ca/1x1.png,Yes
Posters — 20x20-inch — ver,"Personalised posters from Pixora. Upload your photo, preview on a live product mockup, and we print and ship premium quality to your door. Ideal for home décor or gifting.",flat_product_pf_20x20-inch_pt_80-lb-cover-coated-silk_cl_4-0_ct_none_prt_none_sft_none_set_none_ver,https://upload.wikimedia.org/wikipedia/commons/c/ca/1x1.png,Yes
Posters — 20x20-inch — hor,"Personalised posters from Pixora. Upload your photo, preview on a live product mockup, and we print and ship premium quality to your door. Ideal for home décor or gifting.",flat_product_pf_20x20-inch_pt_80-lb-cover-uncoated_cl_4-0_ct_none_prt_none_sft_none_set_none_hor,https://upload.wikimedia.org/wikipedia/commons/c/ca/1x1.png,Yes
Posters — 20x20-inch — ver,"Personalised posters from Pixora. Upload your photo, preview on a live product mockup, and we print and ship premium quality to your door. Ideal for home décor or gifting.",flat_product_pf_20x20-inch_pt_80-lb-cover-uncoated_cl_4-0_ct_none_prt_none_sft_none_set_none_ver,https://upload.wikimedia.org/wikipedia/commons/c/ca/1x1.png,Yes
Posters — 20x28-inch — hor,"Personalised posters from Pixora. Upload your photo, preview on a live product mockup, and we print and ship premium quality to your door. Ideal for home décor or gifting.",flat_product_pf_20x28-inch_pt_100-lb-cover-uncoated-offwhite-archival_cl_4-0_ct_none_prt_none_sft_none_set_none_hor,https://upload.wikimedia.org/wikipedia/commons/c/ca/1x1.png,Yes
Posters — 20x28-inch — ver,"Personalised posters from Pixora. Upload your photo, preview on a live product mockup, and we print and ship premium quality to your door. Ideal for home décor or gifting.",flat_product_pf_20x28-inch_pt_100-lb-cover-uncoated-offwhite-archival_cl_4-0_ct_none_prt_none_sft_none_set_none_ver,https://upload.wikimedia.org/wikipedia/commons/c/ca/1x1.png,Yes
Posters — 20x28-inch — hor,"Personalised posters from Pixora. Upload your photo, preview on a live product mockup, and we print and ship premium quality to your door. Ideal for home décor or gifting.",flat_product_pf_20x28-inch_pt_170-gsm-coated-silk_cl_4-0_ct_none_prt_none_sft_none_set_none_hor,https://upload.wikimedia.org/wikipedia/commons/c/ca/1x1.png,Yes
Posters — 20x28-inch — ver,"Personalised posters from Pixora. Upload your photo, preview on a live product mockup, and we print and ship premium quality to your door. Ideal for home décor or gifting.",flat_product_pf_20x28-inch_pt_170-gsm-coated-silk_cl_4-0_ct_none_prt_none_sft_none_set_none_ver,https://upload.wikimedia.org/wikipedia/commons/c/ca/1x1.png,Yes
Posters — 20x28-inch — hor,"Personalised posters from Pixora. Upload your photo, preview on a live product mockup, and we print and ship premium quality to your door. Ideal for home décor or gifting.",flat_product_pf_20x28-inch_pt_170-gsm-uncoated_cl_4-0_ct_none_prt_none_sft_none_set_none_hor,https://upload.wikimedia.org/wikipedia/commons/c/ca/1x1.png,Yes
Posters — 20x28-inch — ver,"Personalised posters from Pixora. Upload your photo, preview on a live product mockup, and we print and ship premium quality to your door. Ideal for home décor or gifting.",flat_product_pf_20x28-inch_pt_170-gsm-uncoated_cl_4-0_ct_none_prt_none_sft_none_set_none_ver,https://upload.wikimedia.org/wikipedia/commons/c/ca/1x1.png,Yes
Posters — 20x28-inch — hor,"Personalised posters from Pixora. Upload your photo, preview on a live product mockup, and we print and ship premium quality to your door. Ideal for home décor or gifting.",flat_product_pf_20x28-inch_pt_200-gsm-coated-silk_cl_4-0_ct_none_prt_none_sft_none_set_none_hor,https://upload.wikimedia.org/wikipedia/commons/c/ca/1x1.png,Yes
Posters — 20x28-inch — ver,"Personalised posters from Pixora. Upload your photo, preview on a live product mockup, and we print and ship premium quality to your door. Ideal for home décor or gifting.",flat_product_pf_20x28-inch_pt_200-gsm-coated-silk_cl_4-0_ct_none_prt_none_sft_none_set_none_ver,https://upload.wikimedia.org/wikipedia/commons/c/ca/1x1.png,Yes
Posters — 20x28-inch — hor,"Personalised posters from Pixora. Upload your photo, preview on a live product mockup, and we print and ship premium quality to your door. Ideal for home décor or gifting.",flat_product_pf_20x28-inch_pt_200-gsm-uncoated_cl_4-0_ct_none_prt_none_sft_none_set_none_hor,https://upload.wikimedia.org/wikipedia/commons/c/ca/1x1.png,Yes
Posters — 20x28-inch — ver,"Personalised posters from Pixora. Upload your photo, preview on a live product mockup, and we print and ship premium quality to your door. Ideal for home décor or gifting.",flat_product_pf_20x28-inch_pt_200-gsm-uncoated_cl_4-0_ct_none_prt_none_sft_none_set_none_ver,https://upload.wikimedia.org/wikipedia/commons/c/ca/1x1.png,Yes
Posters — 20x28-inch — hor,"Personalised posters from Pixora. Upload your photo, preview on a live product mockup, and we print and ship premium quality to your door. Ideal for home décor or gifting.",flat_product_pf_20x28-inch_pt_65-lb-cover-coated-silk_cl_4-0_ct_none_prt_none_sft_none_set_none_hor,https://upload.wikimedia.org/wikipedia/commons/c/ca/1x1.png,Yes
Posters — 20x28-inch — ver,"Personalised posters from Pixora. Upload your photo, preview on a live product mockup, and we print and ship premium quality to your door. Ideal for home décor or gifting.",flat_product_pf_20x28-inch_pt_65-lb-cover-coated-silk_cl_4-0_ct_none_prt_none_sft_none_set_none_ver,https://upload.wikimedia.org/wikipedia/commons/c/ca/1x1.png,Yes
Posters — 20x28-inch — hor,"Personalised posters from Pixora. Upload your photo, preview on a live product mockup, and we print and ship premium quality to your door. Ideal for home décor or gifting.",flat_product_pf_20x28-inch_pt_65-lb-cover-uncoated_cl_4-0_ct_none_prt_none_sft_none_set_none_hor,https://upload.wikimedia.org/wikipedia/commons/c/ca/1x1.png,Yes
Posters — 20x28-inch — ver,"Personalised posters from Pixora. Upload your photo, preview on a live product mockup, and we print and ship premium quality to your door. Ideal for home décor or gifting.",flat_product_pf_20x28-inch_pt_65-lb-cover-uncoated_cl_4-0_ct_none_prt_none_sft_none_set_none_ver,https://upload.wikimedia.org/wikipedia/commons/c/ca/1x1.png,Yes
Posters — 20x28-inch — hor,"Personalised posters from Pixora. Upload your photo, preview on a live product mockup, and we print and ship premium quality to your door. Ideal for home décor or gifting.",flat_product_pf_20x28-inch_pt_80-lb-cover-coated-silk_cl_4-0_ct_none_prt_none_sft_none_set_none_hor,https://upload.wikimedia.org/wikipedia/commons/c/ca/1x1.png,Yes
Posters — 20x28-inch — ver,"Personalised posters from Pixora. Upload your photo, preview on a live product mockup, and we print and ship premium quality to your door. Ideal for home décor or gifting.",flat_product_pf_20x28-inch_pt_80-lb-cover-coated-silk_cl_4-0_ct_none_prt_none_sft_none_set_none_ver,https://upload.wikimedia.org/wikipedia/commons/c/ca/1x1.png,Yes
Posters — 20x28-inch — hor,"Personalised posters from Pixora. Upload your photo, preview on a live product mockup, and we print and ship premium quality to your door. Ideal for home décor or gifting.",flat_product_pf_20x28-inch_pt_80-lb-cover-uncoated_cl_4-0_ct_none_prt_none_sft_none_set_none_hor,https://upload.wikimedia.org/wikipedia/commons/c/ca/1x1.png,Yes
Posters — 20x28-inch — ver,"Personalised posters from Pixora. Upload your photo, preview on a live product mockup, and we print and ship premium quality to your door. Ideal for home décor or gifting.",flat_product_pf_20x28-inch_pt_80-lb-cover-uncoated_cl_4-0_ct_none_prt_none_sft_none_set_none_ver,https://upload.wikimedia.org/wikipedia/commons/c/ca/1x1.png,Yes
Posters — 210x300-mm — hor,"Personalised posters from Pixora. Upload your photo, preview on a live product mockup, and we print and ship premium quality to your door. Ideal for home décor or gifting.",flat_product_pf_210x300-mm_pt_170-gsm-uncoated_cl_4-0_ct_none_prt_none_sft_none_set_none_hor,https://upload.wikimedia.org/wikipedia/commons/c/ca/1x1.png,Yes
Posters — 210x300-mm — ver,"Personalised posters from Pixora. Upload your photo, preview on a live product mockup, and we print and ship premium quality to your door. Ideal for home décor or gifting.",flat_product_pf_210x300-mm_pt_170-gsm-uncoated_cl_4-0_ct_none_prt_none_sft_none_set_none_ver,https://upload.wikimedia.org/wikipedia/commons/c/ca/1x1.png,Yes
Posters — 210x300-mm — hor,"Personalised posters from Pixora. Upload your photo, preview on a live product mockup, and we print and ship premium quality to your door. Ideal for home décor or gifting.",flat_product_pf_210x300-mm_pt_200-gsm-coated-silk_cl_4-0_ct_none_prt_none_sft_none_set_none_hor,https://upload.wikimedia.org/wikipedia/commons/c/ca/1x1.png,Yes
Posters — 210x300-mm — ver,"Personalised posters from Pixora. Upload your photo, preview on a live product mockup, and we print and ship premium quality to your door. Ideal for home décor or gifting.",flat_product_pf_210x300-mm_pt_200-gsm-coated-silk_cl_4-0_ct_none_prt_none_sft_none_set_none_ver,https://upload.wikimedia.org/wikipedia/commons/c/ca/1x1.png,Yes
Posters — 210x300-mm — hor,"Personalised posters from Pixora. Upload your photo, preview on a live product mockup, and we print and ship premium quality to your door. Ideal for home décor or gifting.",flat_product_pf_210x300-mm_pt_200-gsm-uncoated_cl_4-0_ct_none_prt_none_sft_none_set_none_hor,https://upload.wikimedia.org/wikipedia/commons/c/ca/1x1.png,Yes
Posters — 210x300-mm — ver,"Personalised posters from Pixora. Upload your photo, preview on a live product mockup, and we print and ship premium quality to your door. Ideal for home décor or gifting.",flat_product_pf_210x300-mm_pt_200-gsm-uncoated_cl_4-0_ct_none_prt_none_sft_none_set_none_ver,https://upload.wikimedia.org/wikipedia/commons/c/ca/1x1.png,Yes
Posters — 210x300-mm — hor,"Personalised posters from Pixora. Upload your photo, preview on a live product mockup, and we print and ship premium quality to your door. Ideal for home décor or gifting.",flat_product_pf_210x300-mm_pt_65-lb-cover-coated-silk_cl_4-0_ct_none_prt_none_sft_none_set_none_hor,https://upload.wikimedia.org/wikipedia/commons/c/ca/1x1.png,Yes
Posters — 210x300-mm — ver,"Personalised posters from Pixora. Upload your photo, preview on a live product mockup, and we print and ship premium quality to your door. Ideal for home décor or gifting.",flat_product_pf_210x300-mm_pt_65-lb-cover-coated-silk_cl_4-0_ct_none_prt_none_sft_none_set_none_ver,https://upload.wikimedia.org/wikipedia/commons/c/ca/1x1.png,Yes
Posters — 210x300-mm — hor,"Personalised posters from Pixora. Upload your photo, preview on a live product mockup, and we print and ship premium quality to your door. Ideal for home décor or gifting.",flat_product_pf_210x300-mm_pt_65-lb-cover-uncoated_cl_4-0_ct_none_prt_none_sft_none_set_none_hor,https://upload.wikimedia.org/wikipedia/commons/c/ca/1x1.png,Yes
Posters — 210x300-mm — ver,"Personalised posters from Pixora. Upload your photo, preview on a live product mockup, and we print and ship premium quality to your door. Ideal for home décor or gifting.",flat_product_pf_210x300-mm_pt_65-lb-cover-uncoated_cl_4-0_ct_none_prt_none_sft_none_set_none_ver,https://upload.wikimedia.org/wikipedia/commons/c/ca/1x1.png,Yes
Posters — 210x300-mm — hor,"Personalised posters from Pixora. Upload your photo, preview on a live product mockup, and we print and ship premium quality to your door. Ideal for home décor or gifting.",flat_product_pf_210x300-mm_pt_80-lb-cover-coated-silk_cl_4-0_ct_none_prt_none_sft_none_set_none_hor,https://upload.wikimedia.org/wikipedia/commons/c/ca/1x1.png,Yes
Posters — 210x300-mm — ver,"Personalised posters from Pixora. Upload your photo, preview on a live product mockup, and we print and ship premium quality to your door. Ideal for home décor or gifting.",flat_product_pf_210x300-mm_pt_80-lb-cover-coated-silk_cl_4-0_ct_none_prt_none_sft_none_set_none_ver,https://upload.wikimedia.org/wikipedia/commons/c/ca/1x1.png,Yes
Posters — 210x300-mm — hor,"Personalised posters from Pixora. Upload your photo, preview on a live product mockup, and we print and ship premium quality to your door. Ideal for home décor or gifting.",flat_product_pf_210x300-mm_pt_80-lb-cover-uncoated_cl_4-0_ct_none_prt_none_sft_none_set_none_hor,https://upload.wikimedia.org/wikipedia/commons/c/ca/1x1.png,Yes
Posters — 210x300-mm — ver,"Personalised posters from Pixora. Upload your photo, preview on a live product mockup, and we print and ship premium quality to your door. Ideal for home décor or gifting.",flat_product_pf_210x300-mm_pt_80-lb-cover-uncoated_cl_4-0_ct_none_prt_none_sft_none_set_none_ver,https://upload.wikimedia.org/wikipedia/commons/c/ca/1x1.png,Yes
Posters — 24x32-inch — hor,"Personalised posters from Pixora. Upload your photo, preview on a live product mockup, and we print and ship premium quality to your door. Ideal for home décor or gifting.",flat_product_pf_24x32-inch_pt_100-lb-cover-uncoated-offwhite-archival_cl_4-0_ct_none_prt_none_sft_none_set_none_hor,https://upload.wikimedia.org/wikipedia/commons/c/ca/1x1.png,Yes
Posters — 24x32-inch — ver,"Personalised posters from Pixora. Upload your photo, preview on a live product mockup, and we print and ship premium quality to your door. Ideal for home décor or gifting.",flat_product_pf_24x32-inch_pt_100-lb-cover-uncoated-offwhite-archival_cl_4-0_ct_none_prt_none_sft_none_set_none_ver,https://upload.wikimedia.org/wikipedia/commons/c/ca/1x1.png,Yes
Posters — 24x32-inch — hor,"Personalised posters from Pixora. Upload your photo, preview on a live product mockup, and we print and ship premium quality to your door. Ideal for home décor or gifting.",flat_product_pf_24x32-inch_pt_170-gsm-coated-silk_cl_4-0_ct_none_prt_none_sft_none_set_none_hor,https://upload.wikimedia.org/wikipedia/commons/c/ca/1x1.png,Yes
Posters — 24x32-inch — ver,"Personalised posters from Pixora. Upload your photo, preview on a live product mockup, and we print and ship premium quality to your door. Ideal for home décor or gifting.",flat_product_pf_24x32-inch_pt_170-gsm-coated-silk_cl_4-0_ct_none_prt_none_sft_none_set_none_ver,https://upload.wikimedia.org/wikipedia/commons/c/ca/1x1.png,Yes
Posters — 24x32-inch — hor,"Personalised posters from Pixora. Upload your photo, preview on a live product mockup, and we print and ship premium quality to your door. Ideal for home décor or gifting.",flat_product_pf_24x32-inch_pt_170-gsm-uncoated_cl_4-0_ct_none_prt_none_sft_none_set_none_hor,https://upload.wikimedia.org/wikipedia/commons/c/ca/1x1.png,Yes
Posters — 24x32-inch — ver,"Personalised posters from Pixora. Upload your photo, preview on a live product mockup, and we print and ship premium quality to your door. Ideal for home décor or gifting.",flat_product_pf_24x32-inch_pt_170-gsm-uncoated_cl_4-0_ct_none_prt_none_sft_none_set_none_ver,https://upload.wikimedia.org/wikipedia/commons/c/ca/1x1.png,Yes
Posters — 24x32-inch — hor,"Personalised posters from Pixora. Upload your photo, preview on a live product mockup, and we print and ship premium quality to your door. Ideal for home décor or gifting.",flat_product_pf_24x32-inch_pt_200-gsm-coated-silk_cl_4-0_ct_none_prt_none_sft_none_set_none_hor,https://upload.wikimedia.org/wikipedia/commons/c/ca/1x1.png,Yes
Posters — 24x32-inch — ver,"Personalised posters from Pixora. Upload your photo, preview on a live product mockup, and we print and ship premium quality to your door. Ideal for home décor or gifting.",flat_product_pf_24x32-inch_pt_200-gsm-coated-silk_cl_4-0_ct_none_prt_none_sft_none_set_none_ver,https://upload.wikimedia.org/wikipedia/commons/c/ca/1x1.png,Yes
Posters — 24x32-inch — hor,"Personalised posters from Pixora. Upload your photo, preview on a live product mockup, and we print and ship premium quality to your door. Ideal for home décor or gifting.",flat_product_pf_24x32-inch_pt_200-gsm-uncoated_cl_4-0_ct_none_prt_none_sft_none_set_none_hor,https://upload.wikimedia.org/wikipedia/commons/c/ca/1x1.png,Yes
Posters — 24x32-inch — ver,"Personalised posters from Pixora. Upload your photo, preview on a live product mockup, and we print and ship premium quality to your door. Ideal for home décor or gifting.",flat_product_pf_24x32-inch_pt_200-gsm-uncoated_cl_4-0_ct_none_prt_none_sft_none_set_none_ver,https://upload.wikimedia.org/wikipedia/commons/c/ca/1x1.png,Yes
Posters — 24x32-inch — hor,"Personalised posters from Pixora. Upload your photo, preview on a live product mockup, and we print and ship premium quality to your door. Ideal for home décor or gifting.",flat_product_pf_24x32-inch_pt_65-lb-cover-coated-silk_cl_4-0_ct_none_prt_none_sft_none_set_none_hor,https://upload.wikimedia.org/wikipedia/commons/c/ca/1x1.png,Yes
Posters — 24x32-inch — ver,"Personalised posters from Pixora. Upload your photo, preview on a live product mockup, and we print and ship premium quality to your door. Ideal for home décor or gifting.",flat_product_pf_24x32-inch_pt_65-lb-cover-coated-silk_cl_4-0_ct_none_prt_none_sft_none_set_none_ver,https://upload.wikimedia.org/wikipedia/commons/c/ca/1x1.png,Yes
Posters — 24x32-inch — hor,"Personalised posters from Pixora. Upload your photo, preview on a live product mockup, and we print and ship premium quality to your door. Ideal for home décor or gifting.",flat_product_pf_24x32-inch_pt_65-lb-cover-uncoated_cl_4-0_ct_none_prt_none_sft_none_set_none_hor,https://upload.wikimedia.org/wikipedia/commons/c/ca/1x1.png,Yes
Posters — 24x32-inch — ver,"Personalised posters from Pixora. Upload your photo, preview on a live product mockup, and we print and ship premium quality to your door. Ideal for home décor or gifting.",flat_product_pf_24x32-inch_pt_65-lb-cover-uncoated_cl_4-0_ct_none_prt_none_sft_none_set_none_ver,https://upload.wikimedia.org/wikipedia/commons/c/ca/1x1.png,Yes
Posters — 24x32-inch — hor,"Personalised posters from Pixora. Upload your photo, preview on a live product mockup, and we print and ship premium quality to your door. Ideal for home décor or gifting.",flat_product_pf_24x32-inch_pt_80-lb-cover-coated-silk_cl_4-0_ct_none_prt_none_sft_none_set_none_hor,https://upload.wikimedia.org/wikipedia/commons/c/ca/1x1.png,Yes
Posters — 24x32-inch — ver,"Personalised posters from Pixora. Upload your photo, preview on a live product mockup, and we print and ship premium quality to your door. Ideal for home décor or gifting.",flat_product_pf_24x32-inch_pt_80-lb-cover-coated-silk_cl_4-0_ct_none_prt_none_sft_none_set_none_ver,https://upload.wikimedia.org/wikipedia/commons/c/ca/1x1.png,Yes
Posters — 24x32-inch — hor,"Personalised posters from Pixora. Upload your photo, preview on a live product mockup, and we print and ship premium quality to your door. Ideal for home décor or gifting.",flat_product_pf_24x32-inch_pt_80-lb-cover-uncoated_cl_4-0_ct_none_prt_none_sft_none_set_none_hor,https://upload.wikimedia.org/wikipedia/commons/c/ca/1x1.png,Yes
Posters — 24x32-inch — ver,"Personalised posters from Pixora. Upload your photo, preview on a live product mockup, and we print and ship premium quality to your door. Ideal for home décor or gifting.",flat_product_pf_24x32-inch_pt_80-lb-cover-uncoated_cl_4-0_ct_none_prt_none_sft_none_set_none_ver,https://upload.wikimedia.org/wikipedia/commons/c/ca/1x1.png,Yes
Posters — 24x36-inch — hor,"Personalised posters from Pixora. Upload your photo, preview on a live product mockup, and we print and ship premium quality to your door. Ideal for home décor or gifting.",flat_product_pf_24x36-inch_pt_100-lb-cover-uncoated-offwhite-archival_cl_4-0_ct_none_prt_none_sft_none_set_none_hor,https://upload.wikimedia.org/wikipedia/commons/c/ca/1x1.png,Yes
Posters — 24x36-inch — ver,"Personalised posters from Pixora. Upload your photo, preview on a live product mockup, and we print and ship premium quality to your door. Ideal for home décor or gifting.",flat_product_pf_24x36-inch_pt_100-lb-cover-uncoated-offwhite-archival_cl_4-0_ct_none_prt_none_sft_none_set_none_ver,https://upload.wikimedia.org/wikipedia/commons/c/ca/1x1.png,Yes
Posters — 24x36-inch — hor,"Personalised posters from Pixora. Upload your photo, preview on a live product mockup, and we print and ship premium quality to your door. Ideal for home décor or gifting.",flat_product_pf_24x36-inch_pt_170-gsm-coated-silk_cl_4-0_ct_none_prt_none_sft_none_set_none_hor,https://upload.wikimedia.org/wikipedia/commons/c/ca/1x1.png,Yes
Posters — 24x36-inch — ver,"Personalised posters from Pixora. Upload your photo, preview on a live product mockup, and we print and ship premium quality to your door. Ideal for home décor or gifting.",flat_product_pf_24x36-inch_pt_170-gsm-coated-silk_cl_4-0_ct_none_prt_none_sft_none_set_none_ver,https://upload.wikimedia.org/wikipedia/commons/c/ca/1x1.png,Yes
Posters — 24x36-inch — hor,"Personalised posters from Pixora. Upload your photo, preview on a live product mockup, and we print and ship premium quality to your door. Ideal for home décor or gifting.",flat_product_pf_24x36-inch_pt_170-gsm-uncoated_cl_4-0_ct_none_prt_none_sft_none_set_none_hor,https://upload.wikimedia.org/wikipedia/commons/c/ca/1x1.png,Yes
Posters — 24x36-inch — ver,"Personalised posters from Pixora. Upload your photo, preview on a live product mockup, and we print and ship premium quality to your door. Ideal for home décor or gifting.",flat_product_pf_24x36-inch_pt_170-gsm-uncoated_cl_4-0_ct_none_prt_none_sft_none_set_none_ver,https://upload.wikimedia.org/wikipedia/commons/c/ca/1x1.png,Yes
Posters — 24x36-inch — hor,"Personalised posters from Pixora. Upload your photo, preview on a live product mockup, and we print and ship premium quality to your door. Ideal for home décor or gifting.",flat_product_pf_24x36-inch_pt_200-gsm-coated-silk_cl_4-0_ct_none_prt_none_sft_none_set_none_hor,https://upload.wikimedia.org/wikipedia/commons/c/ca/1x1.png,Yes
Posters — 24x36-inch — ver,"Personalised posters from Pixora. Upload your photo, preview on a live product mockup, and we print and ship premium quality to your door. Ideal for home décor or gifting.",flat_product_pf_24x36-inch_pt_200-gsm-coated-silk_cl_4-0_ct_none_prt_none_sft_none_set_none_ver,https://upload.wikimedia.org/wikipedia/commons/c/ca/1x1.png,Yes
Posters — 24x36-inch — hor,"Personalised posters from Pixora. Upload your photo, preview on a live product mockup, and we print and ship premium quality to your door. Ideal for home décor or gifting.",flat_product_pf_24x36-inch_pt_200-gsm-uncoated_cl_4-0_ct_none_prt_none_sft_none_set_none_hor,https://upload.wikimedia.org/wikipedia/commons/c/ca/1x1.png,Yes
Posters — 24x36-inch — ver,"Personalised posters from Pixora. Upload your photo, preview on a live product mockup, and we print and ship premium quality to your door. Ideal for home décor or gifting.",flat_product_pf_24x36-inch_pt_200-gsm-uncoated_cl_4-0_ct_none_prt_none_sft_none_set_none_ver,https://upload.wikimedia.org/wikipedia/commons/c/ca/1x1.png,Yes
Posters — 24x36-inch — hor,"Personalised posters from Pixora. Upload your photo, preview on a live product mockup, and we print and ship premium quality to your door. Ideal for home décor or gifting.",flat_product_pf_24x36-inch_pt_65-lb-cover-coated-silk_cl_4-0_ct_none_prt_none_sft_none_set_none_hor,https://upload.wikimedia.org/wikipedia/commons/c/ca/1x1.png,Yes
Posters — 24x36-inch — ver,"Personalised posters from Pixora. Upload your photo, preview on a live product mockup, and we print and ship premium quality to your door. Ideal for home décor or gifting.",flat_product_pf_24x36-inch_pt_65-lb-cover-coated-silk_cl_4-0_ct_none_prt_none_sft_none_set_none_ver,https://upload.wikimedia.org/wikipedia/commons/c/ca/1x1.png,Yes
Posters — 24x36-inch — hor,"Personalised posters from Pixora. Upload your photo, preview on a live product mockup, and we print and ship premium quality to your door. Ideal for home décor or gifting.",flat_product_pf_24x36-inch_pt_65-lb-cover-uncoated_cl_4-0_ct_none_prt_none_sft_none_set_none_hor,https://upload.wikimedia.org/wikipedia/commons/c/ca/1x1.png,Yes
Posters — 24x36-inch — ver,"Personalised posters from Pixora. Upload your photo, preview on a live product mockup, and we print and ship premium quality to your door. Ideal for home décor or gifting.",flat_product_pf_24x36-inch_pt_65-lb-cover-uncoated_cl_4-0_ct_none_prt_none_sft_none_set_none_ver,https://upload.wikimedia.org/wikipedia/commons/c/ca/1x1.png,Yes
Posters — 24x36-inch — hor,"Personalised posters from Pixora. Upload your photo, preview on a live product mockup, and we print and ship premium quality to your door. Ideal for home décor or gifting.",flat_product_pf_24x36-inch_pt_80-lb-cover-coated-silk_cl_4-0_ct_none_prt_none_sft_none_set_none_hor,https://upload.wikimedia.org/wikipedia/commons/c/ca/1x1.png,Yes
Posters — 24x36-inch — ver,"Personalised posters from Pixora. Upload your photo, preview on a live product mockup, and we print and ship premium quality to your door. Ideal for home décor or gifting.",flat_product_pf_24x36-inch_pt_80-lb-cover-coated-silk_cl_4-0_ct_none_prt_none_sft_none_set_none_ver,https://upload.wikimedia.org/wikipedia/commons/c/ca/1x1.png,Yes
Posters — 24x36-inch — hor,"Personalised posters from Pixora. Upload your photo, preview on a live product mockup, and we print and ship premium quality to your door. Ideal for home décor or gifting.",flat_product_pf_24x36-inch_pt_80-lb-cover-uncoated_cl_4-0_ct_none_prt_none_sft_none_set_none_hor,https://upload.wikimedia.org/wikipedia/commons/c/ca/1x1.png,Yes
Posters — 24x36-inch — ver,"Personalised posters from Pixora. Upload your photo, preview on a live product mockup, and we print and ship premium quality to your door. Ideal for home décor or gifting.",flat_product_pf_24x36-inch_pt_80-lb-cover-uncoated_cl_4-0_ct_none_prt_none_sft_none_set_none_ver,https://upload.wikimedia.org/wikipedia/commons/c/ca/1x1.png,Yes
Posters — 250x250-mm — hor,"Personalised posters from Pixora. Upload your photo, preview on a live product mockup, and we print and ship premium quality to your door. Ideal for home décor or gifting.",flat_product_pf_250x250-mm_pt_250-gsm-uncoated-offwhite-archival_cl_4-0_ct_none_prt_none_sft_none_set_none_hor,https://upload.wikimedia.org/wikipedia/commons/c/ca/1x1.png,Yes
Posters — 250x250-mm — ver,"Personalised posters from Pixora. Upload your photo, preview on a live product mockup, and we print and ship premium quality to your door. Ideal for home décor or gifting.",flat_product_pf_250x250-mm_pt_250-gsm-uncoated-offwhite-archival_cl_4-0_ct_none_prt_none_sft_none_set_none_ver,https://upload.wikimedia.org/wikipedia/commons/c/ca/1x1.png,Yes
Posters — 270x350-mm — hor,"Personalised posters from Pixora. Upload your photo, preview on a live product mockup, and we print and ship premium quality to your door. Ideal for home décor or gifting.",flat_product_pf_270x350-mm_pt_250-gsm-uncoated-offwhite-archival_cl_4-0_ct_none_prt_none_sft_none_set_none_hor,https://upload.wikimedia.org/wikipedia/commons/c/ca/1x1.png,Yes
Posters — 270x350-mm — ver,"Personalised posters from Pixora. Upload your photo, preview on a live product mockup, and we print and ship premium quality to your door. Ideal for home décor or gifting.",flat_product_pf_270x350-mm_pt_250-gsm-uncoated-offwhite-archival_cl_4-0_ct_none_prt_none_sft_none_set_none_ver,https://upload.wikimedia.org/wikipedia/commons/c/ca/1x1.png,Yes
Posters — 280x430-mm — hor,"Personalised posters from Pixora. Upload your photo, preview on a live product mockup, and we print and ship premium quality to your door. Ideal for home décor or gifting.",flat_product_pf_280x430-mm_pt_250-gsm-uncoated-offwhite-archival_cl_4-0_ct_none_prt_none_sft_none_set_none_hor,https://upload.wikimedia.org/wikipedia/commons/c/ca/1x1.png,Yes
Posters — 280x430-mm — ver,"Personalised posters from Pixora. Upload your photo, preview on a live product mockup, and we print and ship premium quality to your door. Ideal for home décor or gifting.",flat_product_pf_280x430-mm_pt_250-gsm-uncoated-offwhite-archival_cl_4-0_ct_none_prt_none_sft_none_set_none_ver,https://upload.wikimedia.org/wikipedia/commons/c/ca/1x1.png,Yes
Posters — 28x28-inch — hor,"Personalised posters from Pixora. Upload your photo, preview on a live product mockup, and we print and ship premium quality to your door. Ideal for home décor or gifting.",flat_product_pf_28x28-inch_pt_100-lb-cover-uncoated-offwhite-archival_cl_4-0_ct_none_prt_none_sft_none_set_none_hor,https://upload.wikimedia.org/wikipedia/commons/c/ca/1x1.png,Yes
Posters — 28x28-inch — ver,"Personalised posters from Pixora. Upload your photo, preview on a live product mockup, and we print and ship premium quality to your door. Ideal for home décor or gifting.",flat_product_pf_28x28-inch_pt_100-lb-cover-uncoated-offwhite-archival_cl_4-0_ct_none_prt_none_sft_none_set_none_ver,https://upload.wikimedia.org/wikipedia/commons/c/ca/1x1.png,Yes
Posters — 28x28-inch — hor,"Personalised posters from Pixora. Upload your photo, preview on a live product mockup, and we print and ship premium quality to your door. Ideal for home décor or gifting.",flat_product_pf_28x28-inch_pt_65-lb-cover-coated-silk_cl_4-0_ct_none_prt_none_sft_none_set_none_hor,https://upload.wikimedia.org/wikipedia/commons/c/ca/1x1.png,Yes
Posters — 28x28-inch — ver,"Personalised posters from Pixora. Upload your photo, preview on a live product mockup, and we print and ship premium quality to your door. Ideal for home décor or gifting.",flat_product_pf_28x28-inch_pt_65-lb-cover-coated-silk_cl_4-0_ct_none_prt_none_sft_none_set_none_ver,https://upload.wikimedia.org/wikipedia/commons/c/ca/1x1.png,Yes
Posters — 28x28-inch — hor,"Personalised posters from Pixora. Upload your photo, preview on a live product mockup, and we print and ship premium quality to your door. Ideal for home décor or gifting.",flat_product_pf_28x28-inch_pt_65-lb-cover-uncoated_cl_4-0_ct_none_prt_none_sft_none_set_none_hor,https://upload.wikimedia.org/wikipedia/commons/c/ca/1x1.png,Yes
Posters — 28x28-inch — ver,"Personalised posters from Pixora. Upload your photo, preview on a live product mockup, and we print and ship premium quality to your door. Ideal for home décor or gifting.",flat_product_pf_28x28-inch_pt_65-lb-cover-uncoated_cl_4-0_ct_none_prt_none_sft_none_set_none_ver,https://upload.wikimedia.org/wikipedia/commons/c/ca/1x1.png,Yes
Posters — 28x28-inch — hor,"Personalised posters from Pixora. Upload your photo, preview on a live product mockup, and we print and ship premium quality to your door. Ideal for home décor or gifting.",flat_product_pf_28x28-inch_pt_80-lb-cover-coated-silk_cl_4-0_ct_none_prt_none_sft_none_set_none_hor,https://upload.wikimedia.org/wikipedia/commons/c/ca/1x1.png,Yes
Posters — 28x28-inch — ver,"Personalised posters from Pixora. Upload your photo, preview on a live product mockup, and we print and ship premium quality to your door. Ideal for home décor or gifting.",flat_product_pf_28x28-inch_pt_80-lb-cover-coated-silk_cl_4-0_ct_none_prt_none_sft_none_set_none_ver,https://upload.wikimedia.org/wikipedia/commons/c/ca/1x1.png,Yes
Posters — 28x28-inch — hor,"Personalised posters from Pixora. Upload your photo, preview on a live product mockup, and we print and ship premium quality to your door. Ideal for home décor or gifting.",flat_product_pf_28x28-inch_pt_80-lb-cover-uncoated_cl_4-0_ct_none_prt_none_sft_none_set_none_hor,https://upload.wikimedia.org/wikipedia/commons/c/ca/1x1.png,Yes
Posters — 28x28-inch — ver,"Personalised posters from Pixora. Upload your photo, preview on a live product mockup, and we print and ship premium quality to your door. Ideal for home décor or gifting.",flat_product_pf_28x28-inch_pt_80-lb-cover-uncoated_cl_4-0_ct_none_prt_none_sft_none_set_none_ver,https://upload.wikimedia.org/wikipedia/commons/c/ca/1x1.png,Yes
Posters — 28x40-inch — hor,"Personalised posters from Pixora. Upload your photo, preview on a live product mockup, and we print and ship premium quality to your door. Ideal for home décor or gifting.",flat_product_pf_28x40-inch_pt_100-lb-cover-uncoated-offwhite-archival_cl_4-0_ct_none_prt_none_sft_none_set_none_hor,https://upload.wikimedia.org/wikipedia/commons/c/ca/1x1.png,Yes
Posters — 28x40-inch — ver,"Personalised posters from Pixora. Upload your photo, preview on a live product mockup, and we print and ship premium quality to your door. Ideal for home décor or gifting.",flat_product_pf_28x40-inch_pt_100-lb-cover-uncoated-offwhite-archival_cl_4-0_ct_none_prt_none_sft_none_set_none_ver,https://upload.wikimedia.org/wikipedia/commons/c/ca/1x1.png,Yes
Posters — 28x40-inch — hor,"Personalised posters from Pixora. Upload your photo, preview on a live product mockup, and we print and ship premium quality to your door. Ideal for home décor or gifting.",flat_product_pf_28x40-inch_pt_170-gsm-coated-silk_cl_4-0_ct_none_prt_none_sft_none_set_none_hor,https://upload.wikimedia.org/wikipedia/commons/c/ca/1x1.png,Yes
Posters — 28x40-inch — ver,"Personalised posters from Pixora. Upload your photo, preview on a live product mockup, and we print and ship premium quality to your door. Ideal for home décor or gifting.",flat_product_pf_28x40-inch_pt_170-gsm-coated-silk_cl_4-0_ct_none_prt_none_sft_none_set_none_ver,https://upload.wikimedia.org/wikipedia/commons/c/ca/1x1.png,Yes
Posters — 28x40-inch — hor,"Personalised posters from Pixora. Upload your photo, preview on a live product mockup, and we print and ship premium quality to your door. Ideal for home décor or gifting.",flat_product_pf_28x40-inch_pt_170-gsm-uncoated_cl_4-0_ct_none_prt_none_sft_none_set_none_hor,https://upload.wikimedia.org/wikipedia/commons/c/ca/1x1.png,Yes
Posters — 28x40-inch — ver,"Personalised posters from Pixora. Upload your photo, preview on a live product mockup, and we print and ship premium quality to your door. Ideal for home décor or gifting.",flat_product_pf_28x40-inch_pt_170-gsm-uncoated_cl_4-0_ct_none_prt_none_sft_none_set_none_ver,https://upload.wikimedia.org/wikipedia/commons/c/ca/1x1.png,Yes
Posters — 28x40-inch — hor,"Personalised posters from Pixora. Upload your photo, preview on a live product mockup, and we print and ship premium quality to your door. Ideal for home décor or gifting.",flat_product_pf_28x40-inch_pt_200-gsm-coated-silk_cl_4-0_ct_none_prt_none_sft_none_set_none_hor,https://upload.wikimedia.org/wikipedia/commons/c/ca/1x1.png,Yes
Posters — 28x40-inch — ver,"Personalised posters from Pixora. Upload your photo, preview on a live product mockup, and we print and ship premium quality to your door. Ideal for home décor or gifting.",flat_product_pf_28x40-inch_pt_200-gsm-coated-silk_cl_4-0_ct_none_prt_none_sft_none_set_none_ver,https://upload.wikimedia.org/wikipedia/commons/c/ca/1x1.png,Yes
Posters — 28x40-inch — hor,"Personalised posters from Pixora. Upload your photo, preview on a live product mockup, and we print and ship premium quality to your door. Ideal for home décor or gifting.",flat_product_pf_28x40-inch_pt_200-gsm-uncoated_cl_4-0_ct_none_prt_none_sft_none_set_none_hor,https://upload.wikimedia.org/wikipedia/commons/c/ca/1x1.png,Yes
Posters — 28x40-inch — ver,"Personalised posters from Pixora. Upload your photo, preview on a live product mockup, and we print and ship premium quality to your door. Ideal for home décor or gifting.",flat_product_pf_28x40-inch_pt_200-gsm-uncoated_cl_4-0_ct_none_prt_none_sft_none_set_none_ver,https://upload.wikimedia.org/wikipedia/commons/c/ca/1x1.png,Yes
Posters — 28x40-inch — hor,"Personalised posters from Pixora. Upload your photo, preview on a live product mockup, and we print and ship premium quality to your door. Ideal for home décor or gifting.",flat_product_pf_28x40-inch_pt_65-lb-cover-coated-silk_cl_4-0_ct_none_prt_none_sft_none_set_none_hor,https://upload.wikimedia.org/wikipedia/commons/c/ca/1x1.png,Yes
Posters — 28x40-inch — ver,"Personalised posters from Pixora. Upload your photo, preview on a live product mockup, and we print and ship premium quality to your door. Ideal for home décor or gifting.",flat_product_pf_28x40-inch_pt_65-lb-cover-coated-silk_cl_4-0_ct_none_prt_none_sft_none_set_none_ver,https://upload.wikimedia.org/wikipedia/commons/c/ca/1x1.png,Yes
Posters — 28x40-inch — hor,"Personalised posters from Pixora. Upload your photo, preview on a live product mockup, and we print and ship premium quality to your door. Ideal for home décor or gifting.",flat_product_pf_28x40-inch_pt_65-lb-cover-uncoated_cl_4-0_ct_none_prt_none_sft_none_set_none_hor,https://upload.wikimedia.org/wikipedia/commons/c/ca/1x1.png,Yes
Posters — 28x40-inch — ver,"Personalised posters from Pixora. Upload your photo, preview on a live product mockup, and we print and ship premium quality to your door. Ideal for home décor or gifting.",flat_product_pf_28x40-inch_pt_65-lb-cover-uncoated_cl_4-0_ct_none_prt_none_sft_none_set_none_ver,https://upload.wikimedia.org/wikipedia/commons/c/ca/1x1.png,Yes
Posters — 28x40-inch — hor,"Personalised posters from Pixora. Upload your photo, preview on a live product mockup, and we print and ship premium quality to your door. Ideal for home décor or gifting.",flat_product_pf_28x40-inch_pt_80-lb-cover-coated-silk_cl_4-0_ct_none_prt_none_sft_none_set_none_hor,https://upload.wikimedia.org/wikipedia/commons/c/ca/1x1.png,Yes
Posters — 28x40-inch — ver,"Personalised posters from Pixora. Upload your photo, preview on a live product mockup, and we print and ship premium quality to your door. Ideal for home décor or gifting.",flat_product_pf_28x40-inch_pt_80-lb-cover-coated-silk_cl_4-0_ct_none_prt_none_sft_none_set_none_ver,https://upload.wikimedia.org/wikipedia/commons/c/ca/1x1.png,Yes
Posters — 28x40-inch — hor,"Personalised posters from Pixora. Upload your photo, preview on a live product mockup, and we print and ship premium quality to your door. Ideal for home décor or gifting.",flat_product_pf_28x40-inch_pt_80-lb-cover-uncoated_cl_4-0_ct_none_prt_none_sft_none_set_none_hor,https://upload.wikimedia.org/wikipedia/commons/c/ca/1x1.png,Yes
Posters — 28x40-inch — ver,"Personalised posters from Pixora. Upload your photo, preview on a live product mockup, and we print and ship premium quality to your door. Ideal for home décor or gifting.",flat_product_pf_28x40-inch_pt_80-lb-cover-uncoated_cl_4-0_ct_none_prt_none_sft_none_set_none_ver,https://upload.wikimedia.org/wikipedia/commons/c/ca/1x1.png,Yes
Posters — 300x300-mm — hor,"Personalised posters from Pixora. Upload your photo, preview on a live product mockup, and we print and ship premium quality to your door. Ideal for home décor or gifting.",flat_product_pf_300x300-mm_pt_170-gsm-coated-silk_cl_4-0_ct_none_prt_none_sft_none_set_none_hor,https://upload.wikimedia.org/wikipedia/commons/c/ca/1x1.png,Yes
Posters — 300x300-mm — ver,"Personalised posters from Pixora. Upload your photo, preview on a live product mockup, and we print and ship premium quality to your door. Ideal for home décor or gifting.",flat_product_pf_300x300-mm_pt_170-gsm-coated-silk_cl_4-0_ct_none_prt_none_sft_none_set_none_ver,https://upload.wikimedia.org/wikipedia/commons/c/ca/1x1.png,Yes
Posters — 300x300-mm — hor,"Personalised posters from Pixora. Upload your photo, preview on a live product mockup, and we print and ship premium quality to your door. Ideal for home décor or gifting.",flat_product_pf_300x300-mm_pt_170-gsm-uncoated_cl_4-0_ct_none_prt_none_sft_none_set_none_hor,https://upload.wikimedia.org/wikipedia/commons/c/ca/1x1.png,Yes
Posters — 300x300-mm — ver,"Personalised posters from Pixora. Upload your photo, preview on a live product mockup, and we print and ship premium quality to your door. Ideal for home décor or gifting.",flat_product_pf_300x300-mm_pt_170-gsm-uncoated_cl_4-0_ct_none_prt_none_sft_none_set_none_ver,https://upload.wikimedia.org/wikipedia/commons/c/ca/1x1.png,Yes
Posters — 300x300-mm — hor,"Personalised posters from Pixora. Upload your photo, preview on a live product mockup, and we print and ship premium quality to your door. Ideal for home décor or gifting.",flat_product_pf_300x300-mm_pt_200-gsm-coated-silk_cl_4-0_ct_none_prt_none_sft_none_set_none_hor,https://upload.wikimedia.org/wikipedia/commons/c/ca/1x1.png,Yes
Posters — 300x300-mm — ver,"Personalised posters from Pixora. Upload your photo, preview on a live product mockup, and we print and ship premium quality to your door. Ideal for home décor or gifting.",flat_product_pf_300x300-mm_pt_200-gsm-coated-silk_cl_4-0_ct_none_prt_none_sft_none_set_none_ver,https://upload.wikimedia.org/wikipedia/commons/c/ca/1x1.png,Yes
Posters — 300x300-mm — hor,"Personalised posters from Pixora. Upload your photo, preview on a live product mockup, and we print and ship premium quality to your door. Ideal for home décor or gifting.",flat_product_pf_300x300-mm_pt_200-gsm-uncoated_cl_4-0_ct_none_prt_none_sft_none_set_none_hor,https://upload.wikimedia.org/wikipedia/commons/c/ca/1x1.png,Yes
Posters — 300x300-mm — ver,"Personalised posters from Pixora. Upload your photo, preview on a live product mockup, and we print and ship premium quality to your door. Ideal for home décor or gifting.",flat_product_pf_300x300-mm_pt_200-gsm-uncoated_cl_4-0_ct_none_prt_none_sft_none_set_none_ver,https://upload.wikimedia.org/wikipedia/commons/c/ca/1x1.png,Yes
Posters — 300x300-mm — hor,"Personalised posters from Pixora. Upload your photo, preview on a live product mockup, and we print and ship premium quality to your door. Ideal for home décor or gifting.",flat_product_pf_300x300-mm_pt_250-gsm-uncoated-offwhite-archival_cl_4-0_ct_none_prt_none_sft_none_set_none_hor,https://upload.wikimedia.org/wikipedia/commons/c/ca/1x1.png,Yes
Posters — 300x300-mm — ver,"Personalised posters from Pixora. Upload your photo, preview on a live product mockup, and we print and ship premium quality to your door. Ideal for home décor or gifting.",flat_product_pf_300x300-mm_pt_250-gsm-uncoated-offwhite-archival_cl_4-0_ct_none_prt_none_sft_none_set_none_ver,https://upload.wikimedia.org/wikipedia/commons/c/ca/1x1.png,Yes
Posters — 300x300-mm — hor,"Personalised posters from Pixora. Upload your photo, preview on a live product mockup, and we print and ship premium quality to your door. Ideal for home décor or gifting.",flat_product_pf_300x300-mm_pt_65-lb-cover-coated-silk_cl_4-0_ct_none_prt_none_sft_none_set_none_hor,https://upload.wikimedia.org/wikipedia/commons/c/ca/1x1.png,Yes
Posters — 300x300-mm — ver,"Personalised posters from Pixora. Upload your photo, preview on a live product mockup, and we print and ship premium quality to your door. Ideal for home décor or gifting.",flat_product_pf_300x300-mm_pt_65-lb-cover-coated-silk_cl_4-0_ct_none_prt_none_sft_none_set_none_ver,https://upload.wikimedia.org/wikipedia/commons/c/ca/1x1.png,Yes
Posters — 300x300-mm — hor,"Personalised posters from Pixora. Upload your photo, preview on a live product mockup, and we print and ship premium quality to your door. Ideal for home décor or gifting.",flat_product_pf_300x300-mm_pt_65-lb-cover-uncoated_cl_4-0_ct_none_prt_none_sft_none_set_none_hor,https://upload.wikimedia.org/wikipedia/commons/c/ca/1x1.png,Yes
Posters — 300x300-mm — ver,"Personalised posters from Pixora. Upload your photo, preview on a live product mockup, and we print and ship premium quality to your door. Ideal for home décor or gifting.",flat_product_pf_300x300-mm_pt_65-lb-cover-uncoated_cl_4-0_ct_none_prt_none_sft_none_set_none_ver,https://upload.wikimedia.org/wikipedia/commons/c/ca/1x1.png,Yes
Posters — 300x300-mm — hor,"Personalised posters from Pixora. Upload your photo, preview on a live product mockup, and we print and ship premium quality to your door. Ideal for home décor or gifting.",flat_product_pf_300x300-mm_pt_80-lb-cover-coated-silk_cl_4-0_ct_none_prt_none_sft_none_set_none_hor,https://upload.wikimedia.org/wikipedia/commons/c/ca/1x1.png,Yes
Posters — 300x300-mm — ver,"Personalised posters from Pixora. Upload your photo, preview on a live product mockup, and we print and ship premium quality to your door. Ideal for home décor or gifting.",flat_product_pf_300x300-mm_pt_80-lb-cover-coated-silk_cl_4-0_ct_none_prt_none_sft_none_set_none_ver,https://upload.wikimedia.org/wikipedia/commons/c/ca/1x1.png,Yes
Posters — 300x300-mm — hor,"Personalised posters from Pixora. Upload your photo, preview on a live product mockup, and we print and ship premium quality to your door. Ideal for home décor or gifting.",flat_product_pf_300x300-mm_pt_80-lb-cover-uncoated_cl_4-0_ct_none_prt_none_sft_none_set_none_hor,https://upload.wikimedia.org/wikipedia/commons/c/ca/1x1.png,Yes
Posters — 300x300-mm — ver,"Personalised posters from Pixora. Upload your photo, preview on a live product mockup, and we print and ship premium quality to your door. Ideal for home décor or gifting.",flat_product_pf_300x300-mm_pt_80-lb-cover-uncoated_cl_4-0_ct_none_prt_none_sft_none_set_none_ver,https://upload.wikimedia.org/wikipedia/commons/c/ca/1x1.png,Yes
Posters — 300x400-mm — hor,"Personalised posters from Pixora. Upload your photo, preview on a live product mockup, and we print and ship premium quality to your door. Ideal for home décor or gifting.",flat_product_pf_300x400-mm_pt_100-lb-text-coated-silk_cl_4-0_ct_none_prt_none_sft_none_set_none_hor,https://upload.wikimedia.org/wikipedia/commons/c/ca/1x1.png,Yes
Posters — 300x400-mm — ver,"Personalised posters from Pixora. Upload your photo, preview on a live product mockup, and we print and ship premium quality to your door. Ideal for home décor or gifting.",flat_product_pf_300x400-mm_pt_100-lb-text-coated-silk_cl_4-0_ct_none_prt_none_sft_none_set_none_ver,https://upload.wikimedia.org/wikipedia/commons/c/ca/1x1.png,Yes
Posters — 300x400-mm — hor,"Personalised posters from Pixora. Upload your photo, preview on a live product mockup, and we print and ship premium quality to your door. Ideal for home décor or gifting.",flat_product_pf_300x400-mm_pt_170-gsm-uncoated_cl_4-0_ct_none_prt_none_sft_none_set_none_hor,https://upload.wikimedia.org/wikipedia/commons/c/ca/1x1.png,Yes
Posters — 300x400-mm — ver,"Personalised posters from Pixora. Upload your photo, preview on a live product mockup, and we print and ship premium quality to your door. Ideal for home décor or gifting.",flat_product_pf_300x400-mm_pt_170-gsm-uncoated_cl_4-0_ct_none_prt_none_sft_none_set_none_ver,https://upload.wikimedia.org/wikipedia/commons/c/ca/1x1.png,Yes
Posters — 300x400-mm — hor,"Personalised posters from Pixora. Upload your photo, preview on a live product mockup, and we print and ship premium quality to your door. Ideal for home décor or gifting.",flat_product_pf_300x400-mm_pt_200-gsm-coated-silk_cl_4-0_ct_none_prt_none_sft_none_set_none_hor,https://upload.wikimedia.org/wikipedia/commons/c/ca/1x1.png,Yes
Posters — 300x400-mm — ver,"Personalised posters from Pixora. Upload your photo, preview on a live product mockup, and we print and ship premium quality to your door. Ideal for home décor or gifting.",flat_product_pf_300x400-mm_pt_200-gsm-coated-silk_cl_4-0_ct_none_prt_none_sft_none_set_none_ver,https://upload.wikimedia.org/wikipedia/commons/c/ca/1x1.png,Yes
Posters — 300x400-mm — hor,"Personalised posters from Pixora. Upload your photo, preview on a live product mockup, and we print and ship premium quality to your door. Ideal for home décor or gifting.",flat_product_pf_300x400-mm_pt_200-gsm-uncoated_cl_4-0_ct_none_prt_none_sft_none_set_none_hor,https://upload.wikimedia.org/wikipedia/commons/c/ca/1x1.png,Yes
Posters — 300x400-mm — ver,"Personalised posters from Pixora. Upload your photo, preview on a live product mockup, and we print and ship premium quality to your door. Ideal for home décor or gifting.",flat_product_pf_300x400-mm_pt_200-gsm-uncoated_cl_4-0_ct_none_prt_none_sft_none_set_none_ver,https://upload.wikimedia.org/wikipedia/commons/c/ca/1x1.png,Yes
Posters — 300x400-mm — hor,"Personalised posters from Pixora. Upload your photo, preview on a live product mockup, and we print and ship premium quality to your door. Ideal for home décor or gifting.",flat_product_pf_300x400-mm_pt_250-gsm-uncoated-offwhite-archival_cl_4-0_ct_none_prt_none_sft_none_set_none_hor,https://upload.wikimedia.org/wikipedia/commons/c/ca/1x1.png,Yes
Posters — 300x400-mm — ver,"Personalised posters from Pixora. Upload your photo, preview on a live product mockup, and we print and ship premium quality to your door. Ideal for home décor or gifting.",flat_product_pf_300x400-mm_pt_250-gsm-uncoated-offwhite-archival_cl_4-0_ct_none_prt_none_sft_none_set_none_ver,https://upload.wikimedia.org/wikipedia/commons/c/ca/1x1.png,Yes
Posters — 300x400-mm — hor,"Personalised posters from Pixora. Upload your photo, preview on a live product mockup, and we print and ship premium quality to your door. Ideal for home décor or gifting.",flat_product_pf_300x400-mm_pt_65-lb-cover-coated-silk_cl_4-0_ct_none_prt_none_sft_none_set_none_hor,https://upload.wikimedia.org/wikipedia/commons/c/ca/1x1.png,Yes
Posters — 300x400-mm — hor,"Personalised posters from Pixora. Upload your photo, preview on a live product mockup, and we print and ship premium quality to your door. Ideal for home décor or gifting.",flat_product_pf_300x400-mm_pt_65-lb-cover-uncoated_cl_4-0_ct_none_prt_none_sft_none_set_none_hor,https://upload.wikimedia.org/wikipedia/commons/c/ca/1x1.png,Yes
Posters — 300x400-mm — ver,"Personalised posters from Pixora. Upload your photo, preview on a live product mockup, and we print and ship premium quality to your door. Ideal for home décor or gifting.",flat_product_pf_300x400-mm_pt_65-lb-cover-uncoated_cl_4-0_ct_none_prt_none_sft_none_set_none_ver,https://upload.wikimedia.org/wikipedia/commons/c/ca/1x1.png,Yes
Posters — 300x400-mm — hor,"Personalised posters from Pixora. Upload your photo, preview on a live product mockup, and we print and ship premium quality to your door. Ideal for home décor or gifting.",flat_product_pf_300x400-mm_pt_80-lb-cover-coated-silk_cl_4-0_ct_none_prt_none_sft_none_set_none_hor,https://upload.wikimedia.org/wikipedia/commons/c/ca/1x1.png,Yes
Posters — 300x400-mm — ver,"Personalised posters from Pixora. Upload your photo, preview on a live product mockup, and we print and ship premium quality to your door. Ideal for home décor or gifting.",flat_product_pf_300x400-mm_pt_80-lb-cover-coated-silk_cl_4-0_ct_none_prt_none_sft_none_set_none_ver,https://upload.wikimedia.org/wikipedia/commons/c/ca/1x1.png,Yes
Posters — 300x400-mm — hor,"Personalised posters from Pixora. Upload your photo, preview on a live product mockup, and we print and ship premium quality to your door. Ideal for home décor or gifting.",flat_product_pf_300x400-mm_pt_80-lb-cover-uncoated_cl_4-0_ct_none_prt_none_sft_none_set_none_hor,https://upload.wikimedia.org/wikipedia/commons/c/ca/1x1.png,Yes
Posters — 300x400-mm — ver,"Personalised posters from Pixora. Upload your photo, preview on a live product mockup, and we print and ship premium quality to your door. Ideal for home décor or gifting.",flat_product_pf_300x400-mm_pt_80-lb-cover-uncoated_cl_4-0_ct_none_prt_none_sft_none_set_none_ver,https://upload.wikimedia.org/wikipedia/commons/c/ca/1x1.png,Yes
Posters — 300x450-mm — hor,"Personalised posters from Pixora. Upload your photo, preview on a live product mockup, and we print and ship premium quality to your door. Ideal for home décor or gifting.",flat_product_pf_300x450-mm_pt_170-gsm-coated-silk_cl_4-0_ct_none_prt_none_sft_none_set_none_hor,https://upload.wikimedia.org/wikipedia/commons/c/ca/1x1.png,Yes
Posters — 300x450-mm — ver,"Personalised posters from Pixora. Upload your photo, preview on a live product mockup, and we print and ship premium quality to your door. Ideal for home décor or gifting.",flat_product_pf_300x450-mm_pt_170-gsm-coated-silk_cl_4-0_ct_none_prt_none_sft_none_set_none_ver,https://upload.wikimedia.org/wikipedia/commons/c/ca/1x1.png,Yes
Posters — 300x450-mm — hor,"Personalised posters from Pixora. Upload your photo, preview on a live product mockup, and we print and ship premium quality to your door. Ideal for home décor or gifting.",flat_product_pf_300x450-mm_pt_170-gsm-uncoated_cl_4-0_ct_none_prt_none_sft_none_set_none_hor,https://upload.wikimedia.org/wikipedia/commons/c/ca/1x1.png,Yes
Posters — 300x450-mm — ver,"Personalised posters from Pixora. Upload your photo, preview on a live product mockup, and we print and ship premium quality to your door. Ideal for home décor or gifting.",flat_product_pf_300x450-mm_pt_170-gsm-uncoated_cl_4-0_ct_none_prt_none_sft_none_set_none_ver,https://upload.wikimedia.org/wikipedia/commons/c/ca/1x1.png,Yes
Posters — 300x450-mm — hor,"Personalised posters from Pixora. Upload your photo, preview on a live product mockup, and we print and ship premium quality to your door. Ideal for home décor or gifting.",flat_product_pf_300x450-mm_pt_200-gsm-coated-silk_cl_4-0_ct_none_prt_none_sft_none_set_none_hor,https://upload.wikimedia.org/wikipedia/commons/c/ca/1x1.png,Yes
Posters — 300x450-mm — ver,"Personalised posters from Pixora. Upload your photo, preview on a live product mockup, and we print and ship premium quality to your door. Ideal for home décor or gifting.",flat_product_pf_300x450-mm_pt_200-gsm-coated-silk_cl_4-0_ct_none_prt_none_sft_none_set_none_ver,https://upload.wikimedia.org/wikipedia/commons/c/ca/1x1.png,Yes
Posters — 300x450-mm — hor,"Personalised posters from Pixora. Upload your photo, preview on a live product mockup, and we print and ship premium quality to your door. Ideal for home décor or gifting.",flat_product_pf_300x450-mm_pt_200-gsm-uncoated_cl_4-0_ct_none_prt_none_sft_none_set_none_hor,https://upload.wikimedia.org/wikipedia/commons/c/ca/1x1.png,Yes
Posters — 300x450-mm — ver,"Personalised posters from Pixora. Upload your photo, preview on a live product mockup, and we print and ship premium quality to your door. Ideal for home décor or gifting.",flat_product_pf_300x450-mm_pt_200-gsm-uncoated_cl_4-0_ct_none_prt_none_sft_none_set_none_ver,https://upload.wikimedia.org/wikipedia/commons/c/ca/1x1.png,Yes
Posters — 300x450-mm — hor,"Personalised posters from Pixora. Upload your photo, preview on a live product mockup, and we print and ship premium quality to your door. Ideal for home décor or gifting.",flat_product_pf_300x450-mm_pt_250-gsm-uncoated-offwhite-archival_cl_4-0_ct_none_prt_none_sft_none_set_none_hor,https://upload.wikimedia.org/wikipedia/commons/c/ca/1x1.png,Yes
Posters — 300x450-mm — ver,"Personalised posters from Pixora. Upload your photo, preview on a live product mockup, and we print and ship premium quality to your door. Ideal for home décor or gifting.",flat_product_pf_300x450-mm_pt_250-gsm-uncoated-offwhite-archival_cl_4-0_ct_none_prt_none_sft_none_set_none_ver,https://upload.wikimedia.org/wikipedia/commons/c/ca/1x1.png,Yes
Posters — 305x406-mm — hor,"Personalised posters from Pixora. Upload your photo, preview on a live product mockup, and we print and ship premium quality to your door. Ideal for home décor or gifting.",flat_product_pf_305x406-mm_pt_170-gsm-coated-silk_cl_4-0_ct_none_prt_none_sft_none_set_none_hor,https://upload.wikimedia.org/wikipedia/commons/c/ca/1x1.png,Yes
Posters — 305x406-mm — ver,"Personalised posters from Pixora. Upload your photo, preview on a live product mockup, and we print and ship premium quality to your door. Ideal for home décor or gifting.",flat_product_pf_305x406-mm_pt_170-gsm-coated-silk_cl_4-0_ct_none_prt_none_sft_none_set_none_ver,https://upload.wikimedia.org/wikipedia/commons/c/ca/1x1.png,Yes
Posters — 305x406-mm — hor,"Personalised posters from Pixora. Upload your photo, preview on a live product mockup, and we print and ship premium quality to your door. Ideal for home décor or gifting.",flat_product_pf_305x406-mm_pt_170-gsm-uncoated_cl_4-0_ct_none_prt_none_sft_none_set_none_hor,https://upload.wikimedia.org/wikipedia/commons/c/ca/1x1.png,Yes
Posters — 305x406-mm — ver,"Personalised posters from Pixora. Upload your photo, preview on a live product mockup, and we print and ship premium quality to your door. Ideal for home décor or gifting.",flat_product_pf_305x406-mm_pt_170-gsm-uncoated_cl_4-0_ct_none_prt_none_sft_none_set_none_ver,https://upload.wikimedia.org/wikipedia/commons/c/ca/1x1.png,Yes
Posters — 305x406-mm — hor,"Personalised posters from Pixora. Upload your photo, preview on a live product mockup, and we print and ship premium quality to your door. Ideal for home décor or gifting.",flat_product_pf_305x406-mm_pt_200-gsm-coated-silk_cl_4-0_ct_none_prt_none_sft_none_set_none_hor,https://upload.wikimedia.org/wikipedia/commons/c/ca/1x1.png,Yes
Posters — 305x406-mm — ver,"Personalised posters from Pixora. Upload your photo, preview on a live product mockup, and we print and ship premium quality to your door. Ideal for home décor or gifting.",flat_product_pf_305x406-mm_pt_200-gsm-coated-silk_cl_4-0_ct_none_prt_none_sft_none_set_none_ver,https://upload.wikimedia.org/wikipedia/commons/c/ca/1x1.png,Yes
Posters — 305x406-mm — hor,"Personalised posters from Pixora. Upload your photo, preview on a live product mockup, and we print and ship premium quality to your door. Ideal for home décor or gifting.",flat_product_pf_305x406-mm_pt_200-gsm-uncoated_cl_4-0_ct_none_prt_none_sft_none_set_none_hor,https://upload.wikimedia.org/wikipedia/commons/c/ca/1x1.png,Yes
Posters — 305x406-mm — ver,"Personalised posters from Pixora. Upload your photo, preview on a live product mockup, and we print and ship premium quality to your door. Ideal for home décor or gifting.",flat_product_pf_305x406-mm_pt_200-gsm-uncoated_cl_4-0_ct_none_prt_none_sft_none_set_none_ver,https://upload.wikimedia.org/wikipedia/commons/c/ca/1x1.png,Yes
Posters — 305x406-mm — hor,"Personalised posters from Pixora. Upload your photo, preview on a live product mockup, and we print and ship premium quality to your door. Ideal for home décor or gifting.",flat_product_pf_305x406-mm_pt_65-lb-cover-uncoated_cl_4-0_ct_none_prt_none_sft_none_set_none_hor,https://upload.wikimedia.org/wikipedia/commons/c/ca/1x1.png,Yes
Posters — 305x406-mm — ver,"Personalised posters from Pixora. Upload your photo, preview on a live product mockup, and we print and ship premium quality to your door. Ideal for home décor or gifting.",flat_product_pf_305x406-mm_pt_65-lb-cover-uncoated_cl_4-0_ct_none_prt_none_sft_none_set_none_ver,https://upload.wikimedia.org/wikipedia/commons/c/ca/1x1.png,Yes
Posters — 305x406-mm — hor,"Personalised posters from Pixora. Upload your photo, preview on a live product mockup, and we print and ship premium quality to your door. Ideal for home décor or gifting.",flat_product_pf_305x406-mm_pt_80-lb-cover-coated-silk_cl_4-0_ct_none_prt_none_sft_none_set_none_hor,https://upload.wikimedia.org/wikipedia/commons/c/ca/1x1.png,Yes
Posters — 305x406-mm — ver,"Personalised posters from Pixora. Upload your photo, preview on a live product mockup, and we print and ship premium quality to your door. Ideal for home décor or gifting.",flat_product_pf_305x406-mm_pt_80-lb-cover-coated-silk_cl_4-0_ct_none_prt_none_sft_none_set_none_ver,https://upload.wikimedia.org/wikipedia/commons/c/ca/1x1.png,Yes
Posters — 305x406-mm — hor,"Personalised posters from Pixora. Upload your photo, preview on a live product mockup, and we print and ship premium quality to your door. Ideal for home décor or gifting.",flat_product_pf_305x406-mm_pt_80-lb-cover-uncoated_cl_4-0_ct_none_prt_none_sft_none_set_none_hor,https://upload.wikimedia.org/wikipedia/commons/c/ca/1x1.png,Yes
Posters — 305x406-mm — ver,"Personalised posters from Pixora. Upload your photo, preview on a live product mockup, and we print and ship premium quality to your door. Ideal for home décor or gifting.",flat_product_pf_305x406-mm_pt_80-lb-cover-uncoated_cl_4-0_ct_none_prt_none_sft_none_set_none_ver,https://upload.wikimedia.org/wikipedia/commons/c/ca/1x1.png,Yes
Posters — 30x40-inch — hor,"Personalised posters from Pixora. Upload your photo, preview on a live product mockup, and we print and ship premium quality to your door. Ideal for home décor or gifting.",flat_product_pf_30x40-inch_pt_100-lb-cover-uncoated-offwhite-archival_cl_4-0_ct_none_prt_none_sft_none_set_none_hor,https://upload.wikimedia.org/wikipedia/commons/c/ca/1x1.png,Yes
Posters — 30x40-inch — ver,"Personalised posters from Pixora. Upload your photo, preview on a live product mockup, and we print and ship premium quality to your door. Ideal for home décor or gifting.",flat_product_pf_30x40-inch_pt_100-lb-cover-uncoated-offwhite-archival_cl_4-0_ct_none_prt_none_sft_none_set_none_ver,https://upload.wikimedia.org/wikipedia/commons/c/ca/1x1.png,Yes
Posters — 30x40-inch — hor,"Personalised posters from Pixora. Upload your photo, preview on a live product mockup, and we print and ship premium quality to your door. Ideal for home décor or gifting.",flat_product_pf_30x40-inch_pt_170-gsm-coated-silk_cl_4-0_ct_none_prt_none_sft_none_set_none_hor,https://upload.wikimedia.org/wikipedia/commons/c/ca/1x1.png,Yes
Posters — 30x40-inch — ver,"Personalised posters from Pixora. Upload your photo, preview on a live product mockup, and we print and ship premium quality to your door. Ideal for home décor or gifting.",flat_product_pf_30x40-inch_pt_170-gsm-coated-silk_cl_4-0_ct_none_prt_none_sft_none_set_none_ver,https://upload.wikimedia.org/wikipedia/commons/c/ca/1x1.png,Yes
Posters — 30x40-inch — hor,"Personalised posters from Pixora. Upload your photo, preview on a live product mockup, and we print and ship premium quality to your door. Ideal for home décor or gifting.",flat_product_pf_30x40-inch_pt_170-gsm-uncoated_cl_4-0_ct_none_prt_none_sft_none_set_none_hor,https://upload.wikimedia.org/wikipedia/commons/c/ca/1x1.png,Yes
Posters — 30x40-inch — ver,"Personalised posters from Pixora. Upload your photo, preview on a live product mockup, and we print and ship premium quality to your door. Ideal for home décor or gifting.",flat_product_pf_30x40-inch_pt_170-gsm-uncoated_cl_4-0_ct_none_prt_none_sft_none_set_none_ver,https://upload.wikimedia.org/wikipedia/commons/c/ca/1x1.png,Yes
Posters — 30x40-inch — hor,"Personalised posters from Pixora. Upload your photo, preview on a live product mockup, and we print and ship premium quality to your door. Ideal for home décor or gifting.",flat_product_pf_30x40-inch_pt_200-gsm-coated-silk_cl_4-0_ct_none_prt_none_sft_none_set_none_hor,https://upload.wikimedia.org/wikipedia/commons/c/ca/1x1.png,Yes
Posters — 30x40-inch — ver,"Personalised posters from Pixora. Upload your photo, preview on a live product mockup, and we print and ship premium quality to your door. Ideal for home décor or gifting.",flat_product_pf_30x40-inch_pt_200-gsm-coated-silk_cl_4-0_ct_none_prt_none_sft_none_set_none_ver,https://upload.wikimedia.org/wikipedia/commons/c/ca/1x1.png,Yes
Posters — 30x40-inch — hor,"Personalised posters from Pixora. Upload your photo, preview on a live product mockup, and we print and ship premium quality to your door. Ideal for home décor or gifting.",flat_product_pf_30x40-inch_pt_200-gsm-uncoated_cl_4-0_ct_none_prt_none_sft_none_set_none_hor,https://upload.wikimedia.org/wikipedia/commons/c/ca/1x1.png,Yes
Posters — 30x40-inch — ver,"Personalised posters from Pixora. Upload your photo, preview on a live product mockup, and we print and ship premium quality to your door. Ideal for home décor or gifting.",flat_product_pf_30x40-inch_pt_200-gsm-uncoated_cl_4-0_ct_none_prt_none_sft_none_set_none_ver,https://upload.wikimedia.org/wikipedia/commons/c/ca/1x1.png,Yes
Posters — 30x40-inch — hor,"Personalised posters from Pixora. Upload your photo, preview on a live product mockup, and we print and ship premium quality to your door. Ideal for home décor or gifting.",flat_product_pf_30x40-inch_pt_65-lb-cover-coated-silk_cl_4-0_ct_none_prt_none_sft_none_set_none_hor,https://upload.wikimedia.org/wikipedia/commons/c/ca/1x1.png,Yes
Posters — 30x40-inch — ver,"Personalised posters from Pixora. Upload your photo, preview on a live product mockup, and we print and ship premium quality to your door. Ideal for home décor or gifting.",flat_product_pf_30x40-inch_pt_65-lb-cover-coated-silk_cl_4-0_ct_none_prt_none_sft_none_set_none_ver,https://upload.wikimedia.org/wikipedia/commons/c/ca/1x1.png,Yes
Posters — 30x40-inch — hor,"Personalised posters from Pixora. Upload your photo, preview on a live product mockup, and we print and ship premium quality to your door. Ideal for home décor or gifting.",flat_product_pf_30x40-inch_pt_65-lb-cover-uncoated_cl_4-0_ct_none_prt_none_sft_none_set_none_hor,https://upload.wikimedia.org/wikipedia/commons/c/ca/1x1.png,Yes
Posters — 30x40-inch — ver,"Personalised posters from Pixora. Upload your photo, preview on a live product mockup, and we print and ship premium quality to your door. Ideal for home décor or gifting.",flat_product_pf_30x40-inch_pt_65-lb-cover-uncoated_cl_4-0_ct_none_prt_none_sft_none_set_none_ver,https://upload.wikimedia.org/wikipedia/commons/c/ca/1x1.png,Yes
Posters — 30x40-inch — hor,"Personalised posters from Pixora. Upload your photo, preview on a live product mockup, and we print and ship premium quality to your door. Ideal for home décor or gifting.",flat_product_pf_30x40-inch_pt_80-lb-cover-coated-silk_cl_4-0_ct_none_prt_none_sft_none_set_none_hor,https://upload.wikimedia.org/wikipedia/commons/c/ca/1x1.png,Yes
Posters — 30x40-inch — ver,"Personalised posters from Pixora. Upload your photo, preview on a live product mockup, and we print and ship premium quality to your door. Ideal for home décor or gifting.",flat_product_pf_30x40-inch_pt_80-lb-cover-coated-silk_cl_4-0_ct_none_prt_none_sft_none_set_none_ver,https://upload.wikimedia.org/wikipedia/commons/c/ca/1x1.png,Yes
Posters — 30x40-inch — hor,"Personalised posters from Pixora. Upload your photo, preview on a live product mockup, and we print and ship premium quality to your door. Ideal for home décor or gifting.",flat_product_pf_30x40-inch_pt_80-lb-cover-uncoated_cl_4-0_ct_none_prt_none_sft_none_set_none_hor,https://upload.wikimedia.org/wikipedia/commons/c/ca/1x1.png,Yes
Posters — 30x40-inch — ver,"Personalised posters from Pixora. Upload your photo, preview on a live product mockup, and we print and ship premium quality to your door. Ideal for home décor or gifting.",flat_product_pf_30x40-inch_pt_80-lb-cover-uncoated_cl_4-0_ct_none_prt_none_sft_none_set_none_ver,https://upload.wikimedia.org/wikipedia/commons/c/ca/1x1.png,Yes
Posters — 350x350-mm — hor,"Personalised posters from Pixora. Upload your photo, preview on a live product mockup, and we print and ship premium quality to your door. Ideal for home décor or gifting.",flat_product_pf_350x350-mm_pt_250-gsm-uncoated-offwhite-archival_cl_4-0_ct_none_prt_none_sft_none_set_none_hor,https://upload.wikimedia.org/wikipedia/commons/c/ca/1x1.png,Yes
Posters — 350x350-mm — ver,"Personalised posters from Pixora. Upload your photo, preview on a live product mockup, and we print and ship premium quality to your door. Ideal for home décor or gifting.",flat_product_pf_350x350-mm_pt_250-gsm-uncoated-offwhite-archival_cl_4-0_ct_none_prt_none_sft_none_set_none_ver,https://upload.wikimedia.org/wikipedia/commons/c/ca/1x1.png,Yes
Posters — 400x400-mm — hor,"Personalised posters from Pixora. Upload your photo, preview on a live product mockup, and we print and ship premium quality to your door. Ideal for home décor or gifting.",flat_product_pf_400x400-mm_pt_250-gsm-uncoated-offwhite-archival_cl_4-0_ct_none_prt_none_sft_none_set_none_hor,https://upload.wikimedia.org/wikipedia/commons/c/ca/1x1.png,Yes
Posters — 400x400-mm — ver,"Personalised posters from Pixora. Upload your photo, preview on a live product mockup, and we print and ship premium quality to your door. Ideal for home décor or gifting.",flat_product_pf_400x400-mm_pt_250-gsm-uncoated-offwhite-archival_cl_4-0_ct_none_prt_none_sft_none_set_none_ver,https://upload.wikimedia.org/wikipedia/commons/c/ca/1x1.png,Yes
Posters — 400x500-mm — hor,"Personalised posters from Pixora. Upload your photo, preview on a live product mockup, and we print and ship premium quality to your door. Ideal for home décor or gifting.",flat_product_pf_400x500-mm_pt_170-gsm-uncoated_cl_4-0_ct_none_prt_none_sft_none_set_none_hor,https://upload.wikimedia.org/wikipedia/commons/c/ca/1x1.png,Yes
Posters — 400x500-mm — ver,"Personalised posters from Pixora. Upload your photo, preview on a live product mockup, and we print and ship premium quality to your door. Ideal for home décor or gifting.",flat_product_pf_400x500-mm_pt_170-gsm-uncoated_cl_4-0_ct_none_prt_none_sft_none_set_none_ver,https://upload.wikimedia.org/wikipedia/commons/c/ca/1x1.png,Yes
Posters — 400x500-mm — hor,"Personalised posters from Pixora. Upload your photo, preview on a live product mockup, and we print and ship premium quality to your door. Ideal for home décor or gifting.",flat_product_pf_400x500-mm_pt_200-gsm-coated-silk_cl_4-0_ct_none_prt_none_sft_none_set_none_hor,https://upload.wikimedia.org/wikipedia/commons/c/ca/1x1.png,Yes
Posters — 400x500-mm — ver,"Personalised posters from Pixora. Upload your photo, preview on a live product mockup, and we print and ship premium quality to your door. Ideal for home décor or gifting.",flat_product_pf_400x500-mm_pt_200-gsm-coated-silk_cl_4-0_ct_none_prt_none_sft_none_set_none_ver,https://upload.wikimedia.org/wikipedia/commons/c/ca/1x1.png,Yes
Posters — 400x500-mm — hor,"Personalised posters from Pixora. Upload your photo, preview on a live product mockup, and we print and ship premium quality to your door. Ideal for home décor or gifting.",flat_product_pf_400x500-mm_pt_200-gsm-uncoated_cl_4-0_ct_none_prt_none_sft_none_set_none_hor,https://upload.wikimedia.org/wikipedia/commons/c/ca/1x1.png,Yes
Posters — 400x500-mm — ver,"Personalised posters from Pixora. Upload your photo, preview on a live product mockup, and we print and ship premium quality to your door. Ideal for home décor or gifting.",flat_product_pf_400x500-mm_pt_200-gsm-uncoated_cl_4-0_ct_none_prt_none_sft_none_set_none_ver,https://upload.wikimedia.org/wikipedia/commons/c/ca/1x1.png,Yes
Posters — 400x500-mm — hor,"Personalised posters from Pixora. Upload your photo, preview on a live product mockup, and we print and ship premium quality to your door. Ideal for home décor or gifting.",flat_product_pf_400x500-mm_pt_250-gsm-uncoated-offwhite-archival_cl_4-0_ct_none_prt_none_sft_none_set_none_hor,https://upload.wikimedia.org/wikipedia/commons/c/ca/1x1.png,Yes
Posters — 400x500-mm — ver,"Personalised posters from Pixora. Upload your photo, preview on a live product mockup, and we print and ship premium quality to your door. Ideal for home décor or gifting.",flat_product_pf_400x500-mm_pt_250-gsm-uncoated-offwhite-archival_cl_4-0_ct_none_prt_none_sft_none_set_none_ver,https://upload.wikimedia.org/wikipedia/commons/c/ca/1x1.png,Yes
Posters — 400x500-mm — hor,"Personalised posters from Pixora. Upload your photo, preview on a live product mockup, and we print and ship premium quality to your door. Ideal for home décor or gifting.",flat_product_pf_400x500-mm_pt_65-lb-cover-coated-silk_cl_4-0_ct_none_prt_none_sft_none_set_none_hor,https://upload.wikimedia.org/wikipedia/commons/c/ca/1x1.png,Yes
Posters — 400x500-mm — hor,"Personalised posters from Pixora. Upload your photo, preview on a live product mockup, and we print and ship premium quality to your door. Ideal for home décor or gifting.",flat_product_pf_400x500-mm_pt_65-lb-cover-uncoated_cl_4-0_ct_none_prt_none_sft_none_set_none_hor,https://upload.wikimedia.org/wikipedia/commons/c/ca/1x1.png,Yes
Posters — 400x500-mm — ver,"Personalised posters from Pixora. Upload your photo, preview on a live product mockup, and we print and ship premium quality to your door. Ideal for home décor or gifting.",flat_product_pf_400x500-mm_pt_65-lb-cover-uncoated_cl_4-0_ct_none_prt_none_sft_none_set_none_ver,https://upload.wikimedia.org/wikipedia/commons/c/ca/1x1.png,Yes
Posters — 400x500-mm — hor,"Personalised posters from Pixora. Upload your photo, preview on a live product mockup, and we print and ship premium quality to your door. Ideal for home décor or gifting.",flat_product_pf_400x500-mm_pt_80-lb-cover-coated-silk_cl_4-0_ct_none_prt_none_sft_none_set_none_hor,https://upload.wikimedia.org/wikipedia/commons/c/ca/1x1.png,Yes
Posters — 400x500-mm — ver,"Personalised posters from Pixora. Upload your photo, preview on a live product mockup, and we print and ship premium quality to your door. Ideal for home décor or gifting.",flat_product_pf_400x500-mm_pt_80-lb-cover-coated-silk_cl_4-0_ct_none_prt_none_sft_none_set_none_ver,https://upload.wikimedia.org/wikipedia/commons/c/ca/1x1.png,Yes
Posters — 400x500-mm — hor,"Personalised posters from Pixora. Upload your photo, preview on a live product mockup, and we print and ship premium quality to your door. Ideal for home décor or gifting.",flat_product_pf_400x500-mm_pt_80-lb-cover-uncoated_cl_4-0_ct_none_prt_none_sft_none_set_none_hor,https://upload.wikimedia.org/wikipedia/commons/c/ca/1x1.png,Yes
Posters — 400x500-mm — ver,"Personalised posters from Pixora. Upload your photo, preview on a live product mockup, and we print and ship premium quality to your door. Ideal for home décor or gifting.",flat_product_pf_400x500-mm_pt_80-lb-cover-uncoated_cl_4-0_ct_none_prt_none_sft_none_set_none_ver,https://upload.wikimedia.org/wikipedia/commons/c/ca/1x1.png,Yes
Posters — 400x600-mm — hor,"Personalised posters from Pixora. Upload your photo, preview on a live product mockup, and we print and ship premium quality to your door. Ideal for home décor or gifting.",flat_product_pf_400x600-mm_pt_170-gsm-uncoated_cl_4-0_ct_none_prt_none_sft_none_set_none_hor,https://upload.wikimedia.org/wikipedia/commons/c/ca/1x1.png,Yes
Posters — 400x600-mm — ver,"Personalised posters from Pixora. Upload your photo, preview on a live product mockup, and we print and ship premium quality to your door. Ideal for home décor or gifting.",flat_product_pf_400x600-mm_pt_170-gsm-uncoated_cl_4-0_ct_none_prt_none_sft_none_set_none_ver,https://upload.wikimedia.org/wikipedia/commons/c/ca/1x1.png,Yes
Posters — 400x600-mm — hor,"Personalised posters from Pixora. Upload your photo, preview on a live product mockup, and we print and ship premium quality to your door. Ideal for home décor or gifting.",flat_product_pf_400x600-mm_pt_200-gsm-coated-silk_cl_4-0_ct_none_prt_none_sft_none_set_none_hor,https://upload.wikimedia.org/wikipedia/commons/c/ca/1x1.png,Yes
Posters — 400x600-mm — ver,"Personalised posters from Pixora. Upload your photo, preview on a live product mockup, and we print and ship premium quality to your door. Ideal for home décor or gifting.",flat_product_pf_400x600-mm_pt_200-gsm-coated-silk_cl_4-0_ct_none_prt_none_sft_none_set_none_ver,https://upload.wikimedia.org/wikipedia/commons/c/ca/1x1.png,Yes
Posters — 400x600-mm — hor,"Personalised posters from Pixora. Upload your photo, preview on a live product mockup, and we print and ship premium quality to your door. Ideal for home décor or gifting.",flat_product_pf_400x600-mm_pt_200-gsm-uncoated_cl_4-0_ct_none_prt_none_sft_none_set_none_hor,https://upload.wikimedia.org/wikipedia/commons/c/ca/1x1.png,Yes
Posters — 400x600-mm — ver,"Personalised posters from Pixora. Upload your photo, preview on a live product mockup, and we print and ship premium quality to your door. Ideal for home décor or gifting.",flat_product_pf_400x600-mm_pt_200-gsm-uncoated_cl_4-0_ct_none_prt_none_sft_none_set_none_ver,https://upload.wikimedia.org/wikipedia/commons/c/ca/1x1.png,Yes
Posters — 400x600-mm — hor,"Personalised posters from Pixora. Upload your photo, preview on a live product mockup, and we print and ship premium quality to your door. Ideal for home décor or gifting.",flat_product_pf_400x600-mm_pt_250-gsm-uncoated-offwhite-archival_cl_4-0_ct_none_prt_none_sft_none_set_none_hor,https://upload.wikimedia.org/wikipedia/commons/c/ca/1x1.png,Yes
Posters — 400x600-mm — ver,"Personalised posters from Pixora. Upload your photo, preview on a live product mockup, and we print and ship premium quality to your door. Ideal for home décor or gifting.",flat_product_pf_400x600-mm_pt_250-gsm-uncoated-offwhite-archival_cl_4-0_ct_none_prt_none_sft_none_set_none_ver,https://upload.wikimedia.org/wikipedia/commons/c/ca/1x1.png,Yes
Posters — 400x600-mm — hor,"Personalised posters from Pixora. Upload your photo, preview on a live product mockup, and we print and ship premium quality to your door. Ideal for home décor or gifting.",flat_product_pf_400x600-mm_pt_65-lb-cover-coated-silk_cl_4-0_ct_none_prt_none_sft_none_set_none_hor,https://upload.wikimedia.org/wikipedia/commons/c/ca/1x1.png,Yes
Posters — 400x600-mm — ver,"Personalised posters from Pixora. Upload your photo, preview on a live product mockup, and we print and ship premium quality to your door. Ideal for home décor or gifting.",flat_product_pf_400x600-mm_pt_65-lb-cover-coated-silk_cl_4-0_ct_none_prt_none_sft_none_set_none_ver,https://upload.wikimedia.org/wikipedia/commons/c/ca/1x1.png,Yes
Posters — 400x600-mm — hor,"Personalised posters from Pixora. Upload your photo, preview on a live product mockup, and we print and ship premium quality to your door. Ideal for home décor or gifting.",flat_product_pf_400x600-mm_pt_65-lb-cover-uncoated_cl_4-0_ct_none_prt_none_sft_none_set_none_hor,https://upload.wikimedia.org/wikipedia/commons/c/ca/1x1.png,Yes
Posters — 400x600-mm — ver,"Personalised posters from Pixora. Upload your photo, preview on a live product mockup, and we print and ship premium quality to your door. Ideal for home décor or gifting.",flat_product_pf_400x600-mm_pt_65-lb-cover-uncoated_cl_4-0_ct_none_prt_none_sft_none_set_none_ver,https://upload.wikimedia.org/wikipedia/commons/c/ca/1x1.png,Yes
Posters — 400x600-mm — hor,"Personalised posters from Pixora. Upload your photo, preview on a live product mockup, and we print and ship premium quality to your door. Ideal for home décor or gifting.",flat_product_pf_400x600-mm_pt_80-lb-cover-coated-silk_cl_4-0_ct_none_prt_none_sft_none_set_none_hor,https://upload.wikimedia.org/wikipedia/commons/c/ca/1x1.png,Yes
Posters — 400x600-mm — ver,"Personalised posters from Pixora. Upload your photo, preview on a live product mockup, and we print and ship premium quality to your door. Ideal for home décor or gifting.",flat_product_pf_400x600-mm_pt_80-lb-cover-coated-silk_cl_4-0_ct_none_prt_none_sft_none_set_none_ver,https://upload.wikimedia.org/wikipedia/commons/c/ca/1x1.png,Yes
Posters — 400x600-mm — hor,"Personalised posters from Pixora. Upload your photo, preview on a live product mockup, and we print and ship premium quality to your door. Ideal for home décor or gifting.",flat_product_pf_400x600-mm_pt_80-lb-cover-uncoated_cl_4-0_ct_none_prt_none_sft_none_set_none_hor,https://upload.wikimedia.org/wikipedia/commons/c/ca/1x1.png,Yes
Posters — 400x600-mm — ver,"Personalised posters from Pixora. Upload your photo, preview on a live product mockup, and we print and ship premium quality to your door. Ideal for home décor or gifting.",flat_product_pf_400x600-mm_pt_80-lb-cover-uncoated_cl_4-0_ct_none_prt_none_sft_none_set_none_ver,https://upload.wikimedia.org/wikipedia/commons/c/ca/1x1.png,Yes
Posters — 450x450-mm — hor,"Personalised posters from Pixora. Upload your photo, preview on a live product mockup, and we print and ship premium quality to your door. Ideal for home décor or gifting.",flat_product_pf_450x450-mm_pt_250-gsm-uncoated-offwhite-archival_cl_4-0_ct_none_prt_none_sft_none_set_none_hor,https://upload.wikimedia.org/wikipedia/commons/c/ca/1x1.png,Yes
Posters — 450x450-mm — ver,"Personalised posters from Pixora. Upload your photo, preview on a live product mockup, and we print and ship premium quality to your door. Ideal for home décor or gifting.",flat_product_pf_450x450-mm_pt_250-gsm-uncoated-offwhite-archival_cl_4-0_ct_none_prt_none_sft_none_set_none_ver,https://upload.wikimedia.org/wikipedia/commons/c/ca/1x1.png,Yes
Posters — 450x600-mm — hor,"Personalised posters from Pixora. Upload your photo, preview on a live product mockup, and we print and ship premium quality to your door. Ideal for home décor or gifting.",flat_product_pf_450x600-mm_pt_170-gsm-coated-silk_cl_4-0_ct_none_prt_none_sft_none_set_none_hor,https://upload.wikimedia.org/wikipedia/commons/c/ca/1x1.png,Yes
Posters — 450x600-mm — ver,"Personalised posters from Pixora. Upload your photo, preview on a live product mockup, and we print and ship premium quality to your door. Ideal for home décor or gifting.",flat_product_pf_450x600-mm_pt_170-gsm-coated-silk_cl_4-0_ct_none_prt_none_sft_none_set_none_ver,https://upload.wikimedia.org/wikipedia/commons/c/ca/1x1.png,Yes
Posters — 450x600-mm — hor,"Personalised posters from Pixora. Upload your photo, preview on a live product mockup, and we print and ship premium quality to your door. Ideal for home décor or gifting.",flat_product_pf_450x600-mm_pt_170-gsm-uncoated_cl_4-0_ct_none_prt_none_sft_none_set_none_hor,https://upload.wikimedia.org/wikipedia/commons/c/ca/1x1.png,Yes
Posters — 450x600-mm — ver,"Personalised posters from Pixora. Upload your photo, preview on a live product mockup, and we print and ship premium quality to your door. Ideal for home décor or gifting.",flat_product_pf_450x600-mm_pt_170-gsm-uncoated_cl_4-0_ct_none_prt_none_sft_none_set_none_ver,https://upload.wikimedia.org/wikipedia/commons/c/ca/1x1.png,Yes
Posters — 450x600-mm — hor,"Personalised posters from Pixora. Upload your photo, preview on a live product mockup, and we print and ship premium quality to your door. Ideal for home décor or gifting.",flat_product_pf_450x600-mm_pt_200-gsm-coated-silk_cl_4-0_ct_none_prt_none_sft_none_set_none_hor,https://upload.wikimedia.org/wikipedia/commons/c/ca/1x1.png,Yes
Posters — 450x600-mm — ver,"Personalised posters from Pixora. Upload your photo, preview on a live product mockup, and we print and ship premium quality to your door. Ideal for home décor or gifting.",flat_product_pf_450x600-mm_pt_200-gsm-coated-silk_cl_4-0_ct_none_prt_none_sft_none_set_none_ver,https://upload.wikimedia.org/wikipedia/commons/c/ca/1x1.png,Yes
Posters — 450x600-mm — hor,"Personalised posters from Pixora. Upload your photo, preview on a live product mockup, and we print and ship premium quality to your door. Ideal for home décor or gifting.",flat_product_pf_450x600-mm_pt_200-gsm-uncoated_cl_4-0_ct_none_prt_none_sft_none_set_none_hor,https://upload.wikimedia.org/wikipedia/commons/c/ca/1x1.png,Yes
Posters — 450x600-mm — ver,"Personalised posters from Pixora. Upload your photo, preview on a live product mockup, and we print and ship premium quality to your door. Ideal for home décor or gifting.",flat_product_pf_450x600-mm_pt_200-gsm-uncoated_cl_4-0_ct_none_prt_none_sft_none_set_none_ver,https://upload.wikimedia.org/wikipedia/commons/c/ca/1x1.png,Yes
Posters — 450x600-mm — hor,"Personalised posters from Pixora. Upload your photo, preview on a live product mockup, and we print and ship premium quality to your door. Ideal for home décor or gifting.",flat_product_pf_450x600-mm_pt_250-gsm-uncoated-offwhite-archival_cl_4-0_ct_none_prt_none_sft_none_set_none_hor,https://upload.wikimedia.org/wikipedia/commons/c/ca/1x1.png,Yes
Posters — 450x600-mm — ver,"Personalised posters from Pixora. Upload your photo, preview on a live product mockup, and we print and ship premium quality to your door. Ideal for home décor or gifting.",flat_product_pf_450x600-mm_pt_250-gsm-uncoated-offwhite-archival_cl_4-0_ct_none_prt_none_sft_none_set_none_ver,https://upload.wikimedia.org/wikipedia/commons/c/ca/1x1.png,Yes
Posters — 450x600-mm — hor,"Personalised posters from Pixora. Upload your photo, preview on a live product mockup, and we print and ship premium quality to your door. Ideal for home décor or gifting.",flat_product_pf_450x600-mm_pt_65-lb-cover-coated-silk_cl_4-0_ct_none_prt_none_sft_none_set_none_hor,https://upload.wikimedia.org/wikipedia/commons/c/ca/1x1.png,Yes
Posters — 450x600-mm — ver,"Personalised posters from Pixora. Upload your photo, preview on a live product mockup, and we print and ship premium quality to your door. Ideal for home décor or gifting.",flat_product_pf_450x600-mm_pt_65-lb-cover-coated-silk_cl_4-0_ct_none_prt_none_sft_none_set_none_ver,https://upload.wikimedia.org/wikipedia/commons/c/ca/1x1.png,Yes
Posters — 450x600-mm — hor,"Personalised posters from Pixora. Upload your photo, preview on a live product mockup, and we print and ship premium quality to your door. Ideal for home décor or gifting.",flat_product_pf_450x600-mm_pt_65-lb-cover-uncoated_cl_4-0_ct_none_prt_none_sft_none_set_none_hor,https://upload.wikimedia.org/wikipedia/commons/c/ca/1x1.png,Yes
Posters — 450x600-mm — ver,"Personalised posters from Pixora. Upload your photo, preview on a live product mockup, and we print and ship premium quality to your door. Ideal for home décor or gifting.",flat_product_pf_450x600-mm_pt_65-lb-cover-uncoated_cl_4-0_ct_none_prt_none_sft_none_set_none_ver,https://upload.wikimedia.org/wikipedia/commons/c/ca/1x1.png,Yes
Posters — 450x600-mm — hor,"Personalised posters from Pixora. Upload your photo, preview on a live product mockup, and we print and ship premium quality to your door. Ideal for home décor or gifting.",flat_product_pf_450x600-mm_pt_80-lb-cover-coated-silk_cl_4-0_ct_none_prt_none_sft_none_set_none_hor,https://upload.wikimedia.org/wikipedia/commons/c/ca/1x1.png,Yes
Posters — 450x600-mm — ver,"Personalised posters from Pixora. Upload your photo, preview on a live product mockup, and we print and ship premium quality to your door. Ideal for home décor or gifting.",flat_product_pf_450x600-mm_pt_80-lb-cover-coated-silk_cl_4-0_ct_none_prt_none_sft_none_set_none_ver,https://upload.wikimedia.org/wikipedia/commons/c/ca/1x1.png,Yes
Posters — 450x600-mm — hor,"Personalised posters from Pixora. Upload your photo, preview on a live product mockup, and we print and ship premium quality to your door. Ideal for home décor or gifting.",flat_product_pf_450x600-mm_pt_80-lb-cover-uncoated_cl_4-0_ct_none_prt_none_sft_none_set_none_hor,https://upload.wikimedia.org/wikipedia/commons/c/ca/1x1.png,Yes
Posters — 450x600-mm — ver,"Personalised posters from Pixora. Upload your photo, preview on a live product mockup, and we print and ship premium quality to your door. Ideal for home décor or gifting.",flat_product_pf_450x600-mm_pt_80-lb-cover-uncoated_cl_4-0_ct_none_prt_none_sft_none_set_none_ver,https://upload.wikimedia.org/wikipedia/commons/c/ca/1x1.png,Yes
Posters — 500x500-mm — hor,"Personalised posters from Pixora. Upload your photo, preview on a live product mockup, and we print and ship premium quality to your door. Ideal for home décor or gifting.",flat_product_pf_500x500-mm_pt_170-gsm-coated-silk_cl_4-0_ct_none_prt_none_sft_none_set_none_hor,https://upload.wikimedia.org/wikipedia/commons/c/ca/1x1.png,Yes
Posters — 500x500-mm — hor,"Personalised posters from Pixora. Upload your photo, preview on a live product mockup, and we print and ship premium quality to your door. Ideal for home décor or gifting.",flat_product_pf_500x500-mm_pt_170-gsm-uncoated_cl_4-0_ct_none_prt_none_sft_none_set_none_hor,https://upload.wikimedia.org/wikipedia/commons/c/ca/1x1.png,Yes
Posters — 500x500-mm — ver,"Personalised posters from Pixora. Upload your photo, preview on a live product mockup, and we print and ship premium quality to your door. Ideal for home décor or gifting.",flat_product_pf_500x500-mm_pt_170-gsm-uncoated_cl_4-0_ct_none_prt_none_sft_none_set_none_ver,https://upload.wikimedia.org/wikipedia/commons/c/ca/1x1.png,Yes
Posters — 500x500-mm — hor,"Personalised posters from Pixora. Upload your photo, preview on a live product mockup, and we print and ship premium quality to your door. Ideal for home décor or gifting.",flat_product_pf_500x500-mm_pt_200-gsm-coated-silk_cl_4-0_ct_none_prt_none_sft_none_set_none_hor,https://upload.wikimedia.org/wikipedia/commons/c/ca/1x1.png,Yes
Posters — 500x500-mm — ver,"Personalised posters from Pixora. Upload your photo, preview on a live product mockup, and we print and ship premium quality to your door. Ideal for home décor or gifting.",flat_product_pf_500x500-mm_pt_200-gsm-coated-silk_cl_4-0_ct_none_prt_none_sft_none_set_none_ver,https://upload.wikimedia.org/wikipedia/commons/c/ca/1x1.png,Yes
Posters — 500x500-mm — hor,"Personalised posters from Pixora. Upload your photo, preview on a live product mockup, and we print and ship premium quality to your door. Ideal for home décor or gifting.",flat_product_pf_500x500-mm_pt_200-gsm-uncoated_cl_4-0_ct_none_prt_none_sft_none_set_none_hor,https://upload.wikimedia.org/wikipedia/commons/c/ca/1x1.png,Yes
Posters — 500x500-mm — ver,"Personalised posters from Pixora. Upload your photo, preview on a live product mockup, and we print and ship premium quality to your door. Ideal for home décor or gifting.",flat_product_pf_500x500-mm_pt_200-gsm-uncoated_cl_4-0_ct_none_prt_none_sft_none_set_none_ver,https://upload.wikimedia.org/wikipedia/commons/c/ca/1x1.png,Yes
Posters — 500x500-mm — hor,"Personalised posters from Pixora. Upload your photo, preview on a live product mockup, and we print and ship premium quality to your door. Ideal for home décor or gifting.",flat_product_pf_500x500-mm_pt_250-gsm-uncoated-offwhite-archival_cl_4-0_ct_none_prt_none_sft_none_set_none_hor,https://upload.wikimedia.org/wikipedia/commons/c/ca/1x1.png,Yes
Posters — 500x500-mm — ver,"Personalised posters from Pixora. Upload your photo, preview on a live product mockup, and we print and ship premium quality to your door. Ideal for home décor or gifting.",flat_product_pf_500x500-mm_pt_250-gsm-uncoated-offwhite-archival_cl_4-0_ct_none_prt_none_sft_none_set_none_ver,https://upload.wikimedia.org/wikipedia/commons/c/ca/1x1.png,Yes
Posters — 500x500-mm — hor,"Personalised posters from Pixora. Upload your photo, preview on a live product mockup, and we print and ship premium quality to your door. Ideal for home décor or gifting.",flat_product_pf_500x500-mm_pt_65-lb-cover-coated-silk_cl_4-0_ct_none_prt_none_sft_none_set_none_hor,https://upload.wikimedia.org/wikipedia/commons/c/ca/1x1.png,Yes
Posters — 500x500-mm — ver,"Personalised posters from Pixora. Upload your photo, preview on a live product mockup, and we print and ship premium quality to your door. Ideal for home décor or gifting.",flat_product_pf_500x500-mm_pt_65-lb-cover-coated-silk_cl_4-0_ct_none_prt_none_sft_none_set_none_ver,https://upload.wikimedia.org/wikipedia/commons/c/ca/1x1.png,Yes
Posters — 500x500-mm — hor,"Personalised posters from Pixora. Upload your photo, preview on a live product mockup, and we print and ship premium quality to your door. Ideal for home décor or gifting.",flat_product_pf_500x500-mm_pt_65-lb-cover-uncoated_cl_4-0_ct_none_prt_none_sft_none_set_none_hor,https://upload.wikimedia.org/wikipedia/commons/c/ca/1x1.png,Yes
Posters — 500x500-mm — ver,"Personalised posters from Pixora. Upload your photo, preview on a live product mockup, and we print and ship premium quality to your door. Ideal for home décor or gifting.",flat_product_pf_500x500-mm_pt_65-lb-cover-uncoated_cl_4-0_ct_none_prt_none_sft_none_set_none_ver,https://upload.wikimedia.org/wikipedia/commons/c/ca/1x1.png,Yes
Posters — 500x500-mm — hor,"Personalised posters from Pixora. Upload your photo, preview on a live product mockup, and we print and ship premium quality to your door. Ideal for home décor or gifting.",flat_product_pf_500x500-mm_pt_80-lb-cover-coated-silk_cl_4-0_ct_none_prt_none_sft_none_set_none_hor,https://upload.wikimedia.org/wikipedia/commons/c/ca/1x1.png,Yes
Posters — 500x500-mm — ver,"Personalised posters from Pixora. Upload your photo, preview on a live product mockup, and we print and ship premium quality to your door. Ideal for home décor or gifting.",flat_product_pf_500x500-mm_pt_80-lb-cover-coated-silk_cl_4-0_ct_none_prt_none_sft_none_set_none_ver,https://upload.wikimedia.org/wikipedia/commons/c/ca/1x1.png,Yes
Posters — 500x500-mm — hor,"Personalised posters from Pixora. Upload your photo, preview on a live product mockup, and we print and ship premium quality to your door. Ideal for home décor or gifting.",flat_product_pf_500x500-mm_pt_80-lb-cover-uncoated_cl_4-0_ct_none_prt_none_sft_none_set_none_hor,https://upload.wikimedia.org/wikipedia/commons/c/ca/1x1.png,Yes
Posters — 500x500-mm — ver,"Personalised posters from Pixora. Upload your photo, preview on a live product mockup, and we print and ship premium quality to your door. Ideal for home décor or gifting.",flat_product_pf_500x500-mm_pt_80-lb-cover-uncoated_cl_4-0_ct_none_prt_none_sft_none_set_none_ver,https://upload.wikimedia.org/wikipedia/commons/c/ca/1x1.png,Yes
Posters — 500x700-mm — hor,"Personalised posters from Pixora. Upload your photo, preview on a live product mockup, and we print and ship premium quality to your door. Ideal for home décor or gifting.",flat_product_pf_500x700-mm_pt_170-gsm-uncoated_cl_4-0_ct_none_prt_none_sft_none_set_none_hor,https://upload.wikimedia.org/wikipedia/commons/c/ca/1x1.png,Yes
Posters — 500x700-mm — ver,"Personalised posters from Pixora. Upload your photo, preview on a live product mockup, and we print and ship premium quality to your door. Ideal for home décor or gifting.",flat_product_pf_500x700-mm_pt_170-gsm-uncoated_cl_4-0_ct_none_prt_none_sft_none_set_none_ver,https://upload.wikimedia.org/wikipedia/commons/c/ca/1x1.png,Yes
Posters — 500x700-mm — hor,"Personalised posters from Pixora. Upload your photo, preview on a live product mockup, and we print and ship premium quality to your door. Ideal for home décor or gifting.",flat_product_pf_500x700-mm_pt_200-gsm-coated-silk_cl_4-0_ct_none_prt_none_sft_none_set_none_hor,https://upload.wikimedia.org/wikipedia/commons/c/ca/1x1.png,Yes
Posters — 500x700-mm — ver,"Personalised posters from Pixora. Upload your photo, preview on a live product mockup, and we print and ship premium quality to your door. Ideal for home décor or gifting.",flat_product_pf_500x700-mm_pt_200-gsm-coated-silk_cl_4-0_ct_none_prt_none_sft_none_set_none_ver,https://upload.wikimedia.org/wikipedia/commons/c/ca/1x1.png,Yes
Posters — 500x700-mm — hor,"Personalised posters from Pixora. Upload your photo, preview on a live product mockup, and we print and ship premium quality to your door. Ideal for home décor or gifting.",flat_product_pf_500x700-mm_pt_200-gsm-uncoated_cl_4-0_ct_none_prt_none_sft_none_set_none_hor,https://upload.wikimedia.org/wikipedia/commons/c/ca/1x1.png,Yes
Posters — 500x700-mm — ver,"Personalised posters from Pixora. Upload your photo, preview on a live product mockup, and we print and ship premium quality to your door. Ideal for home décor or gifting.",flat_product_pf_500x700-mm_pt_200-gsm-uncoated_cl_4-0_ct_none_prt_none_sft_none_set_none_ver,https://upload.wikimedia.org/wikipedia/commons/c/ca/1x1.png,Yes
Posters — 500x700-mm — hor,"Personalised posters from Pixora. Upload your photo, preview on a live product mockup, and we print and ship premium quality to your door. Ideal for home décor or gifting.",flat_product_pf_500x700-mm_pt_250-gsm-uncoated-offwhite-archival_cl_4-0_ct_none_prt_none_sft_none_set_none_hor,https://upload.wikimedia.org/wikipedia/commons/c/ca/1x1.png,Yes
Posters — 500x700-mm — ver,"Personalised posters from Pixora. Upload your photo, preview on a live product mockup, and we print and ship premium quality to your door. Ideal for home décor or gifting.",flat_product_pf_500x700-mm_pt_250-gsm-uncoated-offwhite-archival_cl_4-0_ct_none_prt_none_sft_none_set_none_ver,https://upload.wikimedia.org/wikipedia/commons/c/ca/1x1.png,Yes
Posters — 500x700-mm — hor,"Personalised posters from Pixora. Upload your photo, preview on a live product mockup, and we print and ship premium quality to your door. Ideal for home décor or gifting.",flat_product_pf_500x700-mm_pt_65-lb-cover-coated-silk_cl_4-0_ct_none_prt_none_sft_none_set_none_hor,https://upload.wikimedia.org/wikipedia/commons/c/ca/1x1.png,Yes
Posters — 500x700-mm — hor,"Personalised posters from Pixora. Upload your photo, preview on a live product mockup, and we print and ship premium quality to your door. Ideal for home décor or gifting.",flat_product_pf_500x700-mm_pt_65-lb-cover-uncoated_cl_4-0_ct_none_prt_none_sft_none_set_none_hor,https://upload.wikimedia.org/wikipedia/commons/c/ca/1x1.png,Yes
Posters — 500x700-mm — ver,"Personalised posters from Pixora. Upload your photo, preview on a live product mockup, and we print and ship premium quality to your door. Ideal for home décor or gifting.",flat_product_pf_500x700-mm_pt_65-lb-cover-uncoated_cl_4-0_ct_none_prt_none_sft_none_set_none_ver,https://upload.wikimedia.org/wikipedia/commons/c/ca/1x1.png,Yes
Posters — 500x700-mm — hor,"Personalised posters from Pixora. Upload your photo, preview on a live product mockup, and we print and ship premium quality to your door. Ideal for home décor or gifting.",flat_product_pf_500x700-mm_pt_80-lb-cover-coated-silk_cl_4-0_ct_none_prt_none_sft_none_set_none_hor,https://upload.wikimedia.org/wikipedia/commons/c/ca/1x1.png,Yes
Posters — 500x700-mm — ver,"Personalised posters from Pixora. Upload your photo, preview on a live product mockup, and we print and ship premium quality to your door. Ideal for home décor or gifting.",flat_product_pf_500x700-mm_pt_80-lb-cover-coated-silk_cl_4-0_ct_none_prt_none_sft_none_set_none_ver,https://upload.wikimedia.org/wikipedia/commons/c/ca/1x1.png,Yes
Posters — 500x700-mm — hor,"Personalised posters from Pixora. Upload your photo, preview on a live product mockup, and we print and ship premium quality to your door. Ideal for home décor or gifting.",flat_product_pf_500x700-mm_pt_80-lb-cover-uncoated_cl_4-0_ct_none_prt_none_sft_none_set_none_hor,https://upload.wikimedia.org/wikipedia/commons/c/ca/1x1.png,Yes
Posters — 500x700-mm — ver,"Personalised posters from Pixora. Upload your photo, preview on a live product mockup, and we print and ship premium quality to your door. Ideal for home décor or gifting.",flat_product_pf_500x700-mm_pt_80-lb-cover-uncoated_cl_4-0_ct_none_prt_none_sft_none_set_none_ver,https://upload.wikimedia.org/wikipedia/commons/c/ca/1x1.png,Yes
Posters — 533x711-mm — hor,"Personalised posters from Pixora. Upload your photo, preview on a live product mockup, and we print and ship premium quality to your door. Ideal for home décor or gifting.",flat_product_pf_533x711-mm_pt_200-gsm-uncoated_cl_4-0_ct_none_prt_none_sft_none_set_none_hor,https://upload.wikimedia.org/wikipedia/commons/c/ca/1x1.png,Yes
Posters — 533x711-mm — ver,"Personalised posters from Pixora. Upload your photo, preview on a live product mockup, and we print and ship premium quality to your door. Ideal for home décor or gifting.",flat_product_pf_533x711-mm_pt_200-gsm-uncoated_cl_4-0_ct_none_prt_none_sft_none_set_none_ver,https://upload.wikimedia.org/wikipedia/commons/c/ca/1x1.png,Yes
Posters — 533x711-mm — hor,"Personalised posters from Pixora. Upload your photo, preview on a live product mockup, and we print and ship premium quality to your door. Ideal for home décor or gifting.",flat_product_pf_533x711-mm_pt_80-lb-cover-uncoated_cl_4-0_ct_none_prt_none_sft_none_set_none_hor,https://upload.wikimedia.org/wikipedia/commons/c/ca/1x1.png,Yes
Posters — 533x711-mm — ver,"Personalised posters from Pixora. Upload your photo, preview on a live product mockup, and we print and ship premium quality to your door. Ideal for home décor or gifting.",flat_product_pf_533x711-mm_pt_80-lb-cover-uncoated_cl_4-0_ct_none_prt_none_sft_none_set_none_ver,https://upload.wikimedia.org/wikipedia/commons/c/ca/1x1.png,Yes
Posters — 5R — hor,"Personalised posters from Pixora. Upload your photo, preview on a live product mockup, and we print and ship premium quality to your door. Ideal for home décor or gifting.",flat_product_pf_5r_pt_100-lb-cover-uncoated-offwhite-archival_cl_4-0_ct_none_prt_none_sft_none_set_none_hor,https://upload.wikimedia.org/wikipedia/commons/c/ca/1x1.png,Yes
Posters — 5R — ver,"Personalised posters from Pixora. Upload your photo, preview on a live product mockup, and we print and ship premium quality to your door. Ideal for home décor or gifting.",flat_product_pf_5r_pt_100-lb-cover-uncoated-offwhite-archival_cl_4-0_ct_none_prt_none_sft_none_set_none_ver,https://upload.wikimedia.org/wikipedia/commons/c/ca/1x1.png,Yes
Posters — 5R — hor,"Personalised posters from Pixora. Upload your photo, preview on a live product mockup, and we print and ship premium quality to your door. Ideal for home décor or gifting.",flat_product_pf_5r_pt_170-gsm-coated-silk_cl_4-0_ct_none_prt_none_sft_none_set_none_hor,https://upload.wikimedia.org/wikipedia/commons/c/ca/1x1.png,Yes
Posters — 5R — ver,"Personalised posters from Pixora. Upload your photo, preview on a live product mockup, and we print and ship premium quality to your door. Ideal for home décor or gifting.",flat_product_pf_5r_pt_170-gsm-coated-silk_cl_4-0_ct_none_prt_none_sft_none_set_none_ver,https://upload.wikimedia.org/wikipedia/commons/c/ca/1x1.png,Yes
Posters — 5R — hor,"Personalised posters from Pixora. Upload your photo, preview on a live product mockup, and we print and ship premium quality to your door. Ideal for home décor or gifting.",flat_product_pf_5r_pt_170-gsm-uncoated_cl_4-0_ct_none_prt_none_sft_none_set_none_hor,https://upload.wikimedia.org/wikipedia/commons/c/ca/1x1.png,Yes
Posters — 5R — ver,"Personalised posters from Pixora. Upload your photo, preview on a live product mockup, and we print and ship premium quality to your door. Ideal for home décor or gifting.",flat_product_pf_5r_pt_170-gsm-uncoated_cl_4-0_ct_none_prt_none_sft_none_set_none_ver,https://upload.wikimedia.org/wikipedia/commons/c/ca/1x1.png,Yes
Posters — 5R — hor,"Personalised posters from Pixora. Upload your photo, preview on a live product mockup, and we print and ship premium quality to your door. Ideal for home décor or gifting.",flat_product_pf_5r_pt_200-gsm-coated-silk_cl_4-0_ct_none_prt_none_sft_none_set_none_hor,https://upload.wikimedia.org/wikipedia/commons/c/ca/1x1.png,Yes
Posters — 5R — ver,"Personalised posters from Pixora. Upload your photo, preview on a live product mockup, and we print and ship premium quality to your door. Ideal for home décor or gifting.",flat_product_pf_5r_pt_200-gsm-coated-silk_cl_4-0_ct_none_prt_none_sft_none_set_none_ver,https://upload.wikimedia.org/wikipedia/commons/c/ca/1x1.png,Yes
Posters — 5R — hor,"Personalised posters from Pixora. Upload your photo, preview on a live product mockup, and we print and ship premium quality to your door. Ideal for home décor or gifting.",flat_product_pf_5r_pt_200-gsm-uncoated_cl_4-0_ct_none_prt_none_sft_none_set_none_hor,https://upload.wikimedia.org/wikipedia/commons/c/ca/1x1.png,Yes
Posters — 5R — ver,"Personalised posters from Pixora. Upload your photo, preview on a live product mockup, and we print and ship premium quality to your door. Ideal for home décor or gifting.",flat_product_pf_5r_pt_200-gsm-uncoated_cl_4-0_ct_none_prt_none_sft_none_set_none_ver,https://upload.wikimedia.org/wikipedia/commons/c/ca/1x1.png,Yes
Posters — 5R — hor,"Personalised posters from Pixora. Upload your photo, preview on a live product mockup, and we print and ship premium quality to your door. Ideal for home décor or gifting.",flat_product_pf_5r_pt_65-lb-cover-coated-silk_cl_4-0_ct_none_prt_none_sft_none_set_none_hor,https://upload.wikimedia.org/wikipedia/commons/c/ca/1x1.png,Yes
Posters — 5R — ver,"Personalised posters from Pixora. Upload your photo, preview on a live product mockup, and we print and ship premium quality to your door. Ideal for home décor or gifting.",flat_product_pf_5r_pt_65-lb-cover-coated-silk_cl_4-0_ct_none_prt_none_sft_none_set_none_ver,https://upload.wikimedia.org/wikipedia/commons/c/ca/1x1.png,Yes
Posters — 5R — hor,"Personalised posters from Pixora. Upload your photo, preview on a live product mockup, and we print and ship premium quality to your door. Ideal for home décor or gifting.",flat_product_pf_5r_pt_65-lb-cover-uncoated_cl_4-0_ct_none_prt_none_sft_none_set_none_hor,https://upload.wikimedia.org/wikipedia/commons/c/ca/1x1.png,Yes
Posters — 5R — ver,"Personalised posters from Pixora. Upload your photo, preview on a live product mockup, and we print and ship premium quality to your door. Ideal for home décor or gifting.",flat_product_pf_5r_pt_65-lb-cover-uncoated_cl_4-0_ct_none_prt_none_sft_none_set_none_ver,https://upload.wikimedia.org/wikipedia/commons/c/ca/1x1.png,Yes
Posters — 5R — hor,"Personalised posters from Pixora. Upload your photo, preview on a live product mockup, and we print and ship premium quality to your door. Ideal for home décor or gifting.",flat_product_pf_5r_pt_80-lb-cover-coated-silk_cl_4-0_ct_none_prt_none_sft_none_set_none_hor,https://upload.wikimedia.org/wikipedia/commons/c/ca/1x1.png,Yes
Posters — 5R — ver,"Personalised posters from Pixora. Upload your photo, preview on a live product mockup, and we print and ship premium quality to your door. Ideal for home décor or gifting.",flat_product_pf_5r_pt_80-lb-cover-coated-silk_cl_4-0_ct_none_prt_none_sft_none_set_none_ver,https://upload.wikimedia.org/wikipedia/commons/c/ca/1x1.png,Yes
Posters — 5R — hor,"Personalised posters from Pixora. Upload your photo, preview on a live product mockup, and we print and ship premium quality to your door. Ideal for home décor or gifting.",flat_product_pf_5r_pt_80-lb-cover-uncoated_cl_4-0_ct_none_prt_none_sft_none_set_none_hor,https://upload.wikimedia.org/wikipedia/commons/c/ca/1x1.png,Yes
Posters — 5R — ver,"Personalised posters from Pixora. Upload your photo, preview on a live product mockup, and we print and ship premium quality to your door. Ideal for home décor or gifting.",flat_product_pf_5r_pt_80-lb-cover-uncoated_cl_4-0_ct_none_prt_none_sft_none_set_none_ver,https://upload.wikimedia.org/wikipedia/commons/c/ca/1x1.png,Yes
Posters — 600x800-mm — hor,"Personalised posters from Pixora. Upload your photo, preview on a live product mockup, and we print and ship premium quality to your door. Ideal for home décor or gifting.",flat_product_pf_600x800-mm_pt_170-gsm-coated-silk_cl_4-0_ct_none_prt_none_sft_none_set_none_hor,https://upload.wikimedia.org/wikipedia/commons/c/ca/1x1.png,Yes
Posters — 600x800-mm — ver,"Personalised posters from Pixora. Upload your photo, preview on a live product mockup, and we print and ship premium quality to your door. Ideal for home décor or gifting.",flat_product_pf_600x800-mm_pt_170-gsm-coated-silk_cl_4-0_ct_none_prt_none_sft_none_set_none_ver,https://upload.wikimedia.org/wikipedia/commons/c/ca/1x1.png,Yes
Posters — 600x800-mm — hor,"Personalised posters from Pixora. Upload your photo, preview on a live product mockup, and we print and ship premium quality to your door. Ideal for home décor or gifting.",flat_product_pf_600x800-mm_pt_170-gsm-uncoated_cl_4-0_ct_none_prt_none_sft_none_set_none_hor,https://upload.wikimedia.org/wikipedia/commons/c/ca/1x1.png,Yes
Posters — 600x800-mm — ver,"Personalised posters from Pixora. Upload your photo, preview on a live product mockup, and we print and ship premium quality to your door. Ideal for home décor or gifting.",flat_product_pf_600x800-mm_pt_170-gsm-uncoated_cl_4-0_ct_none_prt_none_sft_none_set_none_ver,https://upload.wikimedia.org/wikipedia/commons/c/ca/1x1.png,Yes
Posters — 600x800-mm — hor,"Personalised posters from Pixora. Upload your photo, preview on a live product mockup, and we print and ship premium quality to your door. Ideal for home décor or gifting.",flat_product_pf_600x800-mm_pt_200-gsm-coated-silk_cl_4-0_ct_none_prt_none_sft_none_set_none_hor,https://upload.wikimedia.org/wikipedia/commons/c/ca/1x1.png,Yes
Posters — 600x800-mm — ver,"Personalised posters from Pixora. Upload your photo, preview on a live product mockup, and we print and ship premium quality to your door. Ideal for home décor or gifting.",flat_product_pf_600x800-mm_pt_200-gsm-coated-silk_cl_4-0_ct_none_prt_none_sft_none_set_none_ver,https://upload.wikimedia.org/wikipedia/commons/c/ca/1x1.png,Yes
Posters — 600x800-mm — hor,"Personalised posters from Pixora. Upload your photo, preview on a live product mockup, and we print and ship premium quality to your door. Ideal for home décor or gifting.",flat_product_pf_600x800-mm_pt_200-gsm-uncoated_cl_4-0_ct_none_prt_none_sft_none_set_none_hor,https://upload.wikimedia.org/wikipedia/commons/c/ca/1x1.png,Yes
Posters — 600x800-mm — ver,"Personalised posters from Pixora. Upload your photo, preview on a live product mockup, and we print and ship premium quality to your door. Ideal for home décor or gifting.",flat_product_pf_600x800-mm_pt_200-gsm-uncoated_cl_4-0_ct_none_prt_none_sft_none_set_none_ver,https://upload.wikimedia.org/wikipedia/commons/c/ca/1x1.png,Yes
Posters — 600x800-mm — hor,"Personalised posters from Pixora. Upload your photo, preview on a live product mockup, and we print and ship premium quality to your door. Ideal for home décor or gifting.",flat_product_pf_600x800-mm_pt_250-gsm-uncoated-offwhite-archival_cl_4-0_ct_none_prt_none_sft_none_set_none_hor,https://upload.wikimedia.org/wikipedia/commons/c/ca/1x1.png,Yes
Posters — 600x800-mm — ver,"Personalised posters from Pixora. Upload your photo, preview on a live product mockup, and we print and ship premium quality to your door. Ideal for home décor or gifting.",flat_product_pf_600x800-mm_pt_250-gsm-uncoated-offwhite-archival_cl_4-0_ct_none_prt_none_sft_none_set_none_ver,https://upload.wikimedia.org/wikipedia/commons/c/ca/1x1.png,Yes
Posters — 600x900-mm — hor,"Personalised posters from Pixora. Upload your photo, preview on a live product mockup, and we print and ship premium quality to your door. Ideal for home décor or gifting.",flat_product_pf_600x900-mm_pt_170-gsm-coated-silk_cl_4-0_ct_none_prt_none_sft_none_set_none_hor,https://upload.wikimedia.org/wikipedia/commons/c/ca/1x1.png,Yes
Posters — 600x900-mm — ver,"Personalised posters from Pixora. Upload your photo, preview on a live product mockup, and we print and ship premium quality to your door. Ideal for home décor or gifting.",flat_product_pf_600x900-mm_pt_170-gsm-coated-silk_cl_4-0_ct_none_prt_none_sft_none_set_none_ver,https://upload.wikimedia.org/wikipedia/commons/c/ca/1x1.png,Yes
Posters — 600x900-mm — hor,"Personalised posters from Pixora. Upload your photo, preview on a live product mockup, and we print and ship premium quality to your door. Ideal for home décor or gifting.",flat_product_pf_600x900-mm_pt_170-gsm-uncoated_cl_4-0_ct_none_prt_none_sft_none_set_none_hor,https://upload.wikimedia.org/wikipedia/commons/c/ca/1x1.png,Yes
Posters — 600x900-mm — ver,"Personalised posters from Pixora. Upload your photo, preview on a live product mockup, and we print and ship premium quality to your door. Ideal for home décor or gifting.",flat_product_pf_600x900-mm_pt_170-gsm-uncoated_cl_4-0_ct_none_prt_none_sft_none_set_none_ver,https://upload.wikimedia.org/wikipedia/commons/c/ca/1x1.png,Yes
Posters — 600x900-mm — hor,"Personalised posters from Pixora. Upload your photo, preview on a live product mockup, and we print and ship premium quality to your door. Ideal for home décor or gifting.",flat_product_pf_600x900-mm_pt_200-gsm-coated-silk_cl_4-0_ct_none_prt_none_sft_none_set_none_hor,https://upload.wikimedia.org/wikipedia/commons/c/ca/1x1.png,Yes
Posters — 600x900-mm — ver,"Personalised posters from Pixora. Upload your photo, preview on a live product mockup, and we print and ship premium quality to your door. Ideal for home décor or gifting.",flat_product_pf_600x900-mm_pt_200-gsm-coated-silk_cl_4-0_ct_none_prt_none_sft_none_set_none_ver,https://upload.wikimedia.org/wikipedia/commons/c/ca/1x1.png,Yes
Posters — 600x900-mm — hor,"Personalised posters from Pixora. Upload your photo, preview on a live product mockup, and we print and ship premium quality to your door. Ideal for home décor or gifting.",flat_product_pf_600x900-mm_pt_200-gsm-uncoated_cl_4-0_ct_none_prt_none_sft_none_set_none_hor,https://upload.wikimedia.org/wikipedia/commons/c/ca/1x1.png,Yes
Posters — 600x900-mm — ver,"Personalised posters from Pixora. Upload your photo, preview on a live product mockup, and we print and ship premium quality to your door. Ideal for home décor or gifting.",flat_product_pf_600x900-mm_pt_200-gsm-uncoated_cl_4-0_ct_none_prt_none_sft_none_set_none_ver,https://upload.wikimedia.org/wikipedia/commons/c/ca/1x1.png,Yes
Posters — 600x900-mm — hor,"Personalised posters from Pixora. Upload your photo, preview on a live product mockup, and we print and ship premium quality to your door. Ideal for home décor or gifting.",flat_product_pf_600x900-mm_pt_250-gsm-uncoated-offwhite-archival_cl_4-0_ct_none_prt_none_sft_none_set_none_hor,https://upload.wikimedia.org/wikipedia/commons/c/ca/1x1.png,Yes
Posters — 600x900-mm — ver,"Personalised posters from Pixora. Upload your photo, preview on a live product mockup, and we print and ship premium quality to your door. Ideal for home décor or gifting.",flat_product_pf_600x900-mm_pt_250-gsm-uncoated-offwhite-archival_cl_4-0_ct_none_prt_none_sft_none_set_none_ver,https://upload.wikimedia.org/wikipedia/commons/c/ca/1x1.png,Yes
Posters — 600x900-mm — hor,"Personalised posters from Pixora. Upload your photo, preview on a live product mockup, and we print and ship premium quality to your door. Ideal for home décor or gifting.",flat_product_pf_600x900-mm_pt_65-lb-cover-coated-silk_cl_4-0_ct_none_prt_none_sft_none_set_none_hor,https://upload.wikimedia.org/wikipedia/commons/c/ca/1x1.png,Yes
Posters — 600x900-mm — ver,"Personalised posters from Pixora. Upload your photo, preview on a live product mockup, and we print and ship premium quality to your door. Ideal for home décor or gifting.",flat_product_pf_600x900-mm_pt_65-lb-cover-coated-silk_cl_4-0_ct_none_prt_none_sft_none_set_none_ver,https://upload.wikimedia.org/wikipedia/commons/c/ca/1x1.png,Yes
Posters — 600x900-mm — hor,"Personalised posters from Pixora. Upload your photo, preview on a live product mockup, and we print and ship premium quality to your door. Ideal for home décor or gifting.",flat_product_pf_600x900-mm_pt_65-lb-cover-uncoated_cl_4-0_ct_none_prt_none_sft_none_set_none_hor,https://upload.wikimedia.org/wikipedia/commons/c/ca/1x1.png,Yes
Posters — 600x900-mm — ver,"Personalised posters from Pixora. Upload your photo, preview on a live product mockup, and we print and ship premium quality to your door. Ideal for home décor or gifting.",flat_product_pf_600x900-mm_pt_65-lb-cover-uncoated_cl_4-0_ct_none_prt_none_sft_none_set_none_ver,https://upload.wikimedia.org/wikipedia/commons/c/ca/1x1.png,Yes
Posters — 600x900-mm — hor,"Personalised posters from Pixora. Upload your photo, preview on a live product mockup, and we print and ship premium quality to your door. Ideal for home décor or gifting.",flat_product_pf_600x900-mm_pt_80-lb-cover-coated-silk_cl_4-0_ct_none_prt_none_sft_none_set_none_hor,https://upload.wikimedia.org/wikipedia/commons/c/ca/1x1.png,Yes
Posters — 600x900-mm — ver,"Personalised posters from Pixora. Upload your photo, preview on a live product mockup, and we print and ship premium quality to your door. Ideal for home décor or gifting.",flat_product_pf_600x900-mm_pt_80-lb-cover-coated-silk_cl_4-0_ct_none_prt_none_sft_none_set_none_ver,https://upload.wikimedia.org/wikipedia/commons/c/ca/1x1.png,Yes
Posters — 600x900-mm — hor,"Personalised posters from Pixora. Upload your photo, preview on a live product mockup, and we print and ship premium quality to your door. Ideal for home décor or gifting.",flat_product_pf_600x900-mm_pt_80-lb-cover-uncoated_cl_4-0_ct_none_prt_none_sft_none_set_none_hor,https://upload.wikimedia.org/wikipedia/commons/c/ca/1x1.png,Yes
Posters — 600x900-mm — ver,"Personalised posters from Pixora. Upload your photo, preview on a live product mockup, and we print and ship premium quality to your door. Ideal for home décor or gifting.",flat_product_pf_600x900-mm_pt_80-lb-cover-uncoated_cl_4-0_ct_none_prt_none_sft_none_set_none_ver,https://upload.wikimedia.org/wikipedia/commons/c/ca/1x1.png,Yes
Posters — 610x910-mm — hor,"Personalised posters from Pixora. Upload your photo, preview on a live product mockup, and we print and ship premium quality to your door. Ideal for home décor or gifting.",flat_product_pf_610x910-mm_pt_200-gsm-uncoated_cl_4-0_ct_none_prt_none_sft_none_set_none_hor,https://upload.wikimedia.org/wikipedia/commons/c/ca/1x1.png,Yes
Posters — 610x910-mm — ver,"Personalised posters from Pixora. Upload your photo, preview on a live product mockup, and we print and ship premium quality to your door. Ideal for home décor or gifting.",flat_product_pf_610x910-mm_pt_200-gsm-uncoated_cl_4-0_ct_none_prt_none_sft_none_set_none_ver,https://upload.wikimedia.org/wikipedia/commons/c/ca/1x1.png,Yes
Posters — 610x910-mm — hor,"Personalised posters from Pixora. Upload your photo, preview on a live product mockup, and we print and ship premium quality to your door. Ideal for home décor or gifting.",flat_product_pf_610x910-mm_pt_80-lb-cover-uncoated_cl_4-0_ct_none_prt_none_sft_none_set_none_hor,https://upload.wikimedia.org/wikipedia/commons/c/ca/1x1.png,Yes
Posters — 610x910-mm — ver,"Personalised posters from Pixora. Upload your photo, preview on a live product mockup, and we print and ship premium quality to your door. Ideal for home décor or gifting.",flat_product_pf_610x910-mm_pt_80-lb-cover-uncoated_cl_4-0_ct_none_prt_none_sft_none_set_none_ver,https://upload.wikimedia.org/wikipedia/commons/c/ca/1x1.png,Yes
Posters — 6x8-inch — hor,"Personalised posters from Pixora. Upload your photo, preview on a live product mockup, and we print and ship premium quality to your door. Ideal for home décor or gifting.",flat_product_pf_6x8-inch_pt_100-lb-cover-uncoated-offwhite-archival_cl_4-0_ct_none_prt_none_sft_none_set_none_hor,https://upload.wikimedia.org/wikipedia/commons/c/ca/1x1.png,Yes
Posters — 6x8-inch — ver,"Personalised posters from Pixora. Upload your photo, preview on a live product mockup, and we print and ship premium quality to your door. Ideal for home décor or gifting.",flat_product_pf_6x8-inch_pt_100-lb-cover-uncoated-offwhite-archival_cl_4-0_ct_none_prt_none_sft_none_set_none_ver,https://upload.wikimedia.org/wikipedia/commons/c/ca/1x1.png,Yes
Posters — 6x8-inch — hor,"Personalised posters from Pixora. Upload your photo, preview on a live product mockup, and we print and ship premium quality to your door. Ideal for home décor or gifting.",flat_product_pf_6x8-inch_pt_170-gsm-coated-silk_cl_4-0_ct_none_prt_none_sft_none_set_none_hor,https://upload.wikimedia.org/wikipedia/commons/c/ca/1x1.png,Yes
Posters — 6x8-inch — ver,"Personalised posters from Pixora. Upload your photo, preview on a live product mockup, and we print and ship premium quality to your door. Ideal for home décor or gifting.",flat_product_pf_6x8-inch_pt_170-gsm-coated-silk_cl_4-0_ct_none_prt_none_sft_none_set_none_ver,https://upload.wikimedia.org/wikipedia/commons/c/ca/1x1.png,Yes
Posters — 6x8-inch — hor,"Personalised posters from Pixora. Upload your photo, preview on a live product mockup, and we print and ship premium quality to your door. Ideal for home décor or gifting.",flat_product_pf_6x8-inch_pt_170-gsm-uncoated_cl_4-0_ct_none_prt_none_sft_none_set_none_hor,https://upload.wikimedia.org/wikipedia/commons/c/ca/1x1.png,Yes
Posters — 6x8-inch — ver,"Personalised posters from Pixora. Upload your photo, preview on a live product mockup, and we print and ship premium quality to your door. Ideal for home décor or gifting.",flat_product_pf_6x8-inch_pt_170-gsm-uncoated_cl_4-0_ct_none_prt_none_sft_none_set_none_ver,https://upload.wikimedia.org/wikipedia/commons/c/ca/1x1.png,Yes
Posters — 6x8-inch — hor,"Personalised posters from Pixora. Upload your photo, preview on a live product mockup, and we print and ship premium quality to your door. Ideal for home décor or gifting.",flat_product_pf_6x8-inch_pt_200-gsm-coated-silk_cl_4-0_ct_none_prt_none_sft_none_set_none_hor,https://upload.wikimedia.org/wikipedia/commons/c/ca/1x1.png,Yes
Posters — 6x8-inch — ver,"Personalised posters from Pixora. Upload your photo, preview on a live product mockup, and we print and ship premium quality to your door. Ideal for home décor or gifting.",flat_product_pf_6x8-inch_pt_200-gsm-coated-silk_cl_4-0_ct_none_prt_none_sft_none_set_none_ver,https://upload.wikimedia.org/wikipedia/commons/c/ca/1x1.png,Yes
Posters — 6x8-inch — hor,"Personalised posters from Pixora. Upload your photo, preview on a live product mockup, and we print and ship premium quality to your door. Ideal for home décor or gifting.",flat_product_pf_6x8-inch_pt_200-gsm-uncoated_cl_4-0_ct_none_prt_none_sft_none_set_none_hor,https://upload.wikimedia.org/wikipedia/commons/c/ca/1x1.png,Yes
Posters — 6x8-inch — ver,"Personalised posters from Pixora. Upload your photo, preview on a live product mockup, and we print and ship premium quality to your door. Ideal for home décor or gifting.",flat_product_pf_6x8-inch_pt_200-gsm-uncoated_cl_4-0_ct_none_prt_none_sft_none_set_none_ver,https://upload.wikimedia.org/wikipedia/commons/c/ca/1x1.png,Yes
Posters — 6x8-inch — hor,"Personalised posters from Pixora. Upload your photo, preview on a live product mockup, and we print and ship premium quality to your door. Ideal for home décor or gifting.",flat_product_pf_6x8-inch_pt_65-lb-cover-coated-silk_cl_4-0_ct_none_prt_none_sft_none_set_none_hor,https://upload.wikimedia.org/wikipedia/commons/c/ca/1x1.png,Yes
Posters — 6x8-inch — ver,"Personalised posters from Pixora. Upload your photo, preview on a live product mockup, and we print and ship premium quality to your door. Ideal for home décor or gifting.",flat_product_pf_6x8-inch_pt_65-lb-cover-coated-silk_cl_4-0_ct_none_prt_none_sft_none_set_none_ver,https://upload.wikimedia.org/wikipedia/commons/c/ca/1x1.png,Yes
Posters — 6x8-inch — hor,"Personalised posters from Pixora. Upload your photo, preview on a live product mockup, and we print and ship premium quality to your door. Ideal for home décor or gifting.",flat_product_pf_6x8-inch_pt_65-lb-cover-uncoated_cl_4-0_ct_none_prt_none_sft_none_set_none_hor,https://upload.wikimedia.org/wikipedia/commons/c/ca/1x1.png,Yes
Posters — 6x8-inch — ver,"Personalised posters from Pixora. Upload your photo, preview on a live product mockup, and we print and ship premium quality to your door. Ideal for home décor or gifting.",flat_product_pf_6x8-inch_pt_65-lb-cover-uncoated_cl_4-0_ct_none_prt_none_sft_none_set_none_ver,https://upload.wikimedia.org/wikipedia/commons/c/ca/1x1.png,Yes
Posters — 6x8-inch — hor,"Personalised posters from Pixora. Upload your photo, preview on a live product mockup, and we print and ship premium quality to your door. Ideal for home décor or gifting.",flat_product_pf_6x8-inch_pt_80-lb-cover-coated-silk_cl_4-0_ct_none_prt_none_sft_none_set_none_hor,https://upload.wikimedia.org/wikipedia/commons/c/ca/1x1.png,Yes
Posters — 6x8-inch — ver,"Personalised posters from Pixora. Upload your photo, preview on a live product mockup, and we print and ship premium quality to your door. Ideal for home décor or gifting.",flat_product_pf_6x8-inch_pt_80-lb-cover-coated-silk_cl_4-0_ct_none_prt_none_sft_none_set_none_ver,https://upload.wikimedia.org/wikipedia/commons/c/ca/1x1.png,Yes
Posters — 6x8-inch — hor,"Personalised posters from Pixora. Upload your photo, preview on a live product mockup, and we print and ship premium quality to your door. Ideal for home décor or gifting.",flat_product_pf_6x8-inch_pt_80-lb-cover-uncoated_cl_4-0_ct_none_prt_none_sft_none_set_none_hor,https://upload.wikimedia.org/wikipedia/commons/c/ca/1x1.png,Yes
Posters — 6x8-inch — ver,"Personalised posters from Pixora. Upload your photo, preview on a live product mockup, and we print and ship premium quality to your door. Ideal for home décor or gifting.",flat_product_pf_6x8-inch_pt_80-lb-cover-uncoated_cl_4-0_ct_none_prt_none_sft_none_set_none_ver,https://upload.wikimedia.org/wikipedia/commons/c/ca/1x1.png,Yes
Posters — 700x1000-mm — hor,"Personalised posters from Pixora. Upload your photo, preview on a live product mockup, and we print and ship premium quality to your door. Ideal for home décor or gifting.",flat_product_pf_700x1000-mm_pt_170-gsm-uncoated_cl_4-0_ct_none_prt_none_sft_none_set_none_hor,https://upload.wikimedia.org/wikipedia/commons/c/ca/1x1.png,Yes
Posters — 700x1000-mm — ver,"Personalised posters from Pixora. Upload your photo, preview on a live product mockup, and we print and ship premium quality to your door. Ideal for home décor or gifting.",flat_product_pf_700x1000-mm_pt_170-gsm-uncoated_cl_4-0_ct_none_prt_none_sft_none_set_none_ver,https://upload.wikimedia.org/wikipedia/commons/c/ca/1x1.png,Yes
Posters — 700x1000-mm — hor,"Personalised posters from Pixora. Upload your photo, preview on a live product mockup, and we print and ship premium quality to your door. Ideal for home décor or gifting.",flat_product_pf_700x1000-mm_pt_200-gsm-coated-silk_cl_4-0_ct_none_prt_none_sft_none_set_none_hor,https://upload.wikimedia.org/wikipedia/commons/c/ca/1x1.png,Yes
Posters — 700x1000-mm — ver,"Personalised posters from Pixora. Upload your photo, preview on a live product mockup, and we print and ship premium quality to your door. Ideal for home décor or gifting.",flat_product_pf_700x1000-mm_pt_200-gsm-coated-silk_cl_4-0_ct_none_prt_none_sft_none_set_none_ver,https://upload.wikimedia.org/wikipedia/commons/c/ca/1x1.png,Yes
Posters — 700x1000-mm — hor,"Personalised posters from Pixora. Upload your photo, preview on a live product mockup, and we print and ship premium quality to your door. Ideal for home décor or gifting.",flat_product_pf_700x1000-mm_pt_200-gsm-uncoated_cl_4-0_ct_none_prt_none_sft_none_set_none_hor,https://upload.wikimedia.org/wikipedia/commons/c/ca/1x1.png,Yes
Posters — 700x1000-mm — ver,"Personalised posters from Pixora. Upload your photo, preview on a live product mockup, and we print and ship premium quality to your door. Ideal for home décor or gifting.",flat_product_pf_700x1000-mm_pt_200-gsm-uncoated_cl_4-0_ct_none_prt_none_sft_none_set_none_ver,https://upload.wikimedia.org/wikipedia/commons/c/ca/1x1.png,Yes
Posters — 700x1000-mm — hor,"Personalised posters from Pixora. Upload your photo, preview on a live product mockup, and we print and ship premium quality to your door. Ideal for home décor or gifting.",flat_product_pf_700x1000-mm_pt_250-gsm-uncoated-offwhite-archival_cl_4-0_ct_none_prt_none_sft_none_set_none_hor,https://upload.wikimedia.org/wikipedia/commons/c/ca/1x1.png,Yes
Posters — 700x1000-mm — ver,"Personalised posters from Pixora. Upload your photo, preview on a live product mockup, and we print and ship premium quality to your door. Ideal for home décor or gifting.",flat_product_pf_700x1000-mm_pt_250-gsm-uncoated-offwhite-archival_cl_4-0_ct_none_prt_none_sft_none_set_none_ver,https://upload.wikimedia.org/wikipedia/commons/c/ca/1x1.png,Yes
Posters — 700x1000-mm — hor,"Personalised posters from Pixora. Upload your photo, preview on a live product mockup, and we print and ship premium quality to your door. Ideal for home décor or gifting.",flat_product_pf_700x1000-mm_pt_65-lb-cover-coated-silk_cl_4-0_ct_none_prt_none_sft_none_set_none_hor,https://upload.wikimedia.org/wikipedia/commons/c/ca/1x1.png,Yes
Posters — 700x1000-mm — ver,"Personalised posters from Pixora. Upload your photo, preview on a live product mockup, and we print and ship premium quality to your door. Ideal for home décor or gifting.",flat_product_pf_700x1000-mm_pt_65-lb-cover-coated-silk_cl_4-0_ct_none_prt_none_sft_none_set_none_ver,https://upload.wikimedia.org/wikipedia/commons/c/ca/1x1.png,Yes
Posters — 700x1000-mm — hor,"Personalised posters from Pixora. Upload your photo, preview on a live product mockup, and we print and ship premium quality to your door. Ideal for home décor or gifting.",flat_product_pf_700x1000-mm_pt_65-lb-cover-uncoated_cl_4-0_ct_none_prt_none_sft_none_set_none_hor,https://upload.wikimedia.org/wikipedia/commons/c/ca/1x1.png,Yes
Posters — 700x1000-mm — ver,"Personalised posters from Pixora. Upload your photo, preview on a live product mockup, and we print and ship premium quality to your door. Ideal for home décor or gifting.",flat_product_pf_700x1000-mm_pt_65-lb-cover-uncoated_cl_4-0_ct_none_prt_none_sft_none_set_none_ver,https://upload.wikimedia.org/wikipedia/commons/c/ca/1x1.png,Yes
Posters — 700x1000-mm — hor,"Personalised posters from Pixora. Upload your photo, preview on a live product mockup, and we print and ship premium quality to your door. Ideal for home décor or gifting.",flat_product_pf_700x1000-mm_pt_80-lb-cover-uncoated_cl_4-0_ct_none_prt_none_sft_none_set_none_hor,https://upload.wikimedia.org/wikipedia/commons/c/ca/1x1.png,Yes
Posters — 700x1000-mm — ver,"Personalised posters from Pixora. Upload your photo, preview on a live product mockup, and we print and ship premium quality to your door. Ideal for home décor or gifting.",flat_product_pf_700x1000-mm_pt_80-lb-cover-uncoated_cl_4-0_ct_none_prt_none_sft_none_set_none_ver,https://upload.wikimedia.org/wikipedia/commons/c/ca/1x1.png,Yes
Posters — 700x700-mm — hor,"Personalised posters from Pixora. Upload your photo, preview on a live product mockup, and we print and ship premium quality to your door. Ideal for home décor or gifting.",flat_product_pf_700x700-mm_pt_170-gsm-coated-silk_cl_4-0_ct_none_prt_none_sft_none_set_none_hor,https://upload.wikimedia.org/wikipedia/commons/c/ca/1x1.png,Yes
Posters — 700x700-mm — ver,"Personalised posters from Pixora. Upload your photo, preview on a live product mockup, and we print and ship premium quality to your door. Ideal for home décor or gifting.",flat_product_pf_700x700-mm_pt_170-gsm-coated-silk_cl_4-0_ct_none_prt_none_sft_none_set_none_ver,https://upload.wikimedia.org/wikipedia/commons/c/ca/1x1.png,Yes
Posters — 700x700-mm — hor,"Personalised posters from Pixora. Upload your photo, preview on a live product mockup, and we print and ship premium quality to your door. Ideal for home décor or gifting.",flat_product_pf_700x700-mm_pt_170-gsm-uncoated_cl_4-0_ct_none_prt_none_sft_none_set_none_hor,https://upload.wikimedia.org/wikipedia/commons/c/ca/1x1.png,Yes
Posters — 700x700-mm — ver,"Personalised posters from Pixora. Upload your photo, preview on a live product mockup, and we print and ship premium quality to your door. Ideal for home décor or gifting.",flat_product_pf_700x700-mm_pt_170-gsm-uncoated_cl_4-0_ct_none_prt_none_sft_none_set_none_ver,https://upload.wikimedia.org/wikipedia/commons/c/ca/1x1.png,Yes
Posters — 700x700-mm — hor,"Personalised posters from Pixora. Upload your photo, preview on a live product mockup, and we print and ship premium quality to your door. Ideal for home décor or gifting.",flat_product_pf_700x700-mm_pt_200-gsm-coated-silk_cl_4-0_ct_none_prt_none_sft_none_set_none_hor,https://upload.wikimedia.org/wikipedia/commons/c/ca/1x1.png,Yes
Posters — 700x700-mm — ver,"Personalised posters from Pixora. Upload your photo, preview on a live product mockup, and we print and ship premium quality to your door. Ideal for home décor or gifting.",flat_product_pf_700x700-mm_pt_200-gsm-coated-silk_cl_4-0_ct_none_prt_none_sft_none_set_none_ver,https://upload.wikimedia.org/wikipedia/commons/c/ca/1x1.png,Yes
Posters — 700x700-mm — hor,"Personalised posters from Pixora. Upload your photo, preview on a live product mockup, and we print and ship premium quality to your door. Ideal for home décor or gifting.",flat_product_pf_700x700-mm_pt_200-gsm-uncoated_cl_4-0_ct_none_prt_none_sft_none_set_none_hor,https://upload.wikimedia.org/wikipedia/commons/c/ca/1x1.png,Yes
Posters — 700x700-mm — ver,"Personalised posters from Pixora. Upload your photo, preview on a live product mockup, and we print and ship premium quality to your door. Ideal for home décor or gifting.",flat_product_pf_700x700-mm_pt_200-gsm-uncoated_cl_4-0_ct_none_prt_none_sft_none_set_none_ver,https://upload.wikimedia.org/wikipedia/commons/c/ca/1x1.png,Yes
Posters — 700x700-mm — hor,"Personalised posters from Pixora. Upload your photo, preview on a live product mockup, and we print and ship premium quality to your door. Ideal for home décor or gifting.",flat_product_pf_700x700-mm_pt_250-gsm-uncoated-offwhite-archival_cl_4-0_ct_none_prt_none_sft_none_set_none_hor,https://upload.wikimedia.org/wikipedia/commons/c/ca/1x1.png,Yes
Posters — 700x700-mm — ver,"Personalised posters from Pixora. Upload your photo, preview on a live product mockup, and we print and ship premium quality to your door. Ideal for home décor or gifting.",flat_product_pf_700x700-mm_pt_250-gsm-uncoated-offwhite-archival_cl_4-0_ct_none_prt_none_sft_none_set_none_ver,https://upload.wikimedia.org/wikipedia/commons/c/ca/1x1.png,Yes
Posters — 750x1000-mm — hor,"Personalised posters from Pixora. Upload your photo, preview on a live product mockup, and we print and ship premium quality to your door. Ideal for home décor or gifting.",flat_product_pf_750x1000-mm_pt_250-gsm-uncoated-offwhite-archival_cl_4-0_ct_none_prt_none_sft_none_set_none_hor,https://upload.wikimedia.org/wikipedia/commons/c/ca/1x1.png,Yes
Posters — 750x1000-mm — ver,"Personalised posters from Pixora. Upload your photo, preview on a live product mockup, and we print and ship premium quality to your door. Ideal for home décor or gifting.",flat_product_pf_750x1000-mm_pt_250-gsm-uncoated-offwhite-archival_cl_4-0_ct_none_prt_none_sft_none_set_none_ver,https://upload.wikimedia.org/wikipedia/commons/c/ca/1x1.png,Yes
Posters — 8x10-inch — hor,"Personalised posters from Pixora. Upload your photo, preview on a live product mockup, and we print and ship premium quality to your door. Ideal for home décor or gifting.",flat_product_pf_8x10-inch_pt_100-lb-cover-uncoated-offwhite-archival_cl_4-0_ct_none_prt_none_sft_none_set_none_hor,https://upload.wikimedia.org/wikipedia/commons/c/ca/1x1.png,Yes
Posters — 8x10-inch — ver,"Personalised posters from Pixora. Upload your photo, preview on a live product mockup, and we print and ship premium quality to your door. Ideal for home décor or gifting.",flat_product_pf_8x10-inch_pt_100-lb-cover-uncoated-offwhite-archival_cl_4-0_ct_none_prt_none_sft_none_set_none_ver,https://upload.wikimedia.org/wikipedia/commons/c/ca/1x1.png,Yes
Posters — 8x10-inch — hor,"Personalised posters from Pixora. Upload your photo, preview on a live product mockup, and we print and ship premium quality to your door. Ideal for home décor or gifting.",flat_product_pf_8x10-inch_pt_170-gsm-coated-silk_cl_4-0_ct_none_prt_none_sft_none_set_none_hor,https://upload.wikimedia.org/wikipedia/commons/c/ca/1x1.png,Yes
Posters — 8x10-inch — ver,"Personalised posters from Pixora. Upload your photo, preview on a live product mockup, and we print and ship premium quality to your door. Ideal for home décor or gifting.",flat_product_pf_8x10-inch_pt_170-gsm-coated-silk_cl_4-0_ct_none_prt_none_sft_none_set_none_ver,https://upload.wikimedia.org/wikipedia/commons/c/ca/1x1.png,Yes
Posters — 8x10-inch — hor,"Personalised posters from Pixora. Upload your photo, preview on a live product mockup, and we print and ship premium quality to your door. Ideal for home décor or gifting.",flat_product_pf_8x10-inch_pt_170-gsm-uncoated_cl_4-0_ct_none_prt_none_sft_none_set_none_hor,https://upload.wikimedia.org/wikipedia/commons/c/ca/1x1.png,Yes
Posters — 8x10-inch — ver,"Personalised posters from Pixora. Upload your photo, preview on a live product mockup, and we print and ship premium quality to your door. Ideal for home décor or gifting.",flat_product_pf_8x10-inch_pt_170-gsm-uncoated_cl_4-0_ct_none_prt_none_sft_none_set_none_ver,https://upload.wikimedia.org/wikipedia/commons/c/ca/1x1.png,Yes
Posters — 8x10-inch — hor,"Personalised posters from Pixora. Upload your photo, preview on a live product mockup, and we print and ship premium quality to your door. Ideal for home décor or gifting.",flat_product_pf_8x10-inch_pt_200-gsm-coated-silk_cl_4-0_ct_none_prt_none_sft_none_set_none_hor,https://upload.wikimedia.org/wikipedia/commons/c/ca/1x1.png,Yes
Posters — 8x10-inch — ver,"Personalised posters from Pixora. Upload your photo, preview on a live product mockup, and we print and ship premium quality to your door. Ideal for home décor or gifting.",flat_product_pf_8x10-inch_pt_200-gsm-coated-silk_cl_4-0_ct_none_prt_none_sft_none_set_none_ver,https://upload.wikimedia.org/wikipedia/commons/c/ca/1x1.png,Yes
Posters — 8x10-inch — hor,"Personalised posters from Pixora. Upload your photo, preview on a live product mockup, and we print and ship premium quality to your door. Ideal for home décor or gifting.",flat_product_pf_8x10-inch_pt_200-gsm-uncoated_cl_4-0_ct_none_prt_none_sft_none_set_none_hor,https://upload.wikimedia.org/wikipedia/commons/c/ca/1x1.png,Yes
Posters — 8x10-inch — ver,"Personalised posters from Pixora. Upload your photo, preview on a live product mockup, and we print and ship premium quality to your door. Ideal for home décor or gifting.",flat_product_pf_8x10-inch_pt_200-gsm-uncoated_cl_4-0_ct_none_prt_none_sft_none_set_none_ver,https://upload.wikimedia.org/wikipedia/commons/c/ca/1x1.png,Yes
Posters — 8x10-inch — hor,"Personalised posters from Pixora. Upload your photo, preview on a live product mockup, and we print and ship premium quality to your door. Ideal for home décor or gifting.",flat_product_pf_8x10-inch_pt_65-lb-cover-coated-silk_cl_4-0_ct_none_prt_none_sft_none_set_none_hor,https://upload.wikimedia.org/wikipedia/commons/c/ca/1x1.png,Yes
Posters — 8x10-inch — ver,"Personalised posters from Pixora. Upload your photo, preview on a live product mockup, and we print and ship premium quality to your door. Ideal for home décor or gifting.",flat_product_pf_8x10-inch_pt_65-lb-cover-coated-silk_cl_4-0_ct_none_prt_none_sft_none_set_none_ver,https://upload.wikimedia.org/wikipedia/commons/c/ca/1x1.png,Yes
Posters — 8x10-inch — hor,"Personalised posters from Pixora. Upload your photo, preview on a live product mockup, and we print and ship premium quality to your door. Ideal for home décor or gifting.",flat_product_pf_8x10-inch_pt_65-lb-cover-uncoated_cl_4-0_ct_none_prt_none_sft_none_set_none_hor,https://upload.wikimedia.org/wikipedia/commons/c/ca/1x1.png,Yes
Posters — 8x10-inch — ver,"Personalised posters from Pixora. Upload your photo, preview on a live product mockup, and we print and ship premium quality to your door. Ideal for home décor or gifting.",flat_product_pf_8x10-inch_pt_65-lb-cover-uncoated_cl_4-0_ct_none_prt_none_sft_none_set_none_ver,https://upload.wikimedia.org/wikipedia/commons/c/ca/1x1.png,Yes
Posters — 8x10-inch — hor,"Personalised posters from Pixora. Upload your photo, preview on a live product mockup, and we print and ship premium quality to your door. Ideal for home décor or gifting.",flat_product_pf_8x10-inch_pt_80-lb-cover-coated-silk_cl_4-0_ct_none_prt_none_sft_none_set_none_hor,https://upload.wikimedia.org/wikipedia/commons/c/ca/1x1.png,Yes
Posters — 8x10-inch — ver,"Personalised posters from Pixora. Upload your photo, preview on a live product mockup, and we print and ship premium quality to your door. Ideal for home décor or gifting.",flat_product_pf_8x10-inch_pt_80-lb-cover-coated-silk_cl_4-0_ct_none_prt_none_sft_none_set_none_ver,https://upload.wikimedia.org/wikipedia/commons/c/ca/1x1.png,Yes
Posters — 8x10-inch — hor,"Personalised posters from Pixora. Upload your photo, preview on a live product mockup, and we print and ship premium quality to your door. Ideal for home décor or gifting.",flat_product_pf_8x10-inch_pt_80-lb-cover-uncoated_cl_4-0_ct_none_prt_none_sft_none_set_none_hor,https://upload.wikimedia.org/wikipedia/commons/c/ca/1x1.png,Yes
Posters — 8x10-inch — ver,"Personalised posters from Pixora. Upload your photo, preview on a live product mockup, and we print and ship premium quality to your door. Ideal for home décor or gifting.",flat_product_pf_8x10-inch_pt_80-lb-cover-uncoated_cl_4-0_ct_none_prt_none_sft_none_set_none_ver,https://upload.wikimedia.org/wikipedia/commons/c/ca/1x1.png,Yes
Posters — 8x12-inch — hor,"Personalised posters from Pixora. Upload your photo, preview on a live product mockup, and we print and ship premium quality to your door. Ideal for home décor or gifting.",flat_product_pf_8x12-inch_pt_100-lb-cover-uncoated-offwhite-archival_cl_4-0_ct_none_prt_none_sft_none_set_none_hor,https://upload.wikimedia.org/wikipedia/commons/c/ca/1x1.png,Yes
Posters — 8x12-inch — ver,"Personalised posters from Pixora. Upload your photo, preview on a live product mockup, and we print and ship premium quality to your door. Ideal for home décor or gifting.",flat_product_pf_8x12-inch_pt_100-lb-cover-uncoated-offwhite-archival_cl_4-0_ct_none_prt_none_sft_none_set_none_ver,https://upload.wikimedia.org/wikipedia/commons/c/ca/1x1.png,Yes
Posters — 8x12-inch — hor,"Personalised posters from Pixora. Upload your photo, preview on a live product mockup, and we print and ship premium quality to your door. Ideal for home décor or gifting.",flat_product_pf_8x12-inch_pt_170-gsm-coated-silk_cl_4-0_ct_none_prt_none_sft_none_set_none_hor,https://upload.wikimedia.org/wikipedia/commons/c/ca/1x1.png,Yes
Posters — 8x12-inch — ver,"Personalised posters from Pixora. Upload your photo, preview on a live product mockup, and we print and ship premium quality to your door. Ideal for home décor or gifting.",flat_product_pf_8x12-inch_pt_170-gsm-coated-silk_cl_4-0_ct_none_prt_none_sft_none_set_none_ver,https://upload.wikimedia.org/wikipedia/commons/c/ca/1x1.png,Yes
Posters — 8x12-inch — hor,"Personalised posters from Pixora. Upload your photo, preview on a live product mockup, and we print and ship premium quality to your door. Ideal for home décor or gifting.",flat_product_pf_8x12-inch_pt_170-gsm-uncoated_cl_4-0_ct_none_prt_none_sft_none_set_none_hor,https://upload.wikimedia.org/wikipedia/commons/c/ca/1x1.png,Yes
Posters — 8x12-inch — ver,"Personalised posters from Pixora. Upload your photo, preview on a live product mockup, and we print and ship premium quality to your door. Ideal for home décor or gifting.",flat_product_pf_8x12-inch_pt_170-gsm-uncoated_cl_4-0_ct_none_prt_none_sft_none_set_none_ver,https://upload.wikimedia.org/wikipedia/commons/c/ca/1x1.png,Yes
Posters — 8x12-inch — hor,"Personalised posters from Pixora. Upload your photo, preview on a live product mockup, and we print and ship premium quality to your door. Ideal for home décor or gifting.",flat_product_pf_8x12-inch_pt_200-gsm-coated-silk_cl_4-0_ct_none_prt_none_sft_none_set_none_hor,https://upload.wikimedia.org/wikipedia/commons/c/ca/1x1.png,Yes
Posters — 8x12-inch — ver,"Personalised posters from Pixora. Upload your photo, preview on a live product mockup, and we print and ship premium quality to your door. Ideal for home décor or gifting.",flat_product_pf_8x12-inch_pt_200-gsm-coated-silk_cl_4-0_ct_none_prt_none_sft_none_set_none_ver,https://upload.wikimedia.org/wikipedia/commons/c/ca/1x1.png,Yes
Posters — 8x12-inch — hor,"Personalised posters from Pixora. Upload your photo, preview on a live product mockup, and we print and ship premium quality to your door. Ideal for home décor or gifting.",flat_product_pf_8x12-inch_pt_200-gsm-uncoated_cl_4-0_ct_none_prt_none_sft_none_set_none_hor,https://upload.wikimedia.org/wikipedia/commons/c/ca/1x1.png,Yes
Posters — 8x12-inch — ver,"Personalised posters from Pixora. Upload your photo, preview on a live product mockup, and we print and ship premium quality to your door. Ideal for home décor or gifting.",flat_product_pf_8x12-inch_pt_200-gsm-uncoated_cl_4-0_ct_none_prt_none_sft_none_set_none_ver,https://upload.wikimedia.org/wikipedia/commons/c/ca/1x1.png,Yes
Posters — 8x12-inch — hor,"Personalised posters from Pixora. Upload your photo, preview on a live product mockup, and we print and ship premium quality to your door. Ideal for home décor or gifting.",flat_product_pf_8x12-inch_pt_65-lb-cover-coated-silk_cl_4-0_ct_none_prt_none_sft_none_set_none_hor,https://upload.wikimedia.org/wikipedia/commons/c/ca/1x1.png,Yes
Posters — 8x12-inch — ver,"Personalised posters from Pixora. Upload your photo, preview on a live product mockup, and we print and ship premium quality to your door. Ideal for home décor or gifting.",flat_product_pf_8x12-inch_pt_65-lb-cover-coated-silk_cl_4-0_ct_none_prt_none_sft_none_set_none_ver,https://upload.wikimedia.org/wikipedia/commons/c/ca/1x1.png,Yes
Posters — 8x12-inch — hor,"Personalised posters from Pixora. Upload your photo, preview on a live product mockup, and we print and ship premium quality to your door. Ideal for home décor or gifting.",flat_product_pf_8x12-inch_pt_65-lb-cover-uncoated_cl_4-0_ct_none_prt_none_sft_none_set_none_hor,https://upload.wikimedia.org/wikipedia/commons/c/ca/1x1.png,Yes
Posters — 8x12-inch — ver,"Personalised posters from Pixora. Upload your photo, preview on a live product mockup, and we print and ship premium quality to your door. Ideal for home décor or gifting.",flat_product_pf_8x12-inch_pt_65-lb-cover-uncoated_cl_4-0_ct_none_prt_none_sft_none_set_none_ver,https://upload.wikimedia.org/wikipedia/commons/c/ca/1x1.png,Yes
Posters — 8x12-inch — hor,"Personalised posters from Pixora. Upload your photo, preview on a live product mockup, and we print and ship premium quality to your door. Ideal for home décor or gifting.",flat_product_pf_8x12-inch_pt_80-lb-cover-coated-silk_cl_4-0_ct_none_prt_none_sft_none_set_none_hor,https://upload.wikimedia.org/wikipedia/commons/c/ca/1x1.png,Yes
Posters — 8x12-inch — ver,"Personalised posters from Pixora. Upload your photo, preview on a live product mockup, and we print and ship premium quality to your door. Ideal for home décor or gifting.",flat_product_pf_8x12-inch_pt_80-lb-cover-coated-silk_cl_4-0_ct_none_prt_none_sft_none_set_none_ver,https://upload.wikimedia.org/wikipedia/commons/c/ca/1x1.png,Yes
Posters — 8x12-inch — hor,"Personalised posters from Pixora. Upload your photo, preview on a live product mockup, and we print and ship premium quality to your door. Ideal for home décor or gifting.",flat_product_pf_8x12-inch_pt_80-lb-cover-uncoated_cl_4-0_ct_none_prt_none_sft_none_set_none_hor,https://upload.wikimedia.org/wikipedia/commons/c/ca/1x1.png,Yes
Posters — 8x12-inch — ver,"Personalised posters from Pixora. Upload your photo, preview on a live product mockup, and we print and ship premium quality to your door. Ideal for home décor or gifting.",flat_product_pf_8x12-inch_pt_80-lb-cover-uncoated_cl_4-0_ct_none_prt_none_sft_none_set_none_ver,https://upload.wikimedia.org/wikipedia/commons/c/ca/1x1.png,Yes
Posters — A0 — hor,"Personalised posters from Pixora. Upload your photo, preview on a live product mockup, and we print and ship premium quality to your door. Ideal for home décor or gifting.",flat_product_pf_a0_pt_100-lb-cover-uncoated-offwhite-archival_cl_4-0_ct_none_prt_none_sft_none_set_none_hor,https://upload.wikimedia.org/wikipedia/commons/c/ca/1x1.png,Yes
Posters — A0 — ver,"Personalised posters from Pixora. Upload your photo, preview on a live product mockup, and we print and ship premium quality to your door. Ideal for home décor or gifting.",flat_product_pf_a0_pt_100-lb-cover-uncoated-offwhite-archival_cl_4-0_ct_none_prt_none_sft_none_set_none_ver,https://upload.wikimedia.org/wikipedia/commons/c/ca/1x1.png,Yes
Posters — A0 — hor,"Personalised posters from Pixora. Upload your photo, preview on a live product mockup, and we print and ship premium quality to your door. Ideal for home décor or gifting.",flat_product_pf_a0_pt_170-gsm-uncoated_cl_4-0_ct_none_prt_none_sft_none_set_none_hor,https://upload.wikimedia.org/wikipedia/commons/c/ca/1x1.png,Yes
Posters — A0 — ver,"Personalised posters from Pixora. Upload your photo, preview on a live product mockup, and we print and ship premium quality to your door. Ideal for home décor or gifting.",flat_product_pf_a0_pt_170-gsm-uncoated_cl_4-0_ct_none_prt_none_sft_none_set_none_ver,https://upload.wikimedia.org/wikipedia/commons/c/ca/1x1.png,Yes
Posters — A0 — hor,"Personalised posters from Pixora. Upload your photo, preview on a live product mockup, and we print and ship premium quality to your door. Ideal for home décor or gifting.",flat_product_pf_a0_pt_200-gsm-coated-silk_cl_4-0_ct_none_prt_none_sft_none_set_none_hor,https://upload.wikimedia.org/wikipedia/commons/c/ca/1x1.png,Yes
Posters — A0 — hor,"Personalised posters from Pixora. Upload your photo, preview on a live product mockup, and we print and ship premium quality to your door. Ideal for home décor or gifting.",flat_product_pf_a0_pt_200-gsm-uncoated_cl_4-0_ct_none_prt_none_sft_none_set_none_hor,https://upload.wikimedia.org/wikipedia/commons/c/ca/1x1.png,Yes
Posters — A0 — ver,"Personalised posters from Pixora. Upload your photo, preview on a live product mockup, and we print and ship premium quality to your door. Ideal for home décor or gifting.",flat_product_pf_a0_pt_200-gsm-uncoated_cl_4-0_ct_none_prt_none_sft_none_set_none_ver,https://upload.wikimedia.org/wikipedia/commons/c/ca/1x1.png,Yes
Posters — A0 — hor,"Personalised posters from Pixora. Upload your photo, preview on a live product mockup, and we print and ship premium quality to your door. Ideal for home décor or gifting.",flat_product_pf_a0_pt_250-gsm-uncoated-offwhite-archival_cl_4-0_ct_none_prt_none_sft_none_set_none_hor,https://upload.wikimedia.org/wikipedia/commons/c/ca/1x1.png,Yes
Posters — A0 — ver,"Personalised posters from Pixora. Upload your photo, preview on a live product mockup, and we print and ship premium quality to your door. Ideal for home décor or gifting.",flat_product_pf_a0_pt_250-gsm-uncoated-offwhite-archival_cl_4-0_ct_none_prt_none_sft_none_set_none_ver,https://upload.wikimedia.org/wikipedia/commons/c/ca/1x1.png,Yes
Posters — A0 — hor,"Personalised posters from Pixora. Upload your photo, preview on a live product mockup, and we print and ship premium quality to your door. Ideal for home décor or gifting.",flat_product_pf_a0_pt_65-lb-cover-coated-silk_cl_4-0_ct_none_prt_none_sft_none_set_none_hor,https://upload.wikimedia.org/wikipedia/commons/c/ca/1x1.png,Yes
Posters — A0 — ver,"Personalised posters from Pixora. Upload your photo, preview on a live product mockup, and we print and ship premium quality to your door. Ideal for home décor or gifting.",flat_product_pf_a0_pt_65-lb-cover-coated-silk_cl_4-0_ct_none_prt_none_sft_none_set_none_ver,https://upload.wikimedia.org/wikipedia/commons/c/ca/1x1.png,Yes
Posters — A0 — hor,"Personalised posters from Pixora. Upload your photo, preview on a live product mockup, and we print and ship premium quality to your door. Ideal for home décor or gifting.",flat_product_pf_a0_pt_65-lb-cover-uncoated_cl_4-0_ct_none_prt_none_sft_none_set_none_hor,https://upload.wikimedia.org/wikipedia/commons/c/ca/1x1.png,Yes
Posters — A0 — ver,"Personalised posters from Pixora. Upload your photo, preview on a live product mockup, and we print and ship premium quality to your door. Ideal for home décor or gifting.",flat_product_pf_a0_pt_65-lb-cover-uncoated_cl_4-0_ct_none_prt_none_sft_none_set_none_ver,https://upload.wikimedia.org/wikipedia/commons/c/ca/1x1.png,Yes
Posters — A0 — hor,"Personalised posters from Pixora. Upload your photo, preview on a live product mockup, and we print and ship premium quality to your door. Ideal for home décor or gifting.",flat_product_pf_a0_pt_80-lb-cover-coated-silk_cl_4-0_ct_none_prt_none_sft_none_set_none_hor,https://upload.wikimedia.org/wikipedia/commons/c/ca/1x1.png,Yes
Posters — A0 — hor,"Personalised posters from Pixora. Upload your photo, preview on a live product mockup, and we print and ship premium quality to your door. Ideal for home décor or gifting.",flat_product_pf_a0_pt_80-lb-cover-uncoated_cl_4-0_ct_none_prt_none_sft_none_set_none_hor,https://upload.wikimedia.org/wikipedia/commons/c/ca/1x1.png,Yes
Posters — A0 — ver,"Personalised posters from Pixora. Upload your photo, preview on a live product mockup, and we print and ship premium quality to your door. Ideal for home décor or gifting.",flat_product_pf_a0_pt_80-lb-cover-uncoated_cl_4-0_ct_none_prt_none_sft_none_set_none_ver,https://upload.wikimedia.org/wikipedia/commons/c/ca/1x1.png,Yes
Posters — A1 — hor,"Personalised posters from Pixora. Upload your photo, preview on a live product mockup, and we print and ship premium quality to your door. Ideal for home décor or gifting.",flat_product_pf_a1_pt_170-gsm-uncoated_cl_4-0_ct_none_prt_none_sft_none_set_none_hor,https://upload.wikimedia.org/wikipedia/commons/c/ca/1x1.png,Yes
Posters — A1 — ver,"Personalised posters from Pixora. Upload your photo, preview on a live product mockup, and we print and ship premium quality to your door. Ideal for home décor or gifting.",flat_product_pf_a1_pt_170-gsm-uncoated_cl_4-0_ct_none_prt_none_sft_none_set_none_ver,https://upload.wikimedia.org/wikipedia/commons/c/ca/1x1.png,Yes
Posters — A1 — hor,"Personalised posters from Pixora. Upload your photo, preview on a live product mockup, and we print and ship premium quality to your door. Ideal for home décor or gifting.",flat_product_pf_a1_pt_200-gsm-uncoated_cl_4-0_ct_none_prt_none_sft_none_set_none_hor,https://upload.wikimedia.org/wikipedia/commons/c/ca/1x1.png,Yes
Posters — A1 — ver,"Personalised posters from Pixora. Upload your photo, preview on a live product mockup, and we print and ship premium quality to your door. Ideal for home décor or gifting.",flat_product_pf_a1_pt_200-gsm-uncoated_cl_4-0_ct_none_prt_none_sft_none_set_none_ver,https://upload.wikimedia.org/wikipedia/commons/c/ca/1x1.png,Yes
Posters — A1 — hor,"Personalised posters from Pixora. Upload your photo, preview on a live product mockup, and we print and ship premium quality to your door. Ideal for home décor or gifting.",flat_product_pf_a1_pt_250-gsm-uncoated-offwhite-archival_cl_4-0_ct_none_prt_none_sft_none_set_none_hor,https://upload.wikimedia.org/wikipedia/commons/c/ca/1x1.png,Yes
Posters — A1 — ver,"Personalised posters from Pixora. Upload your photo, preview on a live product mockup, and we print and ship premium quality to your door. Ideal for home décor or gifting.",flat_product_pf_a1_pt_250-gsm-uncoated-offwhite-archival_cl_4-0_ct_none_prt_none_sft_none_set_none_ver,https://upload.wikimedia.org/wikipedia/commons/c/ca/1x1.png,Yes
Posters — A1 — hor,"Personalised posters from Pixora. Upload your photo, preview on a live product mockup, and we print and ship premium quality to your door. Ideal for home décor or gifting.",flat_product_pf_a1_pt_65-lb-cover-coated-silk_cl_4-0_ct_none_prt_none_sft_none_set_none_hor,https://upload.wikimedia.org/wikipedia/commons/c/ca/1x1.png,Yes
Posters — A1 — ver,"Personalised posters from Pixora. Upload your photo, preview on a live product mockup, and we print and ship premium quality to your door. Ideal for home décor or gifting.",flat_product_pf_a1_pt_65-lb-cover-coated-silk_cl_4-0_ct_none_prt_none_sft_none_set_none_ver,https://upload.wikimedia.org/wikipedia/commons/c/ca/1x1.png,Yes
Posters — A1 — hor,"Personalised posters from Pixora. Upload your photo, preview on a live product mockup, and we print and ship premium quality to your door. Ideal for home décor or gifting.",flat_product_pf_a1_pt_65-lb-cover-uncoated_cl_4-0_ct_none_prt_none_sft_none_set_none_hor,https://upload.wikimedia.org/wikipedia/commons/c/ca/1x1.png,Yes
Posters — A1 — ver,"Personalised posters from Pixora. Upload your photo, preview on a live product mockup, and we print and ship premium quality to your door. Ideal for home décor or gifting.",flat_product_pf_a1_pt_65-lb-cover-uncoated_cl_4-0_ct_none_prt_none_sft_none_set_none_ver,https://upload.wikimedia.org/wikipedia/commons/c/ca/1x1.png,Yes
Posters — A1 — hor,"Personalised posters from Pixora. Upload your photo, preview on a live product mockup, and we print and ship premium quality to your door. Ideal for home décor or gifting.",flat_product_pf_a1_pt_80-lb-cover-uncoated_cl_4-0_ct_none_prt_none_sft_none_set_none_hor,https://upload.wikimedia.org/wikipedia/commons/c/ca/1x1.png,Yes
Posters — A1 — ver,"Personalised posters from Pixora. Upload your photo, preview on a live product mockup, and we print and ship premium quality to your door. Ideal for home décor or gifting.",flat_product_pf_a1_pt_80-lb-cover-uncoated_cl_4-0_ct_none_prt_none_sft_none_set_none_ver,https://upload.wikimedia.org/wikipedia/commons/c/ca/1x1.png,Yes
Posters — A2 — hor,"Personalised posters from Pixora. Upload your photo, preview on a live product mockup, and we print and ship premium quality to your door. Ideal for home décor or gifting.",flat_product_pf_a2_pt_100-lb-cover-uncoated-offwhite-archival_cl_4-0_ct_none_prt_none_sft_none_set_none_hor,https://upload.wikimedia.org/wikipedia/commons/c/ca/1x1.png,Yes
Posters — A2 — ver,"Personalised posters from Pixora. Upload your photo, preview on a live product mockup, and we print and ship premium quality to your door. Ideal for home décor or gifting.",flat_product_pf_a2_pt_100-lb-cover-uncoated-offwhite-archival_cl_4-0_ct_none_prt_none_sft_none_set_none_ver,https://upload.wikimedia.org/wikipedia/commons/c/ca/1x1.png,Yes
Posters — A2 — hor,"Personalised posters from Pixora. Upload your photo, preview on a live product mockup, and we print and ship premium quality to your door. Ideal for home décor or gifting.",flat_product_pf_a2_pt_170-gsm-uncoated_cl_4-0_ct_none_prt_none_sft_none_set_none_hor,https://upload.wikimedia.org/wikipedia/commons/c/ca/1x1.png,Yes
Posters — A2 — ver,"Personalised posters from Pixora. Upload your photo, preview on a live product mockup, and we print and ship premium quality to your door. Ideal for home décor or gifting.",flat_product_pf_a2_pt_170-gsm-uncoated_cl_4-0_ct_none_prt_none_sft_none_set_none_ver,https://upload.wikimedia.org/wikipedia/commons/c/ca/1x1.png,Yes
Posters — A2 — hor,"Personalised posters from Pixora. Upload your photo, preview on a live product mockup, and we print and ship premium quality to your door. Ideal for home décor or gifting.",flat_product_pf_a2_pt_200-gsm-coated-silk_cl_4-0_ct_none_prt_none_sft_none_set_none_hor,https://upload.wikimedia.org/wikipedia/commons/c/ca/1x1.png,Yes
Posters — A2 — ver,"Personalised posters from Pixora. Upload your photo, preview on a live product mockup, and we print and ship premium quality to your door. Ideal for home décor or gifting.",flat_product_pf_a2_pt_200-gsm-coated-silk_cl_4-0_ct_none_prt_none_sft_none_set_none_ver,https://upload.wikimedia.org/wikipedia/commons/c/ca/1x1.png,Yes
Posters — A2 — hor,"Personalised posters from Pixora. Upload your photo, preview on a live product mockup, and we print and ship premium quality to your door. Ideal for home décor or gifting.",flat_product_pf_a2_pt_200-gsm-uncoated_cl_4-0_ct_none_prt_none_sft_none_set_none_hor,https://upload.wikimedia.org/wikipedia/commons/c/ca/1x1.png,Yes
Posters — A2 — ver,"Personalised posters from Pixora. Upload your photo, preview on a live product mockup, and we print and ship premium quality to your door. Ideal for home décor or gifting.",flat_product_pf_a2_pt_200-gsm-uncoated_cl_4-0_ct_none_prt_none_sft_none_set_none_ver,https://upload.wikimedia.org/wikipedia/commons/c/ca/1x1.png,Yes
Posters — A2 — hor,"Personalised posters from Pixora. Upload your photo, preview on a live product mockup, and we print and ship premium quality to your door. Ideal for home décor or gifting.",flat_product_pf_a2_pt_250-gsm-uncoated-offwhite-archival_cl_4-0_ct_none_prt_none_sft_none_set_none_hor,https://upload.wikimedia.org/wikipedia/commons/c/ca/1x1.png,Yes
Posters — A2 — ver,"Personalised posters from Pixora. Upload your photo, preview on a live product mockup, and we print and ship premium quality to your door. Ideal for home décor or gifting.",flat_product_pf_a2_pt_250-gsm-uncoated-offwhite-archival_cl_4-0_ct_none_prt_none_sft_none_set_none_ver,https://upload.wikimedia.org/wikipedia/commons/c/ca/1x1.png,Yes
Posters — A2 — hor,"Personalised posters from Pixora. Upload your photo, preview on a live product mockup, and we print and ship premium quality to your door. Ideal for home décor or gifting.",flat_product_pf_a2_pt_65-lb-cover-coated-silk_cl_4-0_ct_none_prt_none_sft_none_set_none_hor,https://upload.wikimedia.org/wikipedia/commons/c/ca/1x1.png,Yes
Posters — A2 — ver,"Personalised posters from Pixora. Upload your photo, preview on a live product mockup, and we print and ship premium quality to your door. Ideal for home décor or gifting.",flat_product_pf_a2_pt_65-lb-cover-coated-silk_cl_4-0_ct_none_prt_none_sft_none_set_none_ver,https://upload.wikimedia.org/wikipedia/commons/c/ca/1x1.png,Yes
Posters — A2 — hor,"Personalised posters from Pixora. Upload your photo, preview on a live product mockup, and we print and ship premium quality to your door. Ideal for home décor or gifting.",flat_product_pf_a2_pt_65-lb-cover-uncoated_cl_4-0_ct_none_prt_none_sft_none_set_none_hor,https://upload.wikimedia.org/wikipedia/commons/c/ca/1x1.png,Yes
Posters — A2 — ver,"Personalised posters from Pixora. Upload your photo, preview on a live product mockup, and we print and ship premium quality to your door. Ideal for home décor or gifting.",flat_product_pf_a2_pt_65-lb-cover-uncoated_cl_4-0_ct_none_prt_none_sft_none_set_none_ver,https://upload.wikimedia.org/wikipedia/commons/c/ca/1x1.png,Yes
Posters — A2 — hor,"Personalised posters from Pixora. Upload your photo, preview on a live product mockup, and we print and ship premium quality to your door. Ideal for home décor or gifting.",flat_product_pf_a2_pt_80-lb-cover-coated-silk_cl_4-0_ct_none_prt_none_sft_none_set_none_hor,https://upload.wikimedia.org/wikipedia/commons/c/ca/1x1.png,Yes
Posters — A2 — ver,"Personalised posters from Pixora. Upload your photo, preview on a live product mockup, and we print and ship premium quality to your door. Ideal for home décor or gifting.",flat_product_pf_a2_pt_80-lb-cover-coated-silk_cl_4-0_ct_none_prt_none_sft_none_set_none_ver,https://upload.wikimedia.org/wikipedia/commons/c/ca/1x1.png,Yes
Posters — A2 — hor,"Personalised posters from Pixora. Upload your photo, preview on a live product mockup, and we print and ship premium quality to your door. Ideal for home décor or gifting.",flat_product_pf_a2_pt_80-lb-cover-uncoated_cl_4-0_ct_none_prt_none_sft_none_set_none_hor,https://upload.wikimedia.org/wikipedia/commons/c/ca/1x1.png,Yes
Posters — A2 — ver,"Personalised posters from Pixora. Upload your photo, preview on a live product mockup, and we print and ship premium quality to your door. Ideal for home décor or gifting.",flat_product_pf_a2_pt_80-lb-cover-uncoated_cl_4-0_ct_none_prt_none_sft_none_set_none_ver,https://upload.wikimedia.org/wikipedia/commons/c/ca/1x1.png,Yes
Posters — A3 — hor,"Personalised posters from Pixora. Upload your photo, preview on a live product mockup, and we print and ship premium quality to your door. Ideal for home décor or gifting.",flat_product_pf_a3_pt_100-lb-cover-uncoated-offwhite-archival_cl_4-0_ct_none_prt_none_sft_none_set_none_hor,https://upload.wikimedia.org/wikipedia/commons/c/ca/1x1.png,Yes
Posters — A3 — ver,"Personalised posters from Pixora. Upload your photo, preview on a live product mockup, and we print and ship premium quality to your door. Ideal for home décor or gifting.",flat_product_pf_a3_pt_100-lb-cover-uncoated-offwhite-archival_cl_4-0_ct_none_prt_none_sft_none_set_none_ver,https://upload.wikimedia.org/wikipedia/commons/c/ca/1x1.png,Yes
Posters — A3 — hor,"Personalised posters from Pixora. Upload your photo, preview on a live product mockup, and we print and ship premium quality to your door. Ideal for home décor or gifting.",flat_product_pf_a3_pt_200-gsm-coated-silk_cl_4-0_ct_none_prt_none_sft_none_set_none_hor,https://upload.wikimedia.org/wikipedia/commons/c/ca/1x1.png,Yes
Posters — A3 — ver,"Personalised posters from Pixora. Upload your photo, preview on a live product mockup, and we print and ship premium quality to your door. Ideal for home décor or gifting.",flat_product_pf_a3_pt_200-gsm-coated-silk_cl_4-0_ct_none_prt_none_sft_none_set_none_ver,https://upload.wikimedia.org/wikipedia/commons/c/ca/1x1.png,Yes
Posters — A3 — hor,"Personalised posters from Pixora. Upload your photo, preview on a live product mockup, and we print and ship premium quality to your door. Ideal for home décor or gifting.",flat_product_pf_a3_pt_200-gsm-uncoated_cl_4-0_ct_none_prt_none_sft_none_set_none_hor,https://upload.wikimedia.org/wikipedia/commons/c/ca/1x1.png,Yes
Posters — A3 — ver,"Personalised posters from Pixora. Upload your photo, preview on a live product mockup, and we print and ship premium quality to your door. Ideal for home décor or gifting.",flat_product_pf_a3_pt_200-gsm-uncoated_cl_4-0_ct_none_prt_none_sft_none_set_none_ver,https://upload.wikimedia.org/wikipedia/commons/c/ca/1x1.png,Yes
Posters — A3 — hor,"Personalised posters from Pixora. Upload your photo, preview on a live product mockup, and we print and ship premium quality to your door. Ideal for home décor or gifting.",flat_product_pf_a3_pt_250-gsm-uncoated-offwhite-archival_cl_4-0_ct_none_prt_none_sft_none_set_none_hor,https://upload.wikimedia.org/wikipedia/commons/c/ca/1x1.png,Yes
Posters — A3 — ver,"Personalised posters from Pixora. Upload your photo, preview on a live product mockup, and we print and ship premium quality to your door. Ideal for home décor or gifting.",flat_product_pf_a3_pt_250-gsm-uncoated-offwhite-archival_cl_4-0_ct_none_prt_none_sft_none_set_none_ver,https://upload.wikimedia.org/wikipedia/commons/c/ca/1x1.png,Yes
Posters — A3 — hor,"Personalised posters from Pixora. Upload your photo, preview on a live product mockup, and we print and ship premium quality to your door. Ideal for home décor or gifting.",flat_product_pf_a3_pt_65-lb-cover-coated-silk_cl_4-0_ct_none_prt_none_sft_none_set_none_hor,https://upload.wikimedia.org/wikipedia/commons/c/ca/1x1.png,Yes
Posters — A3 — ver,"Personalised posters from Pixora. Upload your photo, preview on a live product mockup, and we print and ship premium quality to your door. Ideal for home décor or gifting.",flat_product_pf_a3_pt_65-lb-cover-coated-silk_cl_4-0_ct_none_prt_none_sft_none_set_none_ver,https://upload.wikimedia.org/wikipedia/commons/c/ca/1x1.png,Yes
Posters — A3 — hor,"Personalised posters from Pixora. Upload your photo, preview on a live product mockup, and we print and ship premium quality to your door. Ideal for home décor or gifting.",flat_product_pf_a3_pt_65-lb-cover-uncoated_cl_4-0_ct_none_prt_none_sft_none_set_none_hor,https://upload.wikimedia.org/wikipedia/commons/c/ca/1x1.png,Yes
Posters — A3 — ver,"Personalised posters from Pixora. Upload your photo, preview on a live product mockup, and we print and ship premium quality to your door. Ideal for home décor or gifting.",flat_product_pf_a3_pt_65-lb-cover-uncoated_cl_4-0_ct_none_prt_none_sft_none_set_none_ver,https://upload.wikimedia.org/wikipedia/commons/c/ca/1x1.png,Yes
Posters — A3 — hor,"Personalised posters from Pixora. Upload your photo, preview on a live product mockup, and we print and ship premium quality to your door. Ideal for home décor or gifting.",flat_product_pf_a3_pt_80-lb-cover-coated-silk_cl_4-0_ct_none_prt_none_sft_none_set_none_hor,https://upload.wikimedia.org/wikipedia/commons/c/ca/1x1.png,Yes
Posters — A3 — ver,"Personalised posters from Pixora. Upload your photo, preview on a live product mockup, and we print and ship premium quality to your door. Ideal for home décor or gifting.",flat_product_pf_a3_pt_80-lb-cover-coated-silk_cl_4-0_ct_none_prt_none_sft_none_set_none_ver,https://upload.wikimedia.org/wikipedia/commons/c/ca/1x1.png,Yes
Posters — A3 — hor,"Personalised posters from Pixora. Upload your photo, preview on a live product mockup, and we print and ship premium quality to your door. Ideal for home décor or gifting.",flat_product_pf_a3_pt_80-lb-cover-uncoated_cl_4-0_ct_none_prt_none_sft_none_set_none_hor,https://upload.wikimedia.org/wikipedia/commons/c/ca/1x1.png,Yes
Posters — A3 — ver,"Personalised posters from Pixora. Upload your photo, preview on a live product mockup, and we print and ship premium quality to your door. Ideal for home décor or gifting.",flat_product_pf_a3_pt_80-lb-cover-uncoated_cl_4-0_ct_none_prt_none_sft_none_set_none_ver,https://upload.wikimedia.org/wikipedia/commons/c/ca/1x1.png,Yes
Posters — A4 — hor,"Personalised posters from Pixora. Upload your photo, preview on a live product mockup, and we print and ship premium quality to your door. Ideal for home décor or gifting.",flat_product_pf_a4_pt_200-gsm-coated-silk_cl_4-0_ct_none_prt_none_sft_none_set_none_hor,https://upload.wikimedia.org/wikipedia/commons/c/ca/1x1.png,Yes
Posters — A4 — ver,"Personalised posters from Pixora. Upload your photo, preview on a live product mockup, and we print and ship premium quality to your door. Ideal for home décor or gifting.",flat_product_pf_a4_pt_200-gsm-coated-silk_cl_4-0_ct_none_prt_none_sft_none_set_none_ver,https://upload.wikimedia.org/wikipedia/commons/c/ca/1x1.png,Yes
Posters — A4 — hor,"Personalised posters from Pixora. Upload your photo, preview on a live product mockup, and we print and ship premium quality to your door. Ideal for home décor or gifting.",flat_product_pf_a4_pt_200-gsm-uncoated_cl_4-0_ct_none_prt_none_sft_none_set_none_hor,https://upload.wikimedia.org/wikipedia/commons/c/ca/1x1.png,Yes
Posters — A4 — ver,"Personalised posters from Pixora. Upload your photo, preview on a live product mockup, and we print and ship premium quality to your door. Ideal for home décor or gifting.",flat_product_pf_a4_pt_200-gsm-uncoated_cl_4-0_ct_none_prt_none_sft_none_set_none_ver,https://upload.wikimedia.org/wikipedia/commons/c/ca/1x1.png,Yes
Posters — A4 — hor,"Personalised posters from Pixora. Upload your photo, preview on a live product mockup, and we print and ship premium quality to your door. Ideal for home décor or gifting.",flat_product_pf_a4_pt_250-gsm-uncoated-offwhite-archival_cl_4-0_ct_none_prt_none_sft_none_set_none_hor,https://upload.wikimedia.org/wikipedia/commons/c/ca/1x1.png,Yes
Posters — A4 — ver,"Personalised posters from Pixora. Upload your photo, preview on a live product mockup, and we print and ship premium quality to your door. Ideal for home décor or gifting.",flat_product_pf_a4_pt_250-gsm-uncoated-offwhite-archival_cl_4-0_ct_none_prt_none_sft_none_set_none_ver,https://upload.wikimedia.org/wikipedia/commons/c/ca/1x1.png,Yes
Posters — A4 — hor,"Personalised posters from Pixora. Upload your photo, preview on a live product mockup, and we print and ship premium quality to your door. Ideal for home décor or gifting.",flat_product_pf_a4_pt_65-lb-cover-coated-silk_cl_4-0_ct_none_prt_none_sft_none_set_none_hor,https://upload.wikimedia.org/wikipedia/commons/c/ca/1x1.png,Yes
Posters — A4 — ver,"Personalised posters from Pixora. Upload your photo, preview on a live product mockup, and we print and ship premium quality to your door. Ideal for home décor or gifting.",flat_product_pf_a4_pt_65-lb-cover-coated-silk_cl_4-0_ct_none_prt_none_sft_none_set_none_ver,https://upload.wikimedia.org/wikipedia/commons/c/ca/1x1.png,Yes
Posters — A4 — hor,"Personalised posters from Pixora. Upload your photo, preview on a live product mockup, and we print and ship premium quality to your door. Ideal for home décor or gifting.",flat_product_pf_a4_pt_65-lb-cover-uncoated_cl_4-0_ct_none_prt_none_sft_none_set_none_hor,https://upload.wikimedia.org/wikipedia/commons/c/ca/1x1.png,Yes
Posters — A4 — ver,"Personalised posters from Pixora. Upload your photo, preview on a live product mockup, and we print and ship premium quality to your door. Ideal for home décor or gifting.",flat_product_pf_a4_pt_65-lb-cover-uncoated_cl_4-0_ct_none_prt_none_sft_none_set_none_ver,https://upload.wikimedia.org/wikipedia/commons/c/ca/1x1.png,Yes
Posters — A6 — ver,"Personalised posters from Pixora. Upload your photo, preview on a live product mockup, and we print and ship premium quality to your door. Ideal for home décor or gifting.",flat_product_pf_a6_pt_350-gsm-uncoated_cl_4-0_ct_none_prt_none_sft_none_set_none_ver,https://upload.wikimedia.org/wikipedia/commons/c/ca/1x1.png,Yes
Posters — B1 — hor,"Personalised posters from Pixora. Upload your photo, preview on a live product mockup, and we print and ship premium quality to your door. Ideal for home décor or gifting.",flat_product_pf_b1_pt_170-gsm-uncoated_cl_4-0_ct_none_prt_none_sft_none_set_none_hor,https://upload.wikimedia.org/wikipedia/commons/c/ca/1x1.png,Yes
Posters — B1 — ver,"Personalised posters from Pixora. Upload your photo, preview on a live product mockup, and we print and ship premium quality to your door. Ideal for home décor or gifting.",flat_product_pf_b1_pt_170-gsm-uncoated_cl_4-0_ct_none_prt_none_sft_none_set_none_ver,https://upload.wikimedia.org/wikipedia/commons/c/ca/1x1.png,Yes
Posters — B1 — hor,"Personalised posters from Pixora. Upload your photo, preview on a live product mockup, and we print and ship premium quality to your door. Ideal for home décor or gifting.",flat_product_pf_b1_pt_200-gsm-uncoated_cl_4-0_ct_none_prt_none_sft_none_set_none_hor,https://upload.wikimedia.org/wikipedia/commons/c/ca/1x1.png,Yes
Posters — B1 — ver,"Personalised posters from Pixora. Upload your photo, preview on a live product mockup, and we print and ship premium quality to your door. Ideal for home décor or gifting.",flat_product_pf_b1_pt_200-gsm-uncoated_cl_4-0_ct_none_prt_none_sft_none_set_none_ver,https://upload.wikimedia.org/wikipedia/commons/c/ca/1x1.png,Yes
Posters — B1 — hor,"Personalised posters from Pixora. Upload your photo, preview on a live product mockup, and we print and ship premium quality to your door. Ideal for home décor or gifting.",flat_product_pf_b1_pt_250-gsm-uncoated-offwhite-archival_cl_4-0_ct_none_prt_none_sft_none_set_none_hor,https://upload.wikimedia.org/wikipedia/commons/c/ca/1x1.png,Yes
Posters — B1 — ver,"Personalised posters from Pixora. Upload your photo, preview on a live product mockup, and we print and ship premium quality to your door. Ideal for home décor or gifting.",flat_product_pf_b1_pt_250-gsm-uncoated-offwhite-archival_cl_4-0_ct_none_prt_none_sft_none_set_none_ver,https://upload.wikimedia.org/wikipedia/commons/c/ca/1x1.png,Yes
Posters — B1 — hor,"Personalised posters from Pixora. Upload your photo, preview on a live product mockup, and we print and ship premium quality to your door. Ideal for home décor or gifting.",flat_product_pf_b1_pt_65-lb-cover-coated-silk_cl_4-0_ct_none_prt_none_sft_none_set_none_hor,https://upload.wikimedia.org/wikipedia/commons/c/ca/1x1.png,Yes
Posters — B1 — ver,"Personalised posters from Pixora. Upload your photo, preview on a live product mockup, and we print and ship premium quality to your door. Ideal for home décor or gifting.",flat_product_pf_b1_pt_65-lb-cover-coated-silk_cl_4-0_ct_none_prt_none_sft_none_set_none_ver,https://upload.wikimedia.org/wikipedia/commons/c/ca/1x1.png,Yes
Posters — B1 — hor,"Personalised posters from Pixora. Upload your photo, preview on a live product mockup, and we print and ship premium quality to your door. Ideal for home décor or gifting.",flat_product_pf_b1_pt_65-lb-cover-uncoated_cl_4-0_ct_none_prt_none_sft_none_set_none_hor,https://upload.wikimedia.org/wikipedia/commons/c/ca/1x1.png,Yes
Posters — B1 — ver,"Personalised posters from Pixora. Upload your photo, preview on a live product mockup, and we print and ship premium quality to your door. Ideal for home décor or gifting.",flat_product_pf_b1_pt_65-lb-cover-uncoated_cl_4-0_ct_none_prt_none_sft_none_set_none_ver,https://upload.wikimedia.org/wikipedia/commons/c/ca/1x1.png,Yes
Posters — B1 — hor,"Personalised posters from Pixora. Upload your photo, preview on a live product mockup, and we print and ship premium quality to your door. Ideal for home décor or gifting.",flat_product_pf_b1_pt_80-lb-cover-uncoated_cl_4-0_ct_none_prt_none_sft_none_set_none_hor,https://upload.wikimedia.org/wikipedia/commons/c/ca/1x1.png,Yes
Posters — B1 — ver,"Personalised posters from Pixora. Upload your photo, preview on a live product mockup, and we print and ship premium quality to your door. Ideal for home décor or gifting.",flat_product_pf_b1_pt_80-lb-cover-uncoated_cl_4-0_ct_none_prt_none_sft_none_set_none_ver,https://upload.wikimedia.org/wikipedia/commons/c/ca/1x1.png,Yes
Posters — B2 — hor,"Personalised posters from Pixora. Upload your photo, preview on a live product mockup, and we print and ship premium quality to your door. Ideal for home décor or gifting.",flat_product_pf_b2_pt_170-gsm-uncoated_cl_4-0_ct_none_prt_none_sft_none_set_none_hor,https://upload.wikimedia.org/wikipedia/commons/c/ca/1x1.png,Yes
Posters — B2 — ver,"Personalised posters from Pixora. Upload your photo, preview on a live product mockup, and we print and ship premium quality to your door. Ideal for home décor or gifting.",flat_product_pf_b2_pt_170-gsm-uncoated_cl_4-0_ct_none_prt_none_sft_none_set_none_ver,https://upload.wikimedia.org/wikipedia/commons/c/ca/1x1.png,Yes
Posters — B2 — hor,"Personalised posters from Pixora. Upload your photo, preview on a live product mockup, and we print and ship premium quality to your door. Ideal for home décor or gifting.",flat_product_pf_b2_pt_200-gsm-coated-silk_cl_4-0_ct_none_prt_none_sft_none_set_none_hor,https://upload.wikimedia.org/wikipedia/commons/c/ca/1x1.png,Yes
Posters — B2 — ver,"Personalised posters from Pixora. Upload your photo, preview on a live product mockup, and we print and ship premium quality to your door. Ideal for home décor or gifting.",flat_product_pf_b2_pt_200-gsm-coated-silk_cl_4-0_ct_none_prt_none_sft_none_set_none_ver,https://upload.wikimedia.org/wikipedia/commons/c/ca/1x1.png,Yes
Posters — B2 — hor,"Personalised posters from Pixora. Upload your photo, preview on a live product mockup, and we print and ship premium quality to your door. Ideal for home décor or gifting.",flat_product_pf_b2_pt_200-gsm-uncoated_cl_4-0_ct_none_prt_none_sft_none_set_none_hor,https://upload.wikimedia.org/wikipedia/commons/c/ca/1x1.png,Yes
Posters — B2 — ver,"Personalised posters from Pixora. Upload your photo, preview on a live product mockup, and we print and ship premium quality to your door. Ideal for home décor or gifting.",flat_product_pf_b2_pt_200-gsm-uncoated_cl_4-0_ct_none_prt_none_sft_none_set_none_ver,https://upload.wikimedia.org/wikipedia/commons/c/ca/1x1.png,Yes
Posters — B2 — hor,"Personalised posters from Pixora. Upload your photo, preview on a live product mockup, and we print and ship premium quality to your door. Ideal for home décor or gifting.",flat_product_pf_b2_pt_65-lb-cover-coated-silk_cl_4-0_ct_none_prt_none_sft_none_set_none_hor,https://upload.wikimedia.org/wikipedia/commons/c/ca/1x1.png,Yes
Posters — B2 — ver,"Personalised posters from Pixora. Upload your photo, preview on a live product mockup, and we print and ship premium quality to your door. Ideal for home décor or gifting.",flat_product_pf_b2_pt_65-lb-cover-coated-silk_cl_4-0_ct_none_prt_none_sft_none_set_none_ver,https://upload.wikimedia.org/wikipedia/commons/c/ca/1x1.png,Yes
Posters — B2 — hor,"Personalised posters from Pixora. Upload your photo, preview on a live product mockup, and we print and ship premium quality to your door. Ideal for home décor or gifting.",flat_product_pf_b2_pt_65-lb-cover-uncoated_cl_4-0_ct_none_prt_none_sft_none_set_none_hor,https://upload.wikimedia.org/wikipedia/commons/c/ca/1x1.png,Yes
Posters — B2 — ver,"Personalised posters from Pixora. Upload your photo, preview on a live product mockup, and we print and ship premium quality to your door. Ideal for home décor or gifting.",flat_product_pf_b2_pt_65-lb-cover-uncoated_cl_4-0_ct_none_prt_none_sft_none_set_none_ver,https://upload.wikimedia.org/wikipedia/commons/c/ca/1x1.png,Yes
Posters — B2 — hor,"Personalised posters from Pixora. Upload your photo, preview on a live product mockup, and we print and ship premium quality to your door. Ideal for home décor or gifting.",flat_product_pf_b2_pt_80-lb-cover-coated-silk_cl_4-0_ct_none_prt_none_sft_none_set_none_hor,https://upload.wikimedia.org/wikipedia/commons/c/ca/1x1.png,Yes
Posters — B2 — ver,"Personalised posters from Pixora. Upload your photo, preview on a live product mockup, and we print and ship premium quality to your door. Ideal for home décor or gifting.",flat_product_pf_b2_pt_80-lb-cover-coated-silk_cl_4-0_ct_none_prt_none_sft_none_set_none_ver,https://upload.wikimedia.org/wikipedia/commons/c/ca/1x1.png,Yes
Posters — B2 — hor,"Personalised posters from Pixora. Upload your photo, preview on a live product mockup, and we print and ship premium quality to your door. Ideal for home décor or gifting.",flat_product_pf_b2_pt_80-lb-cover-uncoated_cl_4-0_ct_none_prt_none_sft_none_set_none_hor,https://upload.wikimedia.org/wikipedia/commons/c/ca/1x1.png,Yes
Posters — B2 — ver,"Personalised posters from Pixora. Upload your photo, preview on a live product mockup, and we print and ship premium quality to your door. Ideal for home décor or gifting.",flat_product_pf_b2_pt_80-lb-cover-uncoated_cl_4-0_ct_none_prt_none_sft_none_set_none_ver,https://upload.wikimedia.org/wikipedia/commons/c/ca/1x1.png,Yes
Posters — BX — hor,"Personalised posters from Pixora. Upload your photo, preview on a live product mockup, and we print and ship premium quality to your door. Ideal for home décor or gifting.",flat_product_pf_bx_pt_300-gsm-uncoated_cl_4-0_ct_none_prt_none_sft_none_set_none_hor,https://upload.wikimedia.org/wikipedia/commons/c/ca/1x1.png,Yes
Posters — BX — ver,"Personalised posters from Pixora. Upload your photo, preview on a live product mockup, and we print and ship premium quality to your door. Ideal for home décor or gifting.",flat_product_pf_bx_pt_300-gsm-uncoated_cl_4-0_ct_none_prt_none_sft_none_set_none_ver,https://upload.wikimedia.org/wikipedia/commons/c/ca/1x1.png,Yes
Posters — LT — hor,"Personalised posters from Pixora. Upload your photo, preview on a live product mockup, and we print and ship premium quality to your door. Ideal for home décor or gifting.",flat_product_pf_lt_pt_200-gsm-coated-silk_cl_4-0_ct_none_prt_none_sft_none_set_none_hor,https://upload.wikimedia.org/wikipedia/commons/c/ca/1x1.png,Yes
Posters — LT — ver,"Personalised posters from Pixora. Upload your photo, preview on a live product mockup, and we print and ship premium quality to your door. Ideal for home décor or gifting.",flat_product_pf_lt_pt_200-gsm-coated-silk_cl_4-0_ct_none_prt_none_sft_none_set_none_ver,https://upload.wikimedia.org/wikipedia/commons/c/ca/1x1.png,Yes
Posters — LT — hor,"Personalised posters from Pixora. Upload your photo, preview on a live product mockup, and we print and ship premium quality to your door. Ideal for home décor or gifting.",flat_product_pf_lt_pt_200-gsm-uncoated_cl_4-0_ct_none_prt_none_sft_none_set_none_hor,https://upload.wikimedia.org/wikipedia/commons/c/ca/1x1.png,Yes
Posters — LT — ver,"Personalised posters from Pixora. Upload your photo, preview on a live product mockup, and we print and ship premium quality to your door. Ideal for home décor or gifting.",flat_product_pf_lt_pt_200-gsm-uncoated_cl_4-0_ct_none_prt_none_sft_none_set_none_ver,https://upload.wikimedia.org/wikipedia/commons/c/ca/1x1.png,Yes
Posters — LT — hor,"Personalised posters from Pixora. Upload your photo, preview on a live product mockup, and we print and ship premium quality to your door. Ideal for home décor or gifting.",flat_product_pf_lt_pt_65-lb-cover-coated-silk_cl_4-0_ct_none_prt_none_sft_none_set_none_hor,https://upload.wikimedia.org/wikipedia/commons/c/ca/1x1.png,Yes
Posters — LT — ver,"Personalised posters from Pixora. Upload your photo, preview on a live product mockup, and we print and ship premium quality to your door. Ideal for home décor or gifting.",flat_product_pf_lt_pt_65-lb-cover-coated-silk_cl_4-0_ct_none_prt_none_sft_none_set_none_ver,https://upload.wikimedia.org/wikipedia/commons/c/ca/1x1.png,Yes
Posters — LT — hor,"Personalised posters from Pixora. Upload your photo, preview on a live product mockup, and we print and ship premium quality to your door. Ideal for home décor or gifting.",flat_product_pf_lt_pt_65-lb-cover-uncoated_cl_4-0_ct_none_prt_none_sft_none_set_none_hor,https://upload.wikimedia.org/wikipedia/commons/c/ca/1x1.png,Yes
Posters — LT — ver,"Personalised posters from Pixora. Upload your photo, preview on a live product mockup, and we print and ship premium quality to your door. Ideal for home décor or gifting.",flat_product_pf_lt_pt_65-lb-cover-uncoated_cl_4-0_ct_none_prt_none_sft_none_set_none_ver,https://upload.wikimedia.org/wikipedia/commons/c/ca/1x1.png,Yes
Posters — XL — hor,"Personalised posters from Pixora. Upload your photo, preview on a live product mockup, and we print and ship premium quality to your door. Ideal for home décor or gifting.",flat_product_pf_xl_pt_100-lb-cover-uncoated-offwhite-archival_cl_4-0_ct_none_prt_none_sft_none_set_none_hor,https://upload.wikimedia.org/wikipedia/commons/c/ca/1x1.png,Yes
Posters — XL — ver,"Personalised posters from Pixora. Upload your photo, preview on a live product mockup, and we print and ship premium quality to your door. Ideal for home décor or gifting.",flat_product_pf_xl_pt_100-lb-cover-uncoated-offwhite-archival_cl_4-0_ct_none_prt_none_sft_none_set_none_ver,https://upload.wikimedia.org/wikipedia/commons/c/ca/1x1.png,Yes
Posters — XL — hor,"Personalised posters from Pixora. Upload your photo, preview on a live product mockup, and we print and ship premium quality to your door. Ideal for home décor or gifting.",flat_product_pf_xl_pt_170-gsm-coated-silk_cl_4-0_ct_none_prt_none_sft_none_set_none_hor,https://upload.wikimedia.org/wikipedia/commons/c/ca/1x1.png,Yes
Posters — XL — ver,"Personalised posters from Pixora. Upload your photo, preview on a live product mockup, and we print and ship premium quality to your door. Ideal for home décor or gifting.",flat_product_pf_xl_pt_170-gsm-coated-silk_cl_4-0_ct_none_prt_none_sft_none_set_none_ver,https://upload.wikimedia.org/wikipedia/commons/c/ca/1x1.png,Yes
Posters — XL — hor,"Personalised posters from Pixora. Upload your photo, preview on a live product mockup, and we print and ship premium quality to your door. Ideal for home décor or gifting.",flat_product_pf_xl_pt_170-gsm-uncoated_cl_4-0_ct_none_prt_none_sft_none_set_none_hor,https://upload.wikimedia.org/wikipedia/commons/c/ca/1x1.png,Yes
Posters — XL — ver,"Personalised posters from Pixora. Upload your photo, preview on a live product mockup, and we print and ship premium quality to your door. Ideal for home décor or gifting.",flat_product_pf_xl_pt_170-gsm-uncoated_cl_4-0_ct_none_prt_none_sft_none_set_none_ver,https://upload.wikimedia.org/wikipedia/commons/c/ca/1x1.png,Yes
Posters — XL — hor,"Personalised posters from Pixora. Upload your photo, preview on a live product mockup, and we print and ship premium quality to your door. Ideal for home décor or gifting.",flat_product_pf_xl_pt_200-gsm-coated-silk_cl_4-0_ct_none_prt_none_sft_none_set_none_hor,https://upload.wikimedia.org/wikipedia/commons/c/ca/1x1.png,Yes
Posters — XL — ver,"Personalised posters from Pixora. Upload your photo, preview on a live product mockup, and we print and ship premium quality to your door. Ideal for home décor or gifting.",flat_product_pf_xl_pt_200-gsm-coated-silk_cl_4-0_ct_none_prt_none_sft_none_set_none_ver,https://upload.wikimedia.org/wikipedia/commons/c/ca/1x1.png,Yes
Posters — XL — hor,"Personalised posters from Pixora. Upload your photo, preview on a live product mockup, and we print and ship premium quality to your door. Ideal for home décor or gifting.",flat_product_pf_xl_pt_200-gsm-uncoated_cl_4-0_ct_none_prt_none_sft_none_set_none_hor,https://upload.wikimedia.org/wikipedia/commons/c/ca/1x1.png,Yes
Posters — XL — ver,"Personalised posters from Pixora. Upload your photo, preview on a live product mockup, and we print and ship premium quality to your door. Ideal for home décor or gifting.",flat_product_pf_xl_pt_200-gsm-uncoated_cl_4-0_ct_none_prt_none_sft_none_set_none_ver,https://upload.wikimedia.org/wikipedia/commons/c/ca/1x1.png,Yes
Posters — XL — hor,"Personalised posters from Pixora. Upload your photo, preview on a live product mockup, and we print and ship premium quality to your door. Ideal for home décor or gifting.",flat_product_pf_xl_pt_65-lb-cover-coated-silk_cl_4-0_ct_none_prt_none_sft_none_set_none_hor,https://upload.wikimedia.org/wikipedia/commons/c/ca/1x1.png,Yes
Posters — XL — ver,"Personalised posters from Pixora. Upload your photo, preview on a live product mockup, and we print and ship premium quality to your door. Ideal for home décor or gifting.",flat_product_pf_xl_pt_65-lb-cover-coated-silk_cl_4-0_ct_none_prt_none_sft_none_set_none_ver,https://upload.wikimedia.org/wikipedia/commons/c/ca/1x1.png,Yes
Posters — XL — hor,"Personalised posters from Pixora. Upload your photo, preview on a live product mockup, and we print and ship premium quality to your door. Ideal for home décor or gifting.",flat_product_pf_xl_pt_65-lb-cover-uncoated_cl_4-0_ct_none_prt_none_sft_none_set_none_hor,https://upload.wikimedia.org/wikipedia/commons/c/ca/1x1.png,Yes
Posters — XL — ver,"Personalised posters from Pixora. Upload your photo, preview on a live product mockup, and we print and ship premium quality to your door. Ideal for home décor or gifting.",flat_product_pf_xl_pt_65-lb-cover-uncoated_cl_4-0_ct_none_prt_none_sft_none_set_none_ver,https://upload.wikimedia.org/wikipedia/commons/c/ca/1x1.png,Yes
Posters — XL — hor,"Personalised posters from Pixora. Upload your photo, preview on a live product mockup, and we print and ship premium quality to your door. Ideal for home décor or gifting.",flat_product_pf_xl_pt_80-lb-cover-coated-silk_cl_4-0_ct_none_prt_none_sft_none_set_none_hor,https://upload.wikimedia.org/wikipedia/commons/c/ca/1x1.png,Yes
Posters — XL — ver,"Personalised posters from Pixora. Upload your photo, preview on a live product mockup, and we print and ship premium quality to your door. Ideal for home décor or gifting.",flat_product_pf_xl_pt_80-lb-cover-coated-silk_cl_4-0_ct_none_prt_none_sft_none_set_none_ver,https://upload.wikimedia.org/wikipedia/commons/c/ca/1x1.png,Yes
Posters — XL — hor,"Personalised posters from Pixora. Upload your photo, preview on a live product mockup, and we print and ship premium quality to your door. Ideal for home décor or gifting.",flat_product_pf_xl_pt_80-lb-cover-uncoated_cl_4-0_ct_none_prt_none_sft_none_set_none_hor,https://upload.wikimedia.org/wikipedia/commons/c/ca/1x1.png,Yes
Posters — XL — ver,"Personalised posters from Pixora. Upload your photo, preview on a live product mockup, and we print and ship premium quality to your door. Ideal for home décor or gifting.",flat_product_pf_xl_pt_80-lb-cover-uncoated_cl_4-0_ct_none_prt_none_sft_none_set_none_ver,https://upload.wikimedia.org/wikipedia/commons/c/ca/1x1.png,Yes
Posters — hor,"Personalised posters from Pixora. Upload your photo, preview on a live product mockup, and we print and ship premium quality to your door. Ideal for home décor or gifting.",flat_xl-280x430-mm_170-gsm-65lb-coated-silk_4-0_hor,https://upload.wikimedia.org/wikipedia/commons/c/ca/1x1.png,Yes
Posters — ver,"Personalised posters from Pixora. Upload your photo, preview on a live product mockup, and we print and ship premium quality to your door. Ideal for home décor or gifting.",flat_xl-280x430-mm_170-gsm-65lb-coated-silk_4-0_ver,https://upload.wikimedia.org/wikipedia/commons/c/ca/1x1.png,Yes
Posters — hor,"Personalised posters from Pixora. Upload your photo, preview on a live product mockup, and we print and ship premium quality to your door. Ideal for home décor or gifting.",flat_xl-280x430-mm_170-gsm-65lb-uncoated_4-0_hor,https://upload.wikimedia.org/wikipedia/commons/c/ca/1x1.png,Yes
Posters — ver,"Personalised posters from Pixora. Upload your photo, preview on a live product mockup, and we print and ship premium quality to your door. Ideal for home décor or gifting.",flat_xl-280x430-mm_170-gsm-65lb-uncoated_4-0_ver,https://upload.wikimedia.org/wikipedia/commons/c/ca/1x1.png,Yes
Posters — hor,"Personalised posters from Pixora. Upload your photo, preview on a live product mockup, and we print and ship premium quality to your door. Ideal for home décor or gifting.",flat_xl-280x430-mm_200-gsm-80lb-coated-silk_4-0_hor,https://upload.wikimedia.org/wikipedia/commons/c/ca/1x1.png,Yes
Posters — ver,"Personalised posters from Pixora. Upload your photo, preview on a live product mockup, and we print and ship premium quality to your door. Ideal for home décor or gifting.",flat_xl-280x430-mm_200-gsm-80lb-coated-silk_4-0_ver,https://upload.wikimedia.org/wikipedia/commons/c/ca/1x1.png,Yes
Posters — hor,"Personalised posters from Pixora. Upload your photo, preview on a live product mockup, and we print and ship premium quality to your door. Ideal for home décor or gifting.",flat_xl-280x430-mm_200-gsm-80lb-uncoated_4-0_hor,https://upload.wikimedia.org/wikipedia/commons/c/ca/1x1.png,Yes
Posters — ver,"Personalised posters from Pixora. Upload your photo, preview on a live product mockup, and we print and ship premium quality to your door. Ideal for home décor or gifting.",flat_xl-280x430-mm_200-gsm-80lb-uncoated_4-0_ver,https://upload.wikimedia.org/wikipedia/commons/c/ca/1x1.png,Yes
Posters — hor,"Personalised posters from Pixora. Upload your photo, preview on a live product mockup, and we print and ship premium quality to your door. Ideal for home décor or gifting.",flat_xl-280x430-mm_250-gsm-100lb-uncoated-offwhite-archival_4-0_hor,https://upload.wikimedia.org/wikipedia/commons/c/ca/1x1.png,Yes
Posters — ver,"Personalised posters from Pixora. Upload your photo, preview on a live product mockup, and we print and ship premium quality to your door. Ideal for home décor or gifting.",flat_xl-280x430-mm_250-gsm-100lb-uncoated-offwhite-archival_4-0_ver,https://upload.wikimedia.org/wikipedia/commons/c/ca/1x1.png,Yes
Posters — 210x279-mm — hor,"Personalised posters from Pixora. Upload your photo, preview on a live product mockup, and we print and ship premium quality to your door. Ideal for home décor or gifting.",flyers_pf_210x279-mm_pt_100-lb-text-coated-silk_cl_4-0_hor,https://upload.wikimedia.org/wikipedia/commons/c/ca/1x1.png,Yes
Posters — 210x279-mm — ver,"Personalised posters from Pixora. Upload your photo, preview on a live product mockup, and we print and ship premium quality to your door. Ideal for home décor or gifting.",flyers_pf_210x279-mm_pt_100-lb-text-coated-silk_cl_4-0_ver,https://upload.wikimedia.org/wikipedia/commons/c/ca/1x1.png,Yes
Posters — 210x279-mm — hor,"Personalised posters from Pixora. Upload your photo, preview on a live product mockup, and we print and ship premium quality to your door. Ideal for home décor or gifting.",flyers_pf_210x279-mm_pt_100-lb-text-uncoated_cl_4-0_hor,https://upload.wikimedia.org/wikipedia/commons/c/ca/1x1.png,Yes
Posters — 210x279-mm — ver,"Personalised posters from Pixora. Upload your photo, preview on a live product mockup, and we print and ship premium quality to your door. Ideal for home décor or gifting.",flyers_pf_210x279-mm_pt_100-lb-text-uncoated_cl_4-0_ver,https://upload.wikimedia.org/wikipedia/commons/c/ca/1x1.png,Yes
Posters — 210x279-mm — hor,"Personalised posters from Pixora. Upload your photo, preview on a live product mockup, and we print and ship premium quality to your door. Ideal for home décor or gifting.",flyers_pf_210x279-mm_pt_115-gsm-coated-silk_cl_4-0_hor,https://upload.wikimedia.org/wikipedia/commons/c/ca/1x1.png,Yes
Posters — 210x279-mm — ver,"Personalised posters from Pixora. Upload your photo, preview on a live product mockup, and we print and ship premium quality to your door. Ideal for home décor or gifting.",flyers_pf_210x279-mm_pt_115-gsm-coated-silk_cl_4-0_ver,https://upload.wikimedia.org/wikipedia/commons/c/ca/1x1.png,Yes
Posters — 210x279-mm — hor,"Personalised posters from Pixora. Upload your photo, preview on a live product mockup, and we print and ship premium quality to your door. Ideal for home décor or gifting.",flyers_pf_210x279-mm_pt_115-gsm-uncoated_cl_4-0_hor,https://upload.wikimedia.org/wikipedia/commons/c/ca/1x1.png,Yes
Posters — 210x279-mm — ver,"Personalised posters from Pixora. Upload your photo, preview on a live product mockup, and we print and ship premium quality to your door. Ideal for home décor or gifting.",flyers_pf_210x279-mm_pt_115-gsm-uncoated_cl_4-0_ver,https://upload.wikimedia.org/wikipedia/commons/c/ca/1x1.png,Yes
Posters — 210x279-mm — hor,"Personalised posters from Pixora. Upload your photo, preview on a live product mockup, and we print and ship premium quality to your door. Ideal for home décor or gifting.",flyers_pf_210x279-mm_pt_150-gsm-coated-silk_cl_4-0_hor,https://upload.wikimedia.org/wikipedia/commons/c/ca/1x1.png,Yes
Posters — 210x279-mm — ver,"Personalised posters from Pixora. Upload your photo, preview on a live product mockup, and we print and ship premium quality to your door. Ideal for home décor or gifting.",flyers_pf_210x279-mm_pt_150-gsm-coated-silk_cl_4-0_ver,https://upload.wikimedia.org/wikipedia/commons/c/ca/1x1.png,Yes
Posters — 210x279-mm — hor,"Personalised posters from Pixora. Upload your photo, preview on a live product mockup, and we print and ship premium quality to your door. Ideal for home décor or gifting.",flyers_pf_210x279-mm_pt_150-gsm-uncoated_cl_4-0_hor,https://upload.wikimedia.org/wikipedia/commons/c/ca/1x1.png,Yes
Posters — 210x279-mm — ver,"Personalised posters from Pixora. Upload your photo, preview on a live product mockup, and we print and ship premium quality to your door. Ideal for home décor or gifting.",flyers_pf_210x279-mm_pt_150-gsm-uncoated_cl_4-0_ver,https://upload.wikimedia.org/wikipedia/commons/c/ca/1x1.png,Yes
Posters — 210x279-mm — hor,"Personalised posters from Pixora. Upload your photo, preview on a live product mockup, and we print and ship premium quality to your door. Ideal for home décor or gifting.",flyers_pf_210x279-mm_pt_170-gsm-coated-silk_cl_4-0_hor,https://upload.wikimedia.org/wikipedia/commons/c/ca/1x1.png,Yes
Posters — 210x279-mm — ver,"Personalised posters from Pixora. Upload your photo, preview on a live product mockup, and we print and ship premium quality to your door. Ideal for home décor or gifting.",flyers_pf_210x279-mm_pt_170-gsm-coated-silk_cl_4-0_ver,https://upload.wikimedia.org/wikipedia/commons/c/ca/1x1.png,Yes
Posters — 210x279-mm — hor,"Personalised posters from Pixora. Upload your photo, preview on a live product mockup, and we print and ship premium quality to your door. Ideal for home décor or gifting.",flyers_pf_210x279-mm_pt_170-gsm-uncoated_cl_4-0_hor,https://upload.wikimedia.org/wikipedia/commons/c/ca/1x1.png,Yes
Posters — 210x279-mm — ver,"Personalised posters from Pixora. Upload your photo, preview on a live product mockup, and we print and ship premium quality to your door. Ideal for home décor or gifting.",flyers_pf_210x279-mm_pt_170-gsm-uncoated_cl_4-0_ver,https://upload.wikimedia.org/wikipedia/commons/c/ca/1x1.png,Yes
Posters — 210x279-mm — hor,"Personalised posters from Pixora. Upload your photo, preview on a live product mockup, and we print and ship premium quality to your door. Ideal for home décor or gifting.",flyers_pf_210x279-mm_pt_60-lb-text-uncoated_cl_4-0_hor,https://upload.wikimedia.org/wikipedia/commons/c/ca/1x1.png,Yes
Posters — 210x279-mm — ver,"Personalised posters from Pixora. Upload your photo, preview on a live product mockup, and we print and ship premium quality to your door. Ideal for home décor or gifting.",flyers_pf_210x279-mm_pt_60-lb-text-uncoated_cl_4-0_ver,https://upload.wikimedia.org/wikipedia/commons/c/ca/1x1.png,Yes
Posters — 210x279-mm — hor,"Personalised posters from Pixora. Upload your photo, preview on a live product mockup, and we print and ship premium quality to your door. Ideal for home décor or gifting.",flyers_pf_210x279-mm_pt_80-lb-text-coated-silk_cl_4-0_hor,https://upload.wikimedia.org/wikipedia/commons/c/ca/1x1.png,Yes
Posters — 210x279-mm — ver,"Personalised posters from Pixora. Upload your photo, preview on a live product mockup, and we print and ship premium quality to your door. Ideal for home décor or gifting.",flyers_pf_210x279-mm_pt_80-lb-text-coated-silk_cl_4-0_ver,https://upload.wikimedia.org/wikipedia/commons/c/ca/1x1.png,Yes
Posters — 210x279-mm — hor,"Personalised posters from Pixora. Upload your photo, preview on a live product mockup, and we print and ship premium quality to your door. Ideal for home décor or gifting.",flyers_pf_210x279-mm_pt_80-lb-text-uncoated_cl_4-0_hor,https://upload.wikimedia.org/wikipedia/commons/c/ca/1x1.png,Yes
Posters — 210x279-mm — ver,"Personalised posters from Pixora. Upload your photo, preview on a live product mockup, and we print and ship premium quality to your door. Ideal for home décor or gifting.",flyers_pf_210x279-mm_pt_80-lb-text-uncoated_cl_4-0_ver,https://upload.wikimedia.org/wikipedia/commons/c/ca/1x1.png,Yes
Posters — 4x9-inch — hor,"Personalised posters from Pixora. Upload your photo, preview on a live product mockup, and we print and ship premium quality to your door. Ideal for home décor or gifting.",flyers_pf_4x9-inch_pt_100-lb-text-coated-silk_cl_4-0_hor,https://upload.wikimedia.org/wikipedia/commons/c/ca/1x1.png,Yes
Posters — 4x9-inch — ver,"Personalised posters from Pixora. Upload your photo, preview on a live product mockup, and we print and ship premium quality to your door. Ideal for home décor or gifting.",flyers_pf_4x9-inch_pt_100-lb-text-coated-silk_cl_4-0_ver,https://upload.wikimedia.org/wikipedia/commons/c/ca/1x1.png,Yes
Posters — 4x9-inch — hor,"Personalised posters from Pixora. Upload your photo, preview on a live product mockup, and we print and ship premium quality to your door. Ideal for home décor or gifting.",flyers_pf_4x9-inch_pt_100-lb-text-uncoated_cl_4-0_hor,https://upload.wikimedia.org/wikipedia/commons/c/ca/1x1.png,Yes
Posters — 4x9-inch — ver,"Personalised posters from Pixora. Upload your photo, preview on a live product mockup, and we print and ship premium quality to your door. Ideal for home décor or gifting.",flyers_pf_4x9-inch_pt_100-lb-text-uncoated_cl_4-0_ver,https://upload.wikimedia.org/wikipedia/commons/c/ca/1x1.png,Yes
Posters — 5R — hor,"Personalised posters from Pixora. Upload your photo, preview on a live product mockup, and we print and ship premium quality to your door. Ideal for home décor or gifting.",flyers_pf_5r_pt_100-lb-text-coated-silk_cl_4-0_hor,https://upload.wikimedia.org/wikipedia/commons/c/ca/1x1.png,Yes
Posters — 5R — ver,"Personalised posters from Pixora. Upload your photo, preview on a live product mockup, and we print and ship premium quality to your door. Ideal for home décor or gifting.",flyers_pf_5r_pt_100-lb-text-coated-silk_cl_4-0_ver,https://upload.wikimedia.org/wikipedia/commons/c/ca/1x1.png,Yes
Posters — 5R — hor,"Personalised posters from Pixora. Upload your photo, preview on a live product mockup, and we print and ship premium quality to your door. Ideal for home décor or gifting.",flyers_pf_5r_pt_170-gsm-coated-silk_cl_4-0_hor,https://upload.wikimedia.org/wikipedia/commons/c/ca/1x1.png,Yes
Posters — 5R — ver,"Personalised posters from Pixora. Upload your photo, preview on a live product mockup, and we print and ship premium quality to your door. Ideal for home décor or gifting.",flyers_pf_5r_pt_170-gsm-coated-silk_cl_4-0_ver,https://upload.wikimedia.org/wikipedia/commons/c/ca/1x1.png,Yes
Posters — A4 — hor,"Personalised posters from Pixora. Upload your photo, preview on a live product mockup, and we print and ship premium quality to your door. Ideal for home décor or gifting.",flyers_pf_a4_pt_100-lb-text-coated-silk_cl_4-0_hor,https://upload.wikimedia.org/wikipedia/commons/c/ca/1x1.png,Yes
Posters — A4 — ver,"Personalised posters from Pixora. Upload your photo, preview on a live product mockup, and we print and ship premium quality to your door. Ideal for home décor or gifting.",flyers_pf_a4_pt_100-lb-text-coated-silk_cl_4-0_ver,https://upload.wikimedia.org/wikipedia/commons/c/ca/1x1.png,Yes
Posters — A4 — hor,"Personalised posters from Pixora. Upload your photo, preview on a live product mockup, and we print and ship premium quality to your door. Ideal for home décor or gifting.",flyers_pf_a4_pt_100-lb-text-uncoated_cl_4-0_hor,https://upload.wikimedia.org/wikipedia/commons/c/ca/1x1.png,Yes
Posters — A4 — ver,"Personalised posters from Pixora. Upload your photo, preview on a live product mockup, and we print and ship premium quality to your door. Ideal for home décor or gifting.",flyers_pf_a4_pt_100-lb-text-uncoated_cl_4-0_ver,https://upload.wikimedia.org/wikipedia/commons/c/ca/1x1.png,Yes
Posters — A4 — hor,"Personalised posters from Pixora. Upload your photo, preview on a live product mockup, and we print and ship premium quality to your door. Ideal for home décor or gifting.",flyers_pf_a4_pt_115-gsm-coated-silk_cl_4-0_hor,https://upload.wikimedia.org/wikipedia/commons/c/ca/1x1.png,Yes
Posters — A4 — ver,"Personalised posters from Pixora. Upload your photo, preview on a live product mockup, and we print and ship premium quality to your door. Ideal for home décor or gifting.",flyers_pf_a4_pt_115-gsm-coated-silk_cl_4-0_ver,https://upload.wikimedia.org/wikipedia/commons/c/ca/1x1.png,Yes
Posters — A4 — hor,"Personalised posters from Pixora. Upload your photo, preview on a live product mockup, and we print and ship premium quality to your door. Ideal for home décor or gifting.",flyers_pf_a4_pt_115-gsm-uncoated_cl_4-0_hor,https://upload.wikimedia.org/wikipedia/commons/c/ca/1x1.png,Yes
Posters — A4 — ver,"Personalised posters from Pixora. Upload your photo, preview on a live product mockup, and we print and ship premium quality to your door. Ideal for home décor or gifting.",flyers_pf_a4_pt_115-gsm-uncoated_cl_4-0_ver,https://upload.wikimedia.org/wikipedia/commons/c/ca/1x1.png,Yes
Posters — A4 — hor,"Personalised posters from Pixora. Upload your photo, preview on a live product mockup, and we print and ship premium quality to your door. Ideal for home décor or gifting.",flyers_pf_a4_pt_150-gsm-coated-silk_cl_4-0_hor,https://upload.wikimedia.org/wikipedia/commons/c/ca/1x1.png,Yes
Posters — A4 — ver,"Personalised posters from Pixora. Upload your photo, preview on a live product mockup, and we print and ship premium quality to your door. Ideal for home décor or gifting.",flyers_pf_a4_pt_150-gsm-coated-silk_cl_4-0_ver,https://upload.wikimedia.org/wikipedia/commons/c/ca/1x1.png,Yes
Posters — A4 — hor,"Personalised posters from Pixora. Upload your photo, preview on a live product mockup, and we print and ship premium quality to your door. Ideal for home décor or gifting.",flyers_pf_a4_pt_150-gsm-uncoated_cl_4-0_hor,https://upload.wikimedia.org/wikipedia/commons/c/ca/1x1.png,Yes
Posters — A4 — ver,"Personalised posters from Pixora. Upload your photo, preview on a live product mockup, and we print and ship premium quality to your door. Ideal for home décor or gifting.",flyers_pf_a4_pt_150-gsm-uncoated_cl_4-0_ver,https://upload.wikimedia.org/wikipedia/commons/c/ca/1x1.png,Yes
Posters — A4 — hor,"Personalised posters from Pixora. Upload your photo, preview on a live product mockup, and we print and ship premium quality to your door. Ideal for home décor or gifting.",flyers_pf_a4_pt_170-gsm-coated-silk_cl_4-0_hor,https://upload.wikimedia.org/wikipedia/commons/c/ca/1x1.png,Yes
Posters — A4 — ver,"Personalised posters from Pixora. Upload your photo, preview on a live product mockup, and we print and ship premium quality to your door. Ideal for home décor or gifting.",flyers_pf_a4_pt_170-gsm-coated-silk_cl_4-0_ver,https://upload.wikimedia.org/wikipedia/commons/c/ca/1x1.png,Yes
Posters — A4 — hor,"Personalised posters from Pixora. Upload your photo, preview on a live product mockup, and we print and ship premium quality to your door. Ideal for home décor or gifting.",flyers_pf_a4_pt_170-gsm-uncoated_cl_4-0_hor,https://upload.wikimedia.org/wikipedia/commons/c/ca/1x1.png,Yes
Posters — A4 — ver,"Personalised posters from Pixora. Upload your photo, preview on a live product mockup, and we print and ship premium quality to your door. Ideal for home décor or gifting.",flyers_pf_a4_pt_170-gsm-uncoated_cl_4-0_ver,https://upload.wikimedia.org/wikipedia/commons/c/ca/1x1.png,Yes
Posters — A4 — hor,"Personalised posters from Pixora. Upload your photo, preview on a live product mockup, and we print and ship premium quality to your door. Ideal for home décor or gifting.",flyers_pf_a4_pt_60-lb-text-uncoated_cl_4-0_hor,https://upload.wikimedia.org/wikipedia/commons/c/ca/1x1.png,Yes
Posters — A4 — ver,"Personalised posters from Pixora. Upload your photo, preview on a live product mockup, and we print and ship premium quality to your door. Ideal for home décor or gifting.",flyers_pf_a4_pt_60-lb-text-uncoated_cl_4-0_ver,https://upload.wikimedia.org/wikipedia/commons/c/ca/1x1.png,Yes
Posters — A4 — hor,"Personalised posters from Pixora. Upload your photo, preview on a live product mockup, and we print and ship premium quality to your door. Ideal for home décor or gifting.",flyers_pf_a4_pt_80-lb-text-coated-silk_cl_4-0_hor,https://upload.wikimedia.org/wikipedia/commons/c/ca/1x1.png,Yes
Posters — A4 — ver,"Personalised posters from Pixora. Upload your photo, preview on a live product mockup, and we print and ship premium quality to your door. Ideal for home décor or gifting.",flyers_pf_a4_pt_80-lb-text-coated-silk_cl_4-0_ver,https://upload.wikimedia.org/wikipedia/commons/c/ca/1x1.png,Yes
Posters — A4 — hor,"Personalised posters from Pixora. Upload your photo, preview on a live product mockup, and we print and ship premium quality to your door. Ideal for home décor or gifting.",flyers_pf_a4_pt_80-lb-text-uncoated_cl_4-0_hor,https://upload.wikimedia.org/wikipedia/commons/c/ca/1x1.png,Yes
Posters — A4 — ver,"Personalised posters from Pixora. Upload your photo, preview on a live product mockup, and we print and ship premium quality to your door. Ideal for home décor or gifting.",flyers_pf_a4_pt_80-lb-text-uncoated_cl_4-0_ver,https://upload.wikimedia.org/wikipedia/commons/c/ca/1x1.png,Yes
Posters — A4 — ver,"Personalised posters from Pixora. Upload your photo, preview on a live product mockup, and we print and ship premium quality to your door. Ideal for home décor or gifting.",flyers_pf_a4_pt_90-gsm-uncoated_cl_4-0_ver,https://upload.wikimedia.org/wikipedia/commons/c/ca/1x1.png,Yes
Posters — A5 — ver,"Personalised posters from Pixora. Upload your photo, preview on a live product mockup, and we print and ship premium quality to your door. Ideal for home décor or gifting.",flyers_pf_a5_pt_100-lb-text-coated-silk_cl_4-0_ver,https://upload.wikimedia.org/wikipedia/commons/c/ca/1x1.png,Yes
Posters — A5 — hor,"Personalised posters from Pixora. Upload your photo, preview on a live product mockup, and we print and ship premium quality to your door. Ideal for home décor or gifting.",flyers_pf_a5_pt_100-lb-text-uncoated_cl_4-0_hor,https://upload.wikimedia.org/wikipedia/commons/c/ca/1x1.png,Yes
Posters — A5 — ver,"Personalised posters from Pixora. Upload your photo, preview on a live product mockup, and we print and ship premium quality to your door. Ideal for home décor or gifting.",flyers_pf_a5_pt_100-lb-text-uncoated_cl_4-0_ver,https://upload.wikimedia.org/wikipedia/commons/c/ca/1x1.png,Yes
Posters — A5 — hor,"Personalised posters from Pixora. Upload your photo, preview on a live product mockup, and we print and ship premium quality to your door. Ideal for home décor or gifting.",flyers_pf_a5_pt_115-gsm-coated-silk_cl_4-0_hor,https://upload.wikimedia.org/wikipedia/commons/c/ca/1x1.png,Yes
Posters — A5 — ver,"Personalised posters from Pixora. Upload your photo, preview on a live product mockup, and we print and ship premium quality to your door. Ideal for home décor or gifting.",flyers_pf_a5_pt_115-gsm-coated-silk_cl_4-0_ver,https://upload.wikimedia.org/wikipedia/commons/c/ca/1x1.png,Yes
Posters — A5 — hor,"Personalised posters from Pixora. Upload your photo, preview on a live product mockup, and we print and ship premium quality to your door. Ideal for home décor or gifting.",flyers_pf_a5_pt_115-gsm-uncoated_cl_4-0_hor,https://upload.wikimedia.org/wikipedia/commons/c/ca/1x1.png,Yes
Posters — A5 — ver,"Personalised posters from Pixora. Upload your photo, preview on a live product mockup, and we print and ship premium quality to your door. Ideal for home décor or gifting.",flyers_pf_a5_pt_115-gsm-uncoated_cl_4-0_ver,https://upload.wikimedia.org/wikipedia/commons/c/ca/1x1.png,Yes
Posters — A5 — hor,"Personalised posters from Pixora. Upload your photo, preview on a live product mockup, and we print and ship premium quality to your door. Ideal for home décor or gifting.",flyers_pf_a5_pt_170-gsm-coated-silk_cl_4-0_hor,https://upload.wikimedia.org/wikipedia/commons/c/ca/1x1.png,Yes
Posters — A5 — ver,"Personalised posters from Pixora. Upload your photo, preview on a live product mockup, and we print and ship premium quality to your door. Ideal for home décor or gifting.",flyers_pf_a5_pt_170-gsm-coated-silk_cl_4-0_ver,https://upload.wikimedia.org/wikipedia/commons/c/ca/1x1.png,Yes
Posters — A5 — hor,"Personalised posters from Pixora. Upload your photo, preview on a live product mockup, and we print and ship premium quality to your door. Ideal for home décor or gifting.",flyers_pf_a5_pt_170-gsm-uncoated_cl_4-0_hor,https://upload.wikimedia.org/wikipedia/commons/c/ca/1x1.png,Yes
Posters — A5 — ver,"Personalised posters from Pixora. Upload your photo, preview on a live product mockup, and we print and ship premium quality to your door. Ideal for home décor or gifting.",flyers_pf_a5_pt_170-gsm-uncoated_cl_4-0_ver,https://upload.wikimedia.org/wikipedia/commons/c/ca/1x1.png,Yes
Posters — A5 — hor,"Personalised posters from Pixora. Upload your photo, preview on a live product mockup, and we print and ship premium quality to your door. Ideal for home décor or gifting.",flyers_pf_a5_pt_80-lb-text-coated-silk_cl_4-0_hor,https://upload.wikimedia.org/wikipedia/commons/c/ca/1x1.png,Yes
Posters — A5 — ver,"Personalised posters from Pixora. Upload your photo, preview on a live product mockup, and we print and ship premium quality to your door. Ideal for home décor or gifting.",flyers_pf_a5_pt_80-lb-text-coated-silk_cl_4-0_ver,https://upload.wikimedia.org/wikipedia/commons/c/ca/1x1.png,Yes
Posters — A5 — hor,"Personalised posters from Pixora. Upload your photo, preview on a live product mockup, and we print and ship premium quality to your door. Ideal for home décor or gifting.",flyers_pf_a5_pt_80-lb-text-uncoated_cl_4-0_hor,https://upload.wikimedia.org/wikipedia/commons/c/ca/1x1.png,Yes
Posters — A5 — ver,"Personalised posters from Pixora. Upload your photo, preview on a live product mockup, and we print and ship premium quality to your door. Ideal for home décor or gifting.",flyers_pf_a5_pt_80-lb-text-uncoated_cl_4-0_ver,https://upload.wikimedia.org/wikipedia/commons/c/ca/1x1.png,Yes
Posters — A5L — hor,"Personalised posters from Pixora. Upload your photo, preview on a live product mockup, and we print and ship premium quality to your door. Ideal for home décor or gifting.",flyers_pf_a5l_pt_100-lb-text-coated-silk_cl_4-0_hor,https://upload.wikimedia.org/wikipedia/commons/c/ca/1x1.png,Yes
Posters — A5L — ver,"Personalised posters from Pixora. Upload your photo, preview on a live product mockup, and we print and ship premium quality to your door. Ideal for home décor or gifting.",flyers_pf_a5l_pt_100-lb-text-coated-silk_cl_4-0_ver,https://upload.wikimedia.org/wikipedia/commons/c/ca/1x1.png,Yes
Posters — A5L — hor,"Personalised posters from Pixora. Upload your photo, preview on a live product mockup, and we print and ship premium quality to your door. Ideal for home décor or gifting.",flyers_pf_a5l_pt_100-lb-text-uncoated_cl_4-0_hor,https://upload.wikimedia.org/wikipedia/commons/c/ca/1x1.png,Yes
Posters — A5L — ver,"Personalised posters from Pixora. Upload your photo, preview on a live product mockup, and we print and ship premium quality to your door. Ideal for home décor or gifting.",flyers_pf_a5l_pt_100-lb-text-uncoated_cl_4-0_ver,https://upload.wikimedia.org/wikipedia/commons/c/ca/1x1.png,Yes
Posters — A5L — hor,"Personalised posters from Pixora. Upload your photo, preview on a live product mockup, and we print and ship premium quality to your door. Ideal for home décor or gifting.",flyers_pf_a5l_pt_115-gsm-coated-silk_cl_4-0_hor,https://upload.wikimedia.org/wikipedia/commons/c/ca/1x1.png,Yes
Posters — A5L — ver,"Personalised posters from Pixora. Upload your photo, preview on a live product mockup, and we print and ship premium quality to your door. Ideal for home décor or gifting.",flyers_pf_a5l_pt_115-gsm-coated-silk_cl_4-0_ver,https://upload.wikimedia.org/wikipedia/commons/c/ca/1x1.png,Yes
Posters — A5L — hor,"Personalised posters from Pixora. Upload your photo, preview on a live product mockup, and we print and ship premium quality to your door. Ideal for home décor or gifting.",flyers_pf_a5l_pt_115-gsm-uncoated_cl_4-0_hor,https://upload.wikimedia.org/wikipedia/commons/c/ca/1x1.png,Yes
Posters — A5L — ver,"Personalised posters from Pixora. Upload your photo, preview on a live product mockup, and we print and ship premium quality to your door. Ideal for home décor or gifting.",flyers_pf_a5l_pt_115-gsm-uncoated_cl_4-0_ver,https://upload.wikimedia.org/wikipedia/commons/c/ca/1x1.png,Yes
Posters — A5L — hor,"Personalised posters from Pixora. Upload your photo, preview on a live product mockup, and we print and ship premium quality to your door. Ideal for home décor or gifting.",flyers_pf_a5l_pt_170-gsm-coated-silk_cl_4-0_hor,https://upload.wikimedia.org/wikipedia/commons/c/ca/1x1.png,Yes
Posters — A5L — ver,"Personalised posters from Pixora. Upload your photo, preview on a live product mockup, and we print and ship premium quality to your door. Ideal for home décor or gifting.",flyers_pf_a5l_pt_170-gsm-coated-silk_cl_4-0_ver,https://upload.wikimedia.org/wikipedia/commons/c/ca/1x1.png,Yes
Posters — A5L — hor,"Personalised posters from Pixora. Upload your photo, preview on a live product mockup, and we print and ship premium quality to your door. Ideal for home décor or gifting.",flyers_pf_a5l_pt_170-gsm-uncoated_cl_4-0_hor,https://upload.wikimedia.org/wikipedia/commons/c/ca/1x1.png,Yes
Posters — A5L — ver,"Personalised posters from Pixora. Upload your photo, preview on a live product mockup, and we print and ship premium quality to your door. Ideal for home décor or gifting.",flyers_pf_a5l_pt_170-gsm-uncoated_cl_4-0_ver,https://upload.wikimedia.org/wikipedia/commons/c/ca/1x1.png,Yes
Posters — A5L — hor,"Personalised posters from Pixora. Upload your photo, preview on a live product mockup, and we print and ship premium quality to your door. Ideal for home décor or gifting.",flyers_pf_a5l_pt_80-lb-text-coated-silk_cl_4-0_hor,https://upload.wikimedia.org/wikipedia/commons/c/ca/1x1.png,Yes
Posters — A5L — ver,"Personalised posters from Pixora. Upload your photo, preview on a live product mockup, and we print and ship premium quality to your door. Ideal for home décor or gifting.",flyers_pf_a5l_pt_80-lb-text-coated-silk_cl_4-0_ver,https://upload.wikimedia.org/wikipedia/commons/c/ca/1x1.png,Yes
Posters — A5L — hor,"Personalised posters from Pixora. Upload your photo, preview on a live product mockup, and we print and ship premium quality to your door. Ideal for home décor or gifting.",flyers_pf_a5l_pt_80-lb-text-uncoated_cl_4-0_hor,https://upload.wikimedia.org/wikipedia/commons/c/ca/1x1.png,Yes
Posters — A5L — ver,"Personalised posters from Pixora. Upload your photo, preview on a live product mockup, and we print and ship premium quality to your door. Ideal for home décor or gifting.",flyers_pf_a5l_pt_80-lb-text-uncoated_cl_4-0_ver,https://upload.wikimedia.org/wikipedia/commons/c/ca/1x1.png,Yes
Posters — A6 — hor,"Personalised posters from Pixora. Upload your photo, preview on a live product mockup, and we print and ship premium quality to your door. Ideal for home décor or gifting.",flyers_pf_a6_pt_100-lb-text-uncoated_cl_4-0_hor,https://upload.wikimedia.org/wikipedia/commons/c/ca/1x1.png,Yes
Posters — A6 — ver,"Personalised posters from Pixora. Upload your photo, preview on a live product mockup, and we print and ship premium quality to your door. Ideal for home décor or gifting.",flyers_pf_a6_pt_100-lb-text-uncoated_cl_4-0_ver,https://upload.wikimedia.org/wikipedia/commons/c/ca/1x1.png,Yes
Posters — A6 — hor,"Personalised posters from Pixora. Upload your photo, preview on a live product mockup, and we print and ship premium quality to your door. Ideal for home décor or gifting.",flyers_pf_a6_pt_115-gsm-coated-silk_cl_4-0_hor,https://upload.wikimedia.org/wikipedia/commons/c/ca/1x1.png,Yes
Posters — A6 — ver,"Personalised posters from Pixora. Upload your photo, preview on a live product mockup, and we print and ship premium quality to your door. Ideal for home décor or gifting.",flyers_pf_a6_pt_115-gsm-coated-silk_cl_4-0_ver,https://upload.wikimedia.org/wikipedia/commons/c/ca/1x1.png,Yes
Posters — A6 — hor,"Personalised posters from Pixora. Upload your photo, preview on a live product mockup, and we print and ship premium quality to your door. Ideal for home décor or gifting.",flyers_pf_a6_pt_115-gsm-uncoated_cl_4-0_hor,https://upload.wikimedia.org/wikipedia/commons/c/ca/1x1.png,Yes
Posters — A6 — ver,"Personalised posters from Pixora. Upload your photo, preview on a live product mockup, and we print and ship premium quality to your door. Ideal for home décor or gifting.",flyers_pf_a6_pt_115-gsm-uncoated_cl_4-0_ver,https://upload.wikimedia.org/wikipedia/commons/c/ca/1x1.png,Yes
Posters — A6 — hor,"Personalised posters from Pixora. Upload your photo, preview on a live product mockup, and we print and ship premium quality to your door. Ideal for home décor or gifting.",flyers_pf_a6_pt_170-gsm-coated-silk_cl_4-0_hor,https://upload.wikimedia.org/wikipedia/commons/c/ca/1x1.png,Yes
Posters — A6 — ver,"Personalised posters from Pixora. Upload your photo, preview on a live product mockup, and we print and ship premium quality to your door. Ideal for home décor or gifting.",flyers_pf_a6_pt_170-gsm-coated-silk_cl_4-0_ver,https://upload.wikimedia.org/wikipedia/commons/c/ca/1x1.png,Yes
Posters — A6 — hor,"Personalised posters from Pixora. Upload your photo, preview on a live product mockup, and we print and ship premium quality to your door. Ideal for home décor or gifting.",flyers_pf_a6_pt_80-lb-text-coated-silk_cl_4-0_hor,https://upload.wikimedia.org/wikipedia/commons/c/ca/1x1.png,Yes
Posters — A6 — ver,"Personalised posters from Pixora. Upload your photo, preview on a live product mockup, and we print and ship premium quality to your door. Ideal for home décor or gifting.",flyers_pf_a6_pt_80-lb-text-coated-silk_cl_4-0_ver,https://upload.wikimedia.org/wikipedia/commons/c/ca/1x1.png,Yes
Posters — A6 — hor,"Personalised posters from Pixora. Upload your photo, preview on a live product mockup, and we print and ship premium quality to your door. Ideal for home décor or gifting.",flyers_pf_a6_pt_80-lb-text-uncoated_cl_4-0_hor,https://upload.wikimedia.org/wikipedia/commons/c/ca/1x1.png,Yes
Posters — A6 — ver,"Personalised posters from Pixora. Upload your photo, preview on a live product mockup, and we print and ship premium quality to your door. Ideal for home décor or gifting.",flyers_pf_a6_pt_80-lb-text-uncoated_cl_4-0_ver,https://upload.wikimedia.org/wikipedia/commons/c/ca/1x1.png,Yes
Posters — DL — hor,"Personalised posters from Pixora. Upload your photo, preview on a live product mockup, and we print and ship premium quality to your door. Ideal for home décor or gifting.",flyers_pf_dl_pt_100-lb-text-coated-silk_cl_4-0_hor,https://upload.wikimedia.org/wikipedia/commons/c/ca/1x1.png,Yes
Posters — DL — ver,"Personalised posters from Pixora. Upload your photo, preview on a live product mockup, and we print and ship premium quality to your door. Ideal for home décor or gifting.",flyers_pf_dl_pt_100-lb-text-coated-silk_cl_4-0_ver,https://upload.wikimedia.org/wikipedia/commons/c/ca/1x1.png,Yes
Posters — DL — hor,"Personalised posters from Pixora. Upload your photo, preview on a live product mockup, and we print and ship premium quality to your door. Ideal for home décor or gifting.",flyers_pf_dl_pt_150-gsm-coated-silk_cl_4-0_hor,https://upload.wikimedia.org/wikipedia/commons/c/ca/1x1.png,Yes
Posters — DL — ver,"Personalised posters from Pixora. Upload your photo, preview on a live product mockup, and we print and ship premium quality to your door. Ideal for home décor or gifting.",flyers_pf_dl_pt_150-gsm-coated-silk_cl_4-0_ver,https://upload.wikimedia.org/wikipedia/commons/c/ca/1x1.png,Yes
Posters — DL — hor,"Personalised posters from Pixora. Upload your photo, preview on a live product mockup, and we print and ship premium quality to your door. Ideal for home décor or gifting.",flyers_pf_dl_pt_150-gsm-uncoated_cl_4-0_hor,https://upload.wikimedia.org/wikipedia/commons/c/ca/1x1.png,Yes
Posters — DL — ver,"Personalised posters from Pixora. Upload your photo, preview on a live product mockup, and we print and ship premium quality to your door. Ideal for home décor or gifting.",flyers_pf_dl_pt_150-gsm-uncoated_cl_4-0_ver,https://upload.wikimedia.org/wikipedia/commons/c/ca/1x1.png,Yes
Posters — DL — hor,"Personalised posters from Pixora. Upload your photo, preview on a live product mockup, and we print and ship premium quality to your door. Ideal for home décor or gifting.",flyers_pf_dl_pt_170-gsm-coated-silk_cl_4-0_hor,https://upload.wikimedia.org/wikipedia/commons/c/ca/1x1.png,Yes
Posters — DL — ver,"Personalised posters from Pixora. Upload your photo, preview on a live product mockup, and we print and ship premium quality to your door. Ideal for home décor or gifting.",flyers_pf_dl_pt_170-gsm-coated-silk_cl_4-0_ver,https://upload.wikimedia.org/wikipedia/commons/c/ca/1x1.png,Yes
Posters — DL — hor,"Personalised posters from Pixora. Upload your photo, preview on a live product mockup, and we print and ship premium quality to your door. Ideal for home décor or gifting.",flyers_pf_dl_pt_170-gsm-uncoated_cl_4-0_hor,https://upload.wikimedia.org/wikipedia/commons/c/ca/1x1.png,Yes
Posters — DL — ver,"Personalised posters from Pixora. Upload your photo, preview on a live product mockup, and we print and ship premium quality to your door. Ideal for home décor or gifting.",flyers_pf_dl_pt_170-gsm-uncoated_cl_4-0_ver,https://upload.wikimedia.org/wikipedia/commons/c/ca/1x1.png,Yes
Posters — DL — hor,"Personalised posters from Pixora. Upload your photo, preview on a live product mockup, and we print and ship premium quality to your door. Ideal for home décor or gifting.",flyers_pf_dl_pt_80-lb-text-coated-silk_cl_4-0_hor,https://upload.wikimedia.org/wikipedia/commons/c/ca/1x1.png,Yes
Posters — DL — ver,"Personalised posters from Pixora. Upload your photo, preview on a live product mockup, and we print and ship premium quality to your door. Ideal for home décor or gifting.",flyers_pf_dl_pt_80-lb-text-coated-silk_cl_4-0_ver,https://upload.wikimedia.org/wikipedia/commons/c/ca/1x1.png,Yes
Posters — DL — hor,"Personalised posters from Pixora. Upload your photo, preview on a live product mockup, and we print and ship premium quality to your door. Ideal for home décor or gifting.",flyers_pf_dl_pt_80-lb-text-uncoated_cl_4-0_hor,https://upload.wikimedia.org/wikipedia/commons/c/ca/1x1.png,Yes
Posters — DL — ver,"Personalised posters from Pixora. Upload your photo, preview on a live product mockup, and we print and ship premium quality to your door. Ideal for home décor or gifting.",flyers_pf_dl_pt_80-lb-text-uncoated_cl_4-0_ver,https://upload.wikimedia.org/wikipedia/commons/c/ca/1x1.png,Yes
Posters — LG — hor,"Personalised posters from Pixora. Upload your photo, preview on a live product mockup, and we print and ship premium quality to your door. Ideal for home décor or gifting.",flyers_pf_lg_pt_100-lb-text-coated-silk_cl_4-0_hor,https://upload.wikimedia.org/wikipedia/commons/c/ca/1x1.png,Yes
Posters — LG — ver,"Personalised posters from Pixora. Upload your photo, preview on a live product mockup, and we print and ship premium quality to your door. Ideal for home décor or gifting.",flyers_pf_lg_pt_100-lb-text-coated-silk_cl_4-0_ver,https://upload.wikimedia.org/wikipedia/commons/c/ca/1x1.png,Yes
Posters — LG — hor,"Personalised posters from Pixora. Upload your photo, preview on a live product mockup, and we print and ship premium quality to your door. Ideal for home décor or gifting.",flyers_pf_lg_pt_100-lb-text-uncoated_cl_4-0_hor,https://upload.wikimedia.org/wikipedia/commons/c/ca/1x1.png,Yes
Posters — LG — ver,"Personalised posters from Pixora. Upload your photo, preview on a live product mockup, and we print and ship premium quality to your door. Ideal for home décor or gifting.",flyers_pf_lg_pt_100-lb-text-uncoated_cl_4-0_ver,https://upload.wikimedia.org/wikipedia/commons/c/ca/1x1.png,Yes
Posters — LG — hor,"Personalised posters from Pixora. Upload your photo, preview on a live product mockup, and we print and ship premium quality to your door. Ideal for home décor or gifting.",flyers_pf_lg_pt_115-gsm-coated-silk_cl_4-0_hor,https://upload.wikimedia.org/wikipedia/commons/c/ca/1x1.png,Yes
Posters — LG — ver,"Personalised posters from Pixora. Upload your photo, preview on a live product mockup, and we print and ship premium quality to your door. Ideal for home décor or gifting.",flyers_pf_lg_pt_115-gsm-coated-silk_cl_4-0_ver,https://upload.wikimedia.org/wikipedia/commons/c/ca/1x1.png,Yes
Posters — LG — hor,"Personalised posters from Pixora. Upload your photo, preview on a live product mockup, and we print and ship premium quality to your door. Ideal for home décor or gifting.",flyers_pf_lg_pt_115-gsm-uncoated_cl_4-0_hor,https://upload.wikimedia.org/wikipedia/commons/c/ca/1x1.png,Yes
Posters — LG — ver,"Personalised posters from Pixora. Upload your photo, preview on a live product mockup, and we print and ship premium quality to your door. Ideal for home décor or gifting.",flyers_pf_lg_pt_115-gsm-uncoated_cl_4-0_ver,https://upload.wikimedia.org/wikipedia/commons/c/ca/1x1.png,Yes
Posters — LG — hor,"Personalised posters from Pixora. Upload your photo, preview on a live product mockup, and we print and ship premium quality to your door. Ideal for home décor or gifting.",flyers_pf_lg_pt_170-gsm-coated-silk_cl_4-0_hor,https://upload.wikimedia.org/wikipedia/commons/c/ca/1x1.png,Yes
Posters — LG — ver,"Personalised posters from Pixora. Upload your photo, preview on a live product mockup, and we print and ship premium quality to your door. Ideal for home décor or gifting.",flyers_pf_lg_pt_170-gsm-coated-silk_cl_4-0_ver,https://upload.wikimedia.org/wikipedia/commons/c/ca/1x1.png,Yes
Posters — LG — hor,"Personalised posters from Pixora. Upload your photo, preview on a live product mockup, and we print and ship premium quality to your door. Ideal for home décor or gifting.",flyers_pf_lg_pt_80-lb-text-coated-silk_cl_4-0_hor,https://upload.wikimedia.org/wikipedia/commons/c/ca/1x1.png,Yes
Posters — LG — ver,"Personalised posters from Pixora. Upload your photo, preview on a live product mockup, and we print and ship premium quality to your door. Ideal for home décor or gifting.",flyers_pf_lg_pt_80-lb-text-coated-silk_cl_4-0_ver,https://upload.wikimedia.org/wikipedia/commons/c/ca/1x1.png,Yes
Posters — LG — hor,"Personalised posters from Pixora. Upload your photo, preview on a live product mockup, and we print and ship premium quality to your door. Ideal for home décor or gifting.",flyers_pf_lg_pt_80-lb-text-uncoated_cl_4-0_hor,https://upload.wikimedia.org/wikipedia/commons/c/ca/1x1.png,Yes
Posters — LG — ver,"Personalised posters from Pixora. Upload your photo, preview on a live product mockup, and we print and ship premium quality to your door. Ideal for home décor or gifting.",flyers_pf_lg_pt_80-lb-text-uncoated_cl_4-0_ver,https://upload.wikimedia.org/wikipedia/commons/c/ca/1x1.png,Yes
Posters — LT — hor,"Personalised posters from Pixora. Upload your photo, preview on a live product mockup, and we print and ship premium quality to your door. Ideal for home décor or gifting.",flyers_pf_lt_pt_100-lb-text-coated-silk_cl_4-0_hor,https://upload.wikimedia.org/wikipedia/commons/c/ca/1x1.png,Yes
Posters — LT — ver,"Personalised posters from Pixora. Upload your photo, preview on a live product mockup, and we print and ship premium quality to your door. Ideal for home décor or gifting.",flyers_pf_lt_pt_100-lb-text-coated-silk_cl_4-0_ver,https://upload.wikimedia.org/wikipedia/commons/c/ca/1x1.png,Yes
Posters — LT — hor,"Personalised posters from Pixora. Upload your photo, preview on a live product mockup, and we print and ship premium quality to your door. Ideal for home décor or gifting.",flyers_pf_lt_pt_100-lb-text-uncoated_cl_4-0_hor,https://upload.wikimedia.org/wikipedia/commons/c/ca/1x1.png,Yes
Posters — LT — ver,"Personalised posters from Pixora. Upload your photo, preview on a live product mockup, and we print and ship premium quality to your door. Ideal for home décor or gifting.",flyers_pf_lt_pt_100-lb-text-uncoated_cl_4-0_ver,https://upload.wikimedia.org/wikipedia/commons/c/ca/1x1.png,Yes
Posters — LT — hor,"Personalised posters from Pixora. Upload your photo, preview on a live product mockup, and we print and ship premium quality to your door. Ideal for home décor or gifting.",flyers_pf_lt_pt_115-gsm-coated-silk_cl_4-0_hor,https://upload.wikimedia.org/wikipedia/commons/c/ca/1x1.png,Yes
Posters — LT — ver,"Personalised posters from Pixora. Upload your photo, preview on a live product mockup, and we print and ship premium quality to your door. Ideal for home décor or gifting.",flyers_pf_lt_pt_115-gsm-coated-silk_cl_4-0_ver,https://upload.wikimedia.org/wikipedia/commons/c/ca/1x1.png,Yes
Posters — LT — hor,"Personalised posters from Pixora. Upload your photo, preview on a live product mockup, and we print and ship premium quality to your door. Ideal for home décor or gifting.",flyers_pf_lt_pt_115-gsm-uncoated_cl_4-0_hor,https://upload.wikimedia.org/wikipedia/commons/c/ca/1x1.png,Yes
Posters — LT — ver,"Personalised posters from Pixora. Upload your photo, preview on a live product mockup, and we print and ship premium quality to your door. Ideal for home décor or gifting.",flyers_pf_lt_pt_115-gsm-uncoated_cl_4-0_ver,https://upload.wikimedia.org/wikipedia/commons/c/ca/1x1.png,Yes
Posters — LT — hor,"Personalised posters from Pixora. Upload your photo, preview on a live product mockup, and we print and ship premium quality to your door. Ideal for home décor or gifting.",flyers_pf_lt_pt_170-gsm-coated-silk_cl_4-0_hor,https://upload.wikimedia.org/wikipedia/commons/c/ca/1x1.png,Yes
Posters — LT — ver,"Personalised posters from Pixora. Upload your photo, preview on a live product mockup, and we print and ship premium quality to your door. Ideal for home décor or gifting.",flyers_pf_lt_pt_170-gsm-coated-silk_cl_4-0_ver,https://upload.wikimedia.org/wikipedia/commons/c/ca/1x1.png,Yes
Posters — LT — hor,"Personalised posters from Pixora. Upload your photo, preview on a live product mockup, and we print and ship premium quality to your door. Ideal for home décor or gifting.",flyers_pf_lt_pt_170-gsm-uncoated_cl_4-0_hor,https://upload.wikimedia.org/wikipedia/commons/c/ca/1x1.png,Yes
Posters — LT — ver,"Personalised posters from Pixora. Upload your photo, preview on a live product mockup, and we print and ship premium quality to your door. Ideal for home décor or gifting.",flyers_pf_lt_pt_170-gsm-uncoated_cl_4-0_ver,https://upload.wikimedia.org/wikipedia/commons/c/ca/1x1.png,Yes
Posters — LT — hor,"Personalised posters from Pixora. Upload your photo, preview on a live product mockup, and we print and ship premium quality to your door. Ideal for home décor or gifting.",flyers_pf_lt_pt_60-lb-text-uncoated_cl_4-0_hor,https://upload.wikimedia.org/wikipedia/commons/c/ca/1x1.png,Yes
Posters — LT — ver,"Personalised posters from Pixora. Upload your photo, preview on a live product mockup, and we print and ship premium quality to your door. Ideal for home décor or gifting.",flyers_pf_lt_pt_60-lb-text-uncoated_cl_4-0_ver,https://upload.wikimedia.org/wikipedia/commons/c/ca/1x1.png,Yes
Posters — LT — hor,"Personalised posters from Pixora. Upload your photo, preview on a live product mockup, and we print and ship premium quality to your door. Ideal for home décor or gifting.",flyers_pf_lt_pt_80-lb-text-coated-silk_cl_4-0_hor,https://upload.wikimedia.org/wikipedia/commons/c/ca/1x1.png,Yes
Posters — LT — ver,"Personalised posters from Pixora. Upload your photo, preview on a live product mockup, and we print and ship premium quality to your door. Ideal for home décor or gifting.",flyers_pf_lt_pt_80-lb-text-coated-silk_cl_4-0_ver,https://upload.wikimedia.org/wikipedia/commons/c/ca/1x1.png,Yes
Posters — LT — hor,"Personalised posters from Pixora. Upload your photo, preview on a live product mockup, and we print and ship premium quality to your door. Ideal for home décor or gifting.",flyers_pf_lt_pt_80-lb-text-uncoated_cl_4-0_hor,https://upload.wikimedia.org/wikipedia/commons/c/ca/1x1.png,Yes
Posters — LT — ver,"Personalised posters from Pixora. Upload your photo, preview on a live product mockup, and we print and ship premium quality to your door. Ideal for home décor or gifting.",flyers_pf_lt_pt_80-lb-text-uncoated_cl_4-0_ver,https://upload.wikimedia.org/wikipedia/commons/c/ca/1x1.png,Yes
Posters — SM — hor,"Personalised posters from Pixora. Upload your photo, preview on a live product mockup, and we print and ship premium quality to your door. Ideal for home décor or gifting.",flyers_pf_sm_pt_100-lb-text-coated-silk_cl_4-0_hor,https://upload.wikimedia.org/wikipedia/commons/c/ca/1x1.png,Yes
Posters — SM — ver,"Personalised posters from Pixora. Upload your photo, preview on a live product mockup, and we print and ship premium quality to your door. Ideal for home décor or gifting.",flyers_pf_sm_pt_100-lb-text-coated-silk_cl_4-0_ver,https://upload.wikimedia.org/wikipedia/commons/c/ca/1x1.png,Yes
Posters — SQ210x210 — hor,"Personalised posters from Pixora. Upload your photo, preview on a live product mockup, and we print and ship premium quality to your door. Ideal for home décor or gifting.",flyers_pf_sq210x210_pt_100-lb-text-coated-silk_cl_4-0_hor,https://upload.wikimedia.org/wikipedia/commons/c/ca/1x1.png,Yes
Posters — SQ210x210 — hor,"Personalised posters from Pixora. Upload your photo, preview on a live product mockup, and we print and ship premium quality to your door. Ideal for home décor or gifting.",flyers_pf_sq210x210_pt_100-lb-text-uncoated_cl_4-0_hor,https://upload.wikimedia.org/wikipedia/commons/c/ca/1x1.png,Yes
Posters — SQ210x210 — hor,"Personalised posters from Pixora. Upload your photo, preview on a live product mockup, and we print and ship premium quality to your door. Ideal for home décor or gifting.",flyers_pf_sq210x210_pt_115-gsm-coated-silk_cl_4-0_hor,https://upload.wikimedia.org/wikipedia/commons/c/ca/1x1.png,Yes
Posters — SQ210x210 — hor,"Personalised posters from Pixora. Upload your photo, preview on a live product mockup, and we print and ship premium quality to your door. Ideal for home décor or gifting.",flyers_pf_sq210x210_pt_115-gsm-uncoated_cl_4-0_hor,https://upload.wikimedia.org/wikipedia/commons/c/ca/1x1.png,Yes
Posters — SQ210x210 — hor,"Personalised posters from Pixora. Upload your photo, preview on a live product mockup, and we print and ship premium quality to your door. Ideal for home décor or gifting.",flyers_pf_sq210x210_pt_170-gsm-coated-silk_cl_4-0_hor,https://upload.wikimedia.org/wikipedia/commons/c/ca/1x1.png,Yes
Posters — SQ210x210 — hor,"Personalised posters from Pixora. Upload your photo, preview on a live product mockup, and we print and ship premium quality to your door. Ideal for home décor or gifting.",flyers_pf_sq210x210_pt_170-gsm-uncoated_cl_4-0_hor,https://upload.wikimedia.org/wikipedia/commons/c/ca/1x1.png,Yes
Posters — SQ210x210 — hor,"Personalised posters from Pixora. Upload your photo, preview on a live product mockup, and we print and ship premium quality to your door. Ideal for home décor or gifting.",flyers_pf_sq210x210_pt_80-lb-text-coated-silk_cl_4-0_hor,https://upload.wikimedia.org/wikipedia/commons/c/ca/1x1.png,Yes
Posters — SQ210x210 — hor,"Personalised posters from Pixora. Upload your photo, preview on a live product mockup, and we print and ship premium quality to your door. Ideal for home décor or gifting.",flyers_pf_sq210x210_pt_80-lb-text-uncoated_cl_4-0_hor,https://upload.wikimedia.org/wikipedia/commons/c/ca/1x1.png,Yes
Posters — 18x24-inch — hor,"Personalised posters from Pixora. Upload your photo, preview on a live product mockup, and we print and ship premium quality to your door. Ideal for home décor or gifting.",large-posters_pf_18x24-inch_pt_100-lb-text-coated-silk_cl_4-0_hor,https://upload.wikimedia.org/wikipedia/commons/c/ca/1x1.png,Yes
Posters — 18x24-inch — ver,"Personalised posters from Pixora. Upload your photo, preview on a live product mockup, and we print and ship premium quality to your door. Ideal for home décor or gifting.",large-posters_pf_18x24-inch_pt_100-lb-text-coated-silk_cl_4-0_ver,https://upload.wikimedia.org/wikipedia/commons/c/ca/1x1.png,Yes
Posters — 18x24-inch — hor,"Personalised posters from Pixora. Upload your photo, preview on a live product mockup, and we print and ship premium quality to your door. Ideal for home décor or gifting.",large-posters_pf_18x24-inch_pt_170-gsm-coated-silk_cl_4-0_hor,https://upload.wikimedia.org/wikipedia/commons/c/ca/1x1.png,Yes
Posters — 18x24-inch — ver,"Personalised posters from Pixora. Upload your photo, preview on a live product mockup, and we print and ship premium quality to your door. Ideal for home décor or gifting.",large-posters_pf_18x24-inch_pt_170-gsm-coated-silk_cl_4-0_ver,https://upload.wikimedia.org/wikipedia/commons/c/ca/1x1.png,Yes
Posters — 18x24-inch — hor,"Personalised posters from Pixora. Upload your photo, preview on a live product mockup, and we print and ship premium quality to your door. Ideal for home décor or gifting.",large-posters_pf_18x24-inch_pt_65-lb-cover-coated-silk_cl_4-0_hor,https://upload.wikimedia.org/wikipedia/commons/c/ca/1x1.png,Yes
Posters — 18x24-inch — ver,"Personalised posters from Pixora. Upload your photo, preview on a live product mockup, and we print and ship premium quality to your door. Ideal for home décor or gifting.",large-posters_pf_18x24-inch_pt_65-lb-cover-coated-silk_cl_4-0_ver,https://upload.wikimedia.org/wikipedia/commons/c/ca/1x1.png,Yes
Posters — 24x36-inch — hor,"Personalised posters from Pixora. Upload your photo, preview on a live product mockup, and we print and ship premium quality to your door. Ideal for home décor or gifting.",large-posters_pf_24x36-inch_pt_100-lb-text-coated-silk_cl_4-0_hor,https://upload.wikimedia.org/wikipedia/commons/c/ca/1x1.png,Yes
Posters — 24x36-inch — ver,"Personalised posters from Pixora. Upload your photo, preview on a live product mockup, and we print and ship premium quality to your door. Ideal for home décor or gifting.",large-posters_pf_24x36-inch_pt_100-lb-text-coated-silk_cl_4-0_ver,https://upload.wikimedia.org/wikipedia/commons/c/ca/1x1.png,Yes
Posters — 24x36-inch — hor,"Personalised posters from Pixora. Upload your photo, preview on a live product mockup, and we print and ship premium quality to your door. Ideal for home décor or gifting.",large-posters_pf_24x36-inch_pt_170-gsm-coated-silk_cl_4-0_hor,https://upload.wikimedia.org/wikipedia/commons/c/ca/1x1.png,Yes
Posters — 24x36-inch — ver,"Personalised posters from Pixora. Upload your photo, preview on a live product mockup, and we print and ship premium quality to your door. Ideal for home décor or gifting.",large-posters_pf_24x36-inch_pt_170-gsm-coated-silk_cl_4-0_ver,https://upload.wikimedia.org/wikipedia/commons/c/ca/1x1.png,Yes
Posters — 24x36-inch — ver,"Personalised posters from Pixora. Upload your photo, preview on a live product mockup, and we print and ship premium quality to your door. Ideal for home décor or gifting.",large-posters_pf_24x36-inch_pt_65-lb-cover-coated-silk_cl_4-0_ver,https://upload.wikimedia.org/wikipedia/commons/c/ca/1x1.png,Yes
Posters — 400x500-mm — hor,"Personalised posters from Pixora. Upload your photo, preview on a live product mockup, and we print and ship premium quality to your door. Ideal for home décor or gifting.",large-posters_pf_400x500-mm_pt_170-gsm-coated-silk_cl_4-0_hor,https://upload.wikimedia.org/wikipedia/commons/c/ca/1x1.png,Yes
Posters — 400x500-mm — ver,"Personalised posters from Pixora. Upload your photo, preview on a live product mockup, and we print and ship premium quality to your door. Ideal for home décor or gifting.",large-posters_pf_400x500-mm_pt_170-gsm-coated-silk_cl_4-0_ver,https://upload.wikimedia.org/wikipedia/commons/c/ca/1x1.png,Yes
Posters — 400x500-mm — ver,"Personalised posters from Pixora. Upload your photo, preview on a live product mockup, and we print and ship premium quality to your door. Ideal for home décor or gifting.",large-posters_pf_400x500-mm_pt_65-lb-cover-coated-silk_cl_4-0_ver,https://upload.wikimedia.org/wikipedia/commons/c/ca/1x1.png,Yes
Posters — 400x600-mm — hor,"Personalised posters from Pixora. Upload your photo, preview on a live product mockup, and we print and ship premium quality to your door. Ideal for home décor or gifting.",large-posters_pf_400x600-mm_pt_170-gsm-coated-silk_cl_4-0_hor,https://upload.wikimedia.org/wikipedia/commons/c/ca/1x1.png,Yes
Posters — 400x600-mm — ver,"Personalised posters from Pixora. Upload your photo, preview on a live product mockup, and we print and ship premium quality to your door. Ideal for home décor or gifting.",large-posters_pf_400x600-mm_pt_170-gsm-coated-silk_cl_4-0_ver,https://upload.wikimedia.org/wikipedia/commons/c/ca/1x1.png,Yes
Posters — 500x500-mm — ver,"Personalised posters from Pixora. Upload your photo, preview on a live product mockup, and we print and ship premium quality to your door. Ideal for home décor or gifting.",large-posters_pf_500x500-mm_pt_170-gsm-coated-silk_cl_4-0_ver,https://upload.wikimedia.org/wikipedia/commons/c/ca/1x1.png,Yes
Posters — 500x700-mm — hor,"Personalised posters from Pixora. Upload your photo, preview on a live product mockup, and we print and ship premium quality to your door. Ideal for home décor or gifting.",large-posters_pf_500x700-mm_pt_100-lb-text-coated-silk_cl_4-0_hor,https://upload.wikimedia.org/wikipedia/commons/c/ca/1x1.png,Yes
Posters — 500x700-mm — ver,"Personalised posters from Pixora. Upload your photo, preview on a live product mockup, and we print and ship premium quality to your door. Ideal for home décor or gifting.",large-posters_pf_500x700-mm_pt_100-lb-text-coated-silk_cl_4-0_ver,https://upload.wikimedia.org/wikipedia/commons/c/ca/1x1.png,Yes
Posters — 500x700-mm — hor,"Personalised posters from Pixora. Upload your photo, preview on a live product mockup, and we print and ship premium quality to your door. Ideal for home décor or gifting.",large-posters_pf_500x700-mm_pt_170-gsm-coated-silk_cl_4-0_hor,https://upload.wikimedia.org/wikipedia/commons/c/ca/1x1.png,Yes
Posters — 500x700-mm — ver,"Personalised posters from Pixora. Upload your photo, preview on a live product mockup, and we print and ship premium quality to your door. Ideal for home décor or gifting.",large-posters_pf_500x700-mm_pt_170-gsm-coated-silk_cl_4-0_ver,https://upload.wikimedia.org/wikipedia/commons/c/ca/1x1.png,Yes
Posters — 500x700-mm — ver,"Personalised posters from Pixora. Upload your photo, preview on a live product mockup, and we print and ship premium quality to your door. Ideal for home décor or gifting.",large-posters_pf_500x700-mm_pt_65-lb-cover-coated-silk_cl_4-0_ver,https://upload.wikimedia.org/wikipedia/commons/c/ca/1x1.png,Yes
Posters — 533x711-mm — ver,"Personalised posters from Pixora. Upload your photo, preview on a live product mockup, and we print and ship premium quality to your door. Ideal for home décor or gifting.",large-posters_pf_533x711-mm_pt_100-lb-text-coated-silk_cl_4-0_ver,https://upload.wikimedia.org/wikipedia/commons/c/ca/1x1.png,Yes
Posters — 533x711-mm — hor,"Personalised posters from Pixora. Upload your photo, preview on a live product mockup, and we print and ship premium quality to your door. Ideal for home décor or gifting.",large-posters_pf_533x711-mm_pt_65-lb-cover-coated-silk_cl_4-0_hor,https://upload.wikimedia.org/wikipedia/commons/c/ca/1x1.png,Yes
Posters — 700x1000-mm — hor,"Personalised posters from Pixora. Upload your photo, preview on a live product mockup, and we print and ship premium quality to your door. Ideal for home décor or gifting.",large-posters_pf_700x1000-mm_pt_100-lb-text-coated-silk_cl_4-0_hor,https://upload.wikimedia.org/wikipedia/commons/c/ca/1x1.png,Yes
Posters — 700x1000-mm — ver,"Personalised posters from Pixora. Upload your photo, preview on a live product mockup, and we print and ship premium quality to your door. Ideal for home décor or gifting.",large-posters_pf_700x1000-mm_pt_100-lb-text-coated-silk_cl_4-0_ver,https://upload.wikimedia.org/wikipedia/commons/c/ca/1x1.png,Yes
Posters — 700x1000-mm — hor,"Personalised posters from Pixora. Upload your photo, preview on a live product mockup, and we print and ship premium quality to your door. Ideal for home décor or gifting.",large-posters_pf_700x1000-mm_pt_170-gsm-coated-silk_cl_4-0_hor,https://upload.wikimedia.org/wikipedia/commons/c/ca/1x1.png,Yes
Posters — 700x1000-mm — ver,"Personalised posters from Pixora. Upload your photo, preview on a live product mockup, and we print and ship premium quality to your door. Ideal for home décor or gifting.",large-posters_pf_700x1000-mm_pt_170-gsm-coated-silk_cl_4-0_ver,https://upload.wikimedia.org/wikipedia/commons/c/ca/1x1.png,Yes
Posters — A0 — hor,"Personalised posters from Pixora. Upload your photo, preview on a live product mockup, and we print and ship premium quality to your door. Ideal for home décor or gifting.",large-posters_pf_a0_pt_100-lb-text-coated-silk_cl_4-0_hor,https://upload.wikimedia.org/wikipedia/commons/c/ca/1x1.png,Yes
Posters — A0 — ver,"Personalised posters from Pixora. Upload your photo, preview on a live product mockup, and we print and ship premium quality to your door. Ideal for home décor or gifting.",large-posters_pf_a0_pt_100-lb-text-coated-silk_cl_4-0_ver,https://upload.wikimedia.org/wikipedia/commons/c/ca/1x1.png,Yes
Posters — A0 — hor,"Personalised posters from Pixora. Upload your photo, preview on a live product mockup, and we print and ship premium quality to your door. Ideal for home décor or gifting.",large-posters_pf_a0_pt_170-gsm-coated-silk_cl_4-0_hor,https://upload.wikimedia.org/wikipedia/commons/c/ca/1x1.png,Yes
Posters — A0 — ver,"Personalised posters from Pixora. Upload your photo, preview on a live product mockup, and we print and ship premium quality to your door. Ideal for home décor or gifting.",large-posters_pf_a0_pt_170-gsm-coated-silk_cl_4-0_ver,https://upload.wikimedia.org/wikipedia/commons/c/ca/1x1.png,Yes
Posters — A1 — hor,"Personalised posters from Pixora. Upload your photo, preview on a live product mockup, and we print and ship premium quality to your door. Ideal for home décor or gifting.",large-posters_pf_a1_pt_100-lb-text-coated-silk_cl_4-0_hor,https://upload.wikimedia.org/wikipedia/commons/c/ca/1x1.png,Yes
Posters — A1 — ver,"Personalised posters from Pixora. Upload your photo, preview on a live product mockup, and we print and ship premium quality to your door. Ideal for home décor or gifting.",large-posters_pf_a1_pt_100-lb-text-coated-silk_cl_4-0_ver,https://upload.wikimedia.org/wikipedia/commons/c/ca/1x1.png,Yes
Posters — A1 — hor,"Personalised posters from Pixora. Upload your photo, preview on a live product mockup, and we print and ship premium quality to your door. Ideal for home décor or gifting.",large-posters_pf_a1_pt_170-gsm-coated-silk_cl_4-0_hor,https://upload.wikimedia.org/wikipedia/commons/c/ca/1x1.png,Yes
Posters — A1 — ver,"Personalised posters from Pixora. Upload your photo, preview on a live product mockup, and we print and ship premium quality to your door. Ideal for home décor or gifting.",large-posters_pf_a1_pt_170-gsm-coated-silk_cl_4-0_ver,https://upload.wikimedia.org/wikipedia/commons/c/ca/1x1.png,Yes
Posters — A2 — hor,"Personalised posters from Pixora. Upload your photo, preview on a live product mockup, and we print and ship premium quality to your door. Ideal for home décor or gifting.",large-posters_pf_a2_pt_100-lb-text-coated-silk_cl_4-0_hor,https://upload.wikimedia.org/wikipedia/commons/c/ca/1x1.png,Yes
Posters — A2 — ver,"Personalised posters from Pixora. Upload your photo, preview on a live product mockup, and we print and ship premium quality to your door. Ideal for home décor or gifting.",large-posters_pf_a2_pt_100-lb-text-coated-silk_cl_4-0_ver,https://upload.wikimedia.org/wikipedia/commons/c/ca/1x1.png,Yes
Posters — A2 — hor,"Personalised posters from Pixora. Upload your photo, preview on a live product mockup, and we print and ship premium quality to your door. Ideal for home décor or gifting.",large-posters_pf_a2_pt_170-gsm-coated-silk_cl_4-0_hor,https://upload.wikimedia.org/wikipedia/commons/c/ca/1x1.png,Yes
Posters — A2 — ver,"Personalised posters from Pixora. Upload your photo, preview on a live product mockup, and we print and ship premium quality to your door. Ideal for home décor or gifting.",large-posters_pf_a2_pt_170-gsm-coated-silk_cl_4-0_ver,https://upload.wikimedia.org/wikipedia/commons/c/ca/1x1.png,Yes
Posters — B1 — hor,"Personalised posters from Pixora. Upload your photo, preview on a live product mockup, and we print and ship premium quality to your door. Ideal for home décor or gifting.",large-posters_pf_b1_pt_100-lb-text-coated-silk_cl_4-0_hor,https://upload.wikimedia.org/wikipedia/commons/c/ca/1x1.png,Yes
Posters — B1 — ver,"Personalised posters from Pixora. Upload your photo, preview on a live product mockup, and we print and ship premium quality to your door. Ideal for home décor or gifting.",large-posters_pf_b1_pt_100-lb-text-coated-silk_cl_4-0_ver,https://upload.wikimedia.org/wikipedia/commons/c/ca/1x1.png,Yes
Posters — B1 — hor,"Personalised posters from Pixora. Upload your photo, preview on a live product mockup, and we print and ship premium quality to your door. Ideal for home décor or gifting.",large-posters_pf_b1_pt_170-gsm-coated-silk_cl_4-0_hor,https://upload.wikimedia.org/wikipedia/commons/c/ca/1x1.png,Yes
Posters — B1 — ver,"Personalised posters from Pixora. Upload your photo, preview on a live product mockup, and we print and ship premium quality to your door. Ideal for home décor or gifting.",large-posters_pf_b1_pt_170-gsm-coated-silk_cl_4-0_ver,https://upload.wikimedia.org/wikipedia/commons/c/ca/1x1.png,Yes
Posters — B2 — hor,"Personalised posters from Pixora. Upload your photo, preview on a live product mockup, and we print and ship premium quality to your door. Ideal for home décor or gifting.",large-posters_pf_b2_pt_100-lb-text-coated-silk_cl_4-0_hor,https://upload.wikimedia.org/wikipedia/commons/c/ca/1x1.png,Yes
Posters — B2 — ver,"Personalised posters from Pixora. Upload your photo, preview on a live product mockup, and we print and ship premium quality to your door. Ideal for home décor or gifting.",large-posters_pf_b2_pt_100-lb-text-coated-silk_cl_4-0_ver,https://upload.wikimedia.org/wikipedia/commons/c/ca/1x1.png,Yes
Posters — B2 — hor,"Personalised posters from Pixora. Upload your photo, preview on a live product mockup, and we print and ship premium quality to your door. Ideal for home décor or gifting.",large-posters_pf_b2_pt_170-gsm-coated-silk_cl_4-0_hor,https://upload.wikimedia.org/wikipedia/commons/c/ca/1x1.png,Yes
Posters — B2 — ver,"Personalised posters from Pixora. Upload your photo, preview on a live product mockup, and we print and ship premium quality to your door. Ideal for home décor or gifting.",large-posters_pf_b2_pt_170-gsm-coated-silk_cl_4-0_ver,https://upload.wikimedia.org/wikipedia/commons/c/ca/1x1.png,Yes
Posters — 210x279-mm — hor,"Personalised posters from Pixora. Upload your photo, preview on a live product mockup, and we print and ship premium quality to your door. Ideal for home décor or gifting.",letterheads_pf_210x279-mm_pt_90-gsm-uncoated_cl_4-0_hor,https://upload.wikimedia.org/wikipedia/commons/c/ca/1x1.png,Yes
Posters — 210x279-mm — ver,"Personalised posters from Pixora. Upload your photo, preview on a live product mockup, and we print and ship premium quality to your door. Ideal for home décor or gifting.",letterheads_pf_210x279-mm_pt_90-gsm-uncoated_cl_4-0_ver,https://upload.wikimedia.org/wikipedia/commons/c/ca/1x1.png,Yes
Posters — A4 — hor,"Personalised posters from Pixora. Upload your photo, preview on a live product mockup, and we print and ship premium quality to your door. Ideal for home décor or gifting.",letterheads_pf_a4_pt_90-gsm-uncoated_cl_4-0_hor,https://upload.wikimedia.org/wikipedia/commons/c/ca/1x1.png,Yes
Posters — A4 — ver,"Personalised posters from Pixora. Upload your photo, preview on a live product mockup, and we print and ship premium quality to your door. Ideal for home décor or gifting.",letterheads_pf_a4_pt_90-gsm-uncoated_cl_4-0_ver,https://upload.wikimedia.org/wikipedia/commons/c/ca/1x1.png,Yes
Posters — LT — hor,"Personalised posters from Pixora. Upload your photo, preview on a live product mockup, and we print and ship premium quality to your door. Ideal for home décor or gifting.",letterheads_pf_lt_pt_90-gsm-uncoated_cl_4-0_hor,https://upload.wikimedia.org/wikipedia/commons/c/ca/1x1.png,Yes
Posters — LT — ver,"Personalised posters from Pixora. Upload your photo, preview on a live product mockup, and we print and ship premium quality to your door. Ideal for home décor or gifting.",letterheads_pf_lt_pt_90-gsm-uncoated_cl_4-0_ver,https://upload.wikimedia.org/wikipedia/commons/c/ca/1x1.png,Yes
Posters — 210x300-mm — hor,"Personalised posters from Pixora. Upload your photo, preview on a live product mockup, and we print and ship premium quality to your door. Ideal for home décor or gifting.",posters_pf_210x300-mm_pt_170-gsm-coated-silk_cl_4-0_hor,https://upload.wikimedia.org/wikipedia/commons/c/ca/1x1.png,Yes
Posters — 210x300-mm — ver,"Personalised posters from Pixora. Upload your photo, preview on a live product mockup, and we print and ship premium quality to your door. Ideal for home décor or gifting.",posters_pf_210x300-mm_pt_170-gsm-coated-silk_cl_4-0_ver,https://upload.wikimedia.org/wikipedia/commons/c/ca/1x1.png,Yes
Posters — 300x400-mm — hor,"Personalised posters from Pixora. Upload your photo, preview on a live product mockup, and we print and ship premium quality to your door. Ideal for home décor or gifting.",posters_pf_300x400-mm_pt_170-gsm-coated-silk_cl_4-0_hor,https://upload.wikimedia.org/wikipedia/commons/c/ca/1x1.png,Yes
Posters — 300x400-mm — ver,"Personalised posters from Pixora. Upload your photo, preview on a live product mockup, and we print and ship premium quality to your door. Ideal for home décor or gifting.",posters_pf_300x400-mm_pt_170-gsm-coated-silk_cl_4-0_ver,https://upload.wikimedia.org/wikipedia/commons/c/ca/1x1.png,Yes
Posters — 300x400-mm — ver,"Personalised posters from Pixora. Upload your photo, preview on a live product mockup, and we print and ship premium quality to your door. Ideal for home décor or gifting.",posters_pf_300x400-mm_pt_65-lb-cover-coated-silk_cl_4-0_ver,https://upload.wikimedia.org/wikipedia/commons/c/ca/1x1.png,Yes
Posters — 305x406-mm — ver,"Personalised posters from Pixora. Upload your photo, preview on a live product mockup, and we print and ship premium quality to your door. Ideal for home décor or gifting.",posters_pf_305x406-mm_pt_100-lb-text-coated-silk_cl_4-0_ver,https://upload.wikimedia.org/wikipedia/commons/c/ca/1x1.png,Yes
Posters — 305x406-mm — hor,"Personalised posters from Pixora. Upload your photo, preview on a live product mockup, and we print and ship premium quality to your door. Ideal for home décor or gifting.",posters_pf_305x406-mm_pt_65-lb-cover-coated-silk_cl_4-0_hor,https://upload.wikimedia.org/wikipedia/commons/c/ca/1x1.png,Yes
Posters — 305x406-mm — ver,"Personalised posters from Pixora. Upload your photo, preview on a live product mockup, and we print and ship premium quality to your door. Ideal for home décor or gifting.",posters_pf_305x406-mm_pt_65-lb-cover-coated-silk_cl_4-0_ver,https://upload.wikimedia.org/wikipedia/commons/c/ca/1x1.png,Yes
Posters — A3 — hor,"Personalised posters from Pixora. Upload your photo, preview on a live product mockup, and we print and ship premium quality to your door. Ideal for home décor or gifting.",posters_pf_a3_pt_100-lb-text-coated-silk_cl_4-0_hor,https://upload.wikimedia.org/wikipedia/commons/c/ca/1x1.png,Yes
Posters — A3 — ver,"Personalised posters from Pixora. Upload your photo, preview on a live product mockup, and we print and ship premium quality to your door. Ideal for home décor or gifting.",posters_pf_a3_pt_100-lb-text-coated-silk_cl_4-0_ver,https://upload.wikimedia.org/wikipedia/commons/c/ca/1x1.png,Yes
Posters — A3 — hor,"Personalised posters from Pixora. Upload your photo, preview on a live product mockup, and we print and ship premium quality to your door. Ideal for home décor or gifting.",posters_pf_a3_pt_100-lb-text-uncoated_cl_4-0_hor,https://upload.wikimedia.org/wikipedia/commons/c/ca/1x1.png,Yes
Posters — A3 — ver,"Personalised posters from Pixora. Upload your photo, preview on a live product mockup, and we print and ship premium quality to your door. Ideal for home décor or gifting.",posters_pf_a3_pt_100-lb-text-uncoated_cl_4-0_ver,https://upload.wikimedia.org/wikipedia/commons/c/ca/1x1.png,Yes
Posters — A3 — hor,"Personalised posters from Pixora. Upload your photo, preview on a live product mockup, and we print and ship premium quality to your door. Ideal for home décor or gifting.",posters_pf_a3_pt_110-lb-cover-uncoated_cl_4-0_hor,https://upload.wikimedia.org/wikipedia/commons/c/ca/1x1.png,Yes
Posters — A3 — ver,"Personalised posters from Pixora. Upload your photo, preview on a live product mockup, and we print and ship premium quality to your door. Ideal for home décor or gifting.",posters_pf_a3_pt_110-lb-cover-uncoated_cl_4-0_ver,https://upload.wikimedia.org/wikipedia/commons/c/ca/1x1.png,Yes
Posters — A3 — hor,"Personalised posters from Pixora. Upload your photo, preview on a live product mockup, and we print and ship premium quality to your door. Ideal for home décor or gifting.",posters_pf_a3_pt_130-lb-cover-coated-silk_cl_4-0_hor,https://upload.wikimedia.org/wikipedia/commons/c/ca/1x1.png,Yes
Posters — A3 — ver,"Personalised posters from Pixora. Upload your photo, preview on a live product mockup, and we print and ship premium quality to your door. Ideal for home décor or gifting.",posters_pf_a3_pt_130-lb-cover-coated-silk_cl_4-0_ver,https://upload.wikimedia.org/wikipedia/commons/c/ca/1x1.png,Yes
Posters — A3 — hor,"Personalised posters from Pixora. Upload your photo, preview on a live product mockup, and we print and ship premium quality to your door. Ideal for home décor or gifting.",posters_pf_a3_pt_170-gsm-coated-silk_cl_4-0_hor,https://upload.wikimedia.org/wikipedia/commons/c/ca/1x1.png,Yes
Posters — A3 — ver,"Personalised posters from Pixora. Upload your photo, preview on a live product mockup, and we print and ship premium quality to your door. Ideal for home décor or gifting.",posters_pf_a3_pt_170-gsm-coated-silk_cl_4-0_ver,https://upload.wikimedia.org/wikipedia/commons/c/ca/1x1.png,Yes
Posters — A3 — hor,"Personalised posters from Pixora. Upload your photo, preview on a live product mockup, and we print and ship premium quality to your door. Ideal for home décor or gifting.",posters_pf_a3_pt_170-gsm-uncoated_cl_4-0_hor,https://upload.wikimedia.org/wikipedia/commons/c/ca/1x1.png,Yes
Posters — A3 — ver,"Personalised posters from Pixora. Upload your photo, preview on a live product mockup, and we print and ship premium quality to your door. Ideal for home décor or gifting.",posters_pf_a3_pt_170-gsm-uncoated_cl_4-0_ver,https://upload.wikimedia.org/wikipedia/commons/c/ca/1x1.png,Yes
Posters — A3 — hor,"Personalised posters from Pixora. Upload your photo, preview on a live product mockup, and we print and ship premium quality to your door. Ideal for home décor or gifting.",posters_pf_a3_pt_300-gsm-uncoated_cl_4-0_hor,https://upload.wikimedia.org/wikipedia/commons/c/ca/1x1.png,Yes
Posters — A3 — ver,"Personalised posters from Pixora. Upload your photo, preview on a live product mockup, and we print and ship premium quality to your door. Ideal for home décor or gifting.",posters_pf_a3_pt_300-gsm-uncoated_cl_4-0_ver,https://upload.wikimedia.org/wikipedia/commons/c/ca/1x1.png,Yes
Posters — A3 — hor,"Personalised posters from Pixora. Upload your photo, preview on a live product mockup, and we print and ship premium quality to your door. Ideal for home décor or gifting.",posters_pf_a3_pt_350-gsm-coated-silk_cl_4-0_hor,https://upload.wikimedia.org/wikipedia/commons/c/ca/1x1.png,Yes
Posters — A3 — ver,"Personalised posters from Pixora. Upload your photo, preview on a live product mockup, and we print and ship premium quality to your door. Ideal for home décor or gifting.",posters_pf_a3_pt_350-gsm-coated-silk_cl_4-0_ver,https://upload.wikimedia.org/wikipedia/commons/c/ca/1x1.png,Yes
Posters — XL — hor,"Personalised posters from Pixora. Upload your photo, preview on a live product mockup, and we print and ship premium quality to your door. Ideal for home décor or gifting.",posters_pf_xl_pt_100-lb-text-coated-silk_cl_4-0_hor,https://upload.wikimedia.org/wikipedia/commons/c/ca/1x1.png,Yes
Posters — XL — ver,"Personalised posters from Pixora. Upload your photo, preview on a live product mockup, and we print and ship premium quality to your door. Ideal for home décor or gifting.",posters_pf_xl_pt_100-lb-text-coated-silk_cl_4-0_ver,https://upload.wikimedia.org/wikipedia/commons/c/ca/1x1.png,Yes
Posters — XL — hor,"Personalised posters from Pixora. Upload your photo, preview on a live product mockup, and we print and ship premium quality to your door. Ideal for home décor or gifting.",posters_pf_xl_pt_100-lb-text-uncoated_cl_4-0_hor,https://upload.wikimedia.org/wikipedia/commons/c/ca/1x1.png,Yes
Posters — XL — ver,"Personalised posters from Pixora. Upload your photo, preview on a live product mockup, and we print and ship premium quality to your door. Ideal for home décor or gifting.",posters_pf_xl_pt_100-lb-text-uncoated_cl_4-0_ver,https://upload.wikimedia.org/wikipedia/commons/c/ca/1x1.png,Yes
Posters — XL — hor,"Personalised posters from Pixora. Upload your photo, preview on a live product mockup, and we print and ship premium quality to your door. Ideal for home décor or gifting.",posters_pf_xl_pt_170-gsm-coated-silk_cl_4-0_hor,https://upload.wikimedia.org/wikipedia/commons/c/ca/1x1.png,Yes
Posters — XL — ver,"Personalised posters from Pixora. Upload your photo, preview on a live product mockup, and we print and ship premium quality to your door. Ideal for home décor or gifting.",posters_pf_xl_pt_170-gsm-coated-silk_cl_4-0_ver,https://upload.wikimedia.org/wikipedia/commons/c/ca/1x1.png,Yes
Posters — XL — hor,"Personalised posters from Pixora. Upload your photo, preview on a live product mockup, and we print and ship premium quality to your door. Ideal for home décor or gifting.",posters_pf_xl_pt_170-gsm-uncoated_cl_4-0_hor,https://upload.wikimedia.org/wikipedia/commons/c/ca/1x1.png,Yes
Posters — XL — ver,"Personalised posters from Pixora. Upload your photo, preview on a live product mockup, and we print and ship premium quality to your door. Ideal for home décor or gifting.",posters_pf_xl_pt_170-gsm-uncoated_cl_4-0_ver,https://upload.wikimedia.org/wikipedia/commons/c/ca/1x1.png,Yes
